Mon Apr 27 03:56:47 2026       
+-----------------------------------------------------------------------------------------+
| NVIDIA-SMI 570.169                Driver Version: 570.169        CUDA Version: 12.8     |
|-----------------------------------------+------------------------+----------------------+
| GPU  Name                 Persistence-M | Bus-Id          Disp.A | Volatile Uncorr. ECC |
| Fan  Temp   Perf          Pwr:Usage/Cap |           Memory-Usage | GPU-Util  Compute M. |
|                                         |                        |               MIG M. |
|=========================================+========================+======================|
|   0  NVIDIA TITAN RTX               On  |   00000000:1B:00.0 Off |                  N/A |
| 40%   27C    P8             11W /  280W |       1MiB /  24576MiB |      0%      Default |
|                                         |                        |                  N/A |
+-----------------------------------------+------------------------+----------------------+
                                                                                         
+-----------------------------------------------------------------------------------------+
| Processes:                                                                              |
|  GPU   GI   CI              PID   Type   Process name                        GPU Memory |
|        ID   ID                                                               Usage      |
|=========================================================================================|
|  No running processes found                                                             |
+-----------------------------------------------------------------------------------------+
Job ID: 19604
Running on node: gal-gpu1.charlotte.edu
Starting time: Mon Apr 27 03:56:47 AM EDT 2026
Working directory: /users/amorga94/final_project
no change     /users/amorga94/miniconda3/condabin/conda
no change     /users/amorga94/miniconda3/bin/conda
no change     /users/amorga94/miniconda3/bin/conda-env
no change     /users/amorga94/miniconda3/bin/activate
no change     /users/amorga94/miniconda3/bin/deactivate
no change     /users/amorga94/miniconda3/etc/profile.d/conda.sh
no change     /users/amorga94/miniconda3/etc/fish/conf.d/conda.fish
no change     /users/amorga94/miniconda3/shell/condabin/Conda.psm1
no change     /users/amorga94/miniconda3/shell/condabin/conda-hook.ps1
no change     /users/amorga94/miniconda3/lib/python3.13/site-packages/xontrib/conda.xsh
no change     /users/amorga94/miniconda3/etc/profile.d/conda.csh
no change     /users/amorga94/.bashrc
No action taken.
Generated sample at index 0
Number of frames in the debug video: 3
Using device: cuda
Number of trainable params: 2127532032
Number of trainable params in LoRA adapted model: 615936
Generated sample at index 0
Generated sample at index 442
Total token count: 1805
Generated sample at index 393
Total token count: 919
Generated sample at index 606
Total token count: 1828
Generated sample at index 423
Total token count: 1821
Generated sample at index 414
Total token count: 919
Generated sample at index 133
Total token count: 1819
Generated sample at index 566
Total token count: 1829
Generated sample at index 602
Total token count: 1809
Generated sample at index 552
Total token count: 1828
Emptied CUDA cache
{'loss': '25.57', 'grad_norm': '8.64', 'learning_rate': '0.0001', 'entropy': '1.21', 'num_tokens': '1.275e+04', 'mean_token_accuracy': '0.01062', 'epoch': '0.01072'}
Generated sample at index 572
Total token count: 1808
Generated sample at index 284
Total token count: 1820
Generated sample at index 555
Total token count: 1833
Generated sample at index 440
Total token count: 1814
Generated sample at index 680
Total token count: 1818
Generated sample at index 29
Total token count: 1829
Generated sample at index 273
Total token count: 2713
Generated sample at index 231
Total token count: 2711
Emptied CUDA cache
{'loss': '25.41', 'grad_norm': '9.114', 'learning_rate': '0.0001', 'entropy': '1.192', 'num_tokens': '2.821e+04', 'mean_token_accuracy': '0.0104', 'epoch': '0.02145'}
Generated sample at index 264
Total token count: 1835
Generated sample at index 657
Total token count: 3598
Generated sample at index 720
Total token count: 914
Generated sample at index 1
Total token count: 4490
Generated sample at index 322
Total token count: 1828
Generated sample at index 167
Total token count: 2708
Generated sample at index 397
Total token count: 1804
Generated sample at index 247
Total token count: 1822
Emptied CUDA cache
{'loss': '25.48', 'grad_norm': 'inf', 'learning_rate': '0.0001', 'entropy': '1.211', 'num_tokens': '4.81e+04', 'mean_token_accuracy': '0.009387', 'epoch': '0.03217'}
Generated sample at index 639
Total token count: 1819
Generated sample at index 127
Total token count: 1797
Generated sample at index 727
Total token count: 1828
Generated sample at index 333
Total token count: 1830
Generated sample at index 219
Total token count: 1807
Generated sample at index 410
Total token count: 2709
Generated sample at index 641
Total token count: 922
Generated sample at index 543
Total token count: 1807
Emptied CUDA cache
{'loss': '25.44', 'grad_norm': '9.679', 'learning_rate': '0.0001', 'entropy': '1.234', 'num_tokens': '6.263e+04', 'mean_token_accuracy': '0.01055', 'epoch': '0.0429'}
Generated sample at index 400
Total token count: 1827
Generated sample at index 687
Total token count: 3609
Generated sample at index 564
Total token count: 2711
Generated sample at index 245
Total token count: 1825
Generated sample at index 150
Total token count: 3612
Generated sample at index 318
Total token count: 2715
Generated sample at index 208
Total token count: 1828
Generated sample at index 200
Total token count: 3609
Emptied CUDA cache
{'loss': '25.62', 'grad_norm': '11.33', 'learning_rate': '0.0001', 'entropy': '1.18', 'num_tokens': '8.257e+04', 'mean_token_accuracy': '0.009928', 'epoch': '0.05362'}
Generated sample at index 698
Total token count: 1827
Generated sample at index 723
Total token count: 1801
Generated sample at index 153
Total token count: 1813
Generated sample at index 461
Total token count: 1827
Generated sample at index 151
Total token count: 2713
Generated sample at index 389
Total token count: 1821
Generated sample at index 591
Total token count: 1823
Generated sample at index 663
Total token count: 1811
Emptied CUDA cache
{'loss': '25.66', 'grad_norm': '12.27', 'learning_rate': '0.0001', 'entropy': '1.174', 'num_tokens': '9.98e+04', 'mean_token_accuracy': '0.009928', 'epoch': '0.06434'}
Generated sample at index 595
Total token count: 1817
Generated sample at index 13
Total token count: 1812
Generated sample at index 395
Total token count: 914
Generated sample at index 660
Total token count: 1823
Generated sample at index 233
Total token count: 1824
Generated sample at index 416
Total token count: 1822
Generated sample at index 21
Total token count: 1814
Generated sample at index 741
Total token count: 1823
Emptied CUDA cache
{'loss': '25.54', 'grad_norm': '13.37', 'learning_rate': '9.999e-05', 'entropy': '1.187', 'num_tokens': '1.134e+05', 'mean_token_accuracy': '0.009245', 'epoch': '0.07507'}
Generated sample at index 505
Total token count: 919
Generated sample at index 236
Total token count: 2723
Generated sample at index 230
Total token count: 1810
Generated sample at index 478
Total token count: 1818
Generated sample at index 366
Total token count: 2710
Generated sample at index 550
Total token count: 1820
Generated sample at index 27
Total token count: 2714
Generated sample at index 276
Total token count: 1810
Emptied CUDA cache
{'loss': '25.66', 'grad_norm': '14.91', 'learning_rate': '9.999e-05', 'entropy': '1.178', 'num_tokens': '1.298e+05', 'mean_token_accuracy': '0.00952', 'epoch': '0.08579'}
Generated sample at index 166
Total token count: 1825
Generated sample at index 629
Total token count: 1808
Generated sample at index 538
Total token count: 1826
Generated sample at index 213
Total token count: 1825
Generated sample at index 348
Total token count: 916
Generated sample at index 143
Total token count: 4496
Generated sample at index 260
Total token count: 1830
Generated sample at index 138
Total token count: 1820
Emptied CUDA cache
{'loss': '25.46', 'grad_norm': '15.73', 'learning_rate': '9.999e-05', 'entropy': '1.198', 'num_tokens': '1.461e+05', 'mean_token_accuracy': '0.01073', 'epoch': '0.09651'}
Generated sample at index 637
Total token count: 1821
Generated sample at index 2
Total token count: 2711
Generated sample at index 519
Total token count: 1818
Generated sample at index 539
Total token count: 1822
Generated sample at index 702
Total token count: 1807
Generated sample at index 636
Total token count: 1814
Generated sample at index 673
Total token count: 1816
Generated sample at index 302
Total token count: 1811
Emptied CUDA cache
{'loss': '25.47', 'grad_norm': '17.85', 'learning_rate': '9.998e-05', 'entropy': '1.174', 'num_tokens': '1.615e+05', 'mean_token_accuracy': '0.009802', 'epoch': '0.1072'}
Generated sample at index 642
Total token count: 1797
Generated sample at index 622
Total token count: 1827
Generated sample at index 497
Total token count: 1816
Generated sample at index 170
Total token count: 1828
Generated sample at index 227
Total token count: 1824
Generated sample at index 315
Total token count: 1820
Generated sample at index 633
Total token count: 1823
Generated sample at index 155
Total token count: 1826
Emptied CUDA cache
{'loss': '25.36', 'grad_norm': '18.91', 'learning_rate': '9.998e-05', 'entropy': '1.225', 'num_tokens': '1.761e+05', 'mean_token_accuracy': '0.0102', 'epoch': '0.118'}
Generated sample at index 225
Total token count: 2719
Generated sample at index 97
Total token count: 1805
Generated sample at index 303
Total token count: 1810
Generated sample at index 599
Total token count: 1797
Generated sample at index 419
Total token count: 2712
Generated sample at index 171
Total token count: 2709
Generated sample at index 23
Total token count: 2715
Generated sample at index 607
Total token count: 3598
Emptied CUDA cache
{'loss': '25.5', 'grad_norm': '20.53', 'learning_rate': '9.997e-05', 'entropy': '1.209', 'num_tokens': '1.942e+05', 'mean_token_accuracy': '0.008267', 'epoch': '0.1287'}
Generated sample at index 376
Total token count: 1803
Generated sample at index 103
Total token count: 1831
Generated sample at index 361
Total token count: 1825
Generated sample at index 668
Total token count: 1822
Generated sample at index 92
Total token count: 1823
Generated sample at index 647
Total token count: 1825
Generated sample at index 640
Total token count: 1830
Generated sample at index 91
Total token count: 1823
Emptied CUDA cache
{'loss': '25.21', 'grad_norm': '22.01', 'learning_rate': '9.997e-05', 'entropy': '1.235', 'num_tokens': '2.105e+05', 'mean_token_accuracy': '0.01084', 'epoch': '0.1394'}
Generated sample at index 86
Total token count: 1822
Generated sample at index 551
Total token count: 1806
Generated sample at index 288
Total token count: 1824
Generated sample at index 745
Total token count: 915
Generated sample at index 422
Total token count: 1812
Generated sample at index 533
Total token count: 1826
Generated sample at index 725
Total token count: 916
Generated sample at index 281
Total token count: 1807
Emptied CUDA cache
{'loss': '25.3', 'grad_norm': '23.41', 'learning_rate': '9.996e-05', 'entropy': '1.226', 'num_tokens': '2.233e+05', 'mean_token_accuracy': '0.01021', 'epoch': '0.1501'}
Generated sample at index 12
Total token count: 1813
Generated sample at index 160
Total token count: 1821
Generated sample at index 582
Total token count: 912
Generated sample at index 676
Total token count: 1804
Generated sample at index 695
Total token count: 1832
Generated sample at index 185
Total token count: 2716
Generated sample at index 85
Total token count: 1804
Generated sample at index 112
Total token count: 1804
Emptied CUDA cache
{'loss': '25.71', 'grad_norm': '24.06', 'learning_rate': '9.995e-05', 'entropy': '1.179', 'num_tokens': '2.378e+05', 'mean_token_accuracy': '0.008885', 'epoch': '0.1609'}
Generated sample at index 557
Total token count: 1817
Generated sample at index 523
Total token count: 1826
Generated sample at index 203
Total token count: 1808
Generated sample at index 648
Total token count: 1806
Generated sample at index 209
Total token count: 1824
Generated sample at index 94
Total token count: 1809
Generated sample at index 618
Total token count: 1812
Generated sample at index 455
Total token count: 1819
Emptied CUDA cache
{'loss': '25.47', 'grad_norm': 'inf', 'learning_rate': '9.995e-05', 'entropy': '1.172', 'num_tokens': '2.523e+05', 'mean_token_accuracy': '0.008424', 'epoch': '0.1716'}
Generated sample at index 265
Total token count: 914
Generated sample at index 621
Total token count: 1811
Generated sample at index 634
Total token count: 1820
Generated sample at index 446
Total token count: 1823
Generated sample at index 137
Total token count: 2709
Generated sample at index 492
Total token count: 1801
Generated sample at index 435
Total token count: 1821
Generated sample at index 662
Total token count: 1827
Emptied CUDA cache
{'loss': '25.51', 'grad_norm': '26.15', 'learning_rate': '9.995e-05', 'entropy': '1.195', 'num_tokens': '2.668e+05', 'mean_token_accuracy': '0.009624', 'epoch': '0.1823'}
Generated sample at index 510
Total token count: 1825
Generated sample at index 176
Total token count: 1826
Generated sample at index 724
Total token count: 2715
Generated sample at index 313
Total token count: 1828
Generated sample at index 186
Total token count: 1814
Generated sample at index 733
Total token count: 1813
Generated sample at index 39
Total token count: 1797
Generated sample at index 485
Total token count: 1806
Emptied CUDA cache
{'loss': '25.21', 'grad_norm': '28.01', 'learning_rate': '9.994e-05', 'entropy': '1.225', 'num_tokens': '2.823e+05', 'mean_token_accuracy': '0.01009', 'epoch': '0.193'}
Generated sample at index 508
Total token count: 1812
Generated sample at index 316
Total token count: 1826
Generated sample at index 5
Total token count: 927
Generated sample at index 524
Total token count: 2719
Generated sample at index 669
Total token count: 1824
Generated sample at index 145
Total token count: 1802
Generated sample at index 573
Total token count: 1811
Generated sample at index 458
Total token count: 1824
Emptied CUDA cache
{'loss': '25.3', 'grad_norm': '29.11', 'learning_rate': '9.993e-05', 'entropy': '1.23', 'num_tokens': '2.968e+05', 'mean_token_accuracy': '0.009902', 'epoch': '0.2038'}
Generated sample at index 482
Total token count: 919
Generated sample at index 638
Total token count: 1817
Generated sample at index 387
Total token count: 1823
Generated sample at index 212
Total token count: 1828
Generated sample at index 98
Total token count: 1830
Generated sample at index 158
Total token count: 1825
Generated sample at index 102
Total token count: 3606
Generated sample at index 286
Total token count: 1819
Emptied CUDA cache
{'loss': '25.41', 'grad_norm': '30.75', 'learning_rate': '9.992e-05', 'entropy': '1.183', 'num_tokens': '3.123e+05', 'mean_token_accuracy': '0.01026', 'epoch': '0.2145'}
Generated sample at index 736
Total token count: 1804
Generated sample at index 321
Total token count: 1810
Generated sample at index 729
Total token count: 2712
Generated sample at index 48
Total token count: 1820
Generated sample at index 707
Total token count: 1807
Generated sample at index 111
Total token count: 3607
Generated sample at index 619
Total token count: 1817
Generated sample at index 486
Total token count: 2712
Emptied CUDA cache
{'loss': '25.45', 'grad_norm': '32.8', 'learning_rate': '9.991e-05', 'entropy': '1.186', 'num_tokens': '3.295e+05', 'mean_token_accuracy': '0.008672', 'epoch': '0.2252'}
Generated sample at index 448
Total token count: 1823
Generated sample at index 513
Total token count: 2713
Generated sample at index 495
Total token count: 1828
Generated sample at index 124
Total token count: 915
Generated sample at index 73
Total token count: 920
Generated sample at index 537
Total token count: 1825
Generated sample at index 603
Total token count: 1817
Generated sample at index 718
Total token count: 2707
Emptied CUDA cache
{'loss': '25.25', 'grad_norm': '34.21', 'learning_rate': '9.99e-05', 'entropy': '1.201', 'num_tokens': '3.44e+05', 'mean_token_accuracy': '0.01016', 'epoch': '0.2359'}
Generated sample at index 481
Total token count: 1807
Generated sample at index 450
Total token count: 1826
Generated sample at index 237
Total token count: 1809
Generated sample at index 604
Total token count: 1819
Generated sample at index 468
Total token count: 913
Generated sample at index 587
Total token count: 2712
Generated sample at index 182
Total token count: 1817
Generated sample at index 384
Total token count: 1803
Emptied CUDA cache
{'loss': '25.35', 'grad_norm': '35.11', 'learning_rate': '9.989e-05', 'entropy': '1.189', 'num_tokens': '3.594e+05', 'mean_token_accuracy': '0.008746', 'epoch': '0.2466'}
Generated sample at index 483
Total token count: 1811
Generated sample at index 691
Total token count: 1821
Generated sample at index 201
Total token count: 1815
Generated sample at index 456
Total token count: 913
Generated sample at index 403
Total token count: 1817
Generated sample at index 17
Total token count: 1810
Generated sample at index 535
Total token count: 1820
Generated sample at index 682
Total token count: 2714
Emptied CUDA cache
{'loss': '25.13', 'grad_norm': '37.01', 'learning_rate': '9.988e-05', 'entropy': '1.24', 'num_tokens': '3.73e+05', 'mean_token_accuracy': '0.009193', 'epoch': '0.2574'}
Generated sample at index 517
Total token count: 1825
Generated sample at index 528
Total token count: 1824
Generated sample at index 390
Total token count: 1797
Generated sample at index 609
Total token count: 2708
Generated sample at index 22
Total token count: 1816
Generated sample at index 152
Total token count: 1802
Generated sample at index 703
Total token count: 1821
Generated sample at index 134
Total token count: 1808
Emptied CUDA cache
{'loss': '25.39', 'grad_norm': '39.26', 'learning_rate': '9.986e-05', 'entropy': '1.171', 'num_tokens': '3.893e+05', 'mean_token_accuracy': '0.008971', 'epoch': '0.2681'}
Generated sample at index 52
Total token count: 2712
Generated sample at index 368
Total token count: 1822
Generated sample at index 223
Total token count: 1818
Generated sample at index 305
Total token count: 1828
Generated sample at index 626
Total token count: 1810
Generated sample at index 31
Total token count: 1811
Generated sample at index 715
Total token count: 1802
Generated sample at index 385
Total token count: 1815
Emptied CUDA cache
{'loss': '25.46', 'grad_norm': '40.39', 'learning_rate': '9.985e-05', 'entropy': '1.148', 'num_tokens': '4.047e+05', 'mean_token_accuracy': '0.008743', 'epoch': '0.2788'}
Generated sample at index 574
Total token count: 923
Generated sample at index 90
Total token count: 1809
Generated sample at index 401
Total token count: 1822
Generated sample at index 41
Total token count: 2717
Generated sample at index 466
Total token count: 1830
Generated sample at index 172
Total token count: 1811
Generated sample at index 605
Total token count: 1808
Generated sample at index 407
Total token count: 1816
Emptied CUDA cache
{'loss': '25.11', 'grad_norm': '42.06', 'learning_rate': '9.984e-05', 'entropy': '1.213', 'num_tokens': '4.193e+05', 'mean_token_accuracy': '0.00933', 'epoch': '0.2895'}
Generated sample at index 324
Total token count: 1829
Generated sample at index 108
Total token count: 919
Generated sample at index 516
Total token count: 1810
Generated sample at index 370
Total token count: 1824
Generated sample at index 217
Total token count: 1810
Generated sample at index 571
Total token count: 1824
Generated sample at index 529
Total token count: 2721
Generated sample at index 487
Total token count: 1834
Emptied CUDA cache
{'loss': '25.23', 'grad_norm': '43.15', 'learning_rate': '9.983e-05', 'entropy': '1.197', 'num_tokens': '4.338e+05', 'mean_token_accuracy': '0.01074', 'epoch': '0.3003'}
Generated sample at index 19
Total token count: 4500
Generated sample at index 590
Total token count: 1807
Generated sample at index 131
Total token count: 1820
Generated sample at index 728
Total token count: 1817
Generated sample at index 470
Total token count: 921
Generated sample at index 719
Total token count: 2712
Generated sample at index 115
Total token count: 922
Generated sample at index 206
Total token count: 1825
Emptied CUDA cache
{'loss': '25.21', 'grad_norm': '44.29', 'learning_rate': '9.981e-05', 'entropy': '1.178', 'num_tokens': '4.502e+05', 'mean_token_accuracy': '0.01105', 'epoch': '0.311'}
Generated sample at index 365
Total token count: 3602
Generated sample at index 277
Total token count: 1809
Generated sample at index 294
Total token count: 1814
Generated sample at index 11
Total token count: 1832
Generated sample at index 616
Total token count: 1805
Generated sample at index 388
Total token count: 1829
Generated sample at index 121
Total token count: 1821
Generated sample at index 173
Total token count: 2717
Emptied CUDA cache
{'loss': '25.07', 'grad_norm': '47.31', 'learning_rate': '9.98e-05', 'entropy': '1.171', 'num_tokens': '4.665e+05', 'mean_token_accuracy': '0.009161', 'epoch': '0.3217'}
Generated sample at index 287
Total token count: 2715
Generated sample at index 144
Total token count: 2714
Generated sample at index 356
Total token count: 1821
Generated sample at index 254
Total token count: 1809
Generated sample at index 722
Total token count: 1804
Generated sample at index 654
Total token count: 1818
Generated sample at index 87
Total token count: 1826
Generated sample at index 0
Total token count: 1815
Emptied CUDA cache
{'loss': '25.07', 'grad_norm': '47.54', 'learning_rate': '9.978e-05', 'entropy': '1.22', 'num_tokens': '4.837e+05', 'mean_token_accuracy': '0.008899', 'epoch': '0.3324'}
Generated sample at index 56
Total token count: 1825
Generated sample at index 3
Total token count: 2710
Generated sample at index 326
Total token count: 1807
Generated sample at index 649
Total token count: 2712
Generated sample at index 71
Total token count: 914
Generated sample at index 678
Total token count: 1806
Generated sample at index 644
Total token count: 1828
Generated sample at index 300
Total token count: 2711
Emptied CUDA cache
{'loss': '25.17', 'grad_norm': '48.56', 'learning_rate': '9.977e-05', 'entropy': '1.194', 'num_tokens': '4.991e+05', 'mean_token_accuracy': '0.009458', 'epoch': '0.3432'}
Generated sample at index 439
Total token count: 2711
Generated sample at index 737
Total token count: 1814
Generated sample at index 228
Total token count: 1818
Generated sample at index 340
Total token count: 1825
Generated sample at index 569
Total token count: 1819
Generated sample at index 418
Total token count: 1798
Generated sample at index 181
Total token count: 1812
Generated sample at index 246
Total token count: 2717
Emptied CUDA cache
{'loss': '25.06', 'grad_norm': '51.4', 'learning_rate': '9.975e-05', 'entropy': '1.2', 'num_tokens': '5.155e+05', 'mean_token_accuracy': '0.008765', 'epoch': '0.3539'}
Generated sample at index 738
Total token count: 1804
Generated sample at index 469
Total token count: 1822
Generated sample at index 512
Total token count: 1824
Generated sample at index 526
Total token count: 1815
Generated sample at index 506
Total token count: 1806
Generated sample at index 359
Total token count: 1831
Generated sample at index 304
Total token count: 916
Generated sample at index 270
Total token count: 2722
Emptied CUDA cache
{'loss': '24.91', 'grad_norm': '52.35', 'learning_rate': '9.973e-05', 'entropy': '1.224', 'num_tokens': '5.3e+05', 'mean_token_accuracy': '0.009957', 'epoch': '0.3646'}
Generated sample at index 452
Total token count: 1828
Generated sample at index 706
Total token count: 1806
Generated sample at index 278
Total token count: 1819
Generated sample at index 113
Total token count: 1809
Generated sample at index 67
Total token count: 1825
Generated sample at index 136
Total token count: 1809
Generated sample at index 658
Total token count: 1820
Generated sample at index 70
Total token count: 3603
Emptied CUDA cache
{'loss': '24.86', 'grad_norm': '55.01', 'learning_rate': '9.971e-05', 'entropy': '1.185', 'num_tokens': '5.454e+05', 'mean_token_accuracy': '0.01014', 'epoch': '0.3753'}
Generated sample at index 218
Total token count: 1828
Generated sample at index 471
Total token count: 1811
Generated sample at index 309
Total token count: 1828
Generated sample at index 159
Total token count: 919
Generated sample at index 685
Total token count: 1805
Generated sample at index 438
Total token count: 2715
Generated sample at index 306
Total token count: 1801
Generated sample at index 592
Total token count: 1824
Emptied CUDA cache
{'loss': '24.86', 'grad_norm': '55.85', 'learning_rate': '9.97e-05', 'entropy': '1.197', 'num_tokens': '5.617e+05', 'mean_token_accuracy': '0.009292', 'epoch': '0.3861'}
Generated sample at index 570
Total token count: 1805
Generated sample at index 178
Total token count: 1815
Generated sample at index 449
Total token count: 1822
Generated sample at index 147
Total token count: 1814
Generated sample at index 536
Total token count: 1809
Generated sample at index 126
Total token count: 2719
Generated sample at index 509
Total token count: 2711
Generated sample at index 266
Total token count: 1797
Emptied CUDA cache
{'loss': '24.84', 'grad_norm': '58.52', 'learning_rate': '9.968e-05', 'entropy': '1.186', 'num_tokens': '5.781e+05', 'mean_token_accuracy': '0.008951', 'epoch': '0.3968'}
Generated sample at index 328
Total token count: 1828
Generated sample at index 398
Total token count: 1822
Generated sample at index 402
Total token count: 1821
Generated sample at index 8
Total token count: 909
Generated sample at index 142
Total token count: 1826
Generated sample at index 139
Total token count: 921
Generated sample at index 285
Total token count: 1822
Generated sample at index 705
Total token count: 1797
Emptied CUDA cache
{'loss': '24.78', 'grad_norm': 'inf', 'learning_rate': '9.966e-05', 'entropy': '1.23', 'num_tokens': '5.908e+05', 'mean_token_accuracy': '0.01007', 'epoch': '0.4075'}
Generated sample at index 367
Total token count: 1823
Generated sample at index 249
Total token count: 3606
Generated sample at index 565
Total token count: 916
Generated sample at index 252
Total token count: 1808
Generated sample at index 479
Total token count: 1836
Generated sample at index 296
Total token count: 1809
Generated sample at index 317
Total token count: 2720
Generated sample at index 465
Total token count: 1813
Emptied CUDA cache
{'loss': '25.27', 'grad_norm': '58.12', 'learning_rate': '9.966e-05', 'entropy': '1.139', 'num_tokens': '6.071e+05', 'mean_token_accuracy': '0.009412', 'epoch': '0.4182'}
Generated sample at index 600
Total token count: 914
Generated sample at index 436
Total token count: 1805
Generated sample at index 549
Total token count: 1826
Generated sample at index 394
Total token count: 917
Generated sample at index 114
Total token count: 912
Generated sample at index 267
Total token count: 1825
Generated sample at index 434
Total token count: 1819
Generated sample at index 335
Total token count: 1800
Emptied CUDA cache
{'loss': '24.41', 'grad_norm': '60.9', 'learning_rate': '9.964e-05', 'entropy': '1.241', 'num_tokens': '6.189e+05', 'mean_token_accuracy': '0.01016', 'epoch': '0.429'}
Generated sample at index 101
Total token count: 1828
Generated sample at index 453
Total token count: 1830
Generated sample at index 476
Total token count: 1826
Generated sample at index 381
Total token count: 1822
Generated sample at index 30
Total token count: 1819
Generated sample at index 54
Total token count: 2715
Generated sample at index 399
Total token count: 1825
Generated sample at index 369
Total token count: 1817
Emptied CUDA cache
{'loss': '24.5', 'grad_norm': '62.46', 'learning_rate': '9.962e-05', 'entropy': '1.22', 'num_tokens': '6.344e+05', 'mean_token_accuracy': '0.0103', 'epoch': '0.4397'}
Generated sample at index 620
Total token count: 1811
Generated sample at index 330
Total token count: 1820
Generated sample at index 274
Total token count: 2713
Generated sample at index 51
Total token count: 2713
Generated sample at index 739
Total token count: 1802
Generated sample at index 283
Total token count: 1824
Generated sample at index 332
Total token count: 1829
Generated sample at index 426
Total token count: 1826
Emptied CUDA cache
{'loss': '24.58', 'grad_norm': '65.35', 'learning_rate': '9.96e-05', 'entropy': '1.192', 'num_tokens': '6.507e+05', 'mean_token_accuracy': '0.009242', 'epoch': '0.4504'}
Generated sample at index 383
Total token count: 2718
Generated sample at index 541
Total token count: 2717
Generated sample at index 128
Total token count: 1805
Generated sample at index 484
Total token count: 1819
Generated sample at index 89
Total token count: 1820
Generated sample at index 161
Total token count: 2715
Generated sample at index 129
Total token count: 1812
Generated sample at index 188
Total token count: 1832
Emptied CUDA cache
{'loss': '24.68', 'grad_norm': '65.68', 'learning_rate': '9.958e-05', 'entropy': '1.188', 'num_tokens': '6.68e+05', 'mean_token_accuracy': '0.009683', 'epoch': '0.4611'}
Generated sample at index 612
Total token count: 1811
Generated sample at index 700
Total token count: 1826
Generated sample at index 84
Total token count: 2717
Generated sample at index 613
Total token count: 2717
Generated sample at index 35
Total token count: 5388
Generated sample at index 79
Total token count: 1818
Generated sample at index 75
Total token count: 1812
Generated sample at index 518
Total token count: 925
Emptied CUDA cache
{'loss': '24.77', 'grad_norm': '67.21', 'learning_rate': '9.955e-05', 'entropy': '1.162', 'num_tokens': '6.879e+05', 'mean_token_accuracy': '0.009629', 'epoch': '0.4718'}
Generated sample at index 507
Total token count: 1822
Generated sample at index 271
Total token count: 1830
Generated sample at index 110
Total token count: 1805
Generated sample at index 69
Total token count: 1814
Generated sample at index 624
Total token count: 1822
Generated sample at index 62
Total token count: 2710
Generated sample at index 61
Total token count: 1822
Generated sample at index 731
Total token count: 1821
Emptied CUDA cache
{'loss': '24.38', 'grad_norm': '67.79', 'learning_rate': '9.953e-05', 'entropy': '1.217', 'num_tokens': '7.024e+05', 'mean_token_accuracy': '0.01042', 'epoch': '0.4826'}
Generated sample at index 379
Total token count: 1815
Generated sample at index 331
Total token count: 1807
Generated sample at index 202
Total token count: 1827
Generated sample at index 514
Total token count: 920
Generated sample at index 46
Total token count: 1824
Generated sample at index 743
Total token count: 2715
Generated sample at index 9
Total token count: 1816
Generated sample at index 502
Total token count: 1826
Emptied CUDA cache
{'loss': '24.2', 'grad_norm': '70.36', 'learning_rate': '9.951e-05', 'entropy': '1.235', 'num_tokens': '7.17e+05', 'mean_token_accuracy': '0.01078', 'epoch': '0.4933'}
Generated sample at index 59
Total token count: 1822
Generated sample at index 429
Total token count: 1827
Generated sample at index 675
Total token count: 1820
Generated sample at index 224
Total token count: 1823
Generated sample at index 169
Total token count: 1815
Generated sample at index 74
Total token count: 1832
Generated sample at index 346
Total token count: 1826
Generated sample at index 527
Total token count: 1806
Emptied CUDA cache
{'loss': '24.21', 'grad_norm': '71.06', 'learning_rate': '9.948e-05', 'entropy': '1.234', 'num_tokens': '7.316e+05', 'mean_token_accuracy': '0.01135', 'epoch': '0.504'}
Generated sample at index 268
Total token count: 1807
Generated sample at index 683
Total token count: 2711
Generated sample at index 580
Total token count: 2712
Generated sample at index 216
Total token count: 1805
Generated sample at index 392
Total token count: 1823
Generated sample at index 57
Total token count: 2719
Generated sample at index 444
Total token count: 1804
Generated sample at index 558
Total token count: 2718
Emptied CUDA cache
{'loss': '24.59', 'grad_norm': '74.48', 'learning_rate': '9.946e-05', 'entropy': '1.158', 'num_tokens': '7.488e+05', 'mean_token_accuracy': '0.00799', 'epoch': '0.5147'}
Generated sample at index 412
Total token count: 913
Generated sample at index 329
Total token count: 1810
Generated sample at index 651
Total token count: 916
Generated sample at index 289
Total token count: 1809
Generated sample at index 364
Total token count: 1820
Generated sample at index 408
Total token count: 1829
Generated sample at index 671
Total token count: 1822
Generated sample at index 272
Total token count: 2715
Emptied CUDA cache
{'loss': '24.2', 'grad_norm': '73.64', 'learning_rate': '9.944e-05', 'entropy': '1.241', 'num_tokens': '7.624e+05', 'mean_token_accuracy': '0.009594', 'epoch': '0.5255'}
Generated sample at index 451
Total token count: 917
Generated sample at index 716
Total token count: 1807
Generated sample at index 292
Total token count: 1802
Generated sample at index 34
Total token count: 2712
Generated sample at index 697
Total token count: 2706
Generated sample at index 104
Total token count: 915
Generated sample at index 696
Total token count: 2715
Generated sample at index 174
Total token count: 1831
Emptied CUDA cache
{'loss': '24.09', 'grad_norm': '76.7', 'learning_rate': '9.941e-05', 'entropy': '1.236', 'num_tokens': '7.787e+05', 'mean_token_accuracy': '0.008411', 'epoch': '0.5362'}
Generated sample at index 360
Total token count: 909
Generated sample at index 588
Total token count: 1822
Generated sample at index 18
Total token count: 1825
Generated sample at index 33
Total token count: 1807
Generated sample at index 721
Total token count: 1804
Generated sample at index 463
Total token count: 1808
Generated sample at index 430
Total token count: 2710
Generated sample at index 76
Total token count: 2720
Emptied CUDA cache
{'loss': '24.24', 'grad_norm': '77.57', 'learning_rate': '9.938e-05', 'entropy': '1.214', 'num_tokens': '7.932e+05', 'mean_token_accuracy': '0.009041', 'epoch': '0.5469'}
Generated sample at index 652
Total token count: 1801
Generated sample at index 180
Total token count: 1803
Generated sample at index 460
Total token count: 1823
Generated sample at index 475
Total token count: 1827
Generated sample at index 689
Total token count: 1811
Generated sample at index 314
Total token count: 1825
Generated sample at index 337
Total token count: 2710
Generated sample at index 692
Total token count: 1807
Emptied CUDA cache
{'loss': '24.18', 'grad_norm': '79.99', 'learning_rate': '9.936e-05', 'entropy': '1.178', 'num_tokens': '8.095e+05', 'mean_token_accuracy': '0.009519', 'epoch': '0.5576'}
Generated sample at index 263
Total token count: 916
Generated sample at index 425
Total token count: 1798
Generated sample at index 532
Total token count: 1819
Generated sample at index 45
Total token count: 3610
Generated sample at index 615
Total token count: 1807
Generated sample at index 183
Total token count: 1821
Generated sample at index 280
Total token count: 1829
Generated sample at index 445
Total token count: 1822
Emptied CUDA cache
{'loss': '24.05', 'grad_norm': '81.32', 'learning_rate': '9.933e-05', 'entropy': '1.213', 'num_tokens': '8.249e+05', 'mean_token_accuracy': '0.008905', 'epoch': '0.5684'}
Generated sample at index 325
Total token count: 1825
Generated sample at index 279
Total token count: 2713
Generated sample at index 255
Total token count: 2720
Generated sample at index 542
Total token count: 1826
Generated sample at index 404
Total token count: 1813
Generated sample at index 726
Total token count: 1823
Generated sample at index 234
Total token count: 1802
Generated sample at index 60
Total token count: 1826
Emptied CUDA cache
{'loss': '24.11', 'grad_norm': '82.07', 'learning_rate': '9.93e-05', 'entropy': '1.206', 'num_tokens': '8.413e+05', 'mean_token_accuracy': '0.0105', 'epoch': '0.5791'}
Generated sample at index 226
Total token count: 1810
Generated sample at index 130
Total token count: 1810
Generated sample at index 222
Total token count: 1829
Generated sample at index 162
Total token count: 1830
Generated sample at index 205
Total token count: 1810
Generated sample at index 684
Total token count: 2713
Generated sample at index 198
Total token count: 2712
Generated sample at index 72
Total token count: 2716
Emptied CUDA cache
{'loss': '23.89', 'grad_norm': '84.28', 'learning_rate': '9.928e-05', 'entropy': '1.205', 'num_tokens': '8.576e+05', 'mean_token_accuracy': '0.01007', 'epoch': '0.5898'}
Generated sample at index 740
Total token count: 1802
Generated sample at index 522
Total token count: 2715
Generated sample at index 433
Total token count: 1825
Generated sample at index 667
Total token count: 1810
Generated sample at index 53
Total token count: 914
Generated sample at index 107
Total token count: 1829
Generated sample at index 382
Total token count: 1828
Generated sample at index 690
Total token count: 1802
Emptied CUDA cache
{'loss': '23.81', 'grad_norm': '85.93', 'learning_rate': '9.925e-05', 'entropy': '1.222', 'num_tokens': '8.731e+05', 'mean_token_accuracy': '0.009674', 'epoch': '0.6005'}
Generated sample at index 251
Total token count: 1833
Generated sample at index 164
Total token count: 1830
Generated sample at index 352
Total token count: 916
Generated sample at index 240
Total token count: 1829
Generated sample at index 299
Total token count: 1826
Generated sample at index 336
Total token count: 2719
Generated sample at index 291
Total token count: 1823
Generated sample at index 589
Total token count: 1826
Emptied CUDA cache
{'loss': '23.65', 'grad_norm': '85.56', 'learning_rate': '9.922e-05', 'entropy': '1.238', 'num_tokens': '8.876e+05', 'mean_token_accuracy': '0.01099', 'epoch': '0.6113'}
Generated sample at index 232
Total token count: 1813
Generated sample at index 99
Total token count: 2716
Generated sample at index 32
Total token count: 1821
Generated sample at index 63
Total token count: 1816
Generated sample at index 165
Total token count: 1811
Generated sample at index 191
Total token count: 1813
Generated sample at index 190
Total token count: 1825
Generated sample at index 189
Total token count: 1807
Emptied CUDA cache
{'loss': '23.78', 'grad_norm': '89.49', 'learning_rate': '9.919e-05', 'entropy': '1.187', 'num_tokens': '9.031e+05', 'mean_token_accuracy': '0.008612', 'epoch': '0.622'}
Generated sample at index 334
Total token count: 2711
Generated sample at index 83
Total token count: 915
Generated sample at index 125
Total token count: 920
Generated sample at index 732
Total token count: 1804
Generated sample at index 742
Total token count: 2712
Generated sample at index 494
Total token count: 1822
Generated sample at index 643
Total token count: 1797
Generated sample at index 610
Total token count: 2710
Emptied CUDA cache
{'loss': '23.76', 'grad_norm': '89.55', 'learning_rate': '9.916e-05', 'entropy': '1.227', 'num_tokens': '9.176e+05', 'mean_token_accuracy': '0.007806', 'epoch': '0.6327'}
Generated sample at index 351
Total token count: 2721
Generated sample at index 375
Total token count: 1819
Generated sample at index 95
Total token count: 1814
Generated sample at index 409
Total token count: 1819
Generated sample at index 256
Total token count: 1826
Generated sample at index 431
Total token count: 1817
Generated sample at index 525
Total token count: 1827
Generated sample at index 627
Total token count: 2710
Emptied CUDA cache
{'loss': '23.43', 'grad_norm': '92.4', 'learning_rate': '9.913e-05', 'entropy': '1.243', 'num_tokens': '9.339e+05', 'mean_token_accuracy': '0.009833', 'epoch': '0.6434'}
Generated sample at index 713
Total token count: 1820
Generated sample at index 320
Total token count: 1827
Generated sample at index 688
Total token count: 915
Generated sample at index 140
Total token count: 1819
Generated sample at index 244
Total token count: 2718
Generated sample at index 576
Total token count: 1822
Generated sample at index 118
Total token count: 2727
Generated sample at index 664
Total token count: 1825
Emptied CUDA cache
{'loss': '23.41', 'grad_norm': '93.22', 'learning_rate': '9.91e-05', 'entropy': '1.23', 'num_tokens': '9.503e+05', 'mean_token_accuracy': '0.009927', 'epoch': '0.6542'}
Generated sample at index 659
Total token count: 1797
Generated sample at index 347
Total token count: 2710
Generated sample at index 597
Total token count: 1803
Generated sample at index 327
Total token count: 915
Generated sample at index 711
Total token count: 1806
Generated sample at index 242
Total token count: 1825
Generated sample at index 117
Total token count: 1820
Generated sample at index 504
Total token count: 1823
Emptied CUDA cache
{'loss': '23.44', 'grad_norm': '94.94', 'learning_rate': '9.906e-05', 'entropy': '1.228', 'num_tokens': '9.648e+05', 'mean_token_accuracy': '0.008657', 'epoch': '0.6649'}
Generated sample at index 694
Total token count: 1808
Generated sample at index 269
Total token count: 1797
Generated sample at index 68
Total token count: 3605
Generated sample at index 520
Total token count: 1807
Generated sample at index 428
Total token count: 1824
Generated sample at index 374
Total token count: 913
Generated sample at index 338
Total token count: 2717
Generated sample at index 7
Total token count: 1827
Emptied CUDA cache
{'loss': '23.45', 'grad_norm': '97', 'learning_rate': '9.903e-05', 'entropy': '1.196', 'num_tokens': '9.811e+05', 'mean_token_accuracy': '0.008566', 'epoch': '0.6756'}
Generated sample at index 250
Total token count: 1829
Generated sample at index 261
Total token count: 2718
Generated sample at index 531
Total token count: 1814
Generated sample at index 163
Total token count: 1817
Generated sample at index 559
Total token count: 1825
Generated sample at index 43
Total token count: 1824
Generated sample at index 491
Total token count: 2721
Generated sample at index 424
Total token count: 1802
Emptied CUDA cache
{'loss': '23.18', 'grad_norm': '98.25', 'learning_rate': '9.9e-05', 'entropy': '1.233', 'num_tokens': '9.974e+05', 'mean_token_accuracy': '0.0107', 'epoch': '0.6863'}
Generated sample at index 630
Total token count: 1823
Generated sample at index 480
Total token count: 1809
Generated sample at index 50
Total token count: 1819
Generated sample at index 350
Total token count: 1825
Generated sample at index 77
Total token count: 1810
Generated sample at index 665
Total token count: 1808
Generated sample at index 583
Total token count: 2714
Generated sample at index 661
Total token count: 1823
Emptied CUDA cache
{'loss': '23.26', 'grad_norm': '101.5', 'learning_rate': '9.896e-05', 'entropy': '1.199', 'num_tokens': '1.013e+06', 'mean_token_accuracy': '0.009117', 'epoch': '0.6971'}
Generated sample at index 196
Total token count: 2713
Generated sample at index 459
Total token count: 1826
Generated sample at index 149
Total token count: 3605
Generated sample at index 49
Total token count: 1825
Generated sample at index 192
Total token count: 2718
Generated sample at index 628
Total token count: 2713
Generated sample at index 545
Total token count: 1819
Generated sample at index 378
Total token count: 1819
Emptied CUDA cache
{'loss': '23.11', 'grad_norm': '101.5', 'learning_rate': '9.893e-05', 'entropy': '1.229', 'num_tokens': '1.032e+06', 'mean_token_accuracy': '0.009637', 'epoch': '0.7078'}
Generated sample at index 55
Total token count: 2714
Generated sample at index 432
Total token count: 1820
Generated sample at index 257
Total token count: 2723
Generated sample at index 427
Total token count: 1823
Generated sample at index 554
Total token count: 1832
Generated sample at index 78
Total token count: 915
Generated sample at index 515
Total token count: 916
Generated sample at index 241
Total token count: 2712
Emptied CUDA cache
{'loss': '22.9', 'grad_norm': '101.9', 'learning_rate': '9.89e-05', 'entropy': '1.267', 'num_tokens': '1.046e+06', 'mean_token_accuracy': '0.01101', 'epoch': '0.7185'}
Generated sample at index 47
Total token count: 3607
Generated sample at index 16
Total token count: 1810
Generated sample at index 632
Total token count: 1828
Generated sample at index 499
Total token count: 1825
Generated sample at index 65
Total token count: 1825
Generated sample at index 441
Total token count: 1823
Generated sample at index 199
Total token count: 2715
Generated sample at index 646
Total token count: 1820
Emptied CUDA cache
{'loss': '22.93', 'grad_norm': '104.4', 'learning_rate': '9.886e-05', 'entropy': '1.228', 'num_tokens': '1.065e+06', 'mean_token_accuracy': '0.01002', 'epoch': '0.7292'}
Generated sample at index 362
Total token count: 2717
Generated sample at index 275
Total token count: 1828
Generated sample at index 341
Total token count: 1810
Generated sample at index 679
Total token count: 1831
Generated sample at index 672
Total token count: 1818
Generated sample at index 343
Total token count: 1809
Generated sample at index 500
Total token count: 1813
Generated sample at index 179
Total token count: 2716
Emptied CUDA cache
{'loss': '22.75', 'grad_norm': '105.6', 'learning_rate': '9.882e-05', 'entropy': '1.243', 'num_tokens': '1.08e+06', 'mean_token_accuracy': '0.0103', 'epoch': '0.7399'}
Generated sample at index 10
Total token count: 2713
Generated sample at index 355
Total token count: 2711
Generated sample at index 297
Total token count: 1819
Generated sample at index 215
Total token count: 1813
Generated sample at index 96
Total token count: 1822
Generated sample at index 354
Total token count: 2711
Generated sample at index 26
Total token count: 1823
Generated sample at index 58
Total token count: 1819
Emptied CUDA cache
{'loss': '22.94', 'grad_norm': '107.5', 'learning_rate': '9.879e-05', 'entropy': '1.216', 'num_tokens': '1.098e+06', 'mean_token_accuracy': '0.009153', 'epoch': '0.7507'}
Generated sample at index 447
Total token count: 1813
Generated sample at index 608
Total token count: 1797
Generated sample at index 253
Total token count: 1824
Generated sample at index 464
Total token count: 1832
Generated sample at index 371
Total token count: 1831
Generated sample at index 631
Total token count: 1813
Generated sample at index 38
Total token count: 1815
Generated sample at index 156
Total token count: 1797
Emptied CUDA cache
{'loss': '22.79', 'grad_norm': '109.4', 'learning_rate': '9.875e-05', 'entropy': '1.233', 'num_tokens': '1.113e+06', 'mean_token_accuracy': '0.009572', 'epoch': '0.7614'}
Generated sample at index 405
Total token count: 1813
Generated sample at index 25
Total token count: 1818
Generated sample at index 699
Total token count: 1811
Generated sample at index 295
Total token count: 1820
Generated sample at index 66
Total token count: 1813
Generated sample at index 596
Total token count: 1812
Generated sample at index 701
Total token count: 2713
Generated sample at index 119
Total token count: 1827
Emptied CUDA cache
{'loss': '22.83', 'grad_norm': '110.8', 'learning_rate': '9.871e-05', 'entropy': '1.21', 'num_tokens': '1.128e+06', 'mean_token_accuracy': '0.008894', 'epoch': '0.7721'}
Generated sample at index 656
Total token count: 1814
Generated sample at index 194
Total token count: 1812
Generated sample at index 301
Total token count: 2711
Generated sample at index 511
Total token count: 1812
Generated sample at index 386
Total token count: 913
Generated sample at index 420
Total token count: 1815
Generated sample at index 655
Total token count: 914
Generated sample at index 15
Total token count: 1807
Emptied CUDA cache
{'loss': '22.58', 'grad_norm': '111.6', 'learning_rate': '9.868e-05', 'entropy': '1.245', 'num_tokens': '1.142e+06', 'mean_token_accuracy': '0.007892', 'epoch': '0.7828'}
Generated sample at index 617
Total token count: 1819
Generated sample at index 735
Total token count: 2718
Generated sample at index 42
Total token count: 1803
Generated sample at index 411
Total token count: 1822
Generated sample at index 358
Total token count: 1831
Generated sample at index 229
Total token count: 1826
Generated sample at index 490
Total token count: 1821
Generated sample at index 708
Total token count: 1814
Emptied CUDA cache
{'loss': '22.5', 'grad_norm': '113.2', 'learning_rate': '9.864e-05', 'entropy': '1.231', 'num_tokens': '1.157e+06', 'mean_token_accuracy': '0.01013', 'epoch': '0.7936'}
Generated sample at index 454
Total token count: 1822
Generated sample at index 645
Total token count: 1808
Generated sample at index 568
Total token count: 915
Generated sample at index 132
Total token count: 925
Generated sample at index 243
Total token count: 1823
Generated sample at index 122
Total token count: 1809
Generated sample at index 489
Total token count: 918
Generated sample at index 546
Total token count: 1823
Emptied CUDA cache
{'loss': '22.31', 'grad_norm': '113.8', 'learning_rate': '9.86e-05', 'entropy': '1.244', 'num_tokens': '1.169e+06', 'mean_token_accuracy': '0.009243', 'epoch': '0.8043'}
Generated sample at index 734
Total token count: 1813
Generated sample at index 584
Total token count: 1802
Generated sample at index 437
Total token count: 1807
Generated sample at index 168
Total token count: 1831
Generated sample at index 319
Total token count: 1817
Generated sample at index 744
Total token count: 2714
Generated sample at index 577
Total token count: 1825
Generated sample at index 20
Total token count: 920
Emptied CUDA cache
{'loss': '22.47', 'grad_norm': '116.7', 'learning_rate': '9.856e-05', 'entropy': '1.227', 'num_tokens': '1.184e+06', 'mean_token_accuracy': '0.009052', 'epoch': '0.815'}
Generated sample at index 235
Total token count: 1823
Generated sample at index 601
Total token count: 1818
Generated sample at index 353
Total token count: 1832
Generated sample at index 623
Total token count: 1819
Generated sample at index 311
Total token count: 1808
Generated sample at index 207
Total token count: 1827
Generated sample at index 501
Total token count: 1809
Generated sample at index 462
Total token count: 1812
Emptied CUDA cache
{'loss': '22.35', 'grad_norm': '116.7', 'learning_rate': '9.852e-05', 'entropy': '1.242', 'num_tokens': '1.198e+06', 'mean_token_accuracy': '0.01068', 'epoch': '0.8257'}
Generated sample at index 730
Total token count: 2714
Generated sample at index 477
Total token count: 1824
Generated sample at index 380
Total token count: 2708
Generated sample at index 349
Total token count: 2719
Generated sample at index 712
Total token count: 1824
Generated sample at index 467
Total token count: 1834
Generated sample at index 547
Total token count: 1821
Generated sample at index 377
Total token count: 2707
Emptied CUDA cache
{'loss': '22.09', 'grad_norm': '120.3', 'learning_rate': '9.848e-05', 'entropy': '1.247', 'num_tokens': '1.215e+06', 'mean_token_accuracy': '0.00957', 'epoch': '0.8365'}
Generated sample at index 37
Total token count: 1812
Generated sample at index 310
Total token count: 1813
Generated sample at index 239
Total token count: 1829
Generated sample at index 259
Total token count: 3602
Generated sample at index 578
Total token count: 1824
Generated sample at index 193
Total token count: 1824
Generated sample at index 146
Total token count: 1824
Generated sample at index 116
Total token count: 1814
Emptied CUDA cache
{'loss': '22.09', 'grad_norm': '122.3', 'learning_rate': '9.844e-05', 'entropy': '1.226', 'num_tokens': '1.233e+06', 'mean_token_accuracy': '0.008966', 'epoch': '0.8472'}
Generated sample at index 614
Total token count: 1823
Generated sample at index 282
Total token count: 1814
Generated sample at index 406
Total token count: 2714
Generated sample at index 80
Total token count: 1823
Generated sample at index 141
Total token count: 1826
Generated sample at index 496
Total token count: 1818
Generated sample at index 666
Total token count: 1807
Generated sample at index 154
Total token count: 1813
Emptied CUDA cache
{'loss': '22.1', 'grad_norm': 'inf', 'learning_rate': '9.84e-05', 'entropy': '1.209', 'num_tokens': '1.248e+06', 'mean_token_accuracy': '0.009399', 'epoch': '0.8579'}
Generated sample at index 307
Total token count: 3600
Generated sample at index 498
Total token count: 919
Generated sample at index 521
Total token count: 1814
Generated sample at index 177
Total token count: 1823
Generated sample at index 457
Total token count: 1833
Generated sample at index 443
Total token count: 920
Generated sample at index 187
Total token count: 921
Generated sample at index 503
Total token count: 1811
Emptied CUDA cache
{'loss': '21.9', 'grad_norm': '122.7', 'learning_rate': '9.84e-05', 'entropy': '1.227', 'num_tokens': '1.262e+06', 'mean_token_accuracy': '0.009888', 'epoch': '0.8686'}
Generated sample at index 585
Total token count: 1823
Generated sample at index 567
Total token count: 1820
Generated sample at index 421
Total token count: 913
Generated sample at index 82
Total token count: 1813
Generated sample at index 563
Total token count: 1817
Generated sample at index 44
Total token count: 2729
Generated sample at index 553
Total token count: 1818
Generated sample at index 105
Total token count: 1809
Emptied CUDA cache
{'loss': '22', 'grad_norm': '124.5', 'learning_rate': '9.835e-05', 'entropy': '1.228', 'num_tokens': '1.276e+06', 'mean_token_accuracy': '0.009152', 'epoch': '0.8794'}
Generated sample at index 6
Total token count: 1805
Generated sample at index 677
Total token count: 1802
Generated sample at index 611
Total token count: 1803
Generated sample at index 493
Total token count: 1807
Generated sample at index 709
Total token count: 1809
Generated sample at index 373
Total token count: 914
Generated sample at index 248
Total token count: 1806
Generated sample at index 686
Total token count: 1835
Emptied CUDA cache
{'loss': '21.81', 'grad_norm': '127.5', 'learning_rate': '9.831e-05', 'entropy': '1.23', 'num_tokens': '1.29e+06', 'mean_token_accuracy': '0.006574', 'epoch': '0.8901'}
Generated sample at index 391
Total token count: 1825
Generated sample at index 473
Total token count: 1815
Generated sample at index 372
Total token count: 1825
Generated sample at index 88
Total token count: 1820
Generated sample at index 581
Total token count: 1816
Generated sample at index 308
Total token count: 1805
Generated sample at index 220
Total token count: 914
Generated sample at index 575
Total token count: 1794
Emptied CUDA cache
{'loss': '21.65', 'grad_norm': '127', 'learning_rate': '9.827e-05', 'entropy': '1.243', 'num_tokens': '1.303e+06', 'mean_token_accuracy': '0.009991', 'epoch': '0.9008'}
Generated sample at index 594
Total token count: 1821
Generated sample at index 106
Total token count: 1819
Generated sample at index 534
Total token count: 1829
Generated sample at index 120
Total token count: 1819
Generated sample at index 323
Total token count: 1814
Generated sample at index 157
Total token count: 2712
Generated sample at index 298
Total token count: 1822
Generated sample at index 625
Total token count: 1816
Emptied CUDA cache
{'loss': '21.79', 'grad_norm': '128.4', 'learning_rate': '9.822e-05', 'entropy': '1.236', 'num_tokens': '1.319e+06', 'mean_token_accuracy': '0.009214', 'epoch': '0.9115'}
Generated sample at index 579
Total token count: 1821
Generated sample at index 345
Total token count: 1827
Generated sample at index 258
Total token count: 1813
Generated sample at index 474
Total token count: 1824
Generated sample at index 339
Total token count: 1802
Generated sample at index 28
Total token count: 1827
Generated sample at index 40
Total token count: 1805
Generated sample at index 210
Total token count: 1819
Emptied CUDA cache
{'loss': '21.47', 'grad_norm': '130.5', 'learning_rate': '9.818e-05', 'entropy': '1.253', 'num_tokens': '1.333e+06', 'mean_token_accuracy': '0.008614', 'epoch': '0.9223'}
Generated sample at index 14
Total token count: 1822
Generated sample at index 544
Total token count: 1805
Generated sample at index 357
Total token count: 3602
Generated sample at index 4
Total token count: 1829
Generated sample at index 293
Total token count: 1814
Generated sample at index 238
Total token count: 920
Generated sample at index 714
Total token count: 1817
Generated sample at index 704
Total token count: 1810
Emptied CUDA cache
{'loss': '21.39', 'grad_norm': '131', 'learning_rate': '9.813e-05', 'entropy': '1.265', 'num_tokens': '1.349e+06', 'mean_token_accuracy': '0.008929', 'epoch': '0.933'}
Generated sample at index 24
Total token count: 2710
Generated sample at index 635
Total token count: 1797
Generated sample at index 530
Total token count: 1821
Generated sample at index 674
Total token count: 3611
Generated sample at index 561
Total token count: 2713
Generated sample at index 175
Total token count: 920
Generated sample at index 64
Total token count: 1828
Generated sample at index 593
Total token count: 1825
Emptied CUDA cache
{'loss': '21.25', 'grad_norm': '134.8', 'learning_rate': '9.809e-05', 'entropy': '1.243', 'num_tokens': '1.366e+06', 'mean_token_accuracy': '0.008577', 'epoch': '0.9437'}
Generated sample at index 363
Total token count: 1831
Generated sample at index 214
Total token count: 1826
Generated sample at index 717
Total token count: 2713
Generated sample at index 211
Total token count: 1834
Generated sample at index 415
Total token count: 2709
Generated sample at index 556
Total token count: 1827
Generated sample at index 195
Total token count: 1824
Generated sample at index 653
Total token count: 1801
Emptied CUDA cache
{'loss': '21.19', 'grad_norm': '133.9', 'learning_rate': '9.804e-05', 'entropy': '1.28', 'num_tokens': '1.382e+06', 'mean_token_accuracy': '0.01151', 'epoch': '0.9544'}
Generated sample at index 540
Total token count: 2715
Generated sample at index 93
Total token count: 1819
Generated sample at index 472
Total token count: 1826
Generated sample at index 650
Total token count: 916
Generated sample at index 109
Total token count: 1808
Generated sample at index 548
Total token count: 2718
Generated sample at index 100
Total token count: 1817
Generated sample at index 586
Total token count: 917
Emptied CUDA cache
{'loss': '21.06', 'grad_norm': '136.5', 'learning_rate': '9.8e-05', 'entropy': '1.271', 'num_tokens': '1.398e+06', 'mean_token_accuracy': '0.008602', 'epoch': '0.9651'}
Generated sample at index 262
Total token count: 1824
Generated sample at index 693
Total token count: 1801
Generated sample at index 221
Total token count: 1825
Generated sample at index 344
Total token count: 1824
Generated sample at index 560
Total token count: 1823
Generated sample at index 184
Total token count: 1825
Generated sample at index 342
Total token count: 1809
Generated sample at index 290
Total token count: 2718
Emptied CUDA cache
{'loss': '21.12', 'grad_norm': '137.5', 'learning_rate': '9.795e-05', 'entropy': '1.238', 'num_tokens': '1.411e+06', 'mean_token_accuracy': '0.009164', 'epoch': '0.9759'}
Generated sample at index 123
Total token count: 1826
Generated sample at index 417
Total token count: 1814
Generated sample at index 681
Total token count: 1812
Generated sample at index 197
Total token count: 2713
Generated sample at index 312
Total token count: 929
Generated sample at index 148
Total token count: 1831
Generated sample at index 562
Total token count: 922
Generated sample at index 488
Total token count: 1830
Emptied CUDA cache
{'loss': '20.87', 'grad_norm': '136.2', 'learning_rate': '9.79e-05', 'entropy': '1.297', 'num_tokens': '1.426e+06', 'mean_token_accuracy': '0.009788', 'epoch': '0.9866'}
Generated sample at index 710
Total token count: 1819
Generated sample at index 396
Total token count: 1801
Generated sample at index 36
Total token count: 3606
Generated sample at index 413
Total token count: 1810
Generated sample at index 598
Total token count: 1825
Generated sample at index 204
Total token count: 1818
Generated sample at index 670
Total token count: 1820
Generated sample at index 135
Total token count: 1823
Emptied CUDA cache
{'loss': '20.83', 'grad_norm': '141.7', 'learning_rate': '9.785e-05', 'entropy': '1.272', 'num_tokens': '1.442e+06', 'mean_token_accuracy': '0.008752', 'epoch': '0.9973'}
Generated sample at index 81
Total token count: 2719
Emptied CUDA cache
{'loss': '20.86', 'grad_norm': 'inf', 'learning_rate': '9.78e-05', 'entropy': '1.247', 'num_tokens': '1.447e+06', 'mean_token_accuracy': '0.01045', 'epoch': '1'}
Generated sample at index 712
Total token count: 1824
Generated sample at index 424
Total token count: 1802
Generated sample at index 529
Total token count: 2721
Generated sample at index 382
Total token count: 1828
Generated sample at index 519
Total token count: 1818
Generated sample at index 82
Total token count: 1813
Generated sample at index 406
Total token count: 2714
Generated sample at index 9
Total token count: 1816
Generated sample at index 651
Total token count: 916
Emptied CUDA cache
{'loss': '20.74', 'grad_norm': '143.4', 'learning_rate': '9.78e-05', 'entropy': '1.255', 'num_tokens': '1.463e+06', 'mean_token_accuracy': '0.009747', 'epoch': '1.011'}
Generated sample at index 300
Total token count: 2711
Generated sample at index 549
Total token count: 1826
Generated sample at index 411
Total token count: 1822
Generated sample at index 242
Total token count: 1825
Generated sample at index 315
Total token count: 1820
Generated sample at index 537
Total token count: 1825
Generated sample at index 745
Total token count: 915
Generated sample at index 237
Total token count: 1809
Emptied CUDA cache
{'loss': '20.51', 'grad_norm': '143.4', 'learning_rate': '9.776e-05', 'entropy': '1.286', 'num_tokens': '1.477e+06', 'mean_token_accuracy': '0.00953', 'epoch': '1.021'}
Generated sample at index 460
Total token count: 1823
Generated sample at index 324
Total token count: 1829
Generated sample at index 177
Total token count: 1823
Generated sample at index 617
Total token count: 1819
Generated sample at index 130
Total token count: 1810
Generated sample at index 231
Total token count: 2711
Generated sample at index 666
Total token count: 1807
Generated sample at index 32
Total token count: 1821
Emptied CUDA cache
{'loss': '20.66', 'grad_norm': '144.8', 'learning_rate': '9.771e-05', 'entropy': '1.246', 'num_tokens': '1.492e+06', 'mean_token_accuracy': '0.008845', 'epoch': '1.032'}
Generated sample at index 70
Total token count: 3603
Generated sample at index 620
Total token count: 1811
Generated sample at index 134
Total token count: 1808
Generated sample at index 721
Total token count: 1804
Generated sample at index 634
Total token count: 1820
Generated sample at index 142
Total token count: 1826
Generated sample at index 646
Total token count: 1820
Generated sample at index 371
Total token count: 1831
Emptied CUDA cache
{'loss': '20.38', 'grad_norm': '149.3', 'learning_rate': '9.766e-05', 'entropy': '1.248', 'num_tokens': '1.509e+06', 'mean_token_accuracy': '0.008658', 'epoch': '1.043'}
Generated sample at index 431
Total token count: 1817
Generated sample at index 258
Total token count: 1813
Generated sample at index 402
Total token count: 1821
Generated sample at index 20
Total token count: 920
Generated sample at index 211
Total token count: 1834
Generated sample at index 732
Total token count: 1804
Generated sample at index 159
Total token count: 919
Generated sample at index 672
Total token count: 1818
Emptied CUDA cache
{'loss': '20.28', 'grad_norm': '147.8', 'learning_rate': '9.76e-05', 'entropy': '1.288', 'num_tokens': '1.521e+06', 'mean_token_accuracy': '0.009081', 'epoch': '1.054'}
Generated sample at index 618
Total token count: 1812
Generated sample at index 652
Total token count: 1801
Generated sample at index 485
Total token count: 1806
Generated sample at index 64
Total token count: 1828
Generated sample at index 356
Total token count: 1821
Generated sample at index 29
Total token count: 1829
Generated sample at index 292
Total token count: 1802
Generated sample at index 647
Total token count: 1825
Emptied CUDA cache
{'loss': '20.18', 'grad_norm': '150.2', 'learning_rate': '9.755e-05', 'entropy': '1.272', 'num_tokens': '1.536e+06', 'mean_token_accuracy': '0.008758', 'epoch': '1.064'}
Generated sample at index 649
Total token count: 2712
Generated sample at index 743
Total token count: 2715
Generated sample at index 678
Total token count: 1806
Generated sample at index 189
Total token count: 1807
Generated sample at index 188
Total token count: 1832
Generated sample at index 187
Total token count: 921
Generated sample at index 403
Total token count: 1817
Generated sample at index 513
Total token count: 2713
Emptied CUDA cache
{'loss': '20.21', 'grad_norm': '149.2', 'learning_rate': '9.75e-05', 'entropy': '1.279', 'num_tokens': '1.551e+06', 'mean_token_accuracy': '0.008958', 'epoch': '1.075'}
Generated sample at index 319
Total token count: 1817
Generated sample at index 323
Total token count: 1814
Generated sample at index 421
Total token count: 913
Generated sample at index 427
Total token count: 1823
Generated sample at index 200
Total token count: 3609
Generated sample at index 654
Total token count: 1818
Generated sample at index 301
Total token count: 2711
Generated sample at index 430
Total token count: 2710
Emptied CUDA cache
{'loss': '20.3', 'grad_norm': '152.1', 'learning_rate': '9.745e-05', 'entropy': '1.251', 'num_tokens': '1.569e+06', 'mean_token_accuracy': '0.009115', 'epoch': '1.086'}
Generated sample at index 90
Total token count: 1809
Generated sample at index 655
Total token count: 914
Generated sample at index 514
Total token count: 920
Generated sample at index 377
Total token count: 2707
Generated sample at index 547
Total token count: 1821
Generated sample at index 440
Total token count: 1814
Generated sample at index 100
Total token count: 1817
Generated sample at index 44
Total token count: 2729
Emptied CUDA cache
{'loss': '19.73', 'grad_norm': '156.1', 'learning_rate': '9.74e-05', 'entropy': '1.279', 'num_tokens': '1.583e+06', 'mean_token_accuracy': '0.008072', 'epoch': '1.097'}
Generated sample at index 668
Total token count: 1822
Generated sample at index 265
Total token count: 914
Generated sample at index 528
Total token count: 1824
Generated sample at index 723
Total token count: 1801
Generated sample at index 50
Total token count: 1819
Generated sample at index 729
Total token count: 2712
Generated sample at index 658
Total token count: 1820
Generated sample at index 710
Total token count: 1819
Emptied CUDA cache
{'loss': '19.87', 'grad_norm': '156.9', 'learning_rate': '9.734e-05', 'entropy': '1.244', 'num_tokens': '1.599e+06', 'mean_token_accuracy': '0.009125', 'epoch': '1.107'}
Generated sample at index 686
Total token count: 1835
Generated sample at index 398
Total token count: 1822
Generated sample at index 500
Total token count: 1813
Generated sample at index 201
Total token count: 1815
Generated sample at index 286
Total token count: 1819
Generated sample at index 277
Total token count: 1809
Generated sample at index 644
Total token count: 1828
Generated sample at index 246
Total token count: 2717
Emptied CUDA cache
{'loss': '19.77', 'grad_norm': '156.8', 'learning_rate': '9.729e-05', 'entropy': '1.271', 'num_tokens': '1.613e+06', 'mean_token_accuracy': '0.00957', 'epoch': '1.118'}
Generated sample at index 501
Total token count: 1809
Generated sample at index 160
Total token count: 1821
Generated sample at index 224
Total token count: 1823
Generated sample at index 120
Total token count: 1819
Generated sample at index 95
Total token count: 1814
Generated sample at index 506
Total token count: 1806
Generated sample at index 433
Total token count: 1825
Generated sample at index 124
Total token count: 915
Emptied CUDA cache
{'loss': '19.62', 'grad_norm': '157.1', 'learning_rate': '9.723e-05', 'entropy': '1.293', 'num_tokens': '1.629e+06', 'mean_token_accuracy': '0.009847', 'epoch': '1.129'}
Generated sample at index 504
Total token count: 1823
Generated sample at index 22
Total token count: 1816
Generated sample at index 219
Total token count: 1807
Generated sample at index 640
Total token count: 1830
Generated sample at index 680
Total token count: 1818
Generated sample at index 304
Total token count: 916
Generated sample at index 236
Total token count: 2723
Generated sample at index 93
Total token count: 1819
Emptied CUDA cache
{'loss': '19.22', 'grad_norm': '160.9', 'learning_rate': '9.718e-05', 'entropy': '1.306', 'num_tokens': '1.642e+06', 'mean_token_accuracy': '0.009676', 'epoch': '1.139'}
Generated sample at index 381
Total token count: 1822
Generated sample at index 667
Total token count: 1810
Generated sample at index 143
Total token count: 4496
Generated sample at index 530
Total token count: 1821
Generated sample at index 380
Total token count: 2708
Generated sample at index 622
Total token count: 1827
Generated sample at index 274
Total token count: 2713
Generated sample at index 77
Total token count: 1810
Emptied CUDA cache
{'loss': '19.38', 'grad_norm': '162.2', 'learning_rate': '9.712e-05', 'entropy': '1.268', 'num_tokens': '1.661e+06', 'mean_token_accuracy': '0.009331', 'epoch': '1.15'}
Generated sample at index 11
Total token count: 1832
Generated sample at index 425
Total token count: 1798
Generated sample at index 88
Total token count: 1820
Generated sample at index 515
Total token count: 916
Generated sample at index 299
Total token count: 1826
Generated sample at index 391
Total token count: 1825
Generated sample at index 543
Total token count: 1807
Generated sample at index 359
Total token count: 1831
Emptied CUDA cache
{'loss': '19.53', 'grad_norm': '161.7', 'learning_rate': '9.707e-05', 'entropy': '1.235', 'num_tokens': '1.675e+06', 'mean_token_accuracy': '0.008403', 'epoch': '1.161'}
Generated sample at index 153
Total token count: 1813
Generated sample at index 455
Total token count: 1819
Generated sample at index 628
Total token count: 2713
Generated sample at index 208
Total token count: 1828
Generated sample at index 99
Total token count: 2716
Generated sample at index 488
Total token count: 1830
Generated sample at index 24
Total token count: 2710
Generated sample at index 612
Total token count: 1811
Emptied CUDA cache
{'loss': '19.15', 'grad_norm': '164.2', 'learning_rate': '9.701e-05', 'entropy': '1.285', 'num_tokens': '1.692e+06', 'mean_token_accuracy': '0.009522', 'epoch': '1.172'}
Generated sample at index 62
Total token count: 2710
Generated sample at index 648
Total token count: 1806
Generated sample at index 480
Total token count: 1809
Generated sample at index 161
Total token count: 2715
Generated sample at index 327
Total token count: 915
Generated sample at index 609
Total token count: 2708
Generated sample at index 520
Total token count: 1807
Generated sample at index 136
Total token count: 1809
Emptied CUDA cache
{'loss': '19.27', 'grad_norm': '165.3', 'learning_rate': '9.695e-05', 'entropy': '1.262', 'num_tokens': '1.708e+06', 'mean_token_accuracy': '0.007673', 'epoch': '1.182'}
Generated sample at index 334
Total token count: 2711
Generated sample at index 578
Total token count: 1824
Generated sample at index 464
Total token count: 1832
Generated sample at index 5
Total token count: 927
Generated sample at index 191
Total token count: 1813
Generated sample at index 546
Total token count: 1823
Generated sample at index 169
Total token count: 1815
Generated sample at index 332
Total token count: 1829
Emptied CUDA cache
{'loss': '18.74', 'grad_norm': '166.2', 'learning_rate': '9.69e-05', 'entropy': '1.317', 'num_tokens': '1.723e+06', 'mean_token_accuracy': '0.01014', 'epoch': '1.193'}
Generated sample at index 395
Total token count: 914
Generated sample at index 25
Total token count: 1818
Generated sample at index 457
Total token count: 1833
Generated sample at index 244
Total token count: 2718
Generated sample at index 54
Total token count: 2715
Generated sample at index 426
Total token count: 1826
Generated sample at index 216
Total token count: 1805
Generated sample at index 420
Total token count: 1815
Emptied CUDA cache
{'loss': '18.81', 'grad_norm': '168.5', 'learning_rate': '9.684e-05', 'entropy': '1.274', 'num_tokens': '1.738e+06', 'mean_token_accuracy': '0.009758', 'epoch': '1.204'}
Generated sample at index 51
Total token count: 2713
Generated sample at index 293
Total token count: 1814
Generated sample at index 173
Total token count: 2717
Generated sample at index 229
Total token count: 1826
Generated sample at index 698
Total token count: 1827
Generated sample at index 266
Total token count: 1797
Generated sample at index 601
Total token count: 1818
Generated sample at index 101
Total token count: 1828
Emptied CUDA cache
{'loss': '18.66', 'grad_norm': '170', 'learning_rate': '9.678e-05', 'entropy': '1.288', 'num_tokens': '1.755e+06', 'mean_token_accuracy': '0.008317', 'epoch': '1.214'}
Generated sample at index 673
Total token count: 1816
Generated sample at index 96
Total token count: 1822
Generated sample at index 1
Total token count: 4490
Generated sample at index 387
Total token count: 1823
Generated sample at index 561
Total token count: 2713
Generated sample at index 152
Total token count: 1802
Generated sample at index 141
Total token count: 1826
Generated sample at index 502
Total token count: 1826
Emptied CUDA cache
{'loss': '18.81', 'grad_norm': '172.9', 'learning_rate': '9.672e-05', 'entropy': '1.241', 'num_tokens': '1.773e+06', 'mean_token_accuracy': '0.009206', 'epoch': '1.225'}
Generated sample at index 679
Total token count: 1831
Generated sample at index 205
Total token count: 1810
Generated sample at index 670
Total token count: 1820
Generated sample at index 17
Total token count: 1810
Generated sample at index 289
Total token count: 1809
Generated sample at index 556
Total token count: 1827
Generated sample at index 35
Total token count: 5388
Generated sample at index 579
Total token count: 1821
Emptied CUDA cache
{'loss': '18.49', 'grad_norm': '173.6', 'learning_rate': '9.666e-05', 'entropy': '1.268', 'num_tokens': '1.791e+06', 'mean_token_accuracy': '0.009117', 'epoch': '1.236'}
Generated sample at index 542
Total token count: 1826
Generated sample at index 443
Total token count: 920
Generated sample at index 108
Total token count: 919
Generated sample at index 724
Total token count: 2715
Generated sample at index 151
Total token count: 2713
Generated sample at index 343
Total token count: 1809
Generated sample at index 72
Total token count: 2716
Generated sample at index 128
Total token count: 1805
Emptied CUDA cache
{'loss': '18.42', 'grad_norm': '172.8', 'learning_rate': '9.66e-05', 'entropy': '1.291', 'num_tokens': '1.806e+06', 'mean_token_accuracy': '0.009817', 'epoch': '1.247'}
Generated sample at index 127
Total token count: 1797
Generated sample at index 206
Total token count: 1825
Generated sample at index 582
Total token count: 912
Generated sample at index 354
Total token count: 2711
Generated sample at index 690
Total token count: 1802
Generated sample at index 349
Total token count: 2719
Generated sample at index 550
Total token count: 1820
Generated sample at index 429
Total token count: 1827
Emptied CUDA cache
{'loss': '18.18', 'grad_norm': '175.3', 'learning_rate': '9.654e-05', 'entropy': '1.301', 'num_tokens': '1.822e+06', 'mean_token_accuracy': '0.00771', 'epoch': '1.257'}
Generated sample at index 596
Total token count: 1812
Generated sample at index 345
Total token count: 1827
Generated sample at index 14
Total token count: 1822
Generated sample at index 27
Total token count: 2714
Generated sample at index 66
Total token count: 1813
Generated sample at index 203
Total token count: 1808
Generated sample at index 717
Total token count: 2713
Generated sample at index 604
Total token count: 1819
Emptied CUDA cache
{'loss': '18.22', 'grad_norm': '177.1', 'learning_rate': '9.648e-05', 'entropy': '1.285', 'num_tokens': '1.838e+06', 'mean_token_accuracy': '0.008916', 'epoch': '1.268'}
Generated sample at index 378
Total token count: 1819
Generated sample at index 445
Total token count: 1822
Generated sample at index 553
Total token count: 1818
Generated sample at index 661
Total token count: 1823
Generated sample at index 0
Total token count: 1815
Generated sample at index 555
Total token count: 1833
Generated sample at index 333
Total token count: 1830
Generated sample at index 57
Total token count: 2719
Emptied CUDA cache
{'loss': '17.9', 'grad_norm': '178.5', 'learning_rate': '9.641e-05', 'entropy': '1.27', 'num_tokens': '1.853e+06', 'mean_token_accuracy': '0.01081', 'epoch': '1.279'}
Generated sample at index 388
Total token count: 1829
Generated sample at index 342
Total token count: 1809
Generated sample at index 233
Total token count: 1824
Generated sample at index 154
Total token count: 1813
Generated sample at index 43
Total token count: 1824
Generated sample at index 115
Total token count: 922
Generated sample at index 393
Total token count: 919
Generated sample at index 691
Total token count: 1821
Emptied CUDA cache
{'loss': '17.76', 'grad_norm': '179.5', 'learning_rate': '9.635e-05', 'entropy': '1.289', 'num_tokens': '1.866e+06', 'mean_token_accuracy': '0.01036', 'epoch': '1.29'}
Generated sample at index 392
Total token count: 1823
Generated sample at index 522
Total token count: 2715
Generated sample at index 245
Total token count: 1825
Generated sample at index 180
Total token count: 1803
Generated sample at index 259
Total token count: 3602
Generated sample at index 198
Total token count: 2712
Generated sample at index 739
Total token count: 1802
Generated sample at index 59
Total token count: 1822
Emptied CUDA cache
{'loss': '17.87', 'grad_norm': '183.4', 'learning_rate': '9.629e-05', 'entropy': '1.248', 'num_tokens': '1.884e+06', 'mean_token_accuracy': '0.008843', 'epoch': '1.3'}
Generated sample at index 702
Total token count: 1807
Generated sample at index 133
Total token count: 1819
Generated sample at index 478
Total token count: 1818
Generated sample at index 280
Total token count: 1829
Generated sample at index 682
Total token count: 2714
Generated sample at index 639
Total token count: 1819
Generated sample at index 379
Total token count: 1815
Generated sample at index 285
Total token count: 1822
Emptied CUDA cache
{'loss': '17.56', 'grad_norm': '183.7', 'learning_rate': '9.623e-05', 'entropy': '1.273', 'num_tokens': '1.9e+06', 'mean_token_accuracy': '0.009699', 'epoch': '1.311'}
Generated sample at index 495
Total token count: 1828
Generated sample at index 350
Total token count: 1825
Generated sample at index 419
Total token count: 2712
Generated sample at index 122
Total token count: 1809
Generated sample at index 692
Total token count: 1807
Generated sample at index 545
Total token count: 1819
Generated sample at index 412
Total token count: 913
Generated sample at index 671
Total token count: 1822
Emptied CUDA cache
{'loss': '17.51', 'grad_norm': '184.1', 'learning_rate': '9.616e-05', 'entropy': '1.271', 'num_tokens': '1.914e+06', 'mean_token_accuracy': '0.009058', 'epoch': '1.322'}
Generated sample at index 463
Total token count: 1808
Generated sample at index 91
Total token count: 1823
Generated sample at index 734
Total token count: 1813
Generated sample at index 147
Total token count: 1814
Generated sample at index 385
Total token count: 1815
Generated sample at index 81
Total token count: 2719
Generated sample at index 600
Total token count: 914
Generated sample at index 347
Total token count: 2710
Emptied CUDA cache
{'loss': '17.44', 'grad_norm': '183.6', 'learning_rate': '9.61e-05', 'entropy': '1.297', 'num_tokens': '1.929e+06', 'mean_token_accuracy': '0.009135', 'epoch': '1.332'}
Generated sample at index 213
Total token count: 1825
Generated sample at index 681
Total token count: 1812
Generated sample at index 352
Total token count: 916
Generated sample at index 708
Total token count: 1814
Generated sample at index 84
Total token count: 2717
Generated sample at index 373
Total token count: 914
Generated sample at index 63
Total token count: 1816
Generated sample at index 616
Total token count: 1805
Emptied CUDA cache
{'loss': '17.07', 'grad_norm': '186.7', 'learning_rate': '9.603e-05', 'entropy': '1.304', 'num_tokens': '1.944e+06', 'mean_token_accuracy': '0.008953', 'epoch': '1.343'}
Generated sample at index 126
Total token count: 2719
Generated sample at index 476
Total token count: 1826
Generated sample at index 473
Total token count: 1815
Generated sample at index 165
Total token count: 1811
Generated sample at index 584
Total token count: 1802
Generated sample at index 145
Total token count: 1802
Generated sample at index 624
Total token count: 1822
Generated sample at index 589
Total token count: 1826
Emptied CUDA cache
{'loss': '17.08', 'grad_norm': '191', 'learning_rate': '9.597e-05', 'entropy': '1.265', 'num_tokens': '1.959e+06', 'mean_token_accuracy': '0.008004', 'epoch': '1.354'}
Generated sample at index 18
Total token count: 1825
Generated sample at index 94
Total token count: 1809
Generated sample at index 80
Total token count: 1823
Generated sample at index 362
Total token count: 2717
Generated sample at index 207
Total token count: 1827
Generated sample at index 704
Total token count: 1810
Generated sample at index 535
Total token count: 1820
Generated sample at index 656
Total token count: 1814
Emptied CUDA cache
{'loss': '16.85', 'grad_norm': '189.6', 'learning_rate': '9.59e-05', 'entropy': '1.303', 'num_tokens': '1.974e+06', 'mean_token_accuracy': '0.0105', 'epoch': '1.365'}
Generated sample at index 249
Total token count: 3606
Generated sample at index 558
Total token count: 2718
Generated sample at index 531
Total token count: 1814
Generated sample at index 275
Total token count: 1828
Generated sample at index 466
Total token count: 1830
Generated sample at index 736
Total token count: 1804
Generated sample at index 499
Total token count: 1825
Generated sample at index 700
Total token count: 1826
Emptied CUDA cache
{'loss': '16.88', 'grad_norm': '192.6', 'learning_rate': '9.583e-05', 'entropy': '1.264', 'num_tokens': '1.992e+06', 'mean_token_accuracy': '0.009799', 'epoch': '1.375'}
Generated sample at index 599
Total token count: 1797
Generated sample at index 247
Total token count: 1822
Generated sample at index 15
Total token count: 1807
Generated sample at index 597
Total token count: 1803
Generated sample at index 742
Total token count: 2712
Generated sample at index 701
Total token count: 2713
Generated sample at index 209
Total token count: 1824
Generated sample at index 676
Total token count: 1804
Emptied CUDA cache
{'loss': '16.83', 'grad_norm': '192.4', 'learning_rate': '9.577e-05', 'entropy': '1.271', 'num_tokens': '2.008e+06', 'mean_token_accuracy': '0.008489', 'epoch': '1.386'}
Generated sample at index 439
Total token count: 2711
Generated sample at index 508
Total token count: 1812
Generated sample at index 633
Total token count: 1823
Generated sample at index 172
Total token count: 1811
Generated sample at index 568
Total token count: 915
Generated sample at index 261
Total token count: 2718
Generated sample at index 396
Total token count: 1801
Generated sample at index 744
Total token count: 2714
Emptied CUDA cache
{'loss': '16.75', 'grad_norm': '193.7', 'learning_rate': '9.57e-05', 'entropy': '1.256', 'num_tokens': '2.023e+06', 'mean_token_accuracy': '0.009127', 'epoch': '1.397'}
Generated sample at index 262
Total token count: 1824
Generated sample at index 288
Total token count: 1824
Generated sample at index 707
Total token count: 1807
Generated sample at index 346
Total token count: 1826
Generated sample at index 78
Total token count: 915
Generated sample at index 357
Total token count: 3602
Generated sample at index 69
Total token count: 1814
Generated sample at index 405
Total token count: 1813
Emptied CUDA cache
{'loss': '16.44', 'grad_norm': '192.6', 'learning_rate': '9.563e-05', 'entropy': '1.304', 'num_tokens': '2.04e+06', 'mean_token_accuracy': '0.009104', 'epoch': '1.408'}
Generated sample at index 183
Total token count: 1821
Generated sample at index 253
Total token count: 1824
Generated sample at index 435
Total token count: 1821
Generated sample at index 243
Total token count: 1823
Generated sample at index 399
Total token count: 1825
Generated sample at index 176
Total token count: 1826
Generated sample at index 540
Total token count: 2715
Generated sample at index 675
Total token count: 1820
Emptied CUDA cache
{'loss': '16.01', 'grad_norm': '195.3', 'learning_rate': '9.556e-05', 'entropy': '1.338', 'num_tokens': '2.055e+06', 'mean_token_accuracy': '0.009687', 'epoch': '1.418'}
Generated sample at index 19
Total token count: 4500
Generated sample at index 394
Total token count: 917
Generated sample at index 400
Total token count: 1827
Generated sample at index 7
Total token count: 1827
Generated sample at index 401
Total token count: 1822
Generated sample at index 355
Total token count: 2711
Generated sample at index 283
Total token count: 1824
Generated sample at index 583
Total token count: 2714
Emptied CUDA cache
{'loss': '15.82', 'grad_norm': '198.2', 'learning_rate': '9.549e-05', 'entropy': '1.322', 'num_tokens': '2.072e+06', 'mean_token_accuracy': '0.009987', 'epoch': '1.429'}
Generated sample at index 322
Total token count: 1828
Generated sample at index 318
Total token count: 2715
Generated sample at index 413
Total token count: 1810
Generated sample at index 615
Total token count: 1807
Generated sample at index 105
Total token count: 1809
Generated sample at index 591
Total token count: 1823
Generated sample at index 287
Total token count: 2715
Generated sample at index 329
Total token count: 1810
Emptied CUDA cache
{'loss': '16.01', 'grad_norm': '199.4', 'learning_rate': '9.542e-05', 'entropy': '1.281', 'num_tokens': '2.09e+06', 'mean_token_accuracy': '0.009107', 'epoch': '1.44'}
Generated sample at index 92
Total token count: 1823
Generated sample at index 85
Total token count: 1804
Generated sample at index 278
Total token count: 1819
Generated sample at index 269
Total token count: 1797
Generated sample at index 383
Total token count: 2718
Generated sample at index 117
Total token count: 1820
Generated sample at index 282
Total token count: 1814
Generated sample at index 254
Total token count: 1809
Emptied CUDA cache
{'loss': '16.14', 'grad_norm': '198.4', 'learning_rate': '9.535e-05', 'entropy': '1.278', 'num_tokens': '2.105e+06', 'mean_token_accuracy': '0.00861', 'epoch': '1.45'}
Generated sample at index 564
Total token count: 2711
Generated sample at index 450
Total token count: 1826
Generated sample at index 559
Total token count: 1825
Generated sample at index 276
Total token count: 1810
Generated sample at index 469
Total token count: 1822
Generated sample at index 492
Total token count: 1801
Generated sample at index 192
Total token count: 2718
Generated sample at index 186
Total token count: 1814
Emptied CUDA cache
{'loss': '15.9', 'grad_norm': '199.7', 'learning_rate': '9.528e-05', 'entropy': '1.293', 'num_tokens': '2.121e+06', 'mean_token_accuracy': '0.009175', 'epoch': '1.461'}
Generated sample at index 129
Total token count: 1812
Generated sample at index 326
Total token count: 1807
Generated sample at index 181
Total token count: 1812
Generated sample at index 581
Total token count: 1816
Generated sample at index 49
Total token count: 1825
Generated sample at index 465
Total token count: 1813
Generated sample at index 738
Total token count: 1804
Generated sample at index 45
Total token count: 3610
Emptied CUDA cache
{'loss': '15.94', 'grad_norm': '205.6', 'learning_rate': '9.521e-05', 'entropy': '1.224', 'num_tokens': '2.136e+06', 'mean_token_accuracy': '0.008428', 'epoch': '1.472'}
Generated sample at index 317
Total token count: 2720
Generated sample at index 417
Total token count: 1814
Generated sample at index 114
Total token count: 912
Generated sample at index 638
Total token count: 1817
Generated sample at index 598
Total token count: 1825
Generated sample at index 52
Total token count: 2712
Generated sample at index 238
Total token count: 920
Generated sample at index 218
Total token count: 1828
Emptied CUDA cache
{'loss': '15.8', 'grad_norm': '202.4', 'learning_rate': '9.514e-05', 'entropy': '1.267', 'num_tokens': '2.152e+06', 'mean_token_accuracy': '0.01017', 'epoch': '1.483'}
Generated sample at index 523
Total token count: 1826
Generated sample at index 731
Total token count: 1821
Generated sample at index 240
Total token count: 1829
Generated sample at index 541
Total token count: 2717
Generated sample at index 576
Total token count: 1822
Generated sample at index 605
Total token count: 1808
Generated sample at index 340
Total token count: 1825
Generated sample at index 65
Total token count: 1825
Emptied CUDA cache
{'loss': '15.54', 'grad_norm': '202.9', 'learning_rate': '9.507e-05', 'entropy': '1.303', 'num_tokens': '2.168e+06', 'mean_token_accuracy': '0.01056', 'epoch': '1.493'}
Generated sample at index 621
Total token count: 1811
Generated sample at index 498
Total token count: 919
Generated sample at index 302
Total token count: 1811
Generated sample at index 477
Total token count: 1824
Generated sample at index 566
Total token count: 1829
Generated sample at index 432
Total token count: 1820
Generated sample at index 720
Total token count: 914
Generated sample at index 131
Total token count: 1820
Emptied CUDA cache
{'loss': '14.88', 'grad_norm': '206.4', 'learning_rate': '9.5e-05', 'entropy': '1.333', 'num_tokens': '2.18e+06', 'mean_token_accuracy': '0.01049', 'epoch': '1.504'}
Generated sample at index 715
Total token count: 1802
Generated sample at index 330
Total token count: 1820
Generated sample at index 76
Total token count: 2720
Generated sample at index 525
Total token count: 1827
Generated sample at index 16
Total token count: 1810
Generated sample at index 13
Total token count: 1812
Generated sample at index 83
Total token count: 915
Generated sample at index 376
Total token count: 1803
Emptied CUDA cache
{'loss': '15.35', 'grad_norm': '204.4', 'learning_rate': '9.492e-05', 'entropy': '1.295', 'num_tokens': '2.195e+06', 'mean_token_accuracy': '0.00948', 'epoch': '1.515'}
Generated sample at index 669
Total token count: 1824
Generated sample at index 353
Total token count: 1832
Generated sample at index 718
Total token count: 2707
Generated sample at index 481
Total token count: 1807
Generated sample at index 295
Total token count: 1820
Generated sample at index 534
Total token count: 1829
Generated sample at index 470
Total token count: 921
Generated sample at index 46
Total token count: 1824
Emptied CUDA cache
{'loss': '15.15', 'grad_norm': '205.3', 'learning_rate': '9.485e-05', 'entropy': '1.297', 'num_tokens': '2.209e+06', 'mean_token_accuracy': '0.009826', 'epoch': '1.525'}
Generated sample at index 116
Total token count: 1814
Generated sample at index 592
Total token count: 1824
Generated sample at index 221
Total token count: 1825
Generated sample at index 197
Total token count: 2713
Generated sample at index 140
Total token count: 1819
Generated sample at index 28
Total token count: 1827
Generated sample at index 641
Total token count: 922
Generated sample at index 663
Total token count: 1811
Emptied CUDA cache
{'loss': '14.91', 'grad_norm': '208.5', 'learning_rate': '9.478e-05', 'entropy': '1.279', 'num_tokens': '2.224e+06', 'mean_token_accuracy': '0.0104', 'epoch': '1.536'}
Generated sample at index 497
Total token count: 1816
Generated sample at index 138
Total token count: 1820
Generated sample at index 586
Total token count: 917
Generated sample at index 368
Total token count: 1822
Generated sample at index 190
Total token count: 1825
Generated sample at index 572
Total token count: 1808
Generated sample at index 316
Total token count: 1826
Generated sample at index 75
Total token count: 1812
Emptied CUDA cache
{'loss': '14.59', 'grad_norm': '211.5', 'learning_rate': '9.47e-05', 'entropy': '1.317', 'num_tokens': '2.238e+06', 'mean_token_accuracy': '0.01119', 'epoch': '1.547'}
Generated sample at index 728
Total token count: 1817
Generated sample at index 137
Total token count: 2709
Generated sample at index 87
Total token count: 1826
Generated sample at index 438
Total token count: 2715
Generated sample at index 311
Total token count: 1808
Generated sample at index 703
Total token count: 1821
Generated sample at index 627
Total token count: 2710
Generated sample at index 139
Total token count: 921
Emptied CUDA cache
{'loss': '15.05', 'grad_norm': '211.7', 'learning_rate': '9.463e-05', 'entropy': '1.255', 'num_tokens': '2.255e+06', 'mean_token_accuracy': '0.008742', 'epoch': '1.558'}
Generated sample at index 305
Total token count: 1828
Generated sample at index 338
Total token count: 2717
Generated sample at index 472
Total token count: 1826
Generated sample at index 4
Total token count: 1829
Generated sample at index 281
Total token count: 1807
Generated sample at index 630
Total token count: 1823
Generated sample at index 228
Total token count: 1818
Generated sample at index 146
Total token count: 1824
Emptied CUDA cache
{'loss': '14.47', 'grad_norm': '212.7', 'learning_rate': '9.455e-05', 'entropy': '1.298', 'num_tokens': '2.269e+06', 'mean_token_accuracy': '0.01003', 'epoch': '1.568'}
Generated sample at index 164
Total token count: 1830
Generated sample at index 273
Total token count: 2713
Generated sample at index 674
Total token count: 3611
Generated sample at index 48
Total token count: 1820
Generated sample at index 390
Total token count: 1797
Generated sample at index 409
Total token count: 1819
Generated sample at index 202
Total token count: 1827
Generated sample at index 89
Total token count: 1820
Emptied CUDA cache
{'loss': '14.31', 'grad_norm': '214.4', 'learning_rate': '9.447e-05', 'entropy': '1.312', 'num_tokens': '2.287e+06', 'mean_token_accuracy': '0.009345', 'epoch': '1.579'}
Generated sample at index 336
Total token count: 2719
Generated sample at index 632
Total token count: 1828
Generated sample at index 487
Total token count: 1834
Generated sample at index 260
Total token count: 1830
Generated sample at index 30
Total token count: 1819
Generated sample at index 270
Total token count: 2722
Generated sample at index 567
Total token count: 1820
Generated sample at index 404
Total token count: 1813
Emptied CUDA cache
{'loss': '14.41', 'grad_norm': '214.3', 'learning_rate': '9.44e-05', 'entropy': '1.286', 'num_tokens': '2.303e+06', 'mean_token_accuracy': '0.01149', 'epoch': '1.59'}
Generated sample at index 594
Total token count: 1821
Generated sample at index 344
Total token count: 1824
Generated sample at index 699
Total token count: 1811
Generated sample at index 536
Total token count: 1809
Generated sample at index 331
Total token count: 1807
Generated sample at index 41
Total token count: 2717
Generated sample at index 422
Total token count: 1812
Generated sample at index 232
Total token count: 1813
Emptied CUDA cache
{'loss': '14.38', 'grad_norm': '217.3', 'learning_rate': '9.432e-05', 'entropy': '1.266', 'num_tokens': '2.318e+06', 'mean_token_accuracy': '0.008954', 'epoch': '1.601'}
Generated sample at index 167
Total token count: 2708
Generated sample at index 631
Total token count: 1813
Generated sample at index 185
Total token count: 2716
Generated sample at index 182
Total token count: 1817
Generated sample at index 367
Total token count: 1823
Generated sample at index 532
Total token count: 1819
Generated sample at index 298
Total token count: 1822
Generated sample at index 97
Total token count: 1805
Emptied CUDA cache
{'loss': '14.15', 'grad_norm': '216.8', 'learning_rate': '9.424e-05', 'entropy': '1.298', 'num_tokens': '2.335e+06', 'mean_token_accuracy': '0.00929', 'epoch': '1.611'}
Generated sample at index 268
Total token count: 1807
Generated sample at index 312
Total token count: 929
Generated sample at index 577
Total token count: 1825
Generated sample at index 503
Total token count: 1811
Generated sample at index 428
Total token count: 1824
Generated sample at index 230
Total token count: 1810
Generated sample at index 456
Total token count: 913
Generated sample at index 61
Total token count: 1822
Emptied CUDA cache
{'loss': '13.95', 'grad_norm': '215.6', 'learning_rate': '9.416e-05', 'entropy': '1.337', 'num_tokens': '2.348e+06', 'mean_token_accuracy': '0.009933', 'epoch': '1.622'}
Generated sample at index 733
Total token count: 1813
Generated sample at index 110
Total token count: 1805
Generated sample at index 607
Total token count: 3598
Generated sample at index 40
Total token count: 1805
Generated sample at index 132
Total token count: 925
Generated sample at index 659
Total token count: 1797
Generated sample at index 102
Total token count: 3606
Generated sample at index 241
Total token count: 2712
Emptied CUDA cache
{'loss': '13.57', 'grad_norm': '221.5', 'learning_rate': '9.409e-05', 'entropy': '1.332', 'num_tokens': '2.365e+06', 'mean_token_accuracy': '0.008566', 'epoch': '1.633'}
Generated sample at index 73
Total token count: 920
Generated sample at index 608
Total token count: 1797
Generated sample at index 103
Total token count: 1831
Generated sample at index 705
Total token count: 1797
Generated sample at index 227
Total token count: 1824
Generated sample at index 339
Total token count: 1802
Generated sample at index 518
Total token count: 925
Generated sample at index 626
Total token count: 1810
Emptied CUDA cache
{'loss': '13.75', 'grad_norm': '218.1', 'learning_rate': '9.401e-05', 'entropy': '1.333', 'num_tokens': '2.378e+06', 'mean_token_accuracy': '0.01002', 'epoch': '1.643'}
Generated sample at index 263
Total token count: 916
Generated sample at index 629
Total token count: 1808
Generated sample at index 31
Total token count: 1811
Generated sample at index 196
Total token count: 2713
Generated sample at index 222
Total token count: 1829
Generated sample at index 711
Total token count: 1806
Generated sample at index 375
Total token count: 1819
Generated sample at index 636
Total token count: 1814
Emptied CUDA cache
{'loss': '13.72', 'grad_norm': '222.3', 'learning_rate': '9.393e-05', 'entropy': '1.284', 'num_tokens': '2.393e+06', 'mean_token_accuracy': '0.008744', 'epoch': '1.654'}
Generated sample at index 384
Total token count: 1803
Generated sample at index 716
Total token count: 1807
Generated sample at index 37
Total token count: 1812
Generated sample at index 453
Total token count: 1830
Generated sample at index 320
Total token count: 1827
Generated sample at index 458
Total token count: 1824
Generated sample at index 361
Total token count: 1825
Generated sample at index 482
Total token count: 919
Emptied CUDA cache
{'loss': '13.33', 'grad_norm': '224', 'learning_rate': '9.385e-05', 'entropy': '1.316', 'num_tokens': '2.407e+06', 'mean_token_accuracy': '0.009926', 'epoch': '1.665'}
Generated sample at index 467
Total token count: 1834
Generated sample at index 507
Total token count: 1822
Generated sample at index 595
Total token count: 1817
Generated sample at index 610
Total token count: 2710
Generated sample at index 602
Total token count: 1809
Generated sample at index 486
Total token count: 2712
Generated sample at index 309
Total token count: 1828
Generated sample at index 722
Total token count: 1804
Emptied CUDA cache
{'loss': '13.29', 'grad_norm': '225.6', 'learning_rate': '9.377e-05', 'entropy': '1.282', 'num_tokens': '2.423e+06', 'mean_token_accuracy': '0.00992', 'epoch': '1.676'}
Generated sample at index 264
Total token count: 1835
Generated sample at index 689
Total token count: 1811
Generated sample at index 414
Total token count: 919
Generated sample at index 448
Total token count: 1823
Generated sample at index 662
Total token count: 1827
Generated sample at index 625
Total token count: 1816
Generated sample at index 603
Total token count: 1817
Generated sample at index 184
Total token count: 1825
Emptied CUDA cache
{'loss': '13.07', 'grad_norm': '225.4', 'learning_rate': '9.369e-05', 'entropy': 'nan', 'num_tokens': '2.436e+06', 'mean_token_accuracy': '0.01061', 'epoch': '1.686'}
Generated sample at index 483
Total token count: 1811
Generated sample at index 683
Total token count: 2711
Generated sample at index 538
Total token count: 1826
Generated sample at index 135
Total token count: 1823
Generated sample at index 3
Total token count: 2710
Generated sample at index 725
Total token count: 916
Generated sample at index 67
Total token count: 1825
Generated sample at index 60
Total token count: 1826
Emptied CUDA cache
{'loss': '12.9', 'grad_norm': '224.7', 'learning_rate': '9.36e-05', 'entropy': 'nan', 'num_tokens': '2.452e+06', 'mean_token_accuracy': '0.01004', 'epoch': '1.697'}
Generated sample at index 516
Total token count: 1810
Generated sample at index 505
Total token count: 919
Generated sample at index 643
Total token count: 1797
Generated sample at index 321
Total token count: 1810
Generated sample at index 740
Total token count: 1802
Generated sample at index 554
Total token count: 1832
Generated sample at index 106
Total token count: 1819
Generated sample at index 109
Total token count: 1808
Emptied CUDA cache
{'loss': '12.99', 'grad_norm': '226.6', 'learning_rate': '9.352e-05', 'entropy': 'nan', 'num_tokens': '2.466e+06', 'mean_token_accuracy': '0.009663', 'epoch': '1.708'}
Generated sample at index 645
Total token count: 1808
Generated sample at index 444
Total token count: 1804
Generated sample at index 560
Total token count: 1823
Generated sample at index 175
Total token count: 920
Generated sample at index 118
Total token count: 2727
Generated sample at index 74
Total token count: 1832
Generated sample at index 593
Total token count: 1825
Generated sample at index 166
Total token count: 1825
Emptied CUDA cache
{'loss': '12.47', 'grad_norm': '227.9', 'learning_rate': '9.344e-05', 'entropy': 'nan', 'num_tokens': '2.48e+06', 'mean_token_accuracy': '0.01087', 'epoch': '1.718'}
Generated sample at index 452
Total token count: 1828
Generated sample at index 493
Total token count: 1807
Generated sample at index 565
Total token count: 916
Generated sample at index 248
Total token count: 1806
Generated sample at index 348
Total token count: 916
Generated sample at index 461
Total token count: 1827
Generated sample at index 623
Total token count: 1819
Generated sample at index 677
Total token count: 1802
Emptied CUDA cache
{'loss': '12.45', 'grad_norm': '227.9', 'learning_rate': '9.336e-05', 'entropy': 'nan', 'num_tokens': '2.493e+06', 'mean_token_accuracy': '0.01132', 'epoch': '1.729'}
Generated sample at index 162
Total token count: 1830
Generated sample at index 158
Total token count: 1825
Generated sample at index 36
Total token count: 3606
Generated sample at index 454
Total token count: 1822
Generated sample at index 509
Total token count: 2711
Generated sample at index 580
Total token count: 2712
Generated sample at index 307
Total token count: 3600
Generated sample at index 234
Total token count: 1802
Emptied CUDA cache
{'loss': '12.13', 'grad_norm': '233.9', 'learning_rate': '9.327e-05', 'entropy': 'nan', 'num_tokens': '2.513e+06', 'mean_token_accuracy': '0.008847', 'epoch': '1.74'}
Generated sample at index 491
Total token count: 2721
Generated sample at index 123
Total token count: 1826
Generated sample at index 416
Total token count: 1822
Generated sample at index 179
Total token count: 2716
Generated sample at index 178
Total token count: 1815
Generated sample at index 562
Total token count: 922
Generated sample at index 730
Total token count: 2714
Generated sample at index 407
Total token count: 1816
Emptied CUDA cache
{'loss': '12.29', 'grad_norm': '230.2', 'learning_rate': '9.319e-05', 'entropy': 'nan', 'num_tokens': '2.529e+06', 'mean_token_accuracy': '0.008751', 'epoch': '1.751'}
Generated sample at index 149
Total token count: 3605
Generated sample at index 685
Total token count: 1805
Generated sample at index 271
Total token count: 1830
Generated sample at index 284
Total token count: 1820
Generated sample at index 217
Total token count: 1810
Generated sample at index 527
Total token count: 1806
Generated sample at index 657
Total token count: 3598
Generated sample at index 418
Total token count: 1798
Emptied CUDA cache
{'loss': '12.14', 'grad_norm': '233.4', 'learning_rate': '9.31e-05', 'entropy': 'nan', 'num_tokens': '2.547e+06', 'mean_token_accuracy': '0.009121', 'epoch': '1.761'}
Generated sample at index 665
Total token count: 1808
Generated sample at index 479
Total token count: 1836
Generated sample at index 195
Total token count: 1824
Generated sample at index 524
Total token count: 2719
Generated sample at index 660
Total token count: 1823
Generated sample at index 250
Total token count: 1829
Generated sample at index 58
Total token count: 1819
Generated sample at index 688
Total token count: 915
Emptied CUDA cache
{'loss': '11.54', 'grad_norm': '234.9', 'learning_rate': '9.302e-05', 'entropy': 'nan', 'num_tokens': '2.563e+06', 'mean_token_accuracy': '0.01031', 'epoch': '1.772'}
Generated sample at index 267
Total token count: 1825
Generated sample at index 575
Total token count: 1794
Generated sample at index 111
Total token count: 3607
Generated sample at index 726
Total token count: 1823
Generated sample at index 694
Total token count: 1808
Generated sample at index 363
Total token count: 1831
Generated sample at index 144
Total token count: 2714
Generated sample at index 372
Total token count: 1825
Emptied CUDA cache
{'loss': '11.77', 'grad_norm': '233.2', 'learning_rate': '9.293e-05', 'entropy': 'nan', 'num_tokens': '2.579e+06', 'mean_token_accuracy': '0.009729', 'epoch': '1.783'}
Generated sample at index 170
Total token count: 1828
Generated sample at index 34
Total token count: 2712
Generated sample at index 613
Total token count: 2717
Generated sample at index 590
Total token count: 1807
Generated sample at index 55
Total token count: 2714
Generated sample at index 214
Total token count: 1826
Generated sample at index 585
Total token count: 1823
Generated sample at index 563
Total token count: 1817
Emptied CUDA cache
{'loss': '11.35', 'grad_norm': '236.4', 'learning_rate': '9.285e-05', 'entropy': 'nan', 'num_tokens': '2.596e+06', 'mean_token_accuracy': '0.01032', 'epoch': '1.794'}
Generated sample at index 570
Total token count: 1805
Generated sample at index 113
Total token count: 1809
Generated sample at index 306
Total token count: 1801
Generated sample at index 220
Total token count: 914
Generated sample at index 389
Total token count: 1821
Generated sample at index 251
Total token count: 1833
Generated sample at index 71
Total token count: 914
Generated sample at index 484
Total token count: 1819
Emptied CUDA cache
{'loss': '11.32', 'grad_norm': '236.1', 'learning_rate': '9.276e-05', 'entropy': 'nan', 'num_tokens': '2.609e+06', 'mean_token_accuracy': '0.009602', 'epoch': '1.804'}
Generated sample at index 8
Total token count: 909
Generated sample at index 650
Total token count: 916
Generated sample at index 150
Total token count: 3612
Generated sample at index 684
Total token count: 2713
Generated sample at index 33
Total token count: 1807
Generated sample at index 257
Total token count: 2723
Generated sample at index 434
Total token count: 1819
Generated sample at index 86
Total token count: 1822
Emptied CUDA cache
{'loss': '11.19', 'grad_norm': '237.6', 'learning_rate': '9.268e-05', 'entropy': 'nan', 'num_tokens': '2.625e+06', 'mean_token_accuracy': '0.009491', 'epoch': '1.815'}
Generated sample at index 471
Total token count: 1811
Generated sample at index 255
Total token count: 2720
Generated sample at index 490
Total token count: 1821
Generated sample at index 351
Total token count: 2721
Generated sample at index 489
Total token count: 918
Generated sample at index 39
Total token count: 1797
Generated sample at index 741
Total token count: 1823
Generated sample at index 510
Total token count: 1825
Emptied CUDA cache
{'loss': '11.18', 'grad_norm': '240.4', 'learning_rate': '9.259e-05', 'entropy': 'nan', 'num_tokens': '2.641e+06', 'mean_token_accuracy': '0.01096', 'epoch': '1.826'}
Generated sample at index 155
Total token count: 1826
Generated sample at index 397
Total token count: 1804
Generated sample at index 38
Total token count: 1815
Generated sample at index 297
Total token count: 1819
Generated sample at index 125
Total token count: 920
Generated sample at index 447
Total token count: 1813
Generated sample at index 619
Total token count: 1817
Generated sample at index 571
Total token count: 1824
Emptied CUDA cache
{'loss': '10.73', 'grad_norm': '242.8', 'learning_rate': '9.25e-05', 'entropy': 'nan', 'num_tokens': '2.654e+06', 'mean_token_accuracy': '0.0107', 'epoch': '1.836'}
Generated sample at index 157
Total token count: 2712
Generated sample at index 606
Total token count: 1828
Generated sample at index 226
Total token count: 1810
Generated sample at index 12
Total token count: 1813
Generated sample at index 386
Total token count: 913
Generated sample at index 436
Total token count: 1805
Generated sample at index 642
Total token count: 1797
Generated sample at index 174
Total token count: 1831
Emptied CUDA cache
{'loss': '10.78', 'grad_norm': '244.6', 'learning_rate': '9.241e-05', 'entropy': 'nan', 'num_tokens': '2.669e+06', 'mean_token_accuracy': '0.009284', 'epoch': '1.847'}
Generated sample at index 156
Total token count: 1797
Generated sample at index 360
Total token count: 909
Generated sample at index 335
Total token count: 1800
Generated sample at index 696
Total token count: 2715
Generated sample at index 193
Total token count: 1824
Generated sample at index 552
Total token count: 1828
Generated sample at index 687
Total token count: 3609
Generated sample at index 310
Total token count: 1813
Emptied CUDA cache
{'loss': '10.5', 'grad_norm': '243.7', 'learning_rate': '9.232e-05', 'entropy': 'nan', 'num_tokens': '2.685e+06', 'mean_token_accuracy': '0.009814', 'epoch': '1.858'}
Generated sample at index 10
Total token count: 2713
Generated sample at index 653
Total token count: 1801
Generated sample at index 557
Total token count: 1817
Generated sample at index 410
Total token count: 2709
Generated sample at index 56
Total token count: 1825
Generated sample at index 6
Total token count: 1805
Generated sample at index 204
Total token count: 1818
Generated sample at index 588
Total token count: 1822
Emptied CUDA cache
{'loss': '10.28', 'grad_norm': '246.8', 'learning_rate': '9.223e-05', 'entropy': 'nan', 'num_tokens': '2.701e+06', 'mean_token_accuracy': '0.009236', 'epoch': '1.869'}
Generated sample at index 415
Total token count: 2709
Generated sample at index 637
Total token count: 1821
Generated sample at index 210
Total token count: 1819
Generated sample at index 551
Total token count: 1806
Generated sample at index 709
Total token count: 1809
Generated sample at index 614
Total token count: 1823
Generated sample at index 494
Total token count: 1822
Generated sample at index 121
Total token count: 1821
Emptied CUDA cache
{'loss': '10.28', 'grad_norm': '248.2', 'learning_rate': '9.214e-05', 'entropy': 'nan', 'num_tokens': '2.717e+06', 'mean_token_accuracy': '0.009197', 'epoch': '1.879'}
Generated sample at index 611
Total token count: 1803
Generated sample at index 119
Total token count: 1827
Generated sample at index 369
Total token count: 1817
Generated sample at index 272
Total token count: 2715
Generated sample at index 168
Total token count: 1831
Generated sample at index 475
Total token count: 1827
Generated sample at index 573
Total token count: 1811
Generated sample at index 225
Total token count: 2719
Emptied CUDA cache
{'loss': '20.84', 'grad_norm': '336.3', 'learning_rate': '9.205e-05', 'entropy': 'nan', 'num_tokens': '2.732e+06', 'mean_token_accuracy': '0.009922', 'epoch': '1.89'}
Generated sample at index 314
Total token count: 1825
Generated sample at index 313
Total token count: 1828
Generated sample at index 544
Total token count: 1805
Generated sample at index 521
Total token count: 1814
Generated sample at index 199
Total token count: 2715
Generated sample at index 539
Total token count: 1822
Generated sample at index 328
Total token count: 1828
Generated sample at index 635
Total token count: 1797
Emptied CUDA cache
{'loss': '20.54', 'grad_norm': '335.4', 'learning_rate': '9.196e-05', 'entropy': 'nan', 'num_tokens': '2.749e+06', 'mean_token_accuracy': '0.01034', 'epoch': '1.901'}
Generated sample at index 474
Total token count: 1824
Generated sample at index 26
Total token count: 1823
Generated sample at index 451
Total token count: 917
Generated sample at index 104
Total token count: 915
Generated sample at index 194
Total token count: 1812
Generated sample at index 446
Total token count: 1823
Generated sample at index 223
Total token count: 1818
Generated sample at index 517
Total token count: 1825
Emptied CUDA cache
{'loss': '20.46', 'grad_norm': '334.9', 'learning_rate': '9.187e-05', 'entropy': 'nan', 'num_tokens': '2.761e+06', 'mean_token_accuracy': '0.009315', 'epoch': '1.912'}
Generated sample at index 664
Total token count: 1825
Generated sample at index 496
Total token count: 1818
Generated sample at index 548
Total token count: 2718
Generated sample at index 526
Total token count: 1815
Generated sample at index 2
Total token count: 2711
Generated sample at index 727
Total token count: 1828
Generated sample at index 512
Total token count: 1824
Generated sample at index 279
Total token count: 2713
Emptied CUDA cache
{'loss': '20.18', 'grad_norm': '333.8', 'learning_rate': '9.178e-05', 'entropy': 'nan', 'num_tokens': '2.778e+06', 'mean_token_accuracy': '0.01045', 'epoch': '1.922'}
Generated sample at index 441
Total token count: 1823
Generated sample at index 365
Total token count: 3602
Generated sample at index 53
Total token count: 914
Generated sample at index 47
Total token count: 3607
Generated sample at index 252
Total token count: 1808
Generated sample at index 719
Total token count: 2712
Generated sample at index 163
Total token count: 1817
Generated sample at index 341
Total token count: 1810
Emptied CUDA cache
{'loss': '20.15', 'grad_norm': '332', 'learning_rate': '9.169e-05', 'entropy': 'nan', 'num_tokens': '2.797e+06', 'mean_token_accuracy': '0.008586', 'epoch': '1.933'}
Generated sample at index 533
Total token count: 1826
Generated sample at index 215
Total token count: 1813
Generated sample at index 442
Total token count: 1805
Generated sample at index 511
Total token count: 1812
Generated sample at index 98
Total token count: 1830
Generated sample at index 23
Total token count: 2715
Generated sample at index 574
Total token count: 923
Generated sample at index 468
Total token count: 913
Emptied CUDA cache
{'loss': '19.92', 'grad_norm': '338.2', 'learning_rate': '9.16e-05', 'entropy': 'nan', 'num_tokens': '2.811e+06', 'mean_token_accuracy': '0.01028', 'epoch': '1.944'}
Generated sample at index 437
Total token count: 1807
Generated sample at index 68
Total token count: 3605
Generated sample at index 112
Total token count: 1804
Generated sample at index 374
Total token count: 913
Generated sample at index 449
Total token count: 1822
Generated sample at index 42
Total token count: 1803
Generated sample at index 107
Total token count: 1829
Generated sample at index 408
Total token count: 1829
Emptied CUDA cache
{'loss': '19.8', 'grad_norm': '340.2', 'learning_rate': '9.15e-05', 'entropy': 'nan', 'num_tokens': '2.826e+06', 'mean_token_accuracy': '0.008538', 'epoch': '1.954'}
Generated sample at index 366
Total token count: 2710
Generated sample at index 79
Total token count: 1818
Generated sample at index 423
Total token count: 1821
Generated sample at index 737
Total token count: 1814
Generated sample at index 358
Total token count: 1831
Generated sample at index 364
Total token count: 1820
Generated sample at index 294
Total token count: 1814
Generated sample at index 296
Total token count: 1809
Emptied CUDA cache
{'loss': '19.34', 'grad_norm': '336.1', 'learning_rate': '9.141e-05', 'entropy': 'nan', 'num_tokens': '2.841e+06', 'mean_token_accuracy': '0.01057', 'epoch': '1.965'}
Generated sample at index 714
Total token count: 1817
Generated sample at index 706
Total token count: 1806
Generated sample at index 235
Total token count: 1823
Generated sample at index 325
Total token count: 1825
Generated sample at index 569
Total token count: 1819
Generated sample at index 693
Total token count: 1801
Generated sample at index 290
Total token count: 2718
Generated sample at index 291
Total token count: 1823
Emptied CUDA cache
{'loss': '19.3', 'grad_norm': '331.2', 'learning_rate': '9.132e-05', 'entropy': 'nan', 'num_tokens': '2.857e+06', 'mean_token_accuracy': '0.009736', 'epoch': '1.976'}
Generated sample at index 148
Total token count: 1831
Generated sample at index 212
Total token count: 1828
Generated sample at index 239
Total token count: 1829
Generated sample at index 256
Total token count: 1826
Generated sample at index 587
Total token count: 2712
Generated sample at index 735
Total token count: 2718
Generated sample at index 462
Total token count: 1812
Generated sample at index 370
Total token count: 1824
Emptied CUDA cache
{'loss': '18.84', 'grad_norm': '333.9', 'learning_rate': '9.122e-05', 'entropy': 'nan', 'num_tokens': '2.873e+06', 'mean_token_accuracy': '0.01019', 'epoch': '1.987'}
Generated sample at index 695
Total token count: 1832
Generated sample at index 713
Total token count: 1820
Generated sample at index 21
Total token count: 1814
Generated sample at index 697
Total token count: 2706
Generated sample at index 171
Total token count: 2709
Generated sample at index 303
Total token count: 1810
Generated sample at index 459
Total token count: 1826
Generated sample at index 308
Total token count: 1805
Emptied CUDA cache
{'loss': '18.55', 'grad_norm': '333.2', 'learning_rate': '9.113e-05', 'entropy': 'nan', 'num_tokens': '2.889e+06', 'mean_token_accuracy': '0.009348', 'epoch': '1.997'}
Generated sample at index 337
Total token count: 2710
Emptied CUDA cache
{'loss': '18.76', 'grad_norm': 'inf', 'learning_rate': '9.103e-05', 'entropy': 'nan', 'num_tokens': '2.894e+06', 'mean_token_accuracy': '0.006981', 'epoch': '2'}
Generated sample at index 572
Total token count: 1808
Generated sample at index 369
Total token count: 1817
Generated sample at index 411
Total token count: 1822
Generated sample at index 460
Total token count: 1823
Generated sample at index 285
Total token count: 1822
Generated sample at index 0
Total token count: 1815
Generated sample at index 302
Total token count: 1811
Generated sample at index 259
Total token count: 3602
Generated sample at index 189
Total token count: 1807
Emptied CUDA cache
{'loss': '18.51', 'grad_norm': '337.4', 'learning_rate': '9.103e-05', 'entropy': 'nan', 'num_tokens': '2.91e+06', 'mean_token_accuracy': '0.01036', 'epoch': '2.011'}
Generated sample at index 630
Total token count: 1823
Generated sample at index 84
Total token count: 2717
Generated sample at index 151
Total token count: 2713
Generated sample at index 719
Total token count: 2712
Generated sample at index 671
Total token count: 1822
Generated sample at index 520
Total token count: 1807
Generated sample at index 457
Total token count: 1833
Generated sample at index 293
Total token count: 1814
Emptied CUDA cache
{'loss': '18.02', 'grad_norm': '334.6', 'learning_rate': '9.094e-05', 'entropy': 'nan', 'num_tokens': '2.927e+06', 'mean_token_accuracy': '0.009098', 'epoch': '2.021'}
Generated sample at index 135
Total token count: 1823
Generated sample at index 133
Total token count: 1819
Generated sample at index 234
Total token count: 1802
Generated sample at index 522
Total token count: 2715
Generated sample at index 89
Total token count: 1820
Generated sample at index 99
Total token count: 2716
Generated sample at index 21
Total token count: 1814
Generated sample at index 97
Total token count: 1805
Emptied CUDA cache
{'loss': '18.12', 'grad_norm': '329.8', 'learning_rate': '9.084e-05', 'entropy': 'nan', 'num_tokens': '2.944e+06', 'mean_token_accuracy': '0.009481', 'epoch': '2.032'}
Generated sample at index 552
Total token count: 1828
Generated sample at index 267
Total token count: 1825
Generated sample at index 702
Total token count: 1807
Generated sample at index 80
Total token count: 1823
Generated sample at index 265
Total token count: 914
Generated sample at index 318
Total token count: 2715
Generated sample at index 7
Total token count: 1827
Generated sample at index 417
Total token count: 1814
Emptied CUDA cache
{'loss': '17.53', 'grad_norm': '331.1', 'learning_rate': '9.074e-05', 'entropy': 'nan', 'num_tokens': '2.958e+06', 'mean_token_accuracy': '0.01072', 'epoch': '2.043'}
Generated sample at index 699
Total token count: 1811
Generated sample at index 74
Total token count: 1832
Generated sample at index 105
Total token count: 1809
Generated sample at index 684
Total token count: 2713
Generated sample at index 332
Total token count: 1829
Generated sample at index 465
Total token count: 1813
Generated sample at index 621
Total token count: 1811
Generated sample at index 228
Total token count: 1818
Emptied CUDA cache
{'loss': '17.25', 'grad_norm': '327.3', 'learning_rate': '9.065e-05', 'entropy': 'nan', 'num_tokens': '2.974e+06', 'mean_token_accuracy': '0.01012', 'epoch': '2.054'}
Generated sample at index 402
Total token count: 1821
Generated sample at index 231
Total token count: 2711
Generated sample at index 29
Total token count: 1829
Generated sample at index 256
Total token count: 1826
Generated sample at index 694
Total token count: 1808
Generated sample at index 64
Total token count: 1828
Generated sample at index 665
Total token count: 1808
Generated sample at index 664
Total token count: 1825
Emptied CUDA cache
{'loss': '16.8', 'grad_norm': '332.4', 'learning_rate': '9.055e-05', 'entropy': 'nan', 'num_tokens': '2.989e+06', 'mean_token_accuracy': '0.01009', 'epoch': '2.064'}
Generated sample at index 547
Total token count: 1821
Generated sample at index 462
Total token count: 1812
Generated sample at index 206
Total token count: 1825
Generated sample at index 383
Total token count: 2718
Generated sample at index 646
Total token count: 1820
Generated sample at index 328
Total token count: 1828
Generated sample at index 454
Total token count: 1822
Generated sample at index 653
Total token count: 1801
Emptied CUDA cache
{'loss': '16.72', 'grad_norm': '327.6', 'learning_rate': '9.045e-05', 'entropy': 'nan', 'num_tokens': '3.005e+06', 'mean_token_accuracy': '0.01056', 'epoch': '2.075'}
Generated sample at index 236
Total token count: 2723
Generated sample at index 185
Total token count: 2716
Generated sample at index 380
Total token count: 2708
Generated sample at index 260
Total token count: 1830
Generated sample at index 430
Total token count: 2710
Generated sample at index 155
Total token count: 1826
Generated sample at index 339
Total token count: 1802
Generated sample at index 737
Total token count: 1814
Emptied CUDA cache
{'loss': '16.42', 'grad_norm': '330', 'learning_rate': '9.035e-05', 'entropy': 'nan', 'num_tokens': '3.023e+06', 'mean_token_accuracy': '0.008709', 'epoch': '2.086'}
Generated sample at index 574
Total token count: 923
Generated sample at index 22
Total token count: 1816
Generated sample at index 691
Total token count: 1821
Generated sample at index 327
Total token count: 915
Generated sample at index 505
Total token count: 919
Generated sample at index 612
Total token count: 1811
Generated sample at index 584
Total token count: 1802
Generated sample at index 357
Total token count: 3602
Emptied CUDA cache
{'loss': '15.98', 'grad_norm': '321.8', 'learning_rate': '9.025e-05', 'entropy': 'nan', 'num_tokens': '3.035e+06', 'mean_token_accuracy': '0.01015', 'epoch': '2.097'}
Generated sample at index 182
Total token count: 1817
Generated sample at index 592
Total token count: 1824
Generated sample at index 301
Total token count: 2711
Generated sample at index 517
Total token count: 1825
Generated sample at index 458
Total token count: 1824
Generated sample at index 91
Total token count: 1823
Generated sample at index 264
Total token count: 1835
Generated sample at index 651
Total token count: 916
Emptied CUDA cache
{'loss': '15.96', 'grad_norm': '321.8', 'learning_rate': '9.015e-05', 'entropy': 'nan', 'num_tokens': '3.052e+06', 'mean_token_accuracy': '0.01083', 'epoch': '2.107'}
Generated sample at index 599
Total token count: 1797
Generated sample at index 100
Total token count: 1817
Generated sample at index 355
Total token count: 2711
Generated sample at index 553
Total token count: 1818
Generated sample at index 484
Total token count: 1819
Generated sample at index 263
Total token count: 916
Generated sample at index 613
Total token count: 2717
Generated sample at index 219
Total token count: 1807
Emptied CUDA cache
{'loss': '15.6', 'grad_norm': '323.4', 'learning_rate': '9.005e-05', 'entropy': 'nan', 'num_tokens': '3.066e+06', 'mean_token_accuracy': '0.009049', 'epoch': '2.118'}
Generated sample at index 668
Total token count: 1822
Generated sample at index 585
Total token count: 1823
Generated sample at index 146
Total token count: 1824
Generated sample at index 414
Total token count: 919
Generated sample at index 725
Total token count: 916
Generated sample at index 275
Total token count: 1828
Generated sample at index 410
Total token count: 2709
Generated sample at index 670
Total token count: 1820
Emptied CUDA cache
{'loss': '15.24', 'grad_norm': '320.1', 'learning_rate': '8.995e-05', 'entropy': 'nan', 'num_tokens': '3.08e+06', 'mean_token_accuracy': '0.01067', 'epoch': '2.129'}
Generated sample at index 687
Total token count: 3609
Generated sample at index 538
Total token count: 1826
Generated sample at index 197
Total token count: 2713
Generated sample at index 123
Total token count: 1826
Generated sample at index 23
Total token count: 2715
Generated sample at index 359
Total token count: 1831
Generated sample at index 92
Total token count: 1823
Generated sample at index 497
Total token count: 1816
Emptied CUDA cache
{'loss': '14.86', 'grad_norm': '316.6', 'learning_rate': '8.985e-05', 'entropy': 'nan', 'num_tokens': '3.098e+06', 'mean_token_accuracy': '0.009914', 'epoch': '2.139'}
Generated sample at index 286
Total token count: 1819
Generated sample at index 434
Total token count: 1819
Generated sample at index 716
Total token count: 1807
Generated sample at index 724
Total token count: 2715
Generated sample at index 354
Total token count: 2711
Generated sample at index 120
Total token count: 1819
Generated sample at index 107
Total token count: 1829
Generated sample at index 419
Total token count: 2712
Emptied CUDA cache
{'loss': '14.71', 'grad_norm': '318.5', 'learning_rate': '8.975e-05', 'entropy': 'nan', 'num_tokens': '3.114e+06', 'mean_token_accuracy': '0.01', 'epoch': '2.15'}
Generated sample at index 221
Total token count: 1825
Generated sample at index 393
Total token count: 919
Generated sample at index 288
Total token count: 1824
Generated sample at index 450
Total token count: 1826
Generated sample at index 290
Total token count: 2718
Generated sample at index 12
Total token count: 1813
Generated sample at index 270
Total token count: 2722
Generated sample at index 110
Total token count: 1805
Emptied CUDA cache
{'loss': '14.49', 'grad_norm': '315.6', 'learning_rate': '8.965e-05', 'entropy': 'nan', 'num_tokens': '3.131e+06', 'mean_token_accuracy': '0.01143', 'epoch': '2.161'}
Generated sample at index 139
Total token count: 921
Generated sample at index 218
Total token count: 1828
Generated sample at index 608
Total token count: 1797
Generated sample at index 50
Total token count: 1819
Generated sample at index 496
Total token count: 1818
Generated sample at index 334
Total token count: 2711
Generated sample at index 616
Total token count: 1805
Generated sample at index 709
Total token count: 1809
Emptied CUDA cache
{'loss': '14.42', 'grad_norm': '313.9', 'learning_rate': '8.955e-05', 'entropy': 'nan', 'num_tokens': '3.145e+06', 'mean_token_accuracy': '0.009413', 'epoch': '2.172'}
Generated sample at index 278
Total token count: 1819
Generated sample at index 27
Total token count: 2714
Generated sample at index 513
Total token count: 2713
Generated sample at index 502
Total token count: 1826
Generated sample at index 56
Total token count: 1825
Generated sample at index 324
Total token count: 1829
Generated sample at index 488
Total token count: 1830
Generated sample at index 297
Total token count: 1819
Emptied CUDA cache
{'loss': '14.13', 'grad_norm': '309', 'learning_rate': '8.945e-05', 'entropy': 'nan', 'num_tokens': '3.162e+06', 'mean_token_accuracy': '0.01065', 'epoch': '2.182'}
Generated sample at index 433
Total token count: 1825
Generated sample at index 692
Total token count: 1807
Generated sample at index 284
Total token count: 1820
Generated sample at index 528
Total token count: 1824
Generated sample at index 559
Total token count: 1825
Generated sample at index 65
Total token count: 1825
Generated sample at index 20
Total token count: 920
Generated sample at index 727
Total token count: 1828
Emptied CUDA cache
{'loss': '13.77', 'grad_norm': '313.2', 'learning_rate': '8.934e-05', 'entropy': 'nan', 'num_tokens': '3.175e+06', 'mean_token_accuracy': '0.01061', 'epoch': '2.193'}
Generated sample at index 673
Total token count: 1816
Generated sample at index 597
Total token count: 1803
Generated sample at index 304
Total token count: 916
Generated sample at index 580
Total token count: 2712
Generated sample at index 500
Total token count: 1813
Generated sample at index 181
Total token count: 1812
Generated sample at index 247
Total token count: 1822
Generated sample at index 721
Total token count: 1804
Emptied CUDA cache
{'loss': '13.41', 'grad_norm': '309.8', 'learning_rate': '8.924e-05', 'entropy': 'nan', 'num_tokens': '3.19e+06', 'mean_token_accuracy': '0.009901', 'epoch': '2.204'}
Generated sample at index 723
Total token count: 1801
Generated sample at index 564
Total token count: 2711
Generated sample at index 426
Total token count: 1826
Generated sample at index 696
Total token count: 2715
Generated sample at index 49
Total token count: 1825
Generated sample at index 103
Total token count: 1831
Generated sample at index 446
Total token count: 1823
Generated sample at index 358
Total token count: 1831
Emptied CUDA cache
{'loss': '13.21', 'grad_norm': '305.5', 'learning_rate': '8.914e-05', 'entropy': 'nan', 'num_tokens': '3.206e+06', 'mean_token_accuracy': '0.01074', 'epoch': '2.214'}
Generated sample at index 493
Total token count: 1807
Generated sample at index 642
Total token count: 1797
Generated sample at index 173
Total token count: 2717
Generated sample at index 47
Total token count: 3607
Generated sample at index 506
Total token count: 1806
Generated sample at index 152
Total token count: 1802
Generated sample at index 459
Total token count: 1826
Generated sample at index 740
Total token count: 1802
Emptied CUDA cache
{'loss': '13.15', 'grad_norm': '306.3', 'learning_rate': '8.903e-05', 'entropy': 'nan', 'num_tokens': '3.223e+06', 'mean_token_accuracy': '0.00929', 'epoch': '2.225'}
Generated sample at index 323
Total token count: 1814
Generated sample at index 153
Total token count: 1813
Generated sample at index 705
Total token count: 1797
Generated sample at index 527
Total token count: 1806
Generated sample at index 82
Total token count: 1813
Generated sample at index 509
Total token count: 2711
Generated sample at index 192
Total token count: 2718
Generated sample at index 61
Total token count: 1822
Emptied CUDA cache
{'loss': '12.94', 'grad_norm': '301.9', 'learning_rate': '8.893e-05', 'entropy': 'nan', 'num_tokens': '3.24e+06', 'mean_token_accuracy': '0.008697', 'epoch': '2.236'}
Generated sample at index 512
Total token count: 1824
Generated sample at index 530
Total token count: 1821
Generated sample at index 711
Total token count: 1806
Generated sample at index 482
Total token count: 919
Generated sample at index 166
Total token count: 1825
Generated sample at index 535
Total token count: 1820
Generated sample at index 407
Total token count: 1816
Generated sample at index 658
Total token count: 1820
Emptied CUDA cache
{'loss': '12.65', 'grad_norm': '298.1', 'learning_rate': '8.882e-05', 'entropy': 'nan', 'num_tokens': '3.253e+06', 'mean_token_accuracy': '0.01055', 'epoch': '2.247'}
Generated sample at index 361
Total token count: 1825
Generated sample at index 60
Total token count: 1826
Generated sample at index 529
Total token count: 2721
Generated sample at index 240
Total token count: 1829
Generated sample at index 678
Total token count: 1806
Generated sample at index 590
Total token count: 1807
Generated sample at index 615
Total token count: 1807
Generated sample at index 578
Total token count: 1824
Emptied CUDA cache
{'loss': '12.49', 'grad_norm': '297.7', 'learning_rate': '8.872e-05', 'entropy': 'nan', 'num_tokens': '3.269e+06', 'mean_token_accuracy': '0.0103', 'epoch': '2.257'}
Generated sample at index 333
Total token count: 1830
Generated sample at index 136
Total token count: 1809
Generated sample at index 191
Total token count: 1813
Generated sample at index 108
Total token count: 919
Generated sample at index 287
Total token count: 2715
Generated sample at index 541
Total token count: 2717
Generated sample at index 85
Total token count: 1804
Generated sample at index 596
Total token count: 1812
Emptied CUDA cache
{'loss': '12.15', 'grad_norm': '293.9', 'learning_rate': '8.861e-05', 'entropy': 'nan', 'num_tokens': '3.284e+06', 'mean_token_accuracy': '0.01001', 'epoch': '2.268'}
Generated sample at index 198
Total token count: 2712
Generated sample at index 544
Total token count: 1805
Generated sample at index 708
Total token count: 1814
Generated sample at index 451
Total token count: 917
Generated sample at index 681
Total token count: 1812
Generated sample at index 565
Total token count: 916
Generated sample at index 35
Total token count: 5388
Generated sample at index 58
Total token count: 1819
Emptied CUDA cache
{'loss': '12.01', 'grad_norm': '290.9', 'learning_rate': '8.85e-05', 'entropy': 'nan', 'num_tokens': '3.301e+06', 'mean_token_accuracy': '0.00976', 'epoch': '2.279'}
Generated sample at index 186
Total token count: 1814
Generated sample at index 329
Total token count: 1810
Generated sample at index 215
Total token count: 1813
Generated sample at index 202
Total token count: 1827
Generated sample at index 600
Total token count: 914
Generated sample at index 606
Total token count: 1828
Generated sample at index 342
Total token count: 1809
Generated sample at index 487
Total token count: 1834
Emptied CUDA cache
{'loss': '11.94', 'grad_norm': '289.4', 'learning_rate': '8.84e-05', 'entropy': 'nan', 'num_tokens': '3.315e+06', 'mean_token_accuracy': '0.01036', 'epoch': '2.29'}
Generated sample at index 54
Total token count: 2715
Generated sample at index 9
Total token count: 1816
Generated sample at index 554
Total token count: 1832
Generated sample at index 483
Total token count: 1811
Generated sample at index 685
Total token count: 1805
Generated sample at index 485
Total token count: 1806
Generated sample at index 556
Total token count: 1827
Generated sample at index 728
Total token count: 1817
Emptied CUDA cache
{'loss': '11.66', 'grad_norm': '286.7', 'learning_rate': '8.829e-05', 'entropy': 'nan', 'num_tokens': '3.33e+06', 'mean_token_accuracy': '0.01116', 'epoch': '2.3'}
Generated sample at index 213
Total token count: 1825
Generated sample at index 98
Total token count: 1830
Generated sample at index 344
Total token count: 1824
Generated sample at index 312
Total token count: 929
Generated sample at index 638
Total token count: 1817
Generated sample at index 521
Total token count: 1814
Generated sample at index 503
Total token count: 1811
Generated sample at index 604
Total token count: 1819
Emptied CUDA cache
{'loss': '11.5', 'grad_norm': '281.6', 'learning_rate': '8.818e-05', 'entropy': 'nan', 'num_tokens': '3.344e+06', 'mean_token_accuracy': '0.01129', 'epoch': '2.311'}
Generated sample at index 515
Total token count: 916
Generated sample at index 744
Total token count: 2714
Generated sample at index 38
Total token count: 1815
Generated sample at index 62
Total token count: 2710
Generated sample at index 618
Total token count: 1812
Generated sample at index 156
Total token count: 1797
Generated sample at index 188
Total token count: 1832
Generated sample at index 48
Total token count: 1820
Emptied CUDA cache
{'loss': '11.5', 'grad_norm': '280.7', 'learning_rate': '8.807e-05', 'entropy': 'nan', 'num_tokens': '3.36e+06', 'mean_token_accuracy': '0.0106', 'epoch': '2.322'}
Generated sample at index 490
Total token count: 1821
Generated sample at index 539
Total token count: 1822
Generated sample at index 330
Total token count: 1820
Generated sample at index 237
Total token count: 1809
Generated sample at index 561
Total token count: 2713
Generated sample at index 335
Total token count: 1800
Generated sample at index 643
Total token count: 1797
Generated sample at index 524
Total token count: 2719
Emptied CUDA cache
{'loss': '11.45', 'grad_norm': '280.3', 'learning_rate': '8.797e-05', 'entropy': 'nan', 'num_tokens': '3.375e+06', 'mean_token_accuracy': '0.00958', 'epoch': '2.332'}
Generated sample at index 635
Total token count: 1797
Generated sample at index 109
Total token count: 1808
Generated sample at index 432
Total token count: 1820
Generated sample at index 549
Total token count: 1826
Generated sample at index 274
Total token count: 2713
Generated sample at index 655
Total token count: 914
Generated sample at index 311
Total token count: 1808
Generated sample at index 356
Total token count: 1821
Emptied CUDA cache
{'loss': '11.09', 'grad_norm': '281.7', 'learning_rate': '8.786e-05', 'entropy': 'nan', 'num_tokens': '3.39e+06', 'mean_token_accuracy': '0.009075', 'epoch': '2.343'}
Generated sample at index 436
Total token count: 1805
Generated sample at index 154
Total token count: 1813
Generated sample at index 412
Total token count: 913
Generated sample at index 620
Total token count: 1811
Generated sample at index 519
Total token count: 1818
Generated sample at index 576
Total token count: 1822
Generated sample at index 742
Total token count: 2712
Generated sample at index 350
Total token count: 1825
Emptied CUDA cache
{'loss': '11.04', 'grad_norm': '277', 'learning_rate': '8.775e-05', 'entropy': 'nan', 'num_tokens': '3.405e+06', 'mean_token_accuracy': '0.009955', 'epoch': '2.354'}
Generated sample at index 337
Total token count: 2710
Generated sample at index 55
Total token count: 2714
Generated sample at index 390
Total token count: 1797
Generated sample at index 397
Total token count: 1804
Generated sample at index 141
Total token count: 1826
Generated sample at index 726
Total token count: 1823
Generated sample at index 276
Total token count: 1810
Generated sample at index 137
Total token count: 2709
Emptied CUDA cache
{'loss': '11.02', 'grad_norm': '278.7', 'learning_rate': '8.764e-05', 'entropy': 'nan', 'num_tokens': '3.421e+06', 'mean_token_accuracy': '0.009711', 'epoch': '2.365'}
Generated sample at index 314
Total token count: 1825
Generated sample at index 239
Total token count: 1829
Generated sample at index 736
Total token count: 1804
Generated sample at index 453
Total token count: 1830
Generated sample at index 734
Total token count: 1813
Generated sample at index 204
Total token count: 1818
Generated sample at index 382
Total token count: 1828
Generated sample at index 208
Total token count: 1828
Emptied CUDA cache
{'loss': '10.82', 'grad_norm': '274.5', 'learning_rate': '8.753e-05', 'entropy': 'nan', 'num_tokens': '3.437e+06', 'mean_token_accuracy': '0.01183', 'epoch': '2.375'}
Generated sample at index 140
Total token count: 1819
Generated sample at index 543
Total token count: 1807
Generated sample at index 223
Total token count: 1818
Generated sample at index 364
Total token count: 1820
Generated sample at index 111
Total token count: 3607
Generated sample at index 24
Total token count: 2710
Generated sample at index 165
Total token count: 1811
Generated sample at index 481
Total token count: 1807
Emptied CUDA cache
{'loss': '10.47', 'grad_norm': '275.3', 'learning_rate': '8.742e-05', 'entropy': 'nan', 'num_tokens': '3.454e+06', 'mean_token_accuracy': '0.009743', 'epoch': '2.386'}
Generated sample at index 96
Total token count: 1822
Generated sample at index 645
Total token count: 1808
Generated sample at index 589
Total token count: 1826
Generated sample at index 413
Total token count: 1810
Generated sample at index 499
Total token count: 1825
Generated sample at index 130
Total token count: 1810
Generated sample at index 79
Total token count: 1818
Generated sample at index 479
Total token count: 1836
Emptied CUDA cache
{'loss': '10.3', 'grad_norm': '278.1', 'learning_rate': '8.731e-05', 'entropy': 'nan', 'num_tokens': '3.468e+06', 'mean_token_accuracy': '0.009939', 'epoch': '2.397'}
Generated sample at index 447
Total token count: 1813
Generated sample at index 429
Total token count: 1827
Generated sample at index 408
Total token count: 1829
Generated sample at index 292
Total token count: 1802
Generated sample at index 224
Total token count: 1823
Generated sample at index 415
Total token count: 2709
Generated sample at index 331
Total token count: 1807
Generated sample at index 227
Total token count: 1824
Emptied CUDA cache
{'loss': '10.26', 'grad_norm': '276.1', 'learning_rate': '8.719e-05', 'entropy': 'nan', 'num_tokens': '3.484e+06', 'mean_token_accuracy': '0.01119', 'epoch': '2.408'}
Generated sample at index 128
Total token count: 1805
Generated sample at index 602
Total token count: 1809
Generated sample at index 195
Total token count: 1824
Generated sample at index 5
Total token count: 927
Generated sample at index 281
Total token count: 1807
Generated sample at index 2
Total token count: 2711
Generated sample at index 269
Total token count: 1797
Generated sample at index 143
Total token count: 4496
Emptied CUDA cache
{'loss': '10.1', 'grad_norm': '277.4', 'learning_rate': '8.708e-05', 'entropy': 'nan', 'num_tokens': '3.498e+06', 'mean_token_accuracy': '0.01072', 'epoch': '2.418'}
Generated sample at index 603
Total token count: 1817
Generated sample at index 713
Total token count: 1820
Generated sample at index 88
Total token count: 1820
Generated sample at index 712
Total token count: 1824
Generated sample at index 211
Total token count: 1834
Generated sample at index 78
Total token count: 915
Generated sample at index 10
Total token count: 2713
Generated sample at index 404
Total token count: 1813
Emptied CUDA cache
{'loss': '10.15', 'grad_norm': '272.2', 'learning_rate': '8.697e-05', 'entropy': 'nan', 'num_tokens': '3.516e+06', 'mean_token_accuracy': '0.01053', 'epoch': '2.429'}
Generated sample at index 353
Total token count: 1832
Generated sample at index 466
Total token count: 1830
Generated sample at index 32
Total token count: 1821
Generated sample at index 374
Total token count: 913
Generated sample at index 403
Total token count: 1817
Generated sample at index 385
Total token count: 1815
Generated sample at index 305
Total token count: 1828
Generated sample at index 452
Total token count: 1828
Emptied CUDA cache
{'loss': '9.846', 'grad_norm': '277.2', 'learning_rate': '8.686e-05', 'entropy': 'nan', 'num_tokens': '3.529e+06', 'mean_token_accuracy': '0.01068', 'epoch': '2.44'}
Generated sample at index 121
Total token count: 1821
Generated sample at index 87
Total token count: 1826
Generated sample at index 472
Total token count: 1826
Generated sample at index 387
Total token count: 1823
Generated sample at index 690
Total token count: 1802
Generated sample at index 456
Total token count: 913
Generated sample at index 555
Total token count: 1833
Generated sample at index 745
Total token count: 915
Emptied CUDA cache
{'loss': '9.651', 'grad_norm': '277.5', 'learning_rate': '8.674e-05', 'entropy': 'nan', 'num_tokens': '3.543e+06', 'mean_token_accuracy': '0.01088', 'epoch': '2.45'}
Generated sample at index 222
Total token count: 1829
Generated sample at index 377
Total token count: 2707
Generated sample at index 226
Total token count: 1810
Generated sample at index 637
Total token count: 1821
Generated sample at index 171
Total token count: 2709
Generated sample at index 644
Total token count: 1828
Generated sample at index 636
Total token count: 1814
Generated sample at index 310
Total token count: 1813
Emptied CUDA cache
{'loss': '9.622', 'grad_norm': '277.2', 'learning_rate': '8.663e-05', 'entropy': 'nan', 'num_tokens': '3.558e+06', 'mean_token_accuracy': '0.01114', 'epoch': '2.461'}
Generated sample at index 695
Total token count: 1832
Generated sample at index 508
Total token count: 1812
Generated sample at index 245
Total token count: 1825
Generated sample at index 262
Total token count: 1824
Generated sample at index 662
Total token count: 1827
Generated sample at index 73
Total token count: 920
Generated sample at index 320
Total token count: 1827
Generated sample at index 634
Total token count: 1820
Emptied CUDA cache
{'loss': '9.426', 'grad_norm': '272.7', 'learning_rate': '8.652e-05', 'entropy': 'nan', 'num_tokens': '3.572e+06', 'mean_token_accuracy': '0.01226', 'epoch': '2.472'}
Generated sample at index 700
Total token count: 1826
Generated sample at index 11
Total token count: 1832
Generated sample at index 440
Total token count: 1814
Generated sample at index 609
Total token count: 2708
Generated sample at index 739
Total token count: 1802
Generated sample at index 381
Total token count: 1822
Generated sample at index 471
Total token count: 1811
Generated sample at index 119
Total token count: 1827
Emptied CUDA cache
{'loss': '9.227', 'grad_norm': '279.5', 'learning_rate': '8.64e-05', 'entropy': 'nan', 'num_tokens': '3.587e+06', 'mean_token_accuracy': '0.01081', 'epoch': '2.483'}
Generated sample at index 667
Total token count: 1810
Generated sample at index 43
Total token count: 1824
Generated sample at index 703
Total token count: 1821
Generated sample at index 28
Total token count: 1827
Generated sample at index 431
Total token count: 1817
Generated sample at index 346
Total token count: 1826
Generated sample at index 53
Total token count: 914
Generated sample at index 373
Total token count: 914
Emptied CUDA cache
{'loss': '9.177', 'grad_norm': '274.2', 'learning_rate': '8.629e-05', 'entropy': 'nan', 'num_tokens': '3.601e+06', 'mean_token_accuracy': '0.01131', 'epoch': '2.493'}
Generated sample at index 147
Total token count: 1814
Generated sample at index 648
Total token count: 1806
Generated sample at index 279
Total token count: 2713
Generated sample at index 39
Total token count: 1797
Generated sample at index 25
Total token count: 1818
Generated sample at index 298
Total token count: 1822
Generated sample at index 632
Total token count: 1828
Generated sample at index 112
Total token count: 1804
Emptied CUDA cache
{'loss': '8.873', 'grad_norm': '277.4', 'learning_rate': '8.617e-05', 'entropy': 'nan', 'num_tokens': '3.616e+06', 'mean_token_accuracy': '0.01053', 'epoch': '2.504'}
Generated sample at index 441
Total token count: 1823
Generated sample at index 164
Total token count: 1830
Generated sample at index 315
Total token count: 1820
Generated sample at index 562
Total token count: 922
Generated sample at index 169
Total token count: 1815
Generated sample at index 19
Total token count: 4500
Generated sample at index 614
Total token count: 1823
Generated sample at index 255
Total token count: 2720
Emptied CUDA cache
{'loss': '9.149', 'grad_norm': '273.3', 'learning_rate': '8.606e-05', 'entropy': 'nan', 'num_tokens': '3.632e+06', 'mean_token_accuracy': '0.01144', 'epoch': '2.515'}
Generated sample at index 427
Total token count: 1823
Generated sample at index 498
Total token count: 919
Generated sample at index 595
Total token count: 1817
Generated sample at index 494
Total token count: 1822
Generated sample at index 425
Total token count: 1798
Generated sample at index 282
Total token count: 1814
Generated sample at index 683
Total token count: 2711
Generated sample at index 533
Total token count: 1826
Emptied CUDA cache
{'loss': '9.023', 'grad_norm': '272.4', 'learning_rate': '8.594e-05', 'entropy': 'nan', 'num_tokens': '3.647e+06', 'mean_token_accuracy': '0.01117', 'epoch': '2.525'}
Generated sample at index 205
Total token count: 1810
Generated sample at index 168
Total token count: 1831
Generated sample at index 560
Total token count: 1823
Generated sample at index 113
Total token count: 1809
Generated sample at index 720
Total token count: 914
Generated sample at index 184
Total token count: 1825
Generated sample at index 376
Total token count: 1803
Generated sample at index 546
Total token count: 1823
Emptied CUDA cache
{'loss': '8.528', 'grad_norm': '276.2', 'learning_rate': '8.582e-05', 'entropy': 'nan', 'num_tokens': '3.661e+06', 'mean_token_accuracy': '0.01271', 'epoch': '2.536'}
Generated sample at index 93
Total token count: 1819
Generated sample at index 588
Total token count: 1822
Generated sample at index 41
Total token count: 2717
Generated sample at index 689
Total token count: 1811
Generated sample at index 72
Total token count: 2716
Generated sample at index 639
Total token count: 1819
Generated sample at index 313
Total token count: 1828
Generated sample at index 83
Total token count: 915
Emptied CUDA cache
{'loss': '8.791', 'grad_norm': '271.2', 'learning_rate': '8.571e-05', 'entropy': 'nan', 'num_tokens': '3.677e+06', 'mean_token_accuracy': '0.01201', 'epoch': '2.547'}
Generated sample at index 652
Total token count: 1801
Generated sample at index 523
Total token count: 1826
Generated sample at index 406
Total token count: 2714
Generated sample at index 157
Total token count: 2712
Generated sample at index 464
Total token count: 1832
Generated sample at index 138
Total token count: 1820
Generated sample at index 679
Total token count: 1831
Generated sample at index 212
Total token count: 1828
Emptied CUDA cache
{'loss': '8.653', 'grad_norm': '268.9', 'learning_rate': '8.559e-05', 'entropy': 'nan', 'num_tokens': '3.693e+06', 'mean_token_accuracy': '0.01258', 'epoch': '2.558'}
Generated sample at index 581
Total token count: 1816
Generated sample at index 631
Total token count: 1813
Generated sample at index 271
Total token count: 1830
Generated sample at index 177
Total token count: 1823
Generated sample at index 159
Total token count: 919
Generated sample at index 241
Total token count: 2712
Generated sample at index 718
Total token count: 2707
Generated sample at index 348
Total token count: 916
Emptied CUDA cache
{'loss': '8.581', 'grad_norm': '267.2', 'learning_rate': '8.547e-05', 'entropy': 'nan', 'num_tokens': '3.708e+06', 'mean_token_accuracy': '0.01411', 'epoch': '2.568'}
Generated sample at index 340
Total token count: 1825
Generated sample at index 44
Total token count: 2729
Generated sample at index 657
Total token count: 3598
Generated sample at index 308
Total token count: 1805
Generated sample at index 343
Total token count: 1809
Generated sample at index 698
Total token count: 1827
Generated sample at index 101
Total token count: 1828
Generated sample at index 489
Total token count: 918
Emptied CUDA cache
{'loss': '8.357', 'grad_norm': '269.3', 'learning_rate': '8.536e-05', 'entropy': 'nan', 'num_tokens': '3.725e+06', 'mean_token_accuracy': '0.01464', 'epoch': '2.579'}
Generated sample at index 158
Total token count: 1825
Generated sample at index 510
Total token count: 1825
Generated sample at index 187
Total token count: 921
Generated sample at index 579
Total token count: 1821
Generated sample at index 122
Total token count: 1809
Generated sample at index 476
Total token count: 1826
Generated sample at index 467
Total token count: 1834
Generated sample at index 439
Total token count: 2711
Emptied CUDA cache
{'loss': '8.124', 'grad_norm': '265.6', 'learning_rate': '8.524e-05', 'entropy': 'nan', 'num_tokens': '3.737e+06', 'mean_token_accuracy': '0.01913', 'epoch': '2.59'}
Generated sample at index 686
Total token count: 1835
Generated sample at index 601
Total token count: 1818
Generated sample at index 534
Total token count: 1829
Generated sample at index 273
Total token count: 2713
Generated sample at index 117
Total token count: 1820
Generated sample at index 86
Total token count: 1822
Generated sample at index 435
Total token count: 1821
Generated sample at index 701
Total token count: 2713
Emptied CUDA cache
{'loss': '7.949', 'grad_norm': '268.3', 'learning_rate': '8.512e-05', 'entropy': 'nan', 'num_tokens': '3.754e+06', 'mean_token_accuracy': '0.01736', 'epoch': '2.601'}
Generated sample at index 367
Total token count: 1823
Generated sample at index 252
Total token count: 1808
Generated sample at index 735
Total token count: 2718
Generated sample at index 428
Total token count: 1824
Generated sample at index 388
Total token count: 1829
Generated sample at index 230
Total token count: 1810
Generated sample at index 598
Total token count: 1825
Generated sample at index 322
Total token count: 1828
Emptied CUDA cache
{'loss': '8.029', 'grad_norm': '269.5', 'learning_rate': '8.5e-05', 'entropy': 'nan', 'num_tokens': '3.77e+06', 'mean_token_accuracy': '0.01812', 'epoch': '2.611'}
Generated sample at index 316
Total token count: 1826
Generated sample at index 659
Total token count: 1797
Generated sample at index 40
Total token count: 1805
Generated sample at index 131
Total token count: 1820
Generated sample at index 372
Total token count: 1825
Generated sample at index 235
Total token count: 1823
Generated sample at index 587
Total token count: 2712
Generated sample at index 6
Total token count: 1805
Emptied CUDA cache
{'loss': '7.769', 'grad_norm': '270.8', 'learning_rate': '8.488e-05', 'entropy': 'nan', 'num_tokens': '3.786e+06', 'mean_token_accuracy': '0.02044', 'epoch': '2.622'}
Generated sample at index 67
Total token count: 1825
Generated sample at index 307
Total token count: 3600
Generated sample at index 194
Total token count: 1812
Generated sample at index 1
Total token count: 4490
Generated sample at index 94
Total token count: 1809
Generated sample at index 675
Total token count: 1820
Generated sample at index 741
Total token count: 1823
Generated sample at index 148
Total token count: 1831
Emptied CUDA cache
{'loss': '7.776', 'grad_norm': '269.3', 'learning_rate': '8.476e-05', 'entropy': 'nan', 'num_tokens': '3.805e+06', 'mean_token_accuracy': '0.0203', 'epoch': '2.633'}
Generated sample at index 296
Total token count: 1809
Generated sample at index 626
Total token count: 1810
Generated sample at index 246
Total token count: 2717
Generated sample at index 563
Total token count: 1817
Generated sample at index 461
Total token count: 1827
Generated sample at index 378
Total token count: 1819
Generated sample at index 70
Total token count: 3603
Generated sample at index 170
Total token count: 1828
Emptied CUDA cache
{'loss': '7.774', 'grad_norm': '269.1', 'learning_rate': '8.464e-05', 'entropy': 'nan', 'num_tokens': '3.822e+06', 'mean_token_accuracy': '0.02256', 'epoch': '2.643'}
Generated sample at index 251
Total token count: 1833
Generated sample at index 738
Total token count: 1804
Generated sample at index 52
Total token count: 2712
Generated sample at index 368
Total token count: 1822
Generated sample at index 75
Total token count: 1812
Generated sample at index 370
Total token count: 1824
Generated sample at index 647
Total token count: 1825
Generated sample at index 180
Total token count: 1803
Emptied CUDA cache
{'loss': '7.499', 'grad_norm': '266.2', 'learning_rate': '8.452e-05', 'entropy': 'nan', 'num_tokens': '3.837e+06', 'mean_token_accuracy': '0.02666', 'epoch': '2.654'}
Generated sample at index 492
Total token count: 1801
Generated sample at index 714
Total token count: 1817
Generated sample at index 449
Total token count: 1822
Generated sample at index 706
Total token count: 1806
Generated sample at index 542
Total token count: 1826
Generated sample at index 656
Total token count: 1814
Generated sample at index 444
Total token count: 1804
Generated sample at index 172
Total token count: 1811
Emptied CUDA cache
{'loss': '7.584', 'grad_norm': '266.3', 'learning_rate': '8.44e-05', 'entropy': 'nan', 'num_tokens': '3.852e+06', 'mean_token_accuracy': '0.02495', 'epoch': '2.665'}
Generated sample at index 516
Total token count: 1810
Generated sample at index 424
Total token count: 1802
Generated sample at index 238
Total token count: 920
Generated sample at index 13
Total token count: 1812
Generated sample at index 617
Total token count: 1819
Generated sample at index 475
Total token count: 1827
Generated sample at index 518
Total token count: 925
Generated sample at index 76
Total token count: 2720
Emptied CUDA cache
{'loss': '7.172', 'grad_norm': '266.5', 'learning_rate': '8.428e-05', 'entropy': 'nan', 'num_tokens': '3.864e+06', 'mean_token_accuracy': '0.0317', 'epoch': '2.676'}
Generated sample at index 57
Total token count: 2719
Generated sample at index 160
Total token count: 1821
Generated sample at index 248
Total token count: 1806
Generated sample at index 633
Total token count: 1823
Generated sample at index 710
Total token count: 1819
Generated sample at index 352
Total token count: 916
Generated sample at index 674
Total token count: 3611
Generated sample at index 321
Total token count: 1810
Emptied CUDA cache
{'loss': '7.403', 'grad_norm': '262.5', 'learning_rate': '8.415e-05', 'entropy': 'nan', 'num_tokens': '3.882e+06', 'mean_token_accuracy': '0.03134', 'epoch': '2.686'}
Generated sample at index 583
Total token count: 2714
Generated sample at index 349
Total token count: 2719
Generated sample at index 575
Total token count: 1794
Generated sample at index 688
Total token count: 915
Generated sample at index 266
Total token count: 1797
Generated sample at index 18
Total token count: 1825
Generated sample at index 641
Total token count: 922
Generated sample at index 640
Total token count: 1830
Emptied CUDA cache
{'loss': '7.164', 'grad_norm': '263', 'learning_rate': '8.403e-05', 'entropy': 'nan', 'num_tokens': '3.896e+06', 'mean_token_accuracy': '0.0351', 'epoch': '2.697'}
Generated sample at index 566
Total token count: 1829
Generated sample at index 722
Total token count: 1804
Generated sample at index 277
Total token count: 1809
Generated sample at index 253
Total token count: 1824
Generated sample at index 15
Total token count: 1807
Generated sample at index 486
Total token count: 2712
Generated sample at index 676
Total token count: 1804
Generated sample at index 625
Total token count: 1816
Emptied CUDA cache
{'loss': '6.641', 'grad_norm': '265', 'learning_rate': '8.391e-05', 'entropy': 'nan', 'num_tokens': '3.912e+06', 'mean_token_accuracy': '0.04544', 'epoch': '2.708'}
Generated sample at index 540
Total token count: 2715
Generated sample at index 682
Total token count: 2714
Generated sample at index 677
Total token count: 1802
Generated sample at index 363
Total token count: 1831
Generated sample at index 468
Total token count: 913
Generated sample at index 115
Total token count: 922
Generated sample at index 394
Total token count: 917
Generated sample at index 242
Total token count: 1825
Emptied CUDA cache
{'loss': '6.596', 'grad_norm': '263.7', 'learning_rate': '8.379e-05', 'entropy': 'nan', 'num_tokens': '3.925e+06', 'mean_token_accuracy': '0.04184', 'epoch': '2.718'}
Generated sample at index 605
Total token count: 1808
Generated sample at index 420
Total token count: 1815
Generated sample at index 551
Total token count: 1806
Generated sample at index 594
Total token count: 1821
Generated sample at index 421
Total token count: 913
Generated sample at index 438
Total token count: 2715
Generated sample at index 365
Total token count: 3602
Generated sample at index 31
Total token count: 1811
Emptied CUDA cache
{'loss': '6.707', 'grad_norm': '264.3', 'learning_rate': '8.366e-05', 'entropy': 'nan', 'num_tokens': '3.942e+06', 'mean_token_accuracy': '0.04548', 'epoch': '2.729'}
Generated sample at index 338
Total token count: 2717
Generated sample at index 389
Total token count: 1821
Generated sample at index 569
Total token count: 1819
Generated sample at index 531
Total token count: 1814
Generated sample at index 126
Total token count: 2719
Generated sample at index 442
Total token count: 1805
Generated sample at index 663
Total token count: 1811
Generated sample at index 624
Total token count: 1822
Emptied CUDA cache
{'loss': '6.69', 'grad_norm': '264.2', 'learning_rate': '8.354e-05', 'entropy': 'nan', 'num_tokens': '3.958e+06', 'mean_token_accuracy': '0.05381', 'epoch': '2.74'}
Generated sample at index 474
Total token count: 1824
Generated sample at index 627
Total token count: 2710
Generated sample at index 257
Total token count: 2723
Generated sample at index 366
Total token count: 2710
Generated sample at index 463
Total token count: 1808
Generated sample at index 416
Total token count: 1822
Generated sample at index 375
Total token count: 1819
Generated sample at index 71
Total token count: 914
Emptied CUDA cache
{'loss': '6.207', 'grad_norm': '264.7', 'learning_rate': '8.342e-05', 'entropy': 'nan', 'num_tokens': '3.975e+06', 'mean_token_accuracy': '0.05937', 'epoch': '2.751'}
Generated sample at index 743
Total token count: 2715
Generated sample at index 254
Total token count: 1809
Generated sample at index 405
Total token count: 1813
Generated sample at index 443
Total token count: 920
Generated sample at index 582
Total token count: 912
Generated sample at index 666
Total token count: 1807
Generated sample at index 401
Total token count: 1822
Generated sample at index 201
Total token count: 1815
Emptied CUDA cache
{'loss': '6.381', 'grad_norm': '258.5', 'learning_rate': '8.329e-05', 'entropy': 'nan', 'num_tokens': '3.988e+06', 'mean_token_accuracy': '0.05914', 'epoch': '2.761'}
Generated sample at index 470
Total token count: 921
Generated sample at index 629
Total token count: 1808
Generated sample at index 26
Total token count: 1823
Generated sample at index 309
Total token count: 1828
Generated sample at index 325
Total token count: 1825
Generated sample at index 283
Total token count: 1824
Generated sample at index 36
Total token count: 3606
Generated sample at index 114
Total token count: 912
Emptied CUDA cache
{'loss': '6.133', 'grad_norm': '257.6', 'learning_rate': '8.317e-05', 'entropy': 'nan', 'num_tokens': '4.003e+06', 'mean_token_accuracy': '0.07633', 'epoch': '2.772'}
Generated sample at index 650
Total token count: 916
Generated sample at index 491
Total token count: 2721
Generated sample at index 717
Total token count: 2713
Generated sample at index 220
Total token count: 914
Generated sample at index 306
Total token count: 1801
Generated sample at index 715
Total token count: 1802
Generated sample at index 77
Total token count: 1810
Generated sample at index 167
Total token count: 2708
Emptied CUDA cache
{'loss': '6.248', 'grad_norm': '259.2', 'learning_rate': '8.304e-05', 'entropy': 'nan', 'num_tokens': '4.017e+06', 'mean_token_accuracy': '0.07185', 'epoch': '2.783'}
Generated sample at index 16
Total token count: 1810
Generated sample at index 144
Total token count: 2714
Generated sample at index 232
Total token count: 1813
Generated sample at index 351
Total token count: 2721
Generated sample at index 66
Total token count: 1813
Generated sample at index 697
Total token count: 2706
Generated sample at index 567
Total token count: 1820
Generated sample at index 731
Total token count: 1821
Emptied CUDA cache
{'loss': '6.252', 'grad_norm': '258.3', 'learning_rate': '8.291e-05', 'entropy': 'nan', 'num_tokens': '4.035e+06', 'mean_token_accuracy': '0.0813', 'epoch': '2.794'}
Generated sample at index 732
Total token count: 1804
Generated sample at index 537
Total token count: 1825
Generated sample at index 573
Total token count: 1811
Generated sample at index 360
Total token count: 909
Generated sample at index 34
Total token count: 2712
Generated sample at index 46
Total token count: 1824
Generated sample at index 209
Total token count: 1824
Generated sample at index 526
Total token count: 1815
Emptied CUDA cache
{'loss': '5.976', 'grad_norm': '254.8', 'learning_rate': '8.279e-05', 'entropy': 'nan', 'num_tokens': '4.05e+06', 'mean_token_accuracy': '0.08707', 'epoch': '2.804'}
Generated sample at index 347
Total token count: 2710
Generated sample at index 243
Total token count: 1823
Generated sample at index 480
Total token count: 1809
Generated sample at index 511
Total token count: 1812
Generated sample at index 161
Total token count: 2715
Generated sample at index 478
Total token count: 1818
Generated sample at index 611
Total token count: 1803
Generated sample at index 280
Total token count: 1829
Emptied CUDA cache
{'loss': '5.384', 'grad_norm': '255.2', 'learning_rate': '8.266e-05', 'entropy': 'nan', 'num_tokens': '4.066e+06', 'mean_token_accuracy': '0.1082', 'epoch': '2.815'}
Generated sample at index 345
Total token count: 1827
Generated sample at index 258
Total token count: 1813
Generated sample at index 399
Total token count: 1825
Generated sample at index 125
Total token count: 920
Generated sample at index 30
Total token count: 1819
Generated sample at index 649
Total token count: 2712
Generated sample at index 398
Total token count: 1822
Generated sample at index 59
Total token count: 1822
Emptied CUDA cache
{'loss': '5.4', 'grad_norm': '249.3', 'learning_rate': '8.254e-05', 'entropy': 'nan', 'num_tokens': '4.08e+06', 'mean_token_accuracy': '0.1132', 'epoch': '2.826'}
Generated sample at index 216
Total token count: 1805
Generated sample at index 448
Total token count: 1823
Generated sample at index 507
Total token count: 1822
Generated sample at index 196
Total token count: 2713
Generated sample at index 299
Total token count: 1826
Generated sample at index 680
Total token count: 1818
Generated sample at index 4
Total token count: 1829
Generated sample at index 514
Total token count: 920
Emptied CUDA cache
{'loss': '5.314', 'grad_norm': '250.7', 'learning_rate': '8.241e-05', 'entropy': 'nan', 'num_tokens': '4.096e+06', 'mean_token_accuracy': '0.1276', 'epoch': '2.836'}
Generated sample at index 190
Total token count: 1825
Generated sample at index 400
Total token count: 1827
Generated sample at index 142
Total token count: 1826
Generated sample at index 68
Total token count: 3605
Generated sample at index 395
Total token count: 914
Generated sample at index 116
Total token count: 1814
Generated sample at index 145
Total token count: 1802
Generated sample at index 623
Total token count: 1819
Emptied CUDA cache
{'loss': '5.205', 'grad_norm': '247.9', 'learning_rate': '8.228e-05', 'entropy': 'nan', 'num_tokens': '4.11e+06', 'mean_token_accuracy': '0.128', 'epoch': '2.847'}
Generated sample at index 660
Total token count: 1823
Generated sample at index 200
Total token count: 3609
Generated sample at index 733
Total token count: 1813
Generated sample at index 95
Total token count: 1814
Generated sample at index 294
Total token count: 1814
Generated sample at index 42
Total token count: 1803
Generated sample at index 272
Total token count: 2715
Generated sample at index 319
Total token count: 1817
Emptied CUDA cache
{'loss': '5.22', 'grad_norm': '246.9', 'learning_rate': '8.215e-05', 'entropy': 'nan', 'num_tokens': '4.128e+06', 'mean_token_accuracy': '0.1407', 'epoch': '2.858'}
Generated sample at index 163
Total token count: 1817
Generated sample at index 586
Total token count: 917
Generated sample at index 176
Total token count: 1826
Generated sample at index 379
Total token count: 1815
Generated sample at index 174
Total token count: 1831
Generated sample at index 118
Total token count: 2727
Generated sample at index 326
Total token count: 1807
Generated sample at index 102
Total token count: 3606
Emptied CUDA cache
{'loss': '4.929', 'grad_norm': '243.8', 'learning_rate': '8.203e-05', 'entropy': 'nan', 'num_tokens': '4.142e+06', 'mean_token_accuracy': '0.1509', 'epoch': '2.869'}
Generated sample at index 291
Total token count: 1823
Generated sample at index 63
Total token count: 1816
Generated sample at index 532
Total token count: 1819
Generated sample at index 175
Total token count: 920
Generated sample at index 249
Total token count: 3606
Generated sample at index 127
Total token count: 1797
Generated sample at index 150
Total token count: 3612
Generated sample at index 199
Total token count: 2715
Emptied CUDA cache
{'loss': '5.065', 'grad_norm': '241.2', 'learning_rate': '8.19e-05', 'entropy': 'nan', 'num_tokens': '4.161e+06', 'mean_token_accuracy': '0.1604', 'epoch': '2.879'}
Generated sample at index 654
Total token count: 1818
Generated sample at index 336
Total token count: 2719
Generated sample at index 250
Total token count: 1829
Generated sample at index 129
Total token count: 1812
Generated sample at index 132
Total token count: 925
Generated sample at index 303
Total token count: 1810
Generated sample at index 693
Total token count: 1801
Generated sample at index 550
Total token count: 1820
Emptied CUDA cache
{'loss': '4.94', 'grad_norm': '236.4', 'learning_rate': '8.177e-05', 'entropy': 'nan', 'num_tokens': '4.177e+06', 'mean_token_accuracy': '0.1823', 'epoch': '2.89'}
Generated sample at index 607
Total token count: 3598
Generated sample at index 203
Total token count: 1808
Generated sample at index 45
Total token count: 3610
Generated sample at index 422
Total token count: 1812
Generated sample at index 396
Total token count: 1801
Generated sample at index 409
Total token count: 1819
Generated sample at index 610
Total token count: 2710
Generated sample at index 619
Total token count: 1817
Emptied CUDA cache
{'loss': '4.637', 'grad_norm': '238.2', 'learning_rate': '8.164e-05', 'entropy': 'nan', 'num_tokens': '4.196e+06', 'mean_token_accuracy': '0.1913', 'epoch': '2.901'}
Generated sample at index 261
Total token count: 2718
Generated sample at index 545
Total token count: 1819
Generated sample at index 207
Total token count: 1827
Generated sample at index 69
Total token count: 1814
Generated sample at index 437
Total token count: 1807
Generated sample at index 707
Total token count: 1807
Generated sample at index 217
Total token count: 1810
Generated sample at index 341
Total token count: 1810
Emptied CUDA cache
{'loss': '4.827', 'grad_norm': '233.5', 'learning_rate': '8.151e-05', 'entropy': 'nan', 'num_tokens': '4.211e+06', 'mean_token_accuracy': '0.1968', 'epoch': '2.912'}
Generated sample at index 669
Total token count: 1824
Generated sample at index 17
Total token count: 1810
Generated sample at index 90
Total token count: 1809
Generated sample at index 233
Total token count: 1824
Generated sample at index 628
Total token count: 2713
Generated sample at index 14
Total token count: 1822
Generated sample at index 162
Total token count: 1830
Generated sample at index 568
Total token count: 915
Emptied CUDA cache
{'loss': '4.398', 'grad_norm': '230.6', 'learning_rate': '8.138e-05', 'entropy': 'nan', 'num_tokens': '4.226e+06', 'mean_token_accuracy': '0.2119', 'epoch': '2.922'}
Generated sample at index 386
Total token count: 913
Generated sample at index 289
Total token count: 1809
Generated sample at index 593
Total token count: 1825
Generated sample at index 729
Total token count: 2712
Generated sample at index 570
Total token count: 1805
Generated sample at index 300
Total token count: 2711
Generated sample at index 179
Total token count: 2716
Generated sample at index 81
Total token count: 2719
Emptied CUDA cache
{'loss': '4.27', 'grad_norm': '227.9', 'learning_rate': '8.125e-05', 'entropy': 'nan', 'num_tokens': '4.242e+06', 'mean_token_accuracy': '0.2324', 'epoch': '2.933'}
Generated sample at index 268
Total token count: 1807
Generated sample at index 106
Total token count: 1819
Generated sample at index 149
Total token count: 3605
Generated sample at index 178
Total token count: 1815
Generated sample at index 469
Total token count: 1822
Generated sample at index 445
Total token count: 1822
Generated sample at index 571
Total token count: 1824
Generated sample at index 557
Total token count: 1817
Emptied CUDA cache
{'loss': '4.326', 'grad_norm': '225.1', 'learning_rate': '8.112e-05', 'entropy': 'nan', 'num_tokens': '4.259e+06', 'mean_token_accuracy': '0.2422', 'epoch': '2.944'}
Generated sample at index 33
Total token count: 1807
Generated sample at index 501
Total token count: 1809
Generated sample at index 8
Total token count: 909
Generated sample at index 536
Total token count: 1809
Generated sample at index 371
Total token count: 1831
Generated sample at index 210
Total token count: 1819
Generated sample at index 244
Total token count: 2718
Generated sample at index 473
Total token count: 1815
Emptied CUDA cache
{'loss': '4.091', 'grad_norm': '216.8', 'learning_rate': '8.099e-05', 'entropy': 'nan', 'num_tokens': '4.274e+06', 'mean_token_accuracy': '0.2746', 'epoch': '2.954'}
Generated sample at index 183
Total token count: 1821
Generated sample at index 317
Total token count: 2720
Generated sample at index 295
Total token count: 1820
Generated sample at index 104
Total token count: 915
Generated sample at index 455
Total token count: 1819
Generated sample at index 214
Total token count: 1826
Generated sample at index 418
Total token count: 1798
Generated sample at index 392
Total token count: 1823
Emptied CUDA cache
{'loss': '4.232', 'grad_norm': '218.4', 'learning_rate': '8.086e-05', 'entropy': 'nan', 'num_tokens': '4.288e+06', 'mean_token_accuracy': '0.2533', 'epoch': '2.965'}
Generated sample at index 591
Total token count: 1823
Generated sample at index 225
Total token count: 2719
Generated sample at index 672
Total token count: 1818
Generated sample at index 124
Total token count: 915
Generated sample at index 504
Total token count: 1823
Generated sample at index 661
Total token count: 1823
Generated sample at index 362
Total token count: 2717
Generated sample at index 622
Total token count: 1827
Emptied CUDA cache
{'loss': '3.766', 'grad_norm': '209', 'learning_rate': '8.072e-05', 'entropy': 'nan', 'num_tokens': '4.304e+06', 'mean_token_accuracy': '0.2998', 'epoch': '2.976'}
Generated sample at index 134
Total token count: 1808
Generated sample at index 51
Total token count: 2713
Generated sample at index 477
Total token count: 1824
Generated sample at index 229
Total token count: 1826
Generated sample at index 384
Total token count: 1803
Generated sample at index 495
Total token count: 1828
Generated sample at index 577
Total token count: 1825
Generated sample at index 704
Total token count: 1810
Emptied CUDA cache
{'loss': '3.575', 'grad_norm': '209', 'learning_rate': '8.059e-05', 'entropy': 'nan', 'num_tokens': '4.319e+06', 'mean_token_accuracy': '0.3147', 'epoch': '2.987'}
Generated sample at index 525
Total token count: 1827
Generated sample at index 423
Total token count: 1821
Generated sample at index 37
Total token count: 1812
Generated sample at index 3
Total token count: 2710
Generated sample at index 730
Total token count: 2714
Generated sample at index 548
Total token count: 2718
Generated sample at index 558
Total token count: 2718
Generated sample at index 193
Total token count: 1824
Emptied CUDA cache
{'loss': '3.682', 'grad_norm': '207.9', 'learning_rate': '8.046e-05', 'entropy': 'nan', 'num_tokens': '4.337e+06', 'mean_token_accuracy': '0.3148', 'epoch': '2.997'}
Generated sample at index 391
Total token count: 1825
Emptied CUDA cache
{'loss': '3.488', 'grad_norm': 'inf', 'learning_rate': '8.033e-05', 'entropy': 'nan', 'num_tokens': '4.341e+06', 'mean_token_accuracy': '0.3276', 'epoch': '3'}
Generated sample at index 363
Total token count: 1831
Generated sample at index 642
Total token count: 1797
Generated sample at index 597
Total token count: 1803
Generated sample at index 497
Total token count: 1816
Generated sample at index 650
Total token count: 916
Generated sample at index 147
Total token count: 1814
Generated sample at index 303
Total token count: 1810
Generated sample at index 520
Total token count: 1807
Generated sample at index 283
Total token count: 1824
Emptied CUDA cache
{'loss': '3.773', 'grad_norm': '203.7', 'learning_rate': '8.033e-05', 'entropy': 'nan', 'num_tokens': '4.354e+06', 'mean_token_accuracy': '0.3258', 'epoch': '3.011'}
Generated sample at index 542
Total token count: 1826
Generated sample at index 131
Total token count: 1820
Generated sample at index 482
Total token count: 919
Generated sample at index 195
Total token count: 1824
Generated sample at index 480
Total token count: 1809
Generated sample at index 508
Total token count: 1812
Generated sample at index 495
Total token count: 1828
Generated sample at index 743
Total token count: 2715
Emptied CUDA cache
{'loss': '3.536', 'grad_norm': '197.1', 'learning_rate': '8.019e-05', 'entropy': 'nan', 'num_tokens': '4.368e+06', 'mean_token_accuracy': '0.3542', 'epoch': '3.021'}
Generated sample at index 227
Total token count: 1824
Generated sample at index 298
Total token count: 1822
Generated sample at index 36
Total token count: 3606
Generated sample at index 432
Total token count: 1820
Generated sample at index 426
Total token count: 1826
Generated sample at index 387
Total token count: 1823
Generated sample at index 742
Total token count: 2712
Generated sample at index 134
Total token count: 1808
Emptied CUDA cache
{'loss': '3.605', 'grad_norm': '195.5', 'learning_rate': '8.006e-05', 'entropy': 'nan', 'num_tokens': '4.386e+06', 'mean_token_accuracy': '0.3542', 'epoch': '3.032'}
Generated sample at index 332
Total token count: 1829
Generated sample at index 386
Total token count: 913
Generated sample at index 477
Total token count: 1824
Generated sample at index 731
Total token count: 1821
Generated sample at index 311
Total token count: 1808
Generated sample at index 414
Total token count: 919
Generated sample at index 533
Total token count: 1826
Generated sample at index 512
Total token count: 1824
Emptied CUDA cache
{'loss': '3.256', 'grad_norm': '190.1', 'learning_rate': '7.993e-05', 'entropy': 'nan', 'num_tokens': '4.399e+06', 'mean_token_accuracy': '0.3872', 'epoch': '3.043'}
Generated sample at index 594
Total token count: 1821
Generated sample at index 354
Total token count: 2711
Generated sample at index 297
Total token count: 1819
Generated sample at index 296
Total token count: 1809
Generated sample at index 356
Total token count: 1821
Generated sample at index 273
Total token count: 2713
Generated sample at index 412
Total token count: 913
Generated sample at index 586
Total token count: 917
Emptied CUDA cache
{'loss': '3.736', 'grad_norm': '192.9', 'learning_rate': '7.979e-05', 'entropy': 'nan', 'num_tokens': '4.414e+06', 'mean_token_accuracy': '0.3589', 'epoch': '3.054'}
Generated sample at index 720
Total token count: 914
Generated sample at index 103
Total token count: 1831
Generated sample at index 85
Total token count: 1804
Generated sample at index 651
Total token count: 916
Generated sample at index 155
Total token count: 1826
Generated sample at index 654
Total token count: 1818
Generated sample at index 230
Total token count: 1810
Generated sample at index 197
Total token count: 2713
Emptied CUDA cache
{'loss': '3.324', 'grad_norm': '183.2', 'learning_rate': '7.966e-05', 'entropy': 'nan', 'num_tokens': '4.426e+06', 'mean_token_accuracy': '0.4024', 'epoch': '3.064'}
Generated sample at index 182
Total token count: 1817
Generated sample at index 730
Total token count: 2714
Generated sample at index 200
Total token count: 3609
Generated sample at index 163
Total token count: 1817
Generated sample at index 624
Total token count: 1822
Generated sample at index 625
Total token count: 1816
Generated sample at index 702
Total token count: 1807
Generated sample at index 513
Total token count: 2713
Emptied CUDA cache
{'loss': '3.063', 'grad_norm': '180.4', 'learning_rate': '7.952e-05', 'entropy': 'nan', 'num_tokens': '4.444e+06', 'mean_token_accuracy': '0.4204', 'epoch': '3.075'}
Generated sample at index 145
Total token count: 1802
Generated sample at index 352
Total token count: 916
Generated sample at index 68
Total token count: 3605
Generated sample at index 620
Total token count: 1811
Generated sample at index 582
Total token count: 912
Generated sample at index 570
Total token count: 1805
Generated sample at index 568
Total token count: 915
Generated sample at index 170
Total token count: 1828
Emptied CUDA cache
{'loss': '3.231', 'grad_norm': '178.4', 'learning_rate': '7.939e-05', 'entropy': 'nan', 'num_tokens': '4.459e+06', 'mean_token_accuracy': '0.4203', 'epoch': '3.086'}
Generated sample at index 646
Total token count: 1820
Generated sample at index 697
Total token count: 2706
Generated sample at index 606
Total token count: 1828
Generated sample at index 560
Total token count: 1823
Generated sample at index 662
Total token count: 1827
Generated sample at index 589
Total token count: 1826
Generated sample at index 503
Total token count: 1811
Generated sample at index 736
Total token count: 1804
Emptied CUDA cache
{'loss': '2.677', 'grad_norm': '164.6', 'learning_rate': '7.925e-05', 'entropy': 'nan', 'num_tokens': '4.474e+06', 'mean_token_accuracy': '0.4838', 'epoch': '3.097'}
Generated sample at index 318
Total token count: 2715
Generated sample at index 725
Total token count: 916
Generated sample at index 339
Total token count: 1802
Generated sample at index 280
Total token count: 1829
Generated sample at index 254
Total token count: 1809
Generated sample at index 527
Total token count: 1806
Generated sample at index 70
Total token count: 3603
Generated sample at index 418
Total token count: 1798
Emptied CUDA cache
{'loss': '3.008', 'grad_norm': '163.6', 'learning_rate': '7.912e-05', 'entropy': 'nan', 'num_tokens': '4.491e+06', 'mean_token_accuracy': '0.481', 'epoch': '3.107'}
Generated sample at index 511
Total token count: 1812
Generated sample at index 603
Total token count: 1817
Generated sample at index 434
Total token count: 1819
Generated sample at index 24
Total token count: 2710
Generated sample at index 128
Total token count: 1805
Generated sample at index 610
Total token count: 2710
Generated sample at index 700
Total token count: 1826
Generated sample at index 3
Total token count: 2710
Emptied CUDA cache
{'loss': '2.658', 'grad_norm': '158', 'learning_rate': '7.898e-05', 'entropy': 'nan', 'num_tokens': '4.507e+06', 'mean_token_accuracy': '0.5069', 'epoch': '3.118'}
Generated sample at index 330
Total token count: 1820
Generated sample at index 470
Total token count: 921
Generated sample at index 231
Total token count: 2711
Generated sample at index 539
Total token count: 1822
Generated sample at index 240
Total token count: 1829
Generated sample at index 327
Total token count: 915
Generated sample at index 366
Total token count: 2710
Generated sample at index 377
Total token count: 2707
Emptied CUDA cache
{'loss': '2.81', 'grad_norm': '159.6', 'learning_rate': '7.885e-05', 'entropy': 'nan', 'num_tokens': '4.522e+06', 'mean_token_accuracy': '0.485', 'epoch': '3.129'}
Generated sample at index 380
Total token count: 2708
Generated sample at index 265
Total token count: 914
Generated sample at index 340
Total token count: 1825
Generated sample at index 177
Total token count: 1823
Generated sample at index 707
Total token count: 1807
Generated sample at index 81
Total token count: 2719
Generated sample at index 279
Total token count: 2713
Generated sample at index 369
Total token count: 1817
Emptied CUDA cache
{'loss': '2.864', 'grad_norm': '160.9', 'learning_rate': '7.871e-05', 'entropy': 'nan', 'num_tokens': '4.54e+06', 'mean_token_accuracy': '0.4817', 'epoch': '3.139'}
Generated sample at index 402
Total token count: 1821
Generated sample at index 440
Total token count: 1814
Generated sample at index 99
Total token count: 2716
Generated sample at index 102
Total token count: 3606
Generated sample at index 453
Total token count: 1830
Generated sample at index 64
Total token count: 1828
Generated sample at index 188
Total token count: 1832
Generated sample at index 583
Total token count: 2714
Emptied CUDA cache
{'loss': '2.474', 'grad_norm': '149.7', 'learning_rate': '7.857e-05', 'entropy': 'nan', 'num_tokens': '4.557e+06', 'mean_token_accuracy': '0.536', 'epoch': '3.15'}
Generated sample at index 228
Total token count: 1818
Generated sample at index 685
Total token count: 1805
Generated sample at index 723
Total token count: 1801
Generated sample at index 362
Total token count: 2717
Generated sample at index 686
Total token count: 1835
Generated sample at index 120
Total token count: 1819
Generated sample at index 61
Total token count: 1822
Generated sample at index 100
Total token count: 1817
Emptied CUDA cache
{'loss': '2.373', 'grad_norm': '146.9', 'learning_rate': '7.843e-05', 'entropy': 'nan', 'num_tokens': '4.573e+06', 'mean_token_accuracy': '0.5378', 'epoch': '3.161'}
Generated sample at index 154
Total token count: 1813
Generated sample at index 424
Total token count: 1802
Generated sample at index 89
Total token count: 1820
Generated sample at index 322
Total token count: 1828
Generated sample at index 741
Total token count: 1823
Generated sample at index 305
Total token count: 1828
Generated sample at index 215
Total token count: 1813
Generated sample at index 106
Total token count: 1819
Emptied CUDA cache
{'loss': '2.511', 'grad_norm': '146.5', 'learning_rate': '7.83e-05', 'entropy': 'nan', 'num_tokens': '4.588e+06', 'mean_token_accuracy': '0.5441', 'epoch': '3.172'}
Generated sample at index 136
Total token count: 1809
Generated sample at index 69
Total token count: 1814
Generated sample at index 209
Total token count: 1824
Generated sample at index 611
Total token count: 1803
Generated sample at index 448
Total token count: 1823
Generated sample at index 396
Total token count: 1801
Generated sample at index 669
Total token count: 1824
Generated sample at index 575
Total token count: 1794
Emptied CUDA cache
{'loss': '2.197', 'grad_norm': '137', 'learning_rate': '7.816e-05', 'entropy': 'nan', 'num_tokens': '4.602e+06', 'mean_token_accuracy': '0.5836', 'epoch': '3.182'}
Generated sample at index 166
Total token count: 1825
Generated sample at index 109
Total token count: 1808
Generated sample at index 581
Total token count: 1816
Generated sample at index 467
Total token count: 1834
Generated sample at index 96
Total token count: 1822
Generated sample at index 479
Total token count: 1836
Generated sample at index 65
Total token count: 1825
Generated sample at index 51
Total token count: 2713
Emptied CUDA cache
{'loss': '2.334', 'grad_norm': '135.7', 'learning_rate': '7.802e-05', 'entropy': 'nan', 'num_tokens': '4.617e+06', 'mean_token_accuracy': '0.5852', 'epoch': '3.193'}
Generated sample at index 287
Total token count: 2715
Generated sample at index 592
Total token count: 1824
Generated sample at index 225
Total token count: 2719
Generated sample at index 57
Total token count: 2719
Generated sample at index 26
Total token count: 1823
Generated sample at index 399
Total token count: 1825
Generated sample at index 130
Total token count: 1810
Generated sample at index 309
Total token count: 1828
Emptied CUDA cache
{'loss': '2.022', 'grad_norm': '126', 'learning_rate': '7.788e-05', 'entropy': 'nan', 'num_tokens': '4.635e+06', 'mean_token_accuracy': '0.6125', 'epoch': '3.204'}
Generated sample at index 1
Total token count: 4490
Generated sample at index 740
Total token count: 1802
Generated sample at index 219
Total token count: 1807
Generated sample at index 78
Total token count: 915
Generated sample at index 110
Total token count: 1805
Generated sample at index 275
Total token count: 1828
Generated sample at index 598
Total token count: 1825
Generated sample at index 510
Total token count: 1825
Emptied CUDA cache
{'loss': '2.256', 'grad_norm': '137.4', 'learning_rate': '7.774e-05', 'entropy': 'nan', 'num_tokens': '4.651e+06', 'mean_token_accuracy': '0.5755', 'epoch': '3.214'}
Generated sample at index 28
Total token count: 1827
Generated sample at index 274
Total token count: 2713
Generated sample at index 422
Total token count: 1812
Generated sample at index 691
Total token count: 1821
Generated sample at index 484
Total token count: 1819
Generated sample at index 239
Total token count: 1829
Generated sample at index 301
Total token count: 2711
Generated sample at index 501
Total token count: 1809
Emptied CUDA cache
{'loss': '2.191', 'grad_norm': '125.1', 'learning_rate': '7.76e-05', 'entropy': 'nan', 'num_tokens': '4.668e+06', 'mean_token_accuracy': '0.6102', 'epoch': '3.225'}
Generated sample at index 374
Total token count: 913
Generated sample at index 151
Total token count: 2713
Generated sample at index 712
Total token count: 1824
Generated sample at index 53
Total token count: 914
Generated sample at index 341
Total token count: 1810
Generated sample at index 235
Total token count: 1823
Generated sample at index 138
Total token count: 1820
Generated sample at index 563
Total token count: 1817
Emptied CUDA cache
{'loss': '1.95', 'grad_norm': '120', 'learning_rate': '7.747e-05', 'entropy': 'nan', 'num_tokens': '4.681e+06', 'mean_token_accuracy': '0.6358', 'epoch': '3.236'}
Generated sample at index 643
Total token count: 1797
Generated sample at index 237
Total token count: 1809
Generated sample at index 13
Total token count: 1812
Generated sample at index 442
Total token count: 1805
Generated sample at index 636
Total token count: 1814
Generated sample at index 699
Total token count: 1811
Generated sample at index 2
Total token count: 2711
Generated sample at index 164
Total token count: 1830
Emptied CUDA cache
{'loss': '2.271', 'grad_norm': '123.4', 'learning_rate': '7.733e-05', 'entropy': 'nan', 'num_tokens': '4.697e+06', 'mean_token_accuracy': '0.6138', 'epoch': '3.247'}
Generated sample at index 30
Total token count: 1819
Generated sample at index 190
Total token count: 1825
Generated sample at index 487
Total token count: 1834
Generated sample at index 214
Total token count: 1826
Generated sample at index 450
Total token count: 1826
Generated sample at index 137
Total token count: 2709
Generated sample at index 299
Total token count: 1826
Generated sample at index 23
Total token count: 2715
Emptied CUDA cache
{'loss': '1.929', 'grad_norm': '114.7', 'learning_rate': '7.719e-05', 'entropy': 'nan', 'num_tokens': '4.712e+06', 'mean_token_accuracy': '0.6462', 'epoch': '3.257'}
Generated sample at index 677
Total token count: 1802
Generated sample at index 430
Total token count: 2710
Generated sample at index 117
Total token count: 1820
Generated sample at index 250
Total token count: 1829
Generated sample at index 29
Total token count: 1829
Generated sample at index 540
Total token count: 2715
Generated sample at index 159
Total token count: 919
Generated sample at index 452
Total token count: 1828
Emptied CUDA cache
{'loss': '1.841', 'grad_norm': '109.4', 'learning_rate': '7.704e-05', 'entropy': 'nan', 'num_tokens': '4.728e+06', 'mean_token_accuracy': '0.6654', 'epoch': '3.268'}
Generated sample at index 314
Total token count: 1825
Generated sample at index 591
Total token count: 1823
Generated sample at index 571
Total token count: 1824
Generated sample at index 515
Total token count: 916
Generated sample at index 475
Total token count: 1827
Generated sample at index 181
Total token count: 1812
Generated sample at index 135
Total token count: 1823
Generated sample at index 659
Total token count: 1797
Emptied CUDA cache
{'loss': '1.796', 'grad_norm': '110', 'learning_rate': '7.69e-05', 'entropy': 'nan', 'num_tokens': '4.742e+06', 'mean_token_accuracy': '0.6646', 'epoch': '3.279'}
Generated sample at index 463
Total token count: 1808
Generated sample at index 655
Total token count: 914
Generated sample at index 39
Total token count: 1797
Generated sample at index 690
Total token count: 1802
Generated sample at index 721
Total token count: 1804
Generated sample at index 670
Total token count: 1820
Generated sample at index 236
Total token count: 2723
Generated sample at index 286
Total token count: 1819
Emptied CUDA cache
{'loss': '1.579', 'grad_norm': '99.09', 'learning_rate': '7.676e-05', 'entropy': 'nan', 'num_tokens': '4.757e+06', 'mean_token_accuracy': '0.7006', 'epoch': '3.29'}
Generated sample at index 50
Total token count: 1819
Generated sample at index 306
Total token count: 1801
Generated sample at index 389
Total token count: 1821
Generated sample at index 345
Total token count: 1827
Generated sample at index 577
Total token count: 1825
Generated sample at index 616
Total token count: 1805
Generated sample at index 60
Total token count: 1826
Generated sample at index 118
Total token count: 2727
Emptied CUDA cache
{'loss': '1.736', 'grad_norm': '100.7', 'learning_rate': '7.662e-05', 'entropy': 'nan', 'num_tokens': '4.771e+06', 'mean_token_accuracy': '0.6918', 'epoch': '3.3'}
Generated sample at index 121
Total token count: 1821
Generated sample at index 622
Total token count: 1827
Generated sample at index 304
Total token count: 916
Generated sample at index 657
Total token count: 3598
Generated sample at index 58
Total token count: 1819
Generated sample at index 326
Total token count: 1807
Generated sample at index 183
Total token count: 1821
Generated sample at index 663
Total token count: 1811
Emptied CUDA cache
{'loss': '1.439', 'grad_norm': '94.21', 'learning_rate': '7.648e-05', 'entropy': 'nan', 'num_tokens': '4.787e+06', 'mean_token_accuracy': '0.7155', 'epoch': '3.311'}
Generated sample at index 458
Total token count: 1824
Generated sample at index 351
Total token count: 2721
Generated sample at index 652
Total token count: 1801
Generated sample at index 198
Total token count: 2712
Generated sample at index 416
Total token count: 1822
Generated sample at index 673
Total token count: 1816
Generated sample at index 282
Total token count: 1814
Generated sample at index 612
Total token count: 1811
Emptied CUDA cache
{'loss': '1.556', 'grad_norm': '92.86', 'learning_rate': '7.634e-05', 'entropy': 'nan', 'num_tokens': '4.804e+06', 'mean_token_accuracy': '0.7222', 'epoch': '3.322'}
Generated sample at index 185
Total token count: 2716
Generated sample at index 139
Total token count: 921
Generated sample at index 457
Total token count: 1833
Generated sample at index 105
Total token count: 1809
Generated sample at index 300
Total token count: 2711
Generated sample at index 167
Total token count: 2708
Generated sample at index 241
Total token count: 2712
Generated sample at index 494
Total token count: 1822
Emptied CUDA cache
{'loss': '1.806', 'grad_norm': '97.9', 'learning_rate': '7.62e-05', 'entropy': 'nan', 'num_tokens': '4.821e+06', 'mean_token_accuracy': '0.6968', 'epoch': '3.332'}
Generated sample at index 744
Total token count: 2714
Generated sample at index 496
Total token count: 1818
Generated sample at index 709
Total token count: 1809
Generated sample at index 415
Total token count: 2709
Generated sample at index 337
Total token count: 2710
Generated sample at index 466
Total token count: 1830
Generated sample at index 108
Total token count: 919
Generated sample at index 390
Total token count: 1797
Emptied CUDA cache
{'loss': '1.545', 'grad_norm': '91.28', 'learning_rate': '7.605e-05', 'entropy': 'nan', 'num_tokens': '4.837e+06', 'mean_token_accuracy': '0.7141', 'epoch': '3.343'}
Generated sample at index 417
Total token count: 1814
Generated sample at index 199
Total token count: 2715
Generated sample at index 152
Total token count: 1802
Generated sample at index 405
Total token count: 1813
Generated sample at index 262
Total token count: 1824
Generated sample at index 116
Total token count: 1814
Generated sample at index 525
Total token count: 1827
Generated sample at index 715
Total token count: 1802
Emptied CUDA cache
{'loss': '1.263', 'grad_norm': '82.55', 'learning_rate': '7.591e-05', 'entropy': 'nan', 'num_tokens': '4.853e+06', 'mean_token_accuracy': '0.7545', 'epoch': '3.354'}
Generated sample at index 4
Total token count: 1829
Generated sample at index 208
Total token count: 1828
Generated sample at index 649
Total token count: 2712
Generated sample at index 556
Total token count: 1827
Generated sample at index 353
Total token count: 1832
Generated sample at index 270
Total token count: 2722
Generated sample at index 368
Total token count: 1822
Generated sample at index 420
Total token count: 1815
Emptied CUDA cache
{'loss': '1.322', 'grad_norm': '81.58', 'learning_rate': '7.577e-05', 'entropy': 'nan', 'num_tokens': '4.869e+06', 'mean_token_accuracy': '0.7503', 'epoch': '3.365'}
Generated sample at index 229
Total token count: 1826
Generated sample at index 204
Total token count: 1818
Generated sample at index 255
Total token count: 2720
Generated sample at index 162
Total token count: 1830
Generated sample at index 587
Total token count: 2712
Generated sample at index 406
Total token count: 2714
Generated sample at index 437
Total token count: 1807
Generated sample at index 212
Total token count: 1828
Emptied CUDA cache
{'loss': '1.336', 'grad_norm': '81.31', 'learning_rate': '7.562e-05', 'entropy': 'nan', 'num_tokens': '4.886e+06', 'mean_token_accuracy': '0.7496', 'epoch': '3.375'}
Generated sample at index 726
Total token count: 1823
Generated sample at index 285
Total token count: 1822
Generated sample at index 324
Total token count: 1829
Generated sample at index 486
Total token count: 2712
Generated sample at index 77
Total token count: 1810
Generated sample at index 203
Total token count: 1808
Generated sample at index 93
Total token count: 1819
Generated sample at index 481
Total token count: 1807
Emptied CUDA cache
{'loss': '1.381', 'grad_norm': '82.45', 'learning_rate': '7.548e-05', 'entropy': 'nan', 'num_tokens': '4.902e+06', 'mean_token_accuracy': '0.7433', 'epoch': '3.386'}
Generated sample at index 281
Total token count: 1807
Generated sample at index 435
Total token count: 1821
Generated sample at index 171
Total token count: 2709
Generated sample at index 573
Total token count: 1811
Generated sample at index 545
Total token count: 1819
Generated sample at index 149
Total token count: 3605
Generated sample at index 246
Total token count: 2717
Generated sample at index 193
Total token count: 1824
Emptied CUDA cache
{'loss': '1.398', 'grad_norm': '79.96', 'learning_rate': '7.534e-05', 'entropy': 'nan', 'num_tokens': '4.92e+06', 'mean_token_accuracy': '0.7548', 'epoch': '3.397'}
Generated sample at index 696
Total token count: 2715
Generated sample at index 157
Total token count: 2712
Generated sample at index 451
Total token count: 917
Generated sample at index 5
Total token count: 927
Generated sample at index 104
Total token count: 915
Generated sample at index 421
Total token count: 913
Generated sample at index 549
Total token count: 1826
Generated sample at index 499
Total token count: 1825
Emptied CUDA cache
{'loss': '1.222', 'grad_norm': '72.24', 'learning_rate': '7.519e-05', 'entropy': 'nan', 'num_tokens': '4.933e+06', 'mean_token_accuracy': '0.7733', 'epoch': '3.408'}
Generated sample at index 441
Total token count: 1823
Generated sample at index 84
Total token count: 2717
Generated sample at index 373
Total token count: 914
Generated sample at index 718
Total token count: 2707
Generated sample at index 711
Total token count: 1806
Generated sample at index 544
Total token count: 1805
Generated sample at index 630
Total token count: 1823
Generated sample at index 220
Total token count: 914
Emptied CUDA cache
{'loss': '1.156', 'grad_norm': '66.51', 'learning_rate': '7.505e-05', 'entropy': 'nan', 'num_tokens': '4.948e+06', 'mean_token_accuracy': '0.7971', 'epoch': '3.418'}
Generated sample at index 627
Total token count: 2710
Generated sample at index 379
Total token count: 1815
Generated sample at index 338
Total token count: 2717
Generated sample at index 738
Total token count: 1804
Generated sample at index 394
Total token count: 917
Generated sample at index 6
Total token count: 1805
Generated sample at index 323
Total token count: 1814
Generated sample at index 428
Total token count: 1824
Emptied CUDA cache
{'loss': '1.145', 'grad_norm': '70.36', 'learning_rate': '7.49e-05', 'entropy': 'nan', 'num_tokens': '4.962e+06', 'mean_token_accuracy': '0.7872', 'epoch': '3.429'}
Generated sample at index 376
Total token count: 1803
Generated sample at index 455
Total token count: 1819
Generated sample at index 701
Total token count: 2713
Generated sample at index 146
Total token count: 1824
Generated sample at index 473
Total token count: 1815
Generated sample at index 98
Total token count: 1830
Generated sample at index 628
Total token count: 2713
Generated sample at index 419
Total token count: 2712
Emptied CUDA cache
{'loss': '1.015', 'grad_norm': '63.93', 'learning_rate': '7.476e-05', 'entropy': 'nan', 'num_tokens': '4.979e+06', 'mean_token_accuracy': '0.8095', 'epoch': '3.44'}
Generated sample at index 122
Total token count: 1809
Generated sample at index 485
Total token count: 1806
Generated sample at index 125
Total token count: 920
Generated sample at index 705
Total token count: 1797
Generated sample at index 647
Total token count: 1825
Generated sample at index 672
Total token count: 1818
Generated sample at index 251
Total token count: 1833
Generated sample at index 381
Total token count: 1822
Emptied CUDA cache
{'loss': '1.057', 'grad_norm': '60.58', 'learning_rate': '7.461e-05', 'entropy': 'nan', 'num_tokens': '4.993e+06', 'mean_token_accuracy': '0.808', 'epoch': '3.45'}
Generated sample at index 62
Total token count: 2710
Generated sample at index 565
Total token count: 916
Generated sample at index 25
Total token count: 1818
Generated sample at index 547
Total token count: 1821
Generated sample at index 739
Total token count: 1802
Generated sample at index 312
Total token count: 929
Generated sample at index 90
Total token count: 1809
Generated sample at index 180
Total token count: 1803
Emptied CUDA cache
{'loss': '1.05', 'grad_norm': '63.54', 'learning_rate': '7.447e-05', 'entropy': 'nan', 'num_tokens': '5.007e+06', 'mean_token_accuracy': '0.7991', 'epoch': '3.461'}
Generated sample at index 680
Total token count: 1818
Generated sample at index 619
Total token count: 1817
Generated sample at index 201
Total token count: 1815
Generated sample at index 514
Total token count: 920
Generated sample at index 666
Total token count: 1807
Generated sample at index 371
Total token count: 1831
Generated sample at index 331
Total token count: 1807
Generated sample at index 328
Total token count: 1828
Emptied CUDA cache
{'loss': '0.9167', 'grad_norm': '57.9', 'learning_rate': '7.432e-05', 'entropy': 'nan', 'num_tokens': '5.021e+06', 'mean_token_accuracy': '0.8239', 'epoch': '3.472'}
Generated sample at index 427
Total token count: 1823
Generated sample at index 398
Total token count: 1822
Generated sample at index 384
Total token count: 1803
Generated sample at index 465
Total token count: 1813
Generated sample at index 87
Total token count: 1826
Generated sample at index 150
Total token count: 3612
Generated sample at index 144
Total token count: 2714
Generated sample at index 41
Total token count: 2717
Emptied CUDA cache
{'loss': '0.9703', 'grad_norm': '60.45', 'learning_rate': '7.418e-05', 'entropy': 'nan', 'num_tokens': '5.038e+06', 'mean_token_accuracy': '0.8132', 'epoch': '3.483'}
Generated sample at index 602
Total token count: 1809
Generated sample at index 320
Total token count: 1827
Generated sample at index 403
Total token count: 1817
Generated sample at index 382
Total token count: 1828
Generated sample at index 745
Total token count: 915
Generated sample at index 698
Total token count: 1827
Generated sample at index 674
Total token count: 3611
Generated sample at index 566
Total token count: 1829
Emptied CUDA cache
{'loss': '0.8299', 'grad_norm': '51.51', 'learning_rate': '7.403e-05', 'entropy': 'nan', 'num_tokens': '5.054e+06', 'mean_token_accuracy': '0.8452', 'epoch': '3.493'}
Generated sample at index 32
Total token count: 1821
Generated sample at index 310
Total token count: 1813
Generated sample at index 256
Total token count: 1826
Generated sample at index 543
Total token count: 1807
Generated sample at index 232
Total token count: 1813
Generated sample at index 410
Total token count: 2709
Generated sample at index 716
Total token count: 1807
Generated sample at index 284
Total token count: 1820
Emptied CUDA cache
{'loss': '0.9496', 'grad_norm': '56.6', 'learning_rate': '7.388e-05', 'entropy': 'nan', 'num_tokens': '5.07e+06', 'mean_token_accuracy': '0.8228', 'epoch': '3.504'}
Generated sample at index 408
Total token count: 1829
Generated sample at index 678
Total token count: 1806
Generated sample at index 45
Total token count: 3610
Generated sample at index 578
Total token count: 1824
Generated sample at index 436
Total token count: 1805
Generated sample at index 333
Total token count: 1830
Generated sample at index 174
Total token count: 1831
Generated sample at index 509
Total token count: 2711
Emptied CUDA cache
{'loss': '0.871', 'grad_norm': '52.79', 'learning_rate': '7.374e-05', 'entropy': 'nan', 'num_tokens': '5.086e+06', 'mean_token_accuracy': '0.8365', 'epoch': '3.515'}
Generated sample at index 638
Total token count: 1817
Generated sample at index 175
Total token count: 920
Generated sample at index 224
Total token count: 1823
Generated sample at index 191
Total token count: 1813
Generated sample at index 537
Total token count: 1825
Generated sample at index 660
Total token count: 1823
Generated sample at index 505
Total token count: 919
Generated sample at index 461
Total token count: 1827
Emptied CUDA cache
{'loss': '0.7258', 'grad_norm': '47.39', 'learning_rate': '7.359e-05', 'entropy': 'nan', 'num_tokens': '5.1e+06', 'mean_token_accuracy': '0.8525', 'epoch': '3.525'}
Generated sample at index 360
Total token count: 909
Generated sample at index 388
Total token count: 1829
Generated sample at index 222
Total token count: 1829
Generated sample at index 313
Total token count: 1828
Generated sample at index 22
Total token count: 1816
Generated sample at index 623
Total token count: 1819
Generated sample at index 561
Total token count: 2713
Generated sample at index 585
Total token count: 1823
Emptied CUDA cache
{'loss': '0.8689', 'grad_norm': '51.61', 'learning_rate': '7.344e-05', 'entropy': 'nan', 'num_tokens': '5.114e+06', 'mean_token_accuracy': '0.8378', 'epoch': '3.536'}
Generated sample at index 31
Total token count: 1811
Generated sample at index 95
Total token count: 1814
Generated sample at index 372
Total token count: 1825
Generated sample at index 710
Total token count: 1819
Generated sample at index 79
Total token count: 1818
Generated sample at index 552
Total token count: 1828
Generated sample at index 558
Total token count: 2718
Generated sample at index 38
Total token count: 1815
Emptied CUDA cache
{'loss': '0.7274', 'grad_norm': '43.7', 'learning_rate': '7.329e-05', 'entropy': 'nan', 'num_tokens': '5.13e+06', 'mean_token_accuracy': '0.8633', 'epoch': '3.547'}
Generated sample at index 361
Total token count: 1825
Generated sample at index 82
Total token count: 1813
Generated sample at index 734
Total token count: 1813
Generated sample at index 607
Total token count: 3598
Generated sample at index 433
Total token count: 1825
Generated sample at index 593
Total token count: 1825
Generated sample at index 242
Total token count: 1825
Generated sample at index 133
Total token count: 1819
Emptied CUDA cache
{'loss': '0.6734', 'grad_norm': '43.42', 'learning_rate': '7.315e-05', 'entropy': 'nan', 'num_tokens': '5.146e+06', 'mean_token_accuracy': '0.8661', 'epoch': '3.558'}
Generated sample at index 397
Total token count: 1804
Generated sample at index 534
Total token count: 1829
Generated sample at index 667
Total token count: 1810
Generated sample at index 679
Total token count: 1831
Generated sample at index 358
Total token count: 1831
Generated sample at index 694
Total token count: 1808
Generated sample at index 132
Total token count: 925
Generated sample at index 695
Total token count: 1832
Emptied CUDA cache
{'loss': '0.7093', 'grad_norm': '40.38', 'learning_rate': '7.3e-05', 'entropy': 'nan', 'num_tokens': '5.16e+06', 'mean_token_accuracy': '0.8739', 'epoch': '3.568'}
Generated sample at index 507
Total token count: 1822
Generated sample at index 35
Total token count: 5388
Generated sample at index 375
Total token count: 1819
Generated sample at index 347
Total token count: 2710
Generated sample at index 519
Total token count: 1818
Generated sample at index 245
Total token count: 1825
Generated sample at index 260
Total token count: 1830
Generated sample at index 557
Total token count: 1817
Emptied CUDA cache
{'loss': '0.7147', 'grad_norm': '40.8', 'learning_rate': '7.285e-05', 'entropy': 'nan', 'num_tokens': '5.179e+06', 'mean_token_accuracy': '0.8725', 'epoch': '3.579'}
Generated sample at index 289
Total token count: 1809
Generated sample at index 724
Total token count: 2715
Generated sample at index 107
Total token count: 1829
Generated sample at index 706
Total token count: 1806
Generated sample at index 291
Total token count: 1823
Generated sample at index 33
Total token count: 1807
Generated sample at index 267
Total token count: 1825
Generated sample at index 34
Total token count: 2712
Emptied CUDA cache
{'loss': '0.6492', 'grad_norm': '40.54', 'learning_rate': '7.27e-05', 'entropy': 'nan', 'num_tokens': '5.194e+06', 'mean_token_accuracy': '0.8738', 'epoch': '3.59'}
Generated sample at index 462
Total token count: 1812
Generated sample at index 43
Total token count: 1824
Generated sample at index 307
Total token count: 3600
Generated sample at index 40
Total token count: 1805
Generated sample at index 502
Total token count: 1826
Generated sample at index 500
Total token count: 1813
Generated sample at index 178
Total token count: 1815
Generated sample at index 411
Total token count: 1822
Emptied CUDA cache
{'loss': '0.6803', 'grad_norm': '40.94', 'learning_rate': '7.255e-05', 'entropy': 'nan', 'num_tokens': '5.211e+06', 'mean_token_accuracy': '0.8736', 'epoch': '3.601'}
Generated sample at index 633
Total token count: 1823
Generated sample at index 186
Total token count: 1814
Generated sample at index 635
Total token count: 1797
Generated sample at index 216
Total token count: 1805
Generated sample at index 550
Total token count: 1820
Generated sample at index 661
Total token count: 1823
Generated sample at index 211
Total token count: 1834
Generated sample at index 292
Total token count: 1802
Emptied CUDA cache
{'loss': '0.5695', 'grad_norm': '36.29', 'learning_rate': '7.24e-05', 'entropy': 'nan', 'num_tokens': '5.226e+06', 'mean_token_accuracy': '0.8882', 'epoch': '3.611'}
Generated sample at index 600
Total token count: 914
Generated sample at index 681
Total token count: 1812
Generated sample at index 559
Total token count: 1825
Generated sample at index 504
Total token count: 1823
Generated sample at index 474
Total token count: 1824
Generated sample at index 528
Total token count: 1824
Generated sample at index 295
Total token count: 1820
Generated sample at index 644
Total token count: 1828
Emptied CUDA cache
{'loss': '0.605', 'grad_norm': '35.33', 'learning_rate': '7.225e-05', 'entropy': 'nan', 'num_tokens': '5.24e+06', 'mean_token_accuracy': '0.8867', 'epoch': '3.622'}
Generated sample at index 588
Total token count: 1822
Generated sample at index 468
Total token count: 913
Generated sample at index 722
Total token count: 1804
Generated sample at index 490
Total token count: 1821
Generated sample at index 173
Total token count: 2717
Generated sample at index 238
Total token count: 920
Generated sample at index 580
Total token count: 2712
Generated sample at index 196
Total token count: 2713
Emptied CUDA cache
{'loss': '0.6517', 'grad_norm': '38.35', 'learning_rate': '7.21e-05', 'entropy': 'nan', 'num_tokens': '5.254e+06', 'mean_token_accuracy': '0.8782', 'epoch': '3.633'}
Generated sample at index 614
Total token count: 1823
Generated sample at index 91
Total token count: 1823
Generated sample at index 160
Total token count: 1821
Generated sample at index 604
Total token count: 1819
Generated sample at index 675
Total token count: 1820
Generated sample at index 529
Total token count: 2721
Generated sample at index 383
Total token count: 2718
Generated sample at index 218
Total token count: 1828
Emptied CUDA cache
{'loss': '0.5894', 'grad_norm': '34.84', 'learning_rate': '7.195e-05', 'entropy': 'nan', 'num_tokens': '5.271e+06', 'mean_token_accuracy': '0.8873', 'epoch': '3.643'}
Generated sample at index 124
Total token count: 915
Generated sample at index 524
Total token count: 2719
Generated sample at index 226
Total token count: 1810
Generated sample at index 263
Total token count: 916
Generated sample at index 551
Total token count: 1806
Generated sample at index 617
Total token count: 1819
Generated sample at index 574
Total token count: 923
Generated sample at index 564
Total token count: 2711
Emptied CUDA cache
{'loss': '0.4892', 'grad_norm': '28.53', 'learning_rate': '7.18e-05', 'entropy': 'nan', 'num_tokens': '5.284e+06', 'mean_token_accuracy': '0.9111', 'epoch': '3.654'}
Generated sample at index 693
Total token count: 1801
Generated sample at index 608
Total token count: 1797
Generated sample at index 7
Total token count: 1827
Generated sample at index 541
Total token count: 2717
Generated sample at index 391
Total token count: 1825
Generated sample at index 719
Total token count: 2712
Generated sample at index 88
Total token count: 1820
Generated sample at index 530
Total token count: 1821
Emptied CUDA cache
{'loss': '0.5051', 'grad_norm': '31.21', 'learning_rate': '7.165e-05', 'entropy': 'nan', 'num_tokens': '5.301e+06', 'mean_token_accuracy': '0.9049', 'epoch': '3.665'}
Generated sample at index 194
Total token count: 1812
Generated sample at index 359
Total token count: 1831
Generated sample at index 11
Total token count: 1832
Generated sample at index 637
Total token count: 1821
Generated sample at index 717
Total token count: 2713
Generated sample at index 518
Total token count: 925
Generated sample at index 16
Total token count: 1810
Generated sample at index 727
Total token count: 1828
Emptied CUDA cache
{'loss': '0.7961', 'grad_norm': '39.63', 'learning_rate': '7.15e-05', 'entropy': 'nan', 'num_tokens': '5.316e+06', 'mean_token_accuracy': '0.8783', 'epoch': '3.676'}
Generated sample at index 631
Total token count: 1813
Generated sample at index 272
Total token count: 2715
Generated sample at index 342
Total token count: 1809
Generated sample at index 492
Total token count: 1801
Generated sample at index 67
Total token count: 1825
Generated sample at index 294
Total token count: 1814
Generated sample at index 729
Total token count: 2712
Generated sample at index 584
Total token count: 1802
Emptied CUDA cache
{'loss': '0.5321', 'grad_norm': '28.76', 'learning_rate': '7.135e-05', 'entropy': 'nan', 'num_tokens': '5.332e+06', 'mean_token_accuracy': '0.9114', 'epoch': '3.686'}
Generated sample at index 316
Total token count: 1826
Generated sample at index 355
Total token count: 2711
Generated sample at index 517
Total token count: 1825
Generated sample at index 596
Total token count: 1812
Generated sample at index 257
Total token count: 2723
Generated sample at index 516
Total token count: 1810
Generated sample at index 37
Total token count: 1812
Generated sample at index 213
Total token count: 1825
Emptied CUDA cache
{'loss': '0.4242', 'grad_norm': '26.44', 'learning_rate': '7.12e-05', 'entropy': 'nan', 'num_tokens': '5.348e+06', 'mean_token_accuracy': '0.9164', 'epoch': '3.697'}
Generated sample at index 261
Total token count: 2718
Generated sample at index 553
Total token count: 1818
Generated sample at index 63
Total token count: 1816
Generated sample at index 189
Total token count: 1807
Generated sample at index 522
Total token count: 2715
Generated sample at index 439
Total token count: 2711
Generated sample at index 258
Total token count: 1813
Generated sample at index 156
Total token count: 1797
Emptied CUDA cache
{'loss': '0.4407', 'grad_norm': '26.69', 'learning_rate': '7.105e-05', 'entropy': 'nan', 'num_tokens': '5.366e+06', 'mean_token_accuracy': '0.9168', 'epoch': '3.708'}
Generated sample at index 10
Total token count: 2713
Generated sample at index 469
Total token count: 1822
Generated sample at index 489
Total token count: 918
Generated sample at index 546
Total token count: 1823
Generated sample at index 12
Total token count: 1813
Generated sample at index 111
Total token count: 3607
Generated sample at index 472
Total token count: 1826
Generated sample at index 276
Total token count: 1810
Emptied CUDA cache
{'loss': '0.4164', 'grad_norm': '25.46', 'learning_rate': '7.09e-05', 'entropy': 'nan', 'num_tokens': '5.382e+06', 'mean_token_accuracy': '0.9177', 'epoch': '3.718'}
Generated sample at index 334
Total token count: 2711
Generated sample at index 308
Total token count: 1805
Generated sample at index 66
Total token count: 1813
Generated sample at index 664
Total token count: 1825
Generated sample at index 319
Total token count: 1817
Generated sample at index 207
Total token count: 1827
Generated sample at index 367
Total token count: 1823
Generated sample at index 483
Total token count: 1811
Emptied CUDA cache
{'loss': '0.6251', 'grad_norm': '32.97', 'learning_rate': '7.074e-05', 'entropy': 'nan', 'num_tokens': '5.397e+06', 'mean_token_accuracy': '0.8917', 'epoch': '3.729'}
Generated sample at index 47
Total token count: 3607
Generated sample at index 42
Total token count: 1803
Generated sample at index 18
Total token count: 1825
Generated sample at index 176
Total token count: 1826
Generated sample at index 46
Total token count: 1824
Generated sample at index 407
Total token count: 1816
Generated sample at index 714
Total token count: 1817
Generated sample at index 205
Total token count: 1810
Emptied CUDA cache
{'loss': '0.4816', 'grad_norm': '24.43', 'learning_rate': '7.059e-05', 'entropy': 'nan', 'num_tokens': '5.414e+06', 'mean_token_accuracy': '0.9193', 'epoch': '3.74'}
Generated sample at index 629
Total token count: 1808
Generated sample at index 73
Total token count: 920
Generated sample at index 172
Total token count: 1811
Generated sample at index 86
Total token count: 1822
Generated sample at index 365
Total token count: 3602
Generated sample at index 536
Total token count: 1809
Generated sample at index 126
Total token count: 2719
Generated sample at index 703
Total token count: 1821
Emptied CUDA cache
{'loss': '0.3715', 'grad_norm': '24.38', 'learning_rate': '7.044e-05', 'entropy': 'nan', 'num_tokens': '5.43e+06', 'mean_token_accuracy': '0.9246', 'epoch': '3.751'}
Generated sample at index 17
Total token count: 1810
Generated sample at index 221
Total token count: 1825
Generated sample at index 409
Total token count: 1819
Generated sample at index 123
Total token count: 1826
Generated sample at index 569
Total token count: 1819
Generated sample at index 140
Total token count: 1819
Generated sample at index 325
Total token count: 1825
Generated sample at index 148
Total token count: 1831
Emptied CUDA cache
{'loss': '0.4389', 'grad_norm': '22.66', 'learning_rate': '7.029e-05', 'entropy': 'nan', 'num_tokens': '5.445e+06', 'mean_token_accuracy': '0.9208', 'epoch': '3.761'}
Generated sample at index 526
Total token count: 1815
Generated sample at index 247
Total token count: 1822
Generated sample at index 532
Total token count: 1819
Generated sample at index 682
Total token count: 2714
Generated sample at index 141
Total token count: 1826
Generated sample at index 179
Total token count: 2716
Generated sample at index 248
Total token count: 1806
Generated sample at index 143
Total token count: 4496
Emptied CUDA cache
{'loss': '0.4765', 'grad_norm': '23.94', 'learning_rate': '7.013e-05', 'entropy': 'nan', 'num_tokens': '5.461e+06', 'mean_token_accuracy': '0.9191', 'epoch': '3.772'}
Generated sample at index 127
Total token count: 1797
Generated sample at index 217
Total token count: 1810
Generated sample at index 101
Total token count: 1828
Generated sample at index 413
Total token count: 1810
Generated sample at index 447
Total token count: 1813
Generated sample at index 19
Total token count: 4500
Generated sample at index 579
Total token count: 1821
Generated sample at index 555
Total token count: 1833
Emptied CUDA cache
{'loss': '0.5228', 'grad_norm': '26.67', 'learning_rate': '6.998e-05', 'entropy': 'nan', 'num_tokens': '5.481e+06', 'mean_token_accuracy': '0.9123', 'epoch': '3.783'}
Generated sample at index 59
Total token count: 1822
Generated sample at index 535
Total token count: 1820
Generated sample at index 425
Total token count: 1798
Generated sample at index 264
Total token count: 1835
Generated sample at index 653
Total token count: 1801
Generated sample at index 269
Total token count: 1797
Generated sample at index 683
Total token count: 2711
Generated sample at index 521
Total token count: 1814
Emptied CUDA cache
{'loss': '0.3689', 'grad_norm': '18.74', 'learning_rate': '6.983e-05', 'entropy': 'nan', 'num_tokens': '5.496e+06', 'mean_token_accuracy': '0.9363', 'epoch': '3.794'}
Generated sample at index 83
Total token count: 915
Generated sample at index 454
Total token count: 1822
Generated sample at index 234
Total token count: 1802
Generated sample at index 671
Total token count: 1822
Generated sample at index 491
Total token count: 2721
Generated sample at index 253
Total token count: 1824
Generated sample at index 268
Total token count: 1807
Generated sample at index 317
Total token count: 2720
Emptied CUDA cache
{'loss': '0.3879', 'grad_norm': '22.29', 'learning_rate': '6.967e-05', 'entropy': 'nan', 'num_tokens': '5.511e+06', 'mean_token_accuracy': '0.9249', 'epoch': '3.804'}
Generated sample at index 641
Total token count: 922
Generated sample at index 112
Total token count: 1804
Generated sample at index 737
Total token count: 1814
Generated sample at index 243
Total token count: 1823
Generated sample at index 393
Total token count: 919
Generated sample at index 648
Total token count: 1806
Generated sample at index 206
Total token count: 1825
Generated sample at index 615
Total token count: 1807
Emptied CUDA cache
{'loss': '0.3122', 'grad_norm': '19.03', 'learning_rate': '6.952e-05', 'entropy': 'nan', 'num_tokens': '5.524e+06', 'mean_token_accuracy': '0.9369', 'epoch': '3.815'}
Generated sample at index 576
Total token count: 1822
Generated sample at index 44
Total token count: 2729
Generated sample at index 498
Total token count: 919
Generated sample at index 49
Total token count: 1825
Generated sample at index 665
Total token count: 1808
Generated sample at index 443
Total token count: 920
Generated sample at index 404
Total token count: 1813
Generated sample at index 357
Total token count: 3602
Emptied CUDA cache
{'loss': '0.2825', 'grad_norm': '14.7', 'learning_rate': '6.937e-05', 'entropy': 'nan', 'num_tokens': '5.538e+06', 'mean_token_accuracy': '0.9453', 'epoch': '3.826'}
Generated sample at index 329
Total token count: 1810
Generated sample at index 74
Total token count: 1832
Generated sample at index 244
Total token count: 2718
Generated sample at index 460
Total token count: 1823
Generated sample at index 14
Total token count: 1822
Generated sample at index 595
Total token count: 1817
Generated sample at index 252
Total token count: 1808
Generated sample at index 97
Total token count: 1805
Emptied CUDA cache
{'loss': '0.3916', 'grad_norm': '21.76', 'learning_rate': '6.921e-05', 'entropy': 'nan', 'num_tokens': '5.555e+06', 'mean_token_accuracy': '0.9285', 'epoch': '3.836'}
Generated sample at index 713
Total token count: 1820
Generated sample at index 271
Total token count: 1830
Generated sample at index 632
Total token count: 1828
Generated sample at index 302
Total token count: 1811
Generated sample at index 72
Total token count: 2716
Generated sample at index 80
Total token count: 1823
Generated sample at index 94
Total token count: 1809
Generated sample at index 609
Total token count: 2708
Emptied CUDA cache
{'loss': '0.3272', 'grad_norm': '19.64', 'learning_rate': '6.906e-05', 'entropy': 'nan', 'num_tokens': '5.571e+06', 'mean_token_accuracy': '0.9338', 'epoch': '3.847'}
Generated sample at index 599
Total token count: 1797
Generated sample at index 668
Total token count: 1822
Generated sample at index 192
Total token count: 2718
Generated sample at index 626
Total token count: 1810
Generated sample at index 364
Total token count: 1820
Generated sample at index 423
Total token count: 1821
Generated sample at index 658
Total token count: 1820
Generated sample at index 401
Total token count: 1822
Emptied CUDA cache
{'loss': '0.2391', 'grad_norm': '13.36', 'learning_rate': '6.89e-05', 'entropy': 'nan', 'num_tokens': '5.587e+06', 'mean_token_accuracy': '0.9521', 'epoch': '3.858'}
Generated sample at index 708
Total token count: 1814
Generated sample at index 290
Total token count: 2718
Generated sample at index 445
Total token count: 1822
Generated sample at index 613
Total token count: 2717
Generated sample at index 161
Total token count: 2715
Generated sample at index 733
Total token count: 1813
Generated sample at index 344
Total token count: 1824
Generated sample at index 75
Total token count: 1812
Emptied CUDA cache
{'loss': '0.2348', 'grad_norm': '12.8', 'learning_rate': '6.875e-05', 'entropy': 'nan', 'num_tokens': '5.604e+06', 'mean_token_accuracy': '0.9527', 'epoch': '3.869'}
Generated sample at index 732
Total token count: 1804
Generated sample at index 634
Total token count: 1820
Generated sample at index 601
Total token count: 1818
Generated sample at index 15
Total token count: 1807
Generated sample at index 343
Total token count: 1809
Generated sample at index 590
Total token count: 1807
Generated sample at index 187
Total token count: 921
Generated sample at index 692
Total token count: 1807
Emptied CUDA cache
{'loss': '0.3139', 'grad_norm': '14.36', 'learning_rate': '6.859e-05', 'entropy': 'nan', 'num_tokens': '5.618e+06', 'mean_token_accuracy': '0.9466', 'epoch': '3.879'}
Generated sample at index 48
Total token count: 1820
Generated sample at index 464
Total token count: 1832
Generated sample at index 210
Total token count: 1819
Generated sample at index 567
Total token count: 1820
Generated sample at index 202
Total token count: 1827
Generated sample at index 687
Total token count: 3609
Generated sample at index 392
Total token count: 1823
Generated sample at index 735
Total token count: 2718
Emptied CUDA cache
{'loss': '0.32', 'grad_norm': '14.21', 'learning_rate': '6.844e-05', 'entropy': 'nan', 'num_tokens': '5.634e+06', 'mean_token_accuracy': '0.9458', 'epoch': '3.89'}
Generated sample at index 169
Total token count: 1815
Generated sample at index 471
Total token count: 1811
Generated sample at index 645
Total token count: 1808
Generated sample at index 689
Total token count: 1811
Generated sample at index 336
Total token count: 2719
Generated sample at index 249
Total token count: 3606
Generated sample at index 639
Total token count: 1819
Generated sample at index 119
Total token count: 1827
Emptied CUDA cache
{'loss': '0.3517', 'grad_norm': '16.26', 'learning_rate': '6.828e-05', 'entropy': 'nan', 'num_tokens': '5.652e+06', 'mean_token_accuracy': '0.941', 'epoch': '3.901'}
Generated sample at index 523
Total token count: 1826
Generated sample at index 233
Total token count: 1824
Generated sample at index 348
Total token count: 916
Generated sample at index 385
Total token count: 1815
Generated sample at index 9
Total token count: 1816
Generated sample at index 55
Total token count: 2714
Generated sample at index 168
Total token count: 1831
Generated sample at index 684
Total token count: 2713
Emptied CUDA cache
{'loss': '0.3224', 'grad_norm': '13.45', 'learning_rate': '6.813e-05', 'entropy': 'nan', 'num_tokens': '5.667e+06', 'mean_token_accuracy': '0.9469', 'epoch': '3.912'}
Generated sample at index 449
Total token count: 1822
Generated sample at index 562
Total token count: 922
Generated sample at index 618
Total token count: 1812
Generated sample at index 321
Total token count: 1810
Generated sample at index 456
Total token count: 913
Generated sample at index 165
Total token count: 1811
Generated sample at index 335
Total token count: 1800
Generated sample at index 704
Total token count: 1810
Emptied CUDA cache
{'loss': '0.1921', 'grad_norm': '10.28', 'learning_rate': '6.797e-05', 'entropy': 'nan', 'num_tokens': '5.681e+06', 'mean_token_accuracy': '0.9589', 'epoch': '3.922'}
Generated sample at index 129
Total token count: 1812
Generated sample at index 370
Total token count: 1824
Generated sample at index 259
Total token count: 3602
Generated sample at index 476
Total token count: 1826
Generated sample at index 350
Total token count: 1825
Generated sample at index 728
Total token count: 1817
Generated sample at index 688
Total token count: 915
Generated sample at index 288
Total token count: 1824
Emptied CUDA cache
{'loss': '0.2375', 'grad_norm': '10.91', 'learning_rate': '6.781e-05', 'entropy': 'nan', 'num_tokens': '5.696e+06', 'mean_token_accuracy': '0.9556', 'epoch': '3.933'}
Generated sample at index 656
Total token count: 1814
Generated sample at index 92
Total token count: 1823
Generated sample at index 429
Total token count: 1827
Generated sample at index 20
Total token count: 920
Generated sample at index 538
Total token count: 1826
Generated sample at index 277
Total token count: 1809
Generated sample at index 113
Total token count: 1809
Generated sample at index 153
Total token count: 1813
Emptied CUDA cache
{'loss': '0.2901', 'grad_norm': '13.76', 'learning_rate': '6.766e-05', 'entropy': 'nan', 'num_tokens': '5.71e+06', 'mean_token_accuracy': '0.9461', 'epoch': '3.944'}
Generated sample at index 114
Total token count: 912
Generated sample at index 640
Total token count: 1830
Generated sample at index 27
Total token count: 2714
Generated sample at index 21
Total token count: 1814
Generated sample at index 52
Total token count: 2712
Generated sample at index 278
Total token count: 1819
Generated sample at index 76
Total token count: 2720
Generated sample at index 266
Total token count: 1797
Emptied CUDA cache
{'loss': '0.2708', 'grad_norm': '12.7', 'learning_rate': '6.75e-05', 'entropy': 'nan', 'num_tokens': '5.726e+06', 'mean_token_accuracy': '0.9519', 'epoch': '3.954'}
Generated sample at index 56
Total token count: 1825
Generated sample at index 115
Total token count: 922
Generated sample at index 378
Total token count: 1819
Generated sample at index 506
Total token count: 1806
Generated sample at index 142
Total token count: 1826
Generated sample at index 8
Total token count: 909
Generated sample at index 71
Total token count: 914
Generated sample at index 554
Total token count: 1832
Emptied CUDA cache
{'loss': '0.3034', 'grad_norm': '13.6', 'learning_rate': '6.735e-05', 'entropy': 'nan', 'num_tokens': '5.738e+06', 'mean_token_accuracy': '0.9472', 'epoch': '3.965'}
Generated sample at index 676
Total token count: 1804
Generated sample at index 478
Total token count: 1818
Generated sample at index 346
Total token count: 1826
Generated sample at index 572
Total token count: 1808
Generated sample at index 223
Total token count: 1818
Generated sample at index 488
Total token count: 1830
Generated sample at index 315
Total token count: 1820
Generated sample at index 293
Total token count: 1814
Emptied CUDA cache
{'loss': '0.2681', 'grad_norm': '9.585', 'learning_rate': '6.719e-05', 'entropy': 'nan', 'num_tokens': '5.752e+06', 'mean_token_accuracy': '0.9567', 'epoch': '3.976'}
Generated sample at index 493
Total token count: 1807
Generated sample at index 621
Total token count: 1811
Generated sample at index 444
Total token count: 1804
Generated sample at index 158
Total token count: 1825
Generated sample at index 431
Total token count: 1817
Generated sample at index 438
Total token count: 2715
Generated sample at index 548
Total token count: 2718
Generated sample at index 184
Total token count: 1825
Emptied CUDA cache
{'loss': '0.3294', 'grad_norm': '11.44', 'learning_rate': '6.703e-05', 'entropy': 'nan', 'num_tokens': '5.769e+06', 'mean_token_accuracy': '0.9511', 'epoch': '3.987'}
Generated sample at index 349
Total token count: 2719
Generated sample at index 605
Total token count: 1808
Generated sample at index 400
Total token count: 1827
Generated sample at index 446
Total token count: 1823
Generated sample at index 531
Total token count: 1814
Generated sample at index 54
Total token count: 2715
Generated sample at index 459
Total token count: 1826
Generated sample at index 395
Total token count: 914
Emptied CUDA cache
{'loss': '0.1793', 'grad_norm': '8.257', 'learning_rate': '6.687e-05', 'entropy': 'nan', 'num_tokens': '5.785e+06', 'mean_token_accuracy': '0.9642', 'epoch': '3.997'}
Generated sample at index 0
Total token count: 1815
Emptied CUDA cache
{'loss': '0.2253', 'grad_norm': '8.562', 'learning_rate': '6.672e-05', 'entropy': 'nan', 'num_tokens': '5.788e+06', 'mean_token_accuracy': '0.9632', 'epoch': '4'}
Generated sample at index 453
Total token count: 1830
Generated sample at index 432
Total token count: 1820
Generated sample at index 370
Total token count: 1824
Generated sample at index 368
Total token count: 1822
Generated sample at index 350
Total token count: 1825
Generated sample at index 1
Total token count: 4490
Generated sample at index 604
Total token count: 1819
Generated sample at index 570
Total token count: 1805
Generated sample at index 17
Total token count: 1810
Emptied CUDA cache
{'loss': '0.1819', 'grad_norm': '7.31', 'learning_rate': '6.656e-05', 'entropy': 'nan', 'num_tokens': '5.805e+06', 'mean_token_accuracy': '0.9665', 'epoch': '4.011'}
Generated sample at index 58
Total token count: 1819
Generated sample at index 485
Total token count: 1806
Generated sample at index 138
Total token count: 1820
Generated sample at index 169
Total token count: 1815
Generated sample at index 43
Total token count: 1824
Generated sample at index 446
Total token count: 1823
Generated sample at index 574
Total token count: 923
Generated sample at index 21
Total token count: 1814
Emptied CUDA cache
{'loss': '0.195', 'grad_norm': '8.541', 'learning_rate': '6.64e-05', 'entropy': 'nan', 'num_tokens': '5.819e+06', 'mean_token_accuracy': '0.962', 'epoch': '4.021'}
Generated sample at index 735
Total token count: 2718
Generated sample at index 528
Total token count: 1824
Generated sample at index 435
Total token count: 1821
Generated sample at index 393
Total token count: 919
Generated sample at index 344
Total token count: 1824
Generated sample at index 288
Total token count: 1824
Generated sample at index 316
Total token count: 1826
Generated sample at index 366
Total token count: 2710
Emptied CUDA cache
{'loss': '0.1833', 'grad_norm': '7.429', 'learning_rate': '6.624e-05', 'entropy': 'nan', 'num_tokens': '5.833e+06', 'mean_token_accuracy': '0.9632', 'epoch': '4.032'}
Generated sample at index 190
Total token count: 1825
Generated sample at index 720
Total token count: 914
Generated sample at index 81
Total token count: 2719
Generated sample at index 462
Total token count: 1812
Generated sample at index 4
Total token count: 1829
Generated sample at index 116
Total token count: 1814
Generated sample at index 283
Total token count: 1824
Generated sample at index 46
Total token count: 1824
Emptied CUDA cache
{'loss': '0.1848', 'grad_norm': '7.071', 'learning_rate': '6.609e-05', 'entropy': 'nan', 'num_tokens': '5.849e+06', 'mean_token_accuracy': '0.9656', 'epoch': '4.043'}
Generated sample at index 200
Total token count: 3609
Generated sample at index 189
Total token count: 1807
Generated sample at index 529
Total token count: 2721
Generated sample at index 90
Total token count: 1809
Generated sample at index 515
Total token count: 916
Generated sample at index 314
Total token count: 1825
Generated sample at index 171
Total token count: 2709
Generated sample at index 119
Total token count: 1827
Emptied CUDA cache
{'loss': '0.1929', 'grad_norm': '8.325', 'learning_rate': '6.593e-05', 'entropy': 'nan', 'num_tokens': '5.866e+06', 'mean_token_accuracy': '0.9633', 'epoch': '4.054'}
Generated sample at index 406
Total token count: 2714
Generated sample at index 427
Total token count: 1823
Generated sample at index 129
Total token count: 1812
Generated sample at index 250
Total token count: 1829
Generated sample at index 162
Total token count: 1830
Generated sample at index 373
Total token count: 914
Generated sample at index 26
Total token count: 1823
Generated sample at index 651
Total token count: 916
Emptied CUDA cache
{'loss': '0.1885', 'grad_norm': '8.057', 'learning_rate': '6.577e-05', 'entropy': 'nan', 'num_tokens': '5.88e+06', 'mean_token_accuracy': '0.9627', 'epoch': '4.064'}
Generated sample at index 178
Total token count: 1815
Generated sample at index 666
Total token count: 1807
Generated sample at index 703
Total token count: 1821
Generated sample at index 335
Total token count: 1800
Generated sample at index 683
Total token count: 2711
Generated sample at index 210
Total token count: 1819
Generated sample at index 572
Total token count: 1808
Generated sample at index 62
Total token count: 2710
Emptied CUDA cache
{'loss': '0.1685', 'grad_norm': '5.183', 'learning_rate': '6.561e-05', 'entropy': 'nan', 'num_tokens': '5.895e+06', 'mean_token_accuracy': '0.971', 'epoch': '4.075'}
Generated sample at index 376
Total token count: 1803
Generated sample at index 504
Total token count: 1823
Generated sample at index 591
Total token count: 1823
Generated sample at index 690
Total token count: 1802
Generated sample at index 66
Total token count: 1813
Generated sample at index 192
Total token count: 2718
Generated sample at index 349
Total token count: 2719
Generated sample at index 726
Total token count: 1823
Emptied CUDA cache
{'loss': '0.1538', 'grad_norm': '6.895', 'learning_rate': '6.545e-05', 'entropy': 'nan', 'num_tokens': '5.912e+06', 'mean_token_accuracy': '0.9684', 'epoch': '4.086'}
Generated sample at index 556
Total token count: 1827
Generated sample at index 207
Total token count: 1827
Generated sample at index 136
Total token count: 1809
Generated sample at index 234
Total token count: 1802
Generated sample at index 338
Total token count: 2717
Generated sample at index 688
Total token count: 915
Generated sample at index 100
Total token count: 1817
Generated sample at index 227
Total token count: 1824
Emptied CUDA cache
{'loss': '0.1905', 'grad_norm': '6.81', 'learning_rate': '6.529e-05', 'entropy': 'nan', 'num_tokens': '5.927e+06', 'mean_token_accuracy': '0.9659', 'epoch': '4.097'}
Generated sample at index 707
Total token count: 1807
Generated sample at index 602
Total token count: 1809
Generated sample at index 265
Total token count: 914
Generated sample at index 650
Total token count: 916
Generated sample at index 644
Total token count: 1828
Generated sample at index 352
Total token count: 916
Generated sample at index 332
Total token count: 1829
Generated sample at index 147
Total token count: 1814
Emptied CUDA cache
{'loss': '0.197', 'grad_norm': '5.763', 'learning_rate': '6.513e-05', 'entropy': 'nan', 'num_tokens': '5.938e+06', 'mean_token_accuracy': '0.968', 'epoch': '4.107'}
Generated sample at index 553
Total token count: 1818
Generated sample at index 348
Total token count: 916
Generated sample at index 578
Total token count: 1824
Generated sample at index 188
Total token count: 1832
Generated sample at index 232
Total token count: 1813
Generated sample at index 491
Total token count: 2721
Generated sample at index 655
Total token count: 914
Generated sample at index 586
Total token count: 917
Emptied CUDA cache
{'loss': '0.1747', 'grad_norm': '4.875', 'learning_rate': '6.497e-05', 'entropy': 'nan', 'num_tokens': '5.952e+06', 'mean_token_accuracy': '0.9714', 'epoch': '4.118'}
Generated sample at index 656
Total token count: 1814
Generated sample at index 414
Total token count: 919
Generated sample at index 249
Total token count: 3606
Generated sample at index 50
Total token count: 1819
Generated sample at index 627
Total token count: 2710
Generated sample at index 303
Total token count: 1810
Generated sample at index 213
Total token count: 1825
Generated sample at index 424
Total token count: 1802
Emptied CUDA cache
{'loss': '0.1915', 'grad_norm': '5.4', 'learning_rate': '6.481e-05', 'entropy': 'nan', 'num_tokens': '5.968e+06', 'mean_token_accuracy': '0.9698', 'epoch': '4.129'}
Generated sample at index 537
Total token count: 1825
Generated sample at index 219
Total token count: 1807
Generated sample at index 173
Total token count: 2717
Generated sample at index 585
Total token count: 1823
Generated sample at index 563
Total token count: 1817
Generated sample at index 450
Total token count: 1826
Generated sample at index 56
Total token count: 1825
Generated sample at index 79
Total token count: 1818
Emptied CUDA cache
{'loss': '0.1575', 'grad_norm': '5.301', 'learning_rate': '6.465e-05', 'entropy': 'nan', 'num_tokens': '5.983e+06', 'mean_token_accuracy': '0.9698', 'epoch': '4.139'}
Generated sample at index 577
Total token count: 1825
Generated sample at index 262
Total token count: 1824
Generated sample at index 667
Total token count: 1810
Generated sample at index 259
Total token count: 3602
Generated sample at index 123
Total token count: 1826
Generated sample at index 274
Total token count: 2713
Generated sample at index 737
Total token count: 1814
Generated sample at index 706
Total token count: 1806
Emptied CUDA cache
{'loss': '0.1133', 'grad_norm': '3.232', 'learning_rate': '6.449e-05', 'entropy': 'nan', 'num_tokens': '6e+06', 'mean_token_accuracy': '0.9769', 'epoch': '4.15'}
Generated sample at index 551
Total token count: 1806
Generated sample at index 493
Total token count: 1807
Generated sample at index 284
Total token count: 1820
Generated sample at index 561
Total token count: 2713
Generated sample at index 243
Total token count: 1823
Generated sample at index 279
Total token count: 2713
Generated sample at index 61
Total token count: 1822
Generated sample at index 238
Total token count: 920
Emptied CUDA cache
{'loss': '0.1508', 'grad_norm': '4.208', 'learning_rate': '6.433e-05', 'entropy': 'nan', 'num_tokens': '6.017e+06', 'mean_token_accuracy': '0.9733', 'epoch': '4.161'}
Generated sample at index 693
Total token count: 1801
Generated sample at index 429
Total token count: 1827
Generated sample at index 217
Total token count: 1810
Generated sample at index 91
Total token count: 1823
Generated sample at index 48
Total token count: 1820
Generated sample at index 103
Total token count: 1831
Generated sample at index 195
Total token count: 1824
Generated sample at index 235
Total token count: 1823
Emptied CUDA cache
{'loss': '0.1942', 'grad_norm': '6.43', 'learning_rate': '6.417e-05', 'entropy': 'nan', 'num_tokens': '6.03e+06', 'mean_token_accuracy': '0.9675', 'epoch': '4.172'}
Generated sample at index 502
Total token count: 1826
Generated sample at index 191
Total token count: 1813
Generated sample at index 426
Total token count: 1826
Generated sample at index 291
Total token count: 1823
Generated sample at index 483
Total token count: 1811
Generated sample at index 711
Total token count: 1806
Generated sample at index 354
Total token count: 2711
Generated sample at index 280
Total token count: 1829
Emptied CUDA cache
{'loss': '0.2512', 'grad_norm': '7.209', 'learning_rate': '6.401e-05', 'entropy': 'nan', 'num_tokens': '6.046e+06', 'mean_token_accuracy': '0.9625', 'epoch': '4.182'}
Generated sample at index 133
Total token count: 1819
Generated sample at index 559
Total token count: 1825
Generated sample at index 701
Total token count: 2713
Generated sample at index 85
Total token count: 1804
Generated sample at index 289
Total token count: 1809
Generated sample at index 34
Total token count: 2712
Generated sample at index 266
Total token count: 1797
Generated sample at index 304
Total token count: 916
Emptied CUDA cache
{'loss': '0.1853', 'grad_norm': '6.591', 'learning_rate': '6.385e-05', 'entropy': 'nan', 'num_tokens': '6.062e+06', 'mean_token_accuracy': '0.9665', 'epoch': '4.193'}
Generated sample at index 381
Total token count: 1822
Generated sample at index 141
Total token count: 1826
Generated sample at index 520
Total token count: 1807
Generated sample at index 739
Total token count: 1802
Generated sample at index 486
Total token count: 2712
Generated sample at index 282
Total token count: 1814
Generated sample at index 174
Total token count: 1831
Generated sample at index 589
Total token count: 1826
Emptied CUDA cache
{'loss': '0.192', 'grad_norm': '4.666', 'learning_rate': '6.369e-05', 'entropy': 'nan', 'num_tokens': '6.076e+06', 'mean_token_accuracy': '0.9711', 'epoch': '4.204'}
Generated sample at index 727
Total token count: 1828
Generated sample at index 201
Total token count: 1815
Generated sample at index 638
Total token count: 1817
Generated sample at index 356
Total token count: 1821
Generated sample at index 76
Total token count: 2720
Generated sample at index 468
Total token count: 913
Generated sample at index 221
Total token count: 1825
Generated sample at index 423
Total token count: 1821
Emptied CUDA cache
{'loss': '0.1714', 'grad_norm': '5.19', 'learning_rate': '6.353e-05', 'entropy': 'nan', 'num_tokens': '6.091e+06', 'mean_token_accuracy': '0.9692', 'epoch': '4.214'}
Generated sample at index 654
Total token count: 1818
Generated sample at index 455
Total token count: 1819
Generated sample at index 736
Total token count: 1804
Generated sample at index 159
Total token count: 919
Generated sample at index 318
Total token count: 2715
Generated sample at index 205
Total token count: 1810
Generated sample at index 640
Total token count: 1830
Generated sample at index 719
Total token count: 2712
Emptied CUDA cache
{'loss': '0.1354', 'grad_norm': '3.441', 'learning_rate': '6.337e-05', 'entropy': 'nan', 'num_tokens': '6.106e+06', 'mean_token_accuracy': '0.9745', 'epoch': '4.225'}
Generated sample at index 404
Total token count: 1813
Generated sample at index 31
Total token count: 1811
Generated sample at index 59
Total token count: 1822
Generated sample at index 713
Total token count: 1820
Generated sample at index 45
Total token count: 3610
Generated sample at index 401
Total token count: 1822
Generated sample at index 546
Total token count: 1823
Generated sample at index 13
Total token count: 1812
Emptied CUDA cache
{'loss': '0.0903', 'grad_norm': '1.392', 'learning_rate': '6.321e-05', 'entropy': 'nan', 'num_tokens': '6.123e+06', 'mean_token_accuracy': '0.9822', 'epoch': '4.236'}
Generated sample at index 662
Total token count: 1827
Generated sample at index 554
Total token count: 1832
Generated sample at index 398
Total token count: 1822
Generated sample at index 698
Total token count: 1827
Generated sample at index 624
Total token count: 1822
Generated sample at index 331
Total token count: 1807
Generated sample at index 172
Total token count: 1811
Generated sample at index 702
Total token count: 1807
Emptied CUDA cache
{'loss': '0.1201', 'grad_norm': '2.522', 'learning_rate': '6.305e-05', 'entropy': 'nan', 'num_tokens': '6.137e+06', 'mean_token_accuracy': '0.9776', 'epoch': '4.247'}
Generated sample at index 728
Total token count: 1817
Generated sample at index 524
Total token count: 2719
Generated sample at index 218
Total token count: 1828
Generated sample at index 614
Total token count: 1823
Generated sample at index 588
Total token count: 1822
Generated sample at index 298
Total token count: 1822
Generated sample at index 312
Total token count: 929
Generated sample at index 361
Total token count: 1825
Emptied CUDA cache
{'loss': '0.1448', 'grad_norm': '3.118', 'learning_rate': '6.289e-05', 'entropy': 'nan', 'num_tokens': '6.152e+06', 'mean_token_accuracy': '0.9739', 'epoch': '4.257'}
Generated sample at index 51
Total token count: 2713
Generated sample at index 211
Total token count: 1834
Generated sample at index 8
Total token count: 909
Generated sample at index 378
Total token count: 1819
Generated sample at index 206
Total token count: 1825
Generated sample at index 732
Total token count: 1804
Generated sample at index 146
Total token count: 1824
Generated sample at index 612
Total token count: 1811
Emptied CUDA cache
{'loss': '0.1327', 'grad_norm': '3.933', 'learning_rate': '6.273e-05', 'entropy': 'nan', 'num_tokens': '6.166e+06', 'mean_token_accuracy': '0.9745', 'epoch': '4.268'}
Generated sample at index 394
Total token count: 917
Generated sample at index 723
Total token count: 1801
Generated sample at index 409
Total token count: 1819
Generated sample at index 95
Total token count: 1814
Generated sample at index 18
Total token count: 1825
Generated sample at index 557
Total token count: 1817
Generated sample at index 441
Total token count: 1823
Generated sample at index 472
Total token count: 1826
Emptied CUDA cache
{'loss': '0.1558', 'grad_norm': '3.026', 'learning_rate': '6.256e-05', 'entropy': 'nan', 'num_tokens': '6.18e+06', 'mean_token_accuracy': '0.9753', 'epoch': '4.279'}
Generated sample at index 714
Total token count: 1817
Generated sample at index 73
Total token count: 920
Generated sample at index 620
Total token count: 1811
Generated sample at index 342
Total token count: 1809
Generated sample at index 479
Total token count: 1836
Generated sample at index 360
Total token count: 909
Generated sample at index 77
Total token count: 1810
Generated sample at index 516
Total token count: 1810
Emptied CUDA cache
{'loss': '0.1056', 'grad_norm': '2.314', 'learning_rate': '6.24e-05', 'entropy': 'nan', 'num_tokens': '6.193e+06', 'mean_token_accuracy': '0.9776', 'epoch': '4.29'}
Generated sample at index 541
Total token count: 2717
Generated sample at index 580
Total token count: 2712
Generated sample at index 674
Total token count: 3611
Generated sample at index 49
Total token count: 1825
Generated sample at index 337
Total token count: 2710
Generated sample at index 389
Total token count: 1821
Generated sample at index 710
Total token count: 1819
Generated sample at index 689
Total token count: 1811
Emptied CUDA cache
{'loss': '0.1042', 'grad_norm': '1.941', 'learning_rate': '6.224e-05', 'entropy': 'nan', 'num_tokens': '6.212e+06', 'mean_token_accuracy': '0.9793', 'epoch': '4.3'}
Generated sample at index 158
Total token count: 1825
Generated sample at index 729
Total token count: 2712
Generated sample at index 535
Total token count: 1820
Generated sample at index 581
Total token count: 1816
Generated sample at index 471
Total token count: 1811
Generated sample at index 469
Total token count: 1822
Generated sample at index 179
Total token count: 2716
Generated sample at index 336
Total token count: 2719
Emptied CUDA cache
{'loss': '0.1448', 'grad_norm': '3.11', 'learning_rate': '6.208e-05', 'entropy': 'nan', 'num_tokens': '6.228e+06', 'mean_token_accuracy': '0.9759', 'epoch': '4.311'}
Generated sample at index 80
Total token count: 1823
Generated sample at index 11
Total token count: 1832
Generated sample at index 281
Total token count: 1807
Generated sample at index 67
Total token count: 1825
Generated sample at index 341
Total token count: 1810
Generated sample at index 676
Total token count: 1804
Generated sample at index 44
Total token count: 2729
Generated sample at index 65
Total token count: 1825
Emptied CUDA cache
{'loss': '0.1238', 'grad_norm': '3.051', 'learning_rate': '6.192e-05', 'entropy': 'nan', 'num_tokens': '6.245e+06', 'mean_token_accuracy': '0.9768', 'epoch': '4.322'}
Generated sample at index 565
Total token count: 916
Generated sample at index 579
Total token count: 1821
Generated sample at index 109
Total token count: 1808
Generated sample at index 705
Total token count: 1797
Generated sample at index 12
Total token count: 1813
Generated sample at index 78
Total token count: 915
Generated sample at index 74
Total token count: 1832
Generated sample at index 425
Total token count: 1798
Emptied CUDA cache
{'loss': '0.1543', 'grad_norm': '3.821', 'learning_rate': '6.175e-05', 'entropy': 'nan', 'num_tokens': '6.257e+06', 'mean_token_accuracy': '0.9731', 'epoch': '4.332'}
Generated sample at index 439
Total token count: 2711
Generated sample at index 648
Total token count: 1806
Generated sample at index 225
Total token count: 2719
Generated sample at index 71
Total token count: 914
Generated sample at index 40
Total token count: 1805
Generated sample at index 347
Total token count: 2710
Generated sample at index 346
Total token count: 1826
Generated sample at index 113
Total token count: 1809
Emptied CUDA cache
{'loss': '0.1429', 'grad_norm': '2.94', 'learning_rate': '6.159e-05', 'entropy': 'nan', 'num_tokens': '6.274e+06', 'mean_token_accuracy': '0.9763', 'epoch': '4.343'}
Generated sample at index 499
Total token count: 1825
Generated sample at index 506
Total token count: 1806
Generated sample at index 722
Total token count: 1804
Generated sample at index 573
Total token count: 1811
Generated sample at index 130
Total token count: 1810
Generated sample at index 473
Total token count: 1815
Generated sample at index 677
Total token count: 1802
Generated sample at index 661
Total token count: 1823
Emptied CUDA cache
{'loss': '0.1255', 'grad_norm': '2.404', 'learning_rate': '6.143e-05', 'entropy': 'nan', 'num_tokens': '6.288e+06', 'mean_token_accuracy': '0.9789', 'epoch': '4.354'}
Generated sample at index 615
Total token count: 1807
Generated sample at index 380
Total token count: 2708
Generated sample at index 550
Total token count: 1820
Generated sample at index 309
Total token count: 1828
Generated sample at index 112
Total token count: 1804
Generated sample at index 474
Total token count: 1824
Generated sample at index 166
Total token count: 1825
Generated sample at index 377
Total token count: 2707
Emptied CUDA cache
{'loss': '0.1162', 'grad_norm': '2.696', 'learning_rate': '6.127e-05', 'entropy': 'nan', 'num_tokens': '6.304e+06', 'mean_token_accuracy': '0.9777', 'epoch': '4.365'}
Generated sample at index 114
Total token count: 912
Generated sample at index 610
Total token count: 2710
Generated sample at index 286
Total token count: 1819
Generated sample at index 685
Total token count: 1805
Generated sample at index 669
Total token count: 1824
Generated sample at index 93
Total token count: 1819
Generated sample at index 522
Total token count: 2715
Generated sample at index 345
Total token count: 1827
Emptied CUDA cache
{'loss': '0.1103', 'grad_norm': '2.305', 'learning_rate': '6.11e-05', 'entropy': 'nan', 'num_tokens': '6.32e+06', 'mean_token_accuracy': '0.9788', 'epoch': '4.375'}
Generated sample at index 531
Total token count: 1814
Generated sample at index 270
Total token count: 2722
Generated sample at index 383
Total token count: 2718
Generated sample at index 451
Total token count: 917
Generated sample at index 231
Total token count: 2711
Generated sample at index 448
Total token count: 1823
Generated sample at index 630
Total token count: 1823
Generated sample at index 607
Total token count: 3598
Emptied CUDA cache
{'loss': '0.1154', 'grad_norm': '1.745', 'learning_rate': '6.094e-05', 'entropy': 'nan', 'num_tokens': '6.336e+06', 'mean_token_accuracy': '0.9787', 'epoch': '4.386'}
Generated sample at index 148
Total token count: 1831
Generated sample at index 277
Total token count: 1809
Generated sample at index 433
Total token count: 1825
Generated sample at index 254
Total token count: 1809
Generated sample at index 320
Total token count: 1827
Generated sample at index 566
Total token count: 1829
Generated sample at index 643
Total token count: 1797
Generated sample at index 530
Total token count: 1821
Emptied CUDA cache
{'loss': '0.1254', 'grad_norm': '2.469', 'learning_rate': '6.078e-05', 'entropy': 'nan', 'num_tokens': '6.352e+06', 'mean_token_accuracy': '0.9768', 'epoch': '4.397'}
Generated sample at index 229
Total token count: 1826
Generated sample at index 308
Total token count: 1805
Generated sample at index 489
Total token count: 918
Generated sample at index 36
Total token count: 3606
Generated sample at index 310
Total token count: 1813
Generated sample at index 533
Total token count: 1826
Generated sample at index 315
Total token count: 1820
Generated sample at index 508
Total token count: 1812
Emptied CUDA cache
{'loss': '0.1201', 'grad_norm': '2.303', 'learning_rate': '6.061e-05', 'entropy': 'nan', 'num_tokens': '6.368e+06', 'mean_token_accuracy': '0.978', 'epoch': '4.408'}
Generated sample at index 484
Total token count: 1819
Generated sample at index 2
Total token count: 2711
Generated sample at index 498
Total token count: 919
Generated sample at index 317
Total token count: 2720
Generated sample at index 149
Total token count: 3605
Generated sample at index 324
Total token count: 1829
Generated sample at index 322
Total token count: 1828
Generated sample at index 402
Total token count: 1821
Emptied CUDA cache
{'loss': '0.1443', 'grad_norm': '3.043', 'learning_rate': '6.045e-05', 'entropy': 'nan', 'num_tokens': '6.385e+06', 'mean_token_accuracy': '0.9753', 'epoch': '4.418'}
Generated sample at index 606
Total token count: 1828
Generated sample at index 410
Total token count: 2709
Generated sample at index 240
Total token count: 1829
Generated sample at index 183
Total token count: 1821
Generated sample at index 717
Total token count: 2713
Generated sample at index 725
Total token count: 916
Generated sample at index 623
Total token count: 1819
Generated sample at index 461
Total token count: 1827
Emptied CUDA cache
{'loss': '0.1126', 'grad_norm': '1.209', 'learning_rate': '6.029e-05', 'entropy': 'nan', 'num_tokens': '6.401e+06', 'mean_token_accuracy': '0.9797', 'epoch': '4.429'}
Generated sample at index 540
Total token count: 2715
Generated sample at index 490
Total token count: 1821
Generated sample at index 47
Total token count: 3607
Generated sample at index 445
Total token count: 1822
Generated sample at index 363
Total token count: 1831
Generated sample at index 539
Total token count: 1822
Generated sample at index 247
Total token count: 1822
Generated sample at index 28
Total token count: 1827
Emptied CUDA cache
{'loss': '0.1155', 'grad_norm': '2.394', 'learning_rate': '6.012e-05', 'entropy': 'nan', 'num_tokens': '6.418e+06', 'mean_token_accuracy': '0.9773', 'epoch': '4.44'}
Generated sample at index 696
Total token count: 2715
Generated sample at index 186
Total token count: 1814
Generated sample at index 646
Total token count: 1820
Generated sample at index 132
Total token count: 925
Generated sample at index 488
Total token count: 1830
Generated sample at index 157
Total token count: 2712
Generated sample at index 39
Total token count: 1797
Generated sample at index 307
Total token count: 3600
Emptied CUDA cache
{'loss': '0.104', 'grad_norm': '1.276', 'learning_rate': '5.996e-05', 'entropy': 'nan', 'num_tokens': '6.433e+06', 'mean_token_accuracy': '0.9808', 'epoch': '4.45'}
Generated sample at index 236
Total token count: 2723
Generated sample at index 652
Total token count: 1801
Generated sample at index 587
Total token count: 2712
Generated sample at index 223
Total token count: 1818
Generated sample at index 545
Total token count: 1819
Generated sample at index 477
Total token count: 1824
Generated sample at index 415
Total token count: 2709
Generated sample at index 536
Total token count: 1809
Emptied CUDA cache
{'loss': '0.09432', 'grad_norm': '1.718', 'learning_rate': '5.98e-05', 'entropy': 'nan', 'num_tokens': '6.452e+06', 'mean_token_accuracy': '0.9807', 'epoch': '4.461'}
Generated sample at index 241
Total token count: 2712
Generated sample at index 197
Total token count: 2713
Generated sample at index 386
Total token count: 913
Generated sample at index 552
Total token count: 1828
Generated sample at index 601
Total token count: 1818
Generated sample at index 507
Total token count: 1822
Generated sample at index 704
Total token count: 1810
Generated sample at index 196
Total token count: 2713
Emptied CUDA cache
{'loss': '0.1049', 'grad_norm': '1.89', 'learning_rate': '5.963e-05', 'entropy': 'nan', 'num_tokens': '6.468e+06', 'mean_token_accuracy': '0.9798', 'epoch': '4.472'}
Generated sample at index 37
Total token count: 1812
Generated sample at index 399
Total token count: 1825
Generated sample at index 405
Total token count: 1813
Generated sample at index 731
Total token count: 1821
Generated sample at index 72
Total token count: 2716
Generated sample at index 177
Total token count: 1823
Generated sample at index 255
Total token count: 2720
Generated sample at index 184
Total token count: 1825
Emptied CUDA cache
{'loss': '0.09321', 'grad_norm': '1.503', 'learning_rate': '5.947e-05', 'entropy': 'nan', 'num_tokens': '6.485e+06', 'mean_token_accuracy': '0.9813', 'epoch': '4.483'}
Generated sample at index 616
Total token count: 1805
Generated sample at index 407
Total token count: 1816
Generated sample at index 637
Total token count: 1821
Generated sample at index 306
Total token count: 1801
Generated sample at index 145
Total token count: 1802
Generated sample at index 102
Total token count: 3606
Generated sample at index 244
Total token count: 2718
Generated sample at index 724
Total token count: 2715
Emptied CUDA cache
{'loss': '0.116', 'grad_norm': '2.662', 'learning_rate': '5.93e-05', 'entropy': 'nan', 'num_tokens': '6.502e+06', 'mean_token_accuracy': '0.9783', 'epoch': '4.493'}
Generated sample at index 684
Total token count: 2713
Generated sample at index 209
Total token count: 1824
Generated sample at index 593
Total token count: 1825
Generated sample at index 390
Total token count: 1797
Generated sample at index 326
Total token count: 1807
Generated sample at index 124
Total token count: 915
Generated sample at index 135
Total token count: 1823
Generated sample at index 518
Total token count: 925
Emptied CUDA cache
{'loss': '0.07921', 'grad_norm': '0.9868', 'learning_rate': '5.914e-05', 'entropy': 'nan', 'num_tokens': '6.518e+06', 'mean_token_accuracy': '0.9834', 'epoch': '4.504'}
Generated sample at index 106
Total token count: 1819
Generated sample at index 272
Total token count: 2715
Generated sample at index 137
Total token count: 2709
Generated sample at index 126
Total token count: 2719
Generated sample at index 168
Total token count: 1831
Generated sample at index 215
Total token count: 1813
Generated sample at index 470
Total token count: 921
Generated sample at index 267
Total token count: 1825
Emptied CUDA cache
{'loss': '0.1045', 'grad_norm': '1.832', 'learning_rate': '5.897e-05', 'entropy': 'nan', 'num_tokens': '6.533e+06', 'mean_token_accuracy': '0.9791', 'epoch': '4.515'}
Generated sample at index 548
Total token count: 2718
Generated sample at index 447
Total token count: 1813
Generated sample at index 613
Total token count: 2717
Generated sample at index 42
Total token count: 1803
Generated sample at index 167
Total token count: 2708
Generated sample at index 9
Total token count: 1816
Generated sample at index 501
Total token count: 1809
Generated sample at index 305
Total token count: 1828
Emptied CUDA cache
{'loss': '0.1009', 'grad_norm': '1.823', 'learning_rate': '5.881e-05', 'entropy': 'nan', 'num_tokens': '6.55e+06', 'mean_token_accuracy': '0.9813', 'epoch': '4.525'}
Generated sample at index 98
Total token count: 1830
Generated sample at index 27
Total token count: 2714
Generated sample at index 391
Total token count: 1825
Generated sample at index 369
Total token count: 1817
Generated sample at index 481
Total token count: 1807
Generated sample at index 60
Total token count: 1826
Generated sample at index 176
Total token count: 1826
Generated sample at index 15
Total token count: 1807
Emptied CUDA cache
{'loss': '0.09798', 'grad_norm': '1.266', 'learning_rate': '5.865e-05', 'entropy': 'nan', 'num_tokens': '6.566e+06', 'mean_token_accuracy': '0.9807', 'epoch': '4.536'}
Generated sample at index 440
Total token count: 1814
Generated sample at index 330
Total token count: 1820
Generated sample at index 605
Total token count: 1808
Generated sample at index 392
Total token count: 1823
Generated sample at index 268
Total token count: 1807
Generated sample at index 567
Total token count: 1820
Generated sample at index 371
Total token count: 1831
Generated sample at index 131
Total token count: 1820
Emptied CUDA cache
{'loss': '0.3115', 'grad_norm': '1.216', 'learning_rate': '5.848e-05', 'entropy': 'nan', 'num_tokens': '6.58e+06', 'mean_token_accuracy': '0.9828', 'epoch': '4.547'}
Generated sample at index 242
Total token count: 1825
Generated sample at index 421
Total token count: 913
Generated sample at index 396
Total token count: 1801
Generated sample at index 92
Total token count: 1823
Generated sample at index 353
Total token count: 1832
Generated sample at index 422
Total token count: 1812
Generated sample at index 582
Total token count: 912
Generated sample at index 83
Total token count: 915
Emptied CUDA cache
{'loss': '0.1067', 'grad_norm': '2.184', 'learning_rate': '5.832e-05', 'entropy': 'nan', 'num_tokens': '6.593e+06', 'mean_token_accuracy': '0.9789', 'epoch': '4.558'}
Generated sample at index 181
Total token count: 1812
Generated sample at index 379
Total token count: 1815
Generated sample at index 715
Total token count: 1802
Generated sample at index 564
Total token count: 2711
Generated sample at index 560
Total token count: 1823
Generated sample at index 321
Total token count: 1810
Generated sample at index 526
Total token count: 1815
Generated sample at index 63
Total token count: 1816
Emptied CUDA cache
{'loss': '0.07409', 'grad_norm': '0.8342', 'learning_rate': '5.815e-05', 'entropy': 'nan', 'num_tokens': '6.608e+06', 'mean_token_accuracy': '0.9841', 'epoch': '4.568'}
Generated sample at index 641
Total token count: 922
Generated sample at index 671
Total token count: 1822
Generated sample at index 220
Total token count: 914
Generated sample at index 256
Total token count: 1826
Generated sample at index 111
Total token count: 3607
Generated sample at index 733
Total token count: 1813
Generated sample at index 182
Total token count: 1817
Generated sample at index 54
Total token count: 2715
Emptied CUDA cache
{'loss': '0.0842', 'grad_norm': '0.4807', 'learning_rate': '5.799e-05', 'entropy': 'nan', 'num_tokens': '6.622e+06', 'mean_token_accuracy': '0.9837', 'epoch': '4.579'}
Generated sample at index 584
Total token count: 1802
Generated sample at index 14
Total token count: 1822
Generated sample at index 276
Total token count: 1810
Generated sample at index 142
Total token count: 1826
Generated sample at index 94
Total token count: 1809
Generated sample at index 670
Total token count: 1820
Generated sample at index 323
Total token count: 1814
Generated sample at index 514
Total token count: 920
Emptied CUDA cache
{'loss': '0.09722', 'grad_norm': '1.606', 'learning_rate': '5.782e-05', 'entropy': 'nan', 'num_tokens': '6.637e+06', 'mean_token_accuracy': '0.9823', 'epoch': '4.59'}
Generated sample at index 639
Total token count: 1819
Generated sample at index 260
Total token count: 1830
Generated sample at index 709
Total token count: 1809
Generated sample at index 497
Total token count: 1816
Generated sample at index 96
Total token count: 1822
Generated sample at index 458
Total token count: 1824
Generated sample at index 416
Total token count: 1822
Generated sample at index 245
Total token count: 1825
Emptied CUDA cache
{'loss': '0.09571', 'grad_norm': '1.437', 'learning_rate': '5.766e-05', 'entropy': 'nan', 'num_tokens': '6.651e+06', 'mean_token_accuracy': '0.9805', 'epoch': '4.601'}
Generated sample at index 53
Total token count: 914
Generated sample at index 257
Total token count: 2723
Generated sample at index 163
Total token count: 1817
Generated sample at index 69
Total token count: 1814
Generated sample at index 617
Total token count: 1819
Generated sample at index 592
Total token count: 1824
Generated sample at index 140
Total token count: 1819
Generated sample at index 233
Total token count: 1824
Emptied CUDA cache
{'loss': '0.08857', 'grad_norm': '0.6318', 'learning_rate': '5.749e-05', 'entropy': 'nan', 'num_tokens': '6.666e+06', 'mean_token_accuracy': '0.9828', 'epoch': '4.611'}
Generated sample at index 118
Total token count: 2727
Generated sample at index 333
Total token count: 1830
Generated sample at index 631
Total token count: 1813
Generated sample at index 412
Total token count: 913
Generated sample at index 642
Total token count: 1797
Generated sample at index 538
Total token count: 1826
Generated sample at index 657
Total token count: 3598
Generated sample at index 35
Total token count: 5388
Emptied CUDA cache
{'loss': '0.1027', 'grad_norm': '1.883', 'learning_rate': '5.733e-05', 'entropy': 'nan', 'num_tokens': '6.682e+06', 'mean_token_accuracy': '0.9802', 'epoch': '4.622'}
Generated sample at index 626
Total token count: 1810
Generated sample at index 269
Total token count: 1797
Generated sample at index 101
Total token count: 1828
Generated sample at index 682
Total token count: 2714
Generated sample at index 226
Total token count: 1810
Generated sample at index 340
Total token count: 1825
Generated sample at index 716
Total token count: 1807
Generated sample at index 542
Total token count: 1826
Emptied CUDA cache
{'loss': '0.09767', 'grad_norm': '2.038', 'learning_rate': '5.716e-05', 'entropy': 'nan', 'num_tokens': '6.701e+06', 'mean_token_accuracy': '0.9812', 'epoch': '4.633'}
Generated sample at index 301
Total token count: 2711
Generated sample at index 89
Total token count: 1820
Generated sample at index 292
Total token count: 1802
Generated sample at index 695
Total token count: 1832
Generated sample at index 523
Total token count: 1826
Generated sample at index 700
Total token count: 1826
Generated sample at index 594
Total token count: 1821
Generated sample at index 252
Total token count: 1808
Emptied CUDA cache
{'loss': '0.1101', 'grad_norm': '2.36', 'learning_rate': '5.7e-05', 'entropy': 'nan', 'num_tokens': '6.716e+06', 'mean_token_accuracy': '0.9778', 'epoch': '4.643'}
Generated sample at index 271
Total token count: 1830
Generated sample at index 721
Total token count: 1804
Generated sample at index 419
Total token count: 2712
Generated sample at index 144
Total token count: 2714
Generated sample at index 436
Total token count: 1805
Generated sample at index 230
Total token count: 1810
Generated sample at index 503
Total token count: 1811
Generated sample at index 442
Total token count: 1805
Emptied CUDA cache
{'loss': '0.09886', 'grad_norm': '1.859', 'learning_rate': '5.683e-05', 'entropy': 'nan', 'num_tokens': '6.733e+06', 'mean_token_accuracy': '0.9815', 'epoch': '4.654'}
Generated sample at index 185
Total token count: 2716
Generated sample at index 665
Total token count: 1808
Generated sample at index 466
Total token count: 1830
Generated sample at index 647
Total token count: 1825
Generated sample at index 632
Total token count: 1828
Generated sample at index 264
Total token count: 1835
Generated sample at index 500
Total token count: 1813
Generated sample at index 139
Total token count: 921
Emptied CUDA cache
{'loss': '0.09755', 'grad_norm': '1.646', 'learning_rate': '5.666e-05', 'entropy': 'nan', 'num_tokens': '6.748e+06', 'mean_token_accuracy': '0.98', 'epoch': '4.665'}
Generated sample at index 120
Total token count: 1819
Generated sample at index 296
Total token count: 1809
Generated sample at index 82
Total token count: 1813
Generated sample at index 222
Total token count: 1829
Generated sample at index 70
Total token count: 3603
Generated sample at index 311
Total token count: 1808
Generated sample at index 480
Total token count: 1809
Generated sample at index 237
Total token count: 1809
Emptied CUDA cache
{'loss': '0.08408', 'grad_norm': '1.832', 'learning_rate': '5.65e-05', 'entropy': 'nan', 'num_tokens': '6.764e+06', 'mean_token_accuracy': '0.9817', 'epoch': '4.676'}
Generated sample at index 555
Total token count: 1833
Generated sample at index 387
Total token count: 1823
Generated sample at index 122
Total token count: 1809
Generated sample at index 734
Total token count: 1813
Generated sample at index 525
Total token count: 1827
Generated sample at index 694
Total token count: 1808
Generated sample at index 418
Total token count: 1798
Generated sample at index 355
Total token count: 2711
Emptied CUDA cache
{'loss': '0.07928', 'grad_norm': '1.038', 'learning_rate': '5.633e-05', 'entropy': 'nan', 'num_tokens': '6.778e+06', 'mean_token_accuracy': '0.9831', 'epoch': '4.686'}
Generated sample at index 740
Total token count: 1802
Generated sample at index 544
Total token count: 1805
Generated sample at index 692
Total token count: 1807
Generated sample at index 153
Total token count: 1813
Generated sample at index 23
Total token count: 2715
Generated sample at index 420
Total token count: 1815
Generated sample at index 246
Total token count: 2717
Generated sample at index 658
Total token count: 1820
Emptied CUDA cache
{'loss': '0.06992', 'grad_norm': '0.8648', 'learning_rate': '5.617e-05', 'entropy': 'nan', 'num_tokens': '6.795e+06', 'mean_token_accuracy': '0.9858', 'epoch': '4.697'}
Generated sample at index 180
Total token count: 1803
Generated sample at index 0
Total token count: 1815
Generated sample at index 672
Total token count: 1818
Generated sample at index 697
Total token count: 2706
Generated sample at index 664
Total token count: 1825
Generated sample at index 482
Total token count: 919
Generated sample at index 590
Total token count: 1807
Generated sample at index 75
Total token count: 1812
Emptied CUDA cache
{'loss': '0.07933', 'grad_norm': '0.7104', 'learning_rate': '5.6e-05', 'entropy': 'nan', 'num_tokens': '6.81e+06', 'mean_token_accuracy': '0.984', 'epoch': '4.708'}
Generated sample at index 239
Total token count: 1829
Generated sample at index 295
Total token count: 1820
Generated sample at index 400
Total token count: 1827
Generated sample at index 517
Total token count: 1825
Generated sample at index 598
Total token count: 1825
Generated sample at index 660
Total token count: 1823
Generated sample at index 534
Total token count: 1829
Generated sample at index 208
Total token count: 1828
Emptied CUDA cache
{'loss': '0.08648', 'grad_norm': '0.7042', 'learning_rate': '5.584e-05', 'entropy': 'nan', 'num_tokens': '6.824e+06', 'mean_token_accuracy': '0.9821', 'epoch': '4.718'}
Generated sample at index 625
Total token count: 1816
Generated sample at index 687
Total token count: 3609
Generated sample at index 744
Total token count: 2714
Generated sample at index 678
Total token count: 1806
Generated sample at index 253
Total token count: 1824
Generated sample at index 154
Total token count: 1813
Generated sample at index 634
Total token count: 1820
Generated sample at index 125
Total token count: 920
Emptied CUDA cache
{'loss': '0.0847', 'grad_norm': '0.9595', 'learning_rate': '5.567e-05', 'entropy': 'nan', 'num_tokens': '6.842e+06', 'mean_token_accuracy': '0.983', 'epoch': '4.729'}
Generated sample at index 117
Total token count: 1820
Generated sample at index 24
Total token count: 2710
Generated sample at index 434
Total token count: 1819
Generated sample at index 686
Total token count: 1835
Generated sample at index 290
Total token count: 2718
Generated sample at index 374
Total token count: 913
Generated sample at index 64
Total token count: 1828
Generated sample at index 430
Total token count: 2710
Emptied CUDA cache
{'loss': '0.08357', 'grad_norm': '1.168', 'learning_rate': '5.55e-05', 'entropy': 'nan', 'num_tokens': '6.856e+06', 'mean_token_accuracy': '0.9818', 'epoch': '4.74'}
Generated sample at index 87
Total token count: 1826
Generated sample at index 382
Total token count: 1828
Generated sample at index 708
Total token count: 1814
Generated sample at index 413
Total token count: 1810
Generated sample at index 675
Total token count: 1820
Generated sample at index 437
Total token count: 1807
Generated sample at index 611
Total token count: 1803
Generated sample at index 115
Total token count: 922
Emptied CUDA cache
{'loss': '0.06932', 'grad_norm': '0.4937', 'learning_rate': '5.534e-05', 'entropy': 'nan', 'num_tokens': '6.872e+06', 'mean_token_accuracy': '0.9857', 'epoch': '4.751'}
Generated sample at index 164
Total token count: 1830
Generated sample at index 513
Total token count: 2713
Generated sample at index 743
Total token count: 2715
Generated sample at index 261
Total token count: 2718
Generated sample at index 527
Total token count: 1806
Generated sample at index 121
Total token count: 1821
Generated sample at index 275
Total token count: 1828
Generated sample at index 367
Total token count: 1823
Emptied CUDA cache
{'loss': '0.09101', 'grad_norm': '1.263', 'learning_rate': '5.517e-05', 'entropy': 'nan', 'num_tokens': '6.888e+06', 'mean_token_accuracy': '0.9826', 'epoch': '4.761'}
Generated sample at index 521
Total token count: 1814
Generated sample at index 452
Total token count: 1828
Generated sample at index 597
Total token count: 1803
Generated sample at index 285
Total token count: 1822
Generated sample at index 467
Total token count: 1834
Generated sample at index 297
Total token count: 1819
Generated sample at index 202
Total token count: 1827
Generated sample at index 339
Total token count: 1802
Emptied CUDA cache
{'loss': '0.08144', 'grad_norm': '0.9751', 'learning_rate': '5.5e-05', 'entropy': 'nan', 'num_tokens': '6.903e+06', 'mean_token_accuracy': '0.9838', 'epoch': '4.772'}
Generated sample at index 568
Total token count: 915
Generated sample at index 547
Total token count: 1821
Generated sample at index 375
Total token count: 1819
Generated sample at index 428
Total token count: 1824
Generated sample at index 494
Total token count: 1822
Generated sample at index 403
Total token count: 1817
Generated sample at index 165
Total token count: 1811
Generated sample at index 258
Total token count: 1813
Emptied CUDA cache
{'loss': '0.07413', 'grad_norm': '0.3801', 'learning_rate': '5.484e-05', 'entropy': 'nan', 'num_tokens': '6.916e+06', 'mean_token_accuracy': '0.9848', 'epoch': '4.783'}
Generated sample at index 571
Total token count: 1824
Generated sample at index 510
Total token count: 1825
Generated sample at index 251
Total token count: 1833
Generated sample at index 460
Total token count: 1823
Generated sample at index 495
Total token count: 1828
Generated sample at index 365
Total token count: 3602
Generated sample at index 636
Total token count: 1814
Generated sample at index 362
Total token count: 2717
Emptied CUDA cache
{'loss': '0.08365', 'grad_norm': '0.9684', 'learning_rate': '5.467e-05', 'entropy': 'nan', 'num_tokens': '6.933e+06', 'mean_token_accuracy': '0.9832', 'epoch': '4.794'}
Generated sample at index 127
Total token count: 1797
Generated sample at index 699
Total token count: 1811
Generated sample at index 22
Total token count: 1816
Generated sample at index 5
Total token count: 927
Generated sample at index 294
Total token count: 1814
Generated sample at index 358
Total token count: 1831
Generated sample at index 576
Total token count: 1822
Generated sample at index 668
Total token count: 1822
Emptied CUDA cache
{'loss': '0.2736', 'grad_norm': '1.171', 'learning_rate': '5.451e-05', 'entropy': 'nan', 'num_tokens': '6.947e+06', 'mean_token_accuracy': '0.9841', 'epoch': '4.804'}
Generated sample at index 653
Total token count: 1801
Generated sample at index 33
Total token count: 1807
Generated sample at index 108
Total token count: 919
Generated sample at index 152
Total token count: 1802
Generated sample at index 107
Total token count: 1829
Generated sample at index 619
Total token count: 1817
Generated sample at index 411
Total token count: 1822
Generated sample at index 20
Total token count: 920
Emptied CUDA cache
{'loss': '0.07075', 'grad_norm': '0.4487', 'learning_rate': '5.434e-05', 'entropy': 'nan', 'num_tokens': '6.961e+06', 'mean_token_accuracy': '0.9857', 'epoch': '4.815'}
Generated sample at index 680
Total token count: 1818
Generated sample at index 681
Total token count: 1812
Generated sample at index 97
Total token count: 1805
Generated sample at index 86
Total token count: 1822
Generated sample at index 150
Total token count: 3612
Generated sample at index 645
Total token count: 1808
Generated sample at index 19
Total token count: 4500
Generated sample at index 193
Total token count: 1824
Emptied CUDA cache
{'loss': '0.07438', 'grad_norm': '0.7941', 'learning_rate': '5.417e-05', 'entropy': 'nan', 'num_tokens': '6.979e+06', 'mean_token_accuracy': '0.9854', 'epoch': '4.826'}
Generated sample at index 160
Total token count: 1821
Generated sample at index 509
Total token count: 2711
Generated sample at index 519
Total token count: 1818
Generated sample at index 68
Total token count: 3605
Generated sample at index 569
Total token count: 1819
Generated sample at index 41
Total token count: 2717
Generated sample at index 629
Total token count: 1808
Generated sample at index 216
Total token count: 1805
Emptied CUDA cache
{'loss': '0.06853', 'grad_norm': '0.841', 'learning_rate': '5.401e-05', 'entropy': 'nan', 'num_tokens': '6.997e+06', 'mean_token_accuracy': '0.9847', 'epoch': '4.836'}
Generated sample at index 487
Total token count: 1834
Generated sample at index 475
Total token count: 1827
Generated sample at index 143
Total token count: 4496
Generated sample at index 7
Total token count: 1827
Generated sample at index 155
Total token count: 1826
Generated sample at index 228
Total token count: 1818
Generated sample at index 745
Total token count: 915
Generated sample at index 718
Total token count: 2707
Emptied CUDA cache
{'loss': '0.3829', 'grad_norm': '1.859', 'learning_rate': '5.384e-05', 'entropy': 'nan', 'num_tokens': '7.013e+06', 'mean_token_accuracy': '0.9844', 'epoch': '4.847'}
Generated sample at index 622
Total token count: 1827
Generated sample at index 110
Total token count: 1805
Generated sample at index 562
Total token count: 922
Generated sample at index 443
Total token count: 920
Generated sample at index 459
Total token count: 1826
Generated sample at index 194
Total token count: 1812
Generated sample at index 385
Total token count: 1815
Generated sample at index 175
Total token count: 920
Emptied CUDA cache
{'loss': '0.08447', 'grad_norm': '0.9499', 'learning_rate': '5.367e-05', 'entropy': 'nan', 'num_tokens': '7.027e+06', 'mean_token_accuracy': '0.9832', 'epoch': '4.858'}
Generated sample at index 431
Total token count: 1817
Generated sample at index 287
Total token count: 2715
Generated sample at index 388
Total token count: 1829
Generated sample at index 659
Total token count: 1797
Generated sample at index 673
Total token count: 1816
Generated sample at index 635
Total token count: 1797
Generated sample at index 263
Total token count: 916
Generated sample at index 496
Total token count: 1818
Emptied CUDA cache
{'loss': '0.06216', 'grad_norm': '0.2942', 'learning_rate': '5.351e-05', 'entropy': 'nan', 'num_tokens': '7.041e+06', 'mean_token_accuracy': '0.9871', 'epoch': '4.869'}
Generated sample at index 395
Total token count: 914
Generated sample at index 134
Total token count: 1808
Generated sample at index 364
Total token count: 1820
Generated sample at index 3
Total token count: 2710
Generated sample at index 596
Total token count: 1812
Generated sample at index 621
Total token count: 1811
Generated sample at index 712
Total token count: 1824
Generated sample at index 359
Total token count: 1831
Emptied CUDA cache
{'loss': '0.06599', 'grad_norm': '0.5192', 'learning_rate': '5.334e-05', 'entropy': 'nan', 'num_tokens': '7.055e+06', 'mean_token_accuracy': '0.9859', 'epoch': '4.879'}
Generated sample at index 595
Total token count: 1817
Generated sample at index 300
Total token count: 2711
Generated sample at index 730
Total token count: 2714
Generated sample at index 397
Total token count: 1804
Generated sample at index 29
Total token count: 1829
Generated sample at index 691
Total token count: 1821
Generated sample at index 575
Total token count: 1794
Generated sample at index 329
Total token count: 1810
Emptied CUDA cache
{'loss': '0.07789', 'grad_norm': '1.071', 'learning_rate': '5.317e-05', 'entropy': 'nan', 'num_tokens': '7.071e+06', 'mean_token_accuracy': '0.9842', 'epoch': '4.89'}
Generated sample at index 465
Total token count: 1813
Generated sample at index 454
Total token count: 1822
Generated sample at index 438
Total token count: 2715
Generated sample at index 302
Total token count: 1811
Generated sample at index 327
Total token count: 915
Generated sample at index 463
Total token count: 1808
Generated sample at index 38
Total token count: 1815
Generated sample at index 583
Total token count: 2714
Emptied CUDA cache
{'loss': '0.06499', 'grad_norm': '0.7211', 'learning_rate': '5.301e-05', 'entropy': 'nan', 'num_tokens': '7.086e+06', 'mean_token_accuracy': '0.9857', 'epoch': '4.901'}
Generated sample at index 351
Total token count: 2721
Generated sample at index 384
Total token count: 1803
Generated sample at index 30
Total token count: 1819
Generated sample at index 476
Total token count: 1826
Generated sample at index 532
Total token count: 1819
Generated sample at index 444
Total token count: 1804
Generated sample at index 151
Total token count: 2713
Generated sample at index 319
Total token count: 1817
Emptied CUDA cache
{'loss': '0.06912', 'grad_norm': '0.86', 'learning_rate': '5.284e-05', 'entropy': 'nan', 'num_tokens': '7.103e+06', 'mean_token_accuracy': '0.9853', 'epoch': '4.912'}
Generated sample at index 649
Total token count: 2712
Generated sample at index 313
Total token count: 1828
Generated sample at index 88
Total token count: 1820
Generated sample at index 278
Total token count: 1819
Generated sample at index 52
Total token count: 2712
Generated sample at index 104
Total token count: 915
Generated sample at index 609
Total token count: 2708
Generated sample at index 457
Total token count: 1833
Emptied CUDA cache
{'loss': '0.07163', 'grad_norm': '0.7263', 'learning_rate': '5.267e-05', 'entropy': 'nan', 'num_tokens': '7.119e+06', 'mean_token_accuracy': '0.9849', 'epoch': '4.922'}
Generated sample at index 198
Total token count: 2712
Generated sample at index 224
Total token count: 1823
Generated sample at index 742
Total token count: 2712
Generated sample at index 105
Total token count: 1809
Generated sample at index 10
Total token count: 2713
Generated sample at index 549
Total token count: 1826
Generated sample at index 128
Total token count: 1805
Generated sample at index 248
Total token count: 1806
Emptied CUDA cache
{'loss': '0.0659', 'grad_norm': '0.7797', 'learning_rate': '5.251e-05', 'entropy': 'nan', 'num_tokens': '7.137e+06', 'mean_token_accuracy': '0.9862', 'epoch': '4.933'}
Generated sample at index 214
Total token count: 1826
Generated sample at index 741
Total token count: 1823
Generated sample at index 161
Total token count: 2715
Generated sample at index 618
Total token count: 1812
Generated sample at index 543
Total token count: 1807
Generated sample at index 273
Total token count: 2713
Generated sample at index 32
Total token count: 1821
Generated sample at index 512
Total token count: 1824
Emptied CUDA cache
{'loss': '0.06547', 'grad_norm': '2.051', 'learning_rate': '5.234e-05', 'entropy': 'nan', 'num_tokens': '7.153e+06', 'mean_token_accuracy': '0.9856', 'epoch': '4.944'}
Generated sample at index 505
Total token count: 919
Generated sample at index 738
Total token count: 1804
Generated sample at index 6
Total token count: 1805
Generated sample at index 633
Total token count: 1823
Generated sample at index 449
Total token count: 1822
Generated sample at index 57
Total token count: 2719
Generated sample at index 293
Total token count: 1814
Generated sample at index 417
Total token count: 1814
Emptied CUDA cache
{'loss': '0.07127', 'grad_norm': '0.67', 'learning_rate': '5.217e-05', 'entropy': 'nan', 'num_tokens': '7.168e+06', 'mean_token_accuracy': '0.9851', 'epoch': '4.954'}
Generated sample at index 492
Total token count: 1801
Generated sample at index 187
Total token count: 921
Generated sample at index 299
Total token count: 1826
Generated sample at index 212
Total token count: 1828
Generated sample at index 203
Total token count: 1808
Generated sample at index 628
Total token count: 2713
Generated sample at index 558
Total token count: 2718
Generated sample at index 478
Total token count: 1818
Emptied CUDA cache
{'loss': '0.07614', 'grad_norm': '0.6131', 'learning_rate': '5.2e-05', 'entropy': 'nan', 'num_tokens': '7.183e+06', 'mean_token_accuracy': '0.9838', 'epoch': '4.965'}
Generated sample at index 456
Total token count: 913
Generated sample at index 328
Total token count: 1828
Generated sample at index 603
Total token count: 1817
Generated sample at index 511
Total token count: 1812
Generated sample at index 325
Total token count: 1825
Generated sample at index 25
Total token count: 1818
Generated sample at index 99
Total token count: 2716
Generated sample at index 16
Total token count: 1810
Emptied CUDA cache
{'loss': '0.0659', 'grad_norm': '0.503', 'learning_rate': '5.184e-05', 'entropy': 'nan', 'num_tokens': '7.197e+06', 'mean_token_accuracy': '0.986', 'epoch': '4.976'}
Generated sample at index 343
Total token count: 1809
Generated sample at index 464
Total token count: 1832
Generated sample at index 204
Total token count: 1818
Generated sample at index 600
Total token count: 914
Generated sample at index 679
Total token count: 1831
Generated sample at index 608
Total token count: 1797
Generated sample at index 156
Total token count: 1797
Generated sample at index 663
Total token count: 1811
Emptied CUDA cache
{'loss': '0.0597', 'grad_norm': '0.6888', 'learning_rate': '5.167e-05', 'entropy': 'nan', 'num_tokens': '7.211e+06', 'mean_token_accuracy': '0.9866', 'epoch': '4.987'}
Generated sample at index 199
Total token count: 2715
Generated sample at index 408
Total token count: 1829
Generated sample at index 55
Total token count: 2714
Generated sample at index 372
Total token count: 1825
Generated sample at index 84
Total token count: 2717
Generated sample at index 334
Total token count: 2711
Generated sample at index 599
Total token count: 1797
Generated sample at index 357
Total token count: 3602
Emptied CUDA cache
{'loss': '0.06251', 'grad_norm': '0.5807', 'learning_rate': '5.15e-05', 'entropy': 'nan', 'num_tokens': '7.229e+06', 'mean_token_accuracy': '0.987', 'epoch': '4.997'}
Generated sample at index 170
Total token count: 1828
Emptied CUDA cache
{'loss': '0.06976', 'grad_norm': '0.407', 'learning_rate': '5.134e-05', 'entropy': 'nan', 'num_tokens': '7.235e+06', 'mean_token_accuracy': '0.9864', 'epoch': '5'}
Generated sample at index 315
Total token count: 1820
Generated sample at index 249
Total token count: 3606
Generated sample at index 257
Total token count: 2723
Generated sample at index 390
Total token count: 1797
Generated sample at index 360
Total token count: 909
Generated sample at index 744
Total token count: 2714
Generated sample at index 462
Total token count: 1812
Generated sample at index 599
Total token count: 1797
Generated sample at index 105
Total token count: 1809
Emptied CUDA cache
{'loss': '0.06053', 'grad_norm': '0.8437', 'learning_rate': '5.117e-05', 'entropy': 'nan', 'num_tokens': '7.252e+06', 'mean_token_accuracy': '0.9872', 'epoch': '5.011'}
Generated sample at index 44
Total token count: 2729
Generated sample at index 241
Total token count: 2712
Generated sample at index 21
Total token count: 1814
Generated sample at index 415
Total token count: 2709
Generated sample at index 67
Total token count: 1825
Generated sample at index 33
Total token count: 1807
Generated sample at index 382
Total token count: 1828
Generated sample at index 288
Total token count: 1824
Emptied CUDA cache
{'loss': '0.06694', 'grad_norm': '0.8136', 'learning_rate': '5.1e-05', 'entropy': 'nan', 'num_tokens': '7.269e+06', 'mean_token_accuracy': '0.9856', 'epoch': '5.021'}
Generated sample at index 450
Total token count: 1826
Generated sample at index 381
Total token count: 1822
Generated sample at index 731
Total token count: 1821
Generated sample at index 63
Total token count: 1816
Generated sample at index 542
Total token count: 1826
Generated sample at index 726
Total token count: 1823
Generated sample at index 521
Total token count: 1814
Generated sample at index 667
Total token count: 1810
Emptied CUDA cache
{'loss': '0.06912', 'grad_norm': '0.4675', 'learning_rate': '5.084e-05', 'entropy': 'nan', 'num_tokens': '7.284e+06', 'mean_token_accuracy': '0.9854', 'epoch': '5.032'}
Generated sample at index 191
Total token count: 1813
Generated sample at index 115
Total token count: 922
Generated sample at index 594
Total token count: 1821
Generated sample at index 507
Total token count: 1822
Generated sample at index 704
Total token count: 1810
Generated sample at index 703
Total token count: 1821
Generated sample at index 71
Total token count: 914
Generated sample at index 70
Total token count: 3603
Emptied CUDA cache
{'loss': '0.07427', 'grad_norm': '0.815', 'learning_rate': '5.067e-05', 'entropy': 'nan', 'num_tokens': '7.296e+06', 'mean_token_accuracy': '0.9859', 'epoch': '5.043'}
Generated sample at index 271
Total token count: 1830
Generated sample at index 460
Total token count: 1823
Generated sample at index 16
Total token count: 1810
Generated sample at index 465
Total token count: 1813
Generated sample at index 112
Total token count: 1804
Generated sample at index 710
Total token count: 1819
Generated sample at index 692
Total token count: 1807
Generated sample at index 446
Total token count: 1823
Emptied CUDA cache
{'loss': '0.06497', 'grad_norm': '0.7107', 'learning_rate': '5.05e-05', 'entropy': 'nan', 'num_tokens': '7.313e+06', 'mean_token_accuracy': '0.9868', 'epoch': '5.054'}
Generated sample at index 127
Total token count: 1797
Generated sample at index 243
Total token count: 1823
Generated sample at index 568
Total token count: 915
Generated sample at index 118
Total token count: 2727
Generated sample at index 377
Total token count: 2707
Generated sample at index 293
Total token count: 1814
Generated sample at index 659
Total token count: 1797
Generated sample at index 281
Total token count: 1807
Emptied CUDA cache
{'loss': '0.05595', 'grad_norm': '0.5306', 'learning_rate': '5.033e-05', 'entropy': 'nan', 'num_tokens': '7.328e+06', 'mean_token_accuracy': '0.9879', 'epoch': '5.064'}
Generated sample at index 691
Total token count: 1821
Generated sample at index 77
Total token count: 1810
Generated sample at index 328
Total token count: 1828
Generated sample at index 561
Total token count: 2713
Generated sample at index 640
Total token count: 1830
Generated sample at index 487
Total token count: 1834
Generated sample at index 673
Total token count: 1816
Generated sample at index 370
Total token count: 1824
Emptied CUDA cache
{'loss': '0.3221', 'grad_norm': '1.624', 'learning_rate': '5.017e-05', 'entropy': 'nan', 'num_tokens': '7.344e+06', 'mean_token_accuracy': '0.9872', 'epoch': '5.075'}
Generated sample at index 570
Total token count: 1805
Generated sample at index 163
Total token count: 1817
Generated sample at index 61
Total token count: 1822
Generated sample at index 126
Total token count: 2719
Generated sample at index 251
Total token count: 1833
Generated sample at index 443
Total token count: 920
Generated sample at index 539
Total token count: 1822
Generated sample at index 430
Total token count: 2710
Emptied CUDA cache
{'loss': '0.0638', 'grad_norm': '0.2381', 'learning_rate': '5e-05', 'entropy': 'nan', 'num_tokens': '7.358e+06', 'mean_token_accuracy': '0.9859', 'epoch': '5.086'}
Generated sample at index 696
Total token count: 2715
Generated sample at index 625
Total token count: 1816
Generated sample at index 401
Total token count: 1822
Generated sample at index 693
Total token count: 1801
Generated sample at index 140
Total token count: 1819
Generated sample at index 156
Total token count: 1797
Generated sample at index 31
Total token count: 1811
Generated sample at index 702
Total token count: 1807
Emptied CUDA cache
{'loss': '0.0635', 'grad_norm': '0.447', 'learning_rate': '4.983e-05', 'entropy': 'nan', 'num_tokens': '7.374e+06', 'mean_token_accuracy': '0.987', 'epoch': '5.097'}
Generated sample at index 128
Total token count: 1805
Generated sample at index 437
Total token count: 1807
Generated sample at index 384
Total token count: 1803
Generated sample at index 344
Total token count: 1824
Generated sample at index 431
Total token count: 1817
Generated sample at index 145
Total token count: 1802
Generated sample at index 56
Total token count: 1825
Generated sample at index 349
Total token count: 2719
Emptied CUDA cache
{'loss': '0.0563', 'grad_norm': '0.4816', 'learning_rate': '4.967e-05', 'entropy': 'nan', 'num_tokens': '7.389e+06', 'mean_token_accuracy': '0.9875', 'epoch': '5.107'}
Generated sample at index 169
Total token count: 1815
Generated sample at index 452
Total token count: 1828
Generated sample at index 38
Total token count: 1815
Generated sample at index 207
Total token count: 1827
Generated sample at index 316
Total token count: 1826
Generated sample at index 15
Total token count: 1807
Generated sample at index 223
Total token count: 1818
Generated sample at index 448
Total token count: 1823
Emptied CUDA cache
{'loss': '0.06268', 'grad_norm': '0.314', 'learning_rate': '4.95e-05', 'entropy': 'nan', 'num_tokens': '7.404e+06', 'mean_token_accuracy': '0.9865', 'epoch': '5.118'}
Generated sample at index 109
Total token count: 1808
Generated sample at index 242
Total token count: 1825
Generated sample at index 729
Total token count: 2712
Generated sample at index 386
Total token count: 913
Generated sample at index 646
Total token count: 1820
Generated sample at index 413
Total token count: 1810
Generated sample at index 149
Total token count: 3605
Generated sample at index 476
Total token count: 1826
Emptied CUDA cache
{'loss': '0.05874', 'grad_norm': '0.4544', 'learning_rate': '4.933e-05', 'entropy': 'nan', 'num_tokens': '7.421e+06', 'mean_token_accuracy': '0.9875', 'epoch': '5.129'}
Generated sample at index 660
Total token count: 1823
Generated sample at index 619
Total token count: 1817
Generated sample at index 336
Total token count: 2719
Generated sample at index 634
Total token count: 1820
Generated sample at index 536
Total token count: 1809
Generated sample at index 463
Total token count: 1808
Generated sample at index 135
Total token count: 1823
Generated sample at index 65
Total token count: 1825
Emptied CUDA cache
{'loss': '0.06552', 'grad_norm': '0.8677', 'learning_rate': '4.916e-05', 'entropy': 'nan', 'num_tokens': '7.436e+06', 'mean_token_accuracy': '0.9854', 'epoch': '5.139'}
Generated sample at index 572
Total token count: 1808
Generated sample at index 374
Total token count: 913
Generated sample at index 687
Total token count: 3609
Generated sample at index 397
Total token count: 1804
Generated sample at index 1
Total token count: 4490
Generated sample at index 682
Total token count: 2714
Generated sample at index 529
Total token count: 2721
Generated sample at index 461
Total token count: 1827
Emptied CUDA cache
{'loss': '0.05534', 'grad_norm': '0.5634', 'learning_rate': '4.9e-05', 'entropy': 'nan', 'num_tokens': '7.456e+06', 'mean_token_accuracy': '0.9876', 'epoch': '5.15'}
Generated sample at index 652
Total token count: 1801
Generated sample at index 9
Total token count: 1816
Generated sample at index 125
Total token count: 920
Generated sample at index 683
Total token count: 2711
Generated sample at index 91
Total token count: 1823
Generated sample at index 705
Total token count: 1797
Generated sample at index 83
Total token count: 915
Generated sample at index 146
Total token count: 1824
Emptied CUDA cache
{'loss': '0.07347', 'grad_norm': '0.6798', 'learning_rate': '4.883e-05', 'entropy': 'nan', 'num_tokens': '7.47e+06', 'mean_token_accuracy': '0.9857', 'epoch': '5.161'}
Generated sample at index 593
Total token count: 1825
Generated sample at index 583
Total token count: 2714
Generated sample at index 407
Total token count: 1816
Generated sample at index 215
Total token count: 1813
Generated sample at index 131
Total token count: 1820
Generated sample at index 81
Total token count: 2719
Generated sample at index 489
Total token count: 918
Generated sample at index 337
Total token count: 2710
Emptied CUDA cache
{'loss': '0.06585', 'grad_norm': '0.7694', 'learning_rate': '4.866e-05', 'entropy': 'nan', 'num_tokens': '7.485e+06', 'mean_token_accuracy': '0.9846', 'epoch': '5.172'}
Generated sample at index 576
Total token count: 1822
Generated sample at index 643
Total token count: 1797
Generated sample at index 312
Total token count: 929
Generated sample at index 654
Total token count: 1818
Generated sample at index 282
Total token count: 1814
Generated sample at index 456
Total token count: 913
Generated sample at index 298
Total token count: 1822
Generated sample at index 647
Total token count: 1825
Emptied CUDA cache
{'loss': '0.07539', 'grad_norm': '0.6336', 'learning_rate': '4.85e-05', 'entropy': 'nan', 'num_tokens': '7.499e+06', 'mean_token_accuracy': '0.9852', 'epoch': '5.182'}
Generated sample at index 204
Total token count: 1818
Generated sample at index 352
Total token count: 916
Generated sample at index 220
Total token count: 914
Generated sample at index 618
Total token count: 1812
Generated sample at index 194
Total token count: 1812
Generated sample at index 333
Total token count: 1830
Generated sample at index 237
Total token count: 1809
Generated sample at index 17
Total token count: 1810
Emptied CUDA cache
{'loss': '0.0594', 'grad_norm': '0.3587', 'learning_rate': '4.833e-05', 'entropy': 'nan', 'num_tokens': '7.511e+06', 'mean_token_accuracy': '0.9869', 'epoch': '5.193'}
Generated sample at index 515
Total token count: 916
Generated sample at index 324
Total token count: 1829
Generated sample at index 491
Total token count: 2721
Generated sample at index 562
Total token count: 922
Generated sample at index 511
Total token count: 1812
Generated sample at index 676
Total token count: 1804
Generated sample at index 645
Total token count: 1808
Generated sample at index 426
Total token count: 1826
Emptied CUDA cache
{'loss': '0.06461', 'grad_norm': '0.3199', 'learning_rate': '4.816e-05', 'entropy': 'nan', 'num_tokens': '7.525e+06', 'mean_token_accuracy': '0.9868', 'epoch': '5.204'}
Generated sample at index 573
Total token count: 1811
Generated sample at index 99
Total token count: 2716
Generated sample at index 129
Total token count: 1812
Generated sample at index 160
Total token count: 1821
Generated sample at index 236
Total token count: 2723
Generated sample at index 95
Total token count: 1814
Generated sample at index 25
Total token count: 1818
Generated sample at index 616
Total token count: 1805
Emptied CUDA cache
{'loss': '0.06507', 'grad_norm': '0.5016', 'learning_rate': '4.8e-05', 'entropy': 'nan', 'num_tokens': '7.541e+06', 'mean_token_accuracy': '0.9862', 'epoch': '5.214'}
Generated sample at index 199
Total token count: 2715
Generated sample at index 122
Total token count: 1809
Generated sample at index 36
Total token count: 3606
Generated sample at index 78
Total token count: 915
Generated sample at index 630
Total token count: 1823
Generated sample at index 181
Total token count: 1812
Generated sample at index 642
Total token count: 1797
Generated sample at index 606
Total token count: 1828
Emptied CUDA cache
{'loss': '0.05569', 'grad_norm': '0.5456', 'learning_rate': '4.783e-05', 'entropy': 'nan', 'num_tokens': '7.558e+06', 'mean_token_accuracy': '0.9871', 'epoch': '5.225'}
Generated sample at index 388
Total token count: 1829
Generated sample at index 411
Total token count: 1822
Generated sample at index 607
Total token count: 3598
Generated sample at index 318
Total token count: 2715
Generated sample at index 423
Total token count: 1821
Generated sample at index 24
Total token count: 2710
Generated sample at index 597
Total token count: 1803
Generated sample at index 319
Total token count: 1817
Emptied CUDA cache
{'loss': '0.05868', 'grad_norm': '0.3222', 'learning_rate': '4.766e-05', 'entropy': 'nan', 'num_tokens': '7.576e+06', 'mean_token_accuracy': '0.9877', 'epoch': '5.236'}
Generated sample at index 267
Total token count: 1825
Generated sample at index 261
Total token count: 2718
Generated sample at index 35
Total token count: 5388
Generated sample at index 310
Total token count: 1813
Generated sample at index 686
Total token count: 1835
Generated sample at index 444
Total token count: 1804
Generated sample at index 582
Total token count: 912
Generated sample at index 289
Total token count: 1809
Emptied CUDA cache
{'loss': '0.06202', 'grad_norm': '0.9072', 'learning_rate': '4.749e-05', 'entropy': 'nan', 'num_tokens': '7.594e+06', 'mean_token_accuracy': '0.9861', 'epoch': '5.247'}
Generated sample at index 206
Total token count: 1825
Generated sample at index 627
Total token count: 2710
Generated sample at index 142
Total token count: 1826
Generated sample at index 506
Total token count: 1806
Generated sample at index 522
Total token count: 2715
Generated sample at index 538
Total token count: 1826
Generated sample at index 102
Total token count: 3606
Generated sample at index 490
Total token count: 1821
Emptied CUDA cache
{'loss': '0.06082', 'grad_norm': '0.5896', 'learning_rate': '4.733e-05', 'entropy': 'nan', 'num_tokens': '7.612e+06', 'mean_token_accuracy': '0.9867', 'epoch': '5.257'}
Generated sample at index 637
Total token count: 1821
Generated sample at index 405
Total token count: 1813
Generated sample at index 738
Total token count: 1804
Generated sample at index 265
Total token count: 914
Generated sample at index 85
Total token count: 1804
Generated sample at index 416
Total token count: 1822
Generated sample at index 493
Total token count: 1807
Generated sample at index 661
Total token count: 1823
Emptied CUDA cache
{'loss': '0.06429', 'grad_norm': '0.7082', 'learning_rate': '4.716e-05', 'entropy': 'nan', 'num_tokens': '7.626e+06', 'mean_token_accuracy': '0.9866', 'epoch': '5.268'}
Generated sample at index 345
Total token count: 1827
Generated sample at index 714
Total token count: 1817
Generated sample at index 185
Total token count: 2716
Generated sample at index 226
Total token count: 1810
Generated sample at index 469
Total token count: 1822
Generated sample at index 178
Total token count: 1815
Generated sample at index 585
Total token count: 1823
Generated sample at index 525
Total token count: 1827
Emptied CUDA cache
{'loss': '0.06468', 'grad_norm': '0.5874', 'learning_rate': '4.699e-05', 'entropy': 'nan', 'num_tokens': '7.641e+06', 'mean_token_accuracy': '0.9852', 'epoch': '5.279'}
Generated sample at index 588
Total token count: 1822
Generated sample at index 86
Total token count: 1822
Generated sample at index 201
Total token count: 1815
Generated sample at index 435
Total token count: 1821
Generated sample at index 260
Total token count: 1830
Generated sample at index 428
Total token count: 1824
Generated sample at index 138
Total token count: 1820
Generated sample at index 262
Total token count: 1824
Emptied CUDA cache
{'loss': '0.06843', 'grad_norm': '0.3251', 'learning_rate': '4.683e-05', 'entropy': 'nan', 'num_tokens': '7.656e+06', 'mean_token_accuracy': '0.9855', 'epoch': '5.29'}
Generated sample at index 351
Total token count: 2721
Generated sample at index 187
Total token count: 921
Generated sample at index 186
Total token count: 1814
Generated sample at index 88
Total token count: 1820
Generated sample at index 510
Total token count: 1825
Generated sample at index 745
Total token count: 915
Generated sample at index 600
Total token count: 914
Generated sample at index 420
Total token count: 1815
Emptied CUDA cache
{'loss': '0.06495', 'grad_norm': '0.227', 'learning_rate': '4.666e-05', 'entropy': 'nan', 'num_tokens': '7.668e+06', 'mean_token_accuracy': '0.986', 'epoch': '5.3'}
Generated sample at index 55
Total token count: 2714
Generated sample at index 663
Total token count: 1811
Generated sample at index 313
Total token count: 1828
Generated sample at index 398
Total token count: 1822
Generated sample at index 222
Total token count: 1829
Generated sample at index 231
Total token count: 2711
Generated sample at index 671
Total token count: 1822
Generated sample at index 155
Total token count: 1826
Emptied CUDA cache
{'loss': '0.06248', 'grad_norm': '0.3448', 'learning_rate': '4.649e-05', 'entropy': 'nan', 'num_tokens': '7.685e+06', 'mean_token_accuracy': '0.9868', 'epoch': '5.311'}
Generated sample at index 632
Total token count: 1828
Generated sample at index 252
Total token count: 1808
Generated sample at index 442
Total token count: 1805
Generated sample at index 648
Total token count: 1806
Generated sample at index 609
Total token count: 2708
Generated sample at index 266
Total token count: 1797
Generated sample at index 626
Total token count: 1810
Generated sample at index 470
Total token count: 921
Emptied CUDA cache
{'loss': '0.0572', 'grad_norm': '0.6278', 'learning_rate': '4.633e-05', 'entropy': 'nan', 'num_tokens': '7.7e+06', 'mean_token_accuracy': '0.9868', 'epoch': '5.322'}
Generated sample at index 347
Total token count: 2710
Generated sample at index 575
Total token count: 1794
Generated sample at index 365
Total token count: 3602
Generated sample at index 707
Total token count: 1807
Generated sample at index 580
Total token count: 2712
Generated sample at index 517
Total token count: 1825
Generated sample at index 359
Total token count: 1831
Generated sample at index 19
Total token count: 4500
Emptied CUDA cache
{'loss': '0.06328', 'grad_norm': '0.6472', 'learning_rate': '4.616e-05', 'entropy': 'nan', 'num_tokens': '7.717e+06', 'mean_token_accuracy': '0.9865', 'epoch': '5.332'}
Generated sample at index 221
Total token count: 1825
Generated sample at index 4
Total token count: 1829
Generated sample at index 150
Total token count: 3612
Generated sample at index 211
Total token count: 1834
Generated sample at index 698
Total token count: 1827
Generated sample at index 42
Total token count: 1803
Generated sample at index 733
Total token count: 1813
Generated sample at index 631
Total token count: 1813
Emptied CUDA cache
{'loss': '0.06598', 'grad_norm': '0.4937', 'learning_rate': '4.599e-05', 'entropy': 'nan', 'num_tokens': '7.736e+06', 'mean_token_accuracy': '0.9859', 'epoch': '5.343'}
Generated sample at index 404
Total token count: 1813
Generated sample at index 421
Total token count: 913
Generated sample at index 245
Total token count: 1825
Generated sample at index 331
Total token count: 1807
Generated sample at index 47
Total token count: 3607
Generated sample at index 106
Total token count: 1819
Generated sample at index 2
Total token count: 2711
Generated sample at index 283
Total token count: 1824
Emptied CUDA cache
{'loss': '0.05952', 'grad_norm': '0.4467', 'learning_rate': '4.583e-05', 'entropy': 'nan', 'num_tokens': '7.753e+06', 'mean_token_accuracy': '0.9869', 'epoch': '5.354'}
Generated sample at index 736
Total token count: 1804
Generated sample at index 439
Total token count: 2711
Generated sample at index 473
Total token count: 1815
Generated sample at index 611
Total token count: 1803
Generated sample at index 700
Total token count: 1826
Generated sample at index 735
Total token count: 2718
Generated sample at index 52
Total token count: 2712
Generated sample at index 741
Total token count: 1823
Emptied CUDA cache
{'loss': '0.06217', 'grad_norm': '0.453', 'learning_rate': '4.566e-05', 'entropy': 'nan', 'num_tokens': '7.77e+06', 'mean_token_accuracy': '0.9871', 'epoch': '5.365'}
Generated sample at index 334
Total token count: 2711
Generated sample at index 608
Total token count: 1797
Generated sample at index 62
Total token count: 2710
Generated sample at index 273
Total token count: 2713
Generated sample at index 644
Total token count: 1828
Generated sample at index 317
Total token count: 2720
Generated sample at index 427
Total token count: 1823
Generated sample at index 26
Total token count: 1823
Emptied CUDA cache
{'loss': '0.05616', 'grad_norm': '0.4985', 'learning_rate': '4.549e-05', 'entropy': 'nan', 'num_tokens': '7.788e+06', 'mean_token_accuracy': '0.9871', 'epoch': '5.375'}
Generated sample at index 477
Total token count: 1824
Generated sample at index 622
Total token count: 1827
Generated sample at index 552
Total token count: 1828
Generated sample at index 302
Total token count: 1811
Generated sample at index 605
Total token count: 1808
Generated sample at index 54
Total token count: 2715
Generated sample at index 376
Total token count: 1803
Generated sample at index 712
Total token count: 1824
Emptied CUDA cache
{'loss': '0.05809', 'grad_norm': '0.1669', 'learning_rate': '4.533e-05', 'entropy': 'nan', 'num_tokens': '7.803e+06', 'mean_token_accuracy': '0.9871', 'epoch': '5.386'}
Generated sample at index 422
Total token count: 1812
Generated sample at index 295
Total token count: 1820
Generated sample at index 18
Total token count: 1825
Generated sample at index 598
Total token count: 1825
Generated sample at index 393
Total token count: 919
Generated sample at index 107
Total token count: 1829
Generated sample at index 655
Total token count: 914
Generated sample at index 613
Total token count: 2717
Emptied CUDA cache
{'loss': '0.07159', 'grad_norm': '0.6434', 'learning_rate': '4.516e-05', 'entropy': 'nan', 'num_tokens': '7.816e+06', 'mean_token_accuracy': '0.984', 'epoch': '5.397'}
Generated sample at index 596
Total token count: 1812
Generated sample at index 566
Total token count: 1829
Generated sample at index 308
Total token count: 1805
Generated sample at index 97
Total token count: 1805
Generated sample at index 225
Total token count: 2719
Generated sample at index 37
Total token count: 1812
Generated sample at index 40
Total token count: 1805
Generated sample at index 230
Total token count: 1810
Emptied CUDA cache
{'loss': '0.05383', 'grad_norm': '0.2095', 'learning_rate': '4.5e-05', 'entropy': 'nan', 'num_tokens': '7.833e+06', 'mean_token_accuracy': '0.9885', 'epoch': '5.408'}
Generated sample at index 72
Total token count: 2716
Generated sample at index 621
Total token count: 1811
Generated sample at index 98
Total token count: 1830
Generated sample at index 216
Total token count: 1805
Generated sample at index 378
Total token count: 1819
Generated sample at index 589
Total token count: 1826
Generated sample at index 657
Total token count: 3598
Generated sample at index 327
Total token count: 915
Emptied CUDA cache
{'loss': '0.05709', 'grad_norm': '0.3915', 'learning_rate': '4.483e-05', 'entropy': 'nan', 'num_tokens': '7.85e+06', 'mean_token_accuracy': '0.987', 'epoch': '5.418'}
Generated sample at index 402
Total token count: 1821
Generated sample at index 369
Total token count: 1817
Generated sample at index 472
Total token count: 1826
Generated sample at index 263
Total token count: 916
Generated sample at index 29
Total token count: 1829
Generated sample at index 196
Total token count: 2713
Generated sample at index 501
Total token count: 1809
Generated sample at index 454
Total token count: 1822
Emptied CUDA cache
{'loss': '0.06085', 'grad_norm': '0.1776', 'learning_rate': '4.466e-05', 'entropy': 'nan', 'num_tokens': '7.863e+06', 'mean_token_accuracy': '0.9869', 'epoch': '5.429'}
Generated sample at index 495
Total token count: 1828
Generated sample at index 28
Total token count: 1827
Generated sample at index 121
Total token count: 1821
Generated sample at index 299
Total token count: 1826
Generated sample at index 498
Total token count: 919
Generated sample at index 559
Total token count: 1825
Generated sample at index 730
Total token count: 2714
Generated sample at index 531
Total token count: 1814
Emptied CUDA cache
{'loss': '0.06731', 'grad_norm': '0.3697', 'learning_rate': '4.45e-05', 'entropy': 'nan', 'num_tokens': '7.878e+06', 'mean_token_accuracy': '0.9849', 'epoch': '5.44'}
Generated sample at index 483
Total token count: 1811
Generated sample at index 544
Total token count: 1805
Generated sample at index 464
Total token count: 1832
Generated sample at index 679
Total token count: 1831
Generated sample at index 134
Total token count: 1808
Generated sample at index 728
Total token count: 1817
Generated sample at index 247
Total token count: 1822
Generated sample at index 499
Total token count: 1825
Emptied CUDA cache
{'loss': '0.06008', 'grad_norm': '0.3938', 'learning_rate': '4.433e-05', 'entropy': 'nan', 'num_tokens': '7.893e+06', 'mean_token_accuracy': '0.9864', 'epoch': '5.45'}
Generated sample at index 519
Total token count: 1818
Generated sample at index 114
Total token count: 912
Generated sample at index 486
Total token count: 2712
Generated sample at index 567
Total token count: 1820
Generated sample at index 190
Total token count: 1825
Generated sample at index 205
Total token count: 1810
Generated sample at index 92
Total token count: 1823
Generated sample at index 577
Total token count: 1825
Emptied CUDA cache
{'loss': '0.06184', 'grad_norm': '0.6991', 'learning_rate': '4.416e-05', 'entropy': 'nan', 'num_tokens': '7.907e+06', 'mean_token_accuracy': '0.9852', 'epoch': '5.461'}
Generated sample at index 358
Total token count: 1831
Generated sample at index 653
Total token count: 1801
Generated sample at index 396
Total token count: 1801
Generated sample at index 392
Total token count: 1823
Generated sample at index 523
Total token count: 1826
Generated sample at index 458
Total token count: 1824
Generated sample at index 484
Total token count: 1819
Generated sample at index 656
Total token count: 1814
Emptied CUDA cache
{'loss': '0.06044', 'grad_norm': '0.6811', 'learning_rate': '4.4e-05', 'entropy': 'nan', 'num_tokens': '7.922e+06', 'mean_token_accuracy': '0.9856', 'epoch': '5.472'}
Generated sample at index 553
Total token count: 1818
Generated sample at index 297
Total token count: 1819
Generated sample at index 628
Total token count: 2713
Generated sample at index 279
Total token count: 2713
Generated sample at index 383
Total token count: 2718
Generated sample at index 159
Total token count: 919
Generated sample at index 203
Total token count: 1808
Generated sample at index 46
Total token count: 1824
Emptied CUDA cache
{'loss': '0.05933', 'grad_norm': '0.3762', 'learning_rate': '4.383e-05', 'entropy': 'nan', 'num_tokens': '7.938e+06', 'mean_token_accuracy': '0.9869', 'epoch': '5.483'}
Generated sample at index 162
Total token count: 1830
Generated sample at index 371
Total token count: 1831
Generated sample at index 564
Total token count: 2711
Generated sample at index 7
Total token count: 1827
Generated sample at index 58
Total token count: 1819
Generated sample at index 170
Total token count: 1828
Generated sample at index 513
Total token count: 2713
Generated sample at index 535
Total token count: 1820
Emptied CUDA cache
{'loss': '0.06655', 'grad_norm': '0.2565', 'learning_rate': '4.367e-05', 'entropy': 'nan', 'num_tokens': '7.954e+06', 'mean_token_accuracy': '0.9856', 'epoch': '5.493'}
Generated sample at index 153
Total token count: 1813
Generated sample at index 182
Total token count: 1817
Generated sample at index 436
Total token count: 1805
Generated sample at index 706
Total token count: 1806
Generated sample at index 590
Total token count: 1807
Generated sample at index 158
Total token count: 1825
Generated sample at index 130
Total token count: 1810
Generated sample at index 23
Total token count: 2715
Emptied CUDA cache
{'loss': '0.05796', 'grad_norm': '0.539', 'learning_rate': '4.35e-05', 'entropy': 'nan', 'num_tokens': '7.969e+06', 'mean_token_accuracy': '0.9874', 'epoch': '5.504'}
Generated sample at index 722
Total token count: 1804
Generated sample at index 198
Total token count: 2712
Generated sample at index 403
Total token count: 1817
Generated sample at index 578
Total token count: 1824
Generated sample at index 548
Total token count: 2718
Generated sample at index 323
Total token count: 1814
Generated sample at index 500
Total token count: 1813
Generated sample at index 193
Total token count: 1824
Emptied CUDA cache
{'loss': '0.05509', 'grad_norm': '0.2904', 'learning_rate': '4.334e-05', 'entropy': 'nan', 'num_tokens': '7.986e+06', 'mean_token_accuracy': '0.9891', 'epoch': '5.515'}
Generated sample at index 543
Total token count: 1807
Generated sample at index 419
Total token count: 2712
Generated sample at index 445
Total token count: 1822
Generated sample at index 545
Total token count: 1819
Generated sample at index 292
Total token count: 1802
Generated sample at index 711
Total token count: 1806
Generated sample at index 188
Total token count: 1832
Generated sample at index 665
Total token count: 1808
Emptied CUDA cache
{'loss': '0.05227', 'grad_norm': '0.3157', 'learning_rate': '4.317e-05', 'entropy': 'nan', 'num_tokens': '8.001e+06', 'mean_token_accuracy': '0.9878', 'epoch': '5.525'}
Generated sample at index 639
Total token count: 1819
Generated sample at index 620
Total token count: 1811
Generated sample at index 264
Total token count: 1835
Generated sample at index 136
Total token count: 1809
Generated sample at index 440
Total token count: 1814
Generated sample at index 335
Total token count: 1800
Generated sample at index 737
Total token count: 1814
Generated sample at index 362
Total token count: 2717
Emptied CUDA cache
{'loss': '0.2498', 'grad_norm': '0.809', 'learning_rate': '4.3e-05', 'entropy': 'nan', 'num_tokens': '8.016e+06', 'mean_token_accuracy': '0.9889', 'epoch': '5.536'}
Generated sample at index 414
Total token count: 919
Generated sample at index 177
Total token count: 1823
Generated sample at index 412
Total token count: 913
Generated sample at index 485
Total token count: 1806
Generated sample at index 301
Total token count: 2711
Generated sample at index 438
Total token count: 2715
Generated sample at index 120
Total token count: 1819
Generated sample at index 79
Total token count: 1818
Emptied CUDA cache
{'loss': '0.05618', 'grad_norm': '0.4554', 'learning_rate': '4.284e-05', 'entropy': 'nan', 'num_tokens': '8.031e+06', 'mean_token_accuracy': '0.987', 'epoch': '5.547'}
Generated sample at index 210
Total token count: 1819
Generated sample at index 716
Total token count: 1807
Generated sample at index 601
Total token count: 1818
Generated sample at index 268
Total token count: 1807
Generated sample at index 367
Total token count: 1823
Generated sample at index 189
Total token count: 1807
Generated sample at index 387
Total token count: 1823
Generated sample at index 259
Total token count: 3602
Emptied CUDA cache
{'loss': '0.06242', 'grad_norm': '0.4686', 'learning_rate': '4.267e-05', 'entropy': 'nan', 'num_tokens': '8.046e+06', 'mean_token_accuracy': '0.9854', 'epoch': '5.558'}
Generated sample at index 172
Total token count: 1811
Generated sample at index 161
Total token count: 2715
Generated sample at index 591
Total token count: 1823
Generated sample at index 148
Total token count: 1831
Generated sample at index 103
Total token count: 1831
Generated sample at index 116
Total token count: 1814
Generated sample at index 395
Total token count: 914
Generated sample at index 110
Total token count: 1805
Emptied CUDA cache
{'loss': '0.06014', 'grad_norm': '0.2438', 'learning_rate': '4.251e-05', 'entropy': 'nan', 'num_tokens': '8.062e+06', 'mean_token_accuracy': '0.9861', 'epoch': '5.568'}
Generated sample at index 338
Total token count: 2717
Generated sample at index 341
Total token count: 1810
Generated sample at index 124
Total token count: 915
Generated sample at index 173
Total token count: 2717
Generated sample at index 84
Total token count: 2717
Generated sample at index 59
Total token count: 1822
Generated sample at index 556
Total token count: 1827
Generated sample at index 629
Total token count: 1808
Emptied CUDA cache
{'loss': '0.05531', 'grad_norm': '0.313', 'learning_rate': '4.234e-05', 'entropy': 'nan', 'num_tokens': '8.079e+06', 'mean_token_accuracy': '0.9882', 'epoch': '5.579'}
Generated sample at index 69
Total token count: 1814
Generated sample at index 677
Total token count: 1802
Generated sample at index 453
Total token count: 1830
Generated sample at index 238
Total token count: 920
Generated sample at index 612
Total token count: 1811
Generated sample at index 229
Total token count: 1826
Generated sample at index 497
Total token count: 1816
Generated sample at index 101
Total token count: 1828
Emptied CUDA cache
{'loss': '0.06457', 'grad_norm': '0.3132', 'learning_rate': '4.218e-05', 'entropy': 'nan', 'num_tokens': '8.092e+06', 'mean_token_accuracy': '0.9869', 'epoch': '5.59'}
Generated sample at index 287
Total token count: 2715
Generated sample at index 278
Total token count: 1819
Generated sample at index 164
Total token count: 1830
Generated sample at index 433
Total token count: 1825
Generated sample at index 104
Total token count: 915
Generated sample at index 209
Total token count: 1824
Generated sample at index 66
Total token count: 1813
Generated sample at index 555
Total token count: 1833
Emptied CUDA cache
{'loss': '0.0611', 'grad_norm': '0.1913', 'learning_rate': '4.201e-05', 'entropy': 'nan', 'num_tokens': '8.107e+06', 'mean_token_accuracy': '0.9862', 'epoch': '5.601'}
Generated sample at index 670
Total token count: 1820
Generated sample at index 633
Total token count: 1823
Generated sample at index 253
Total token count: 1824
Generated sample at index 248
Total token count: 1806
Generated sample at index 481
Total token count: 1807
Generated sample at index 586
Total token count: 917
Generated sample at index 375
Total token count: 1819
Generated sample at index 451
Total token count: 917
Emptied CUDA cache
{'loss': '0.06608', 'grad_norm': '0.4399', 'learning_rate': '4.185e-05', 'entropy': 'nan', 'num_tokens': '8.12e+06', 'mean_token_accuracy': '0.9854', 'epoch': '5.611'}
Generated sample at index 50
Total token count: 1819
Generated sample at index 232
Total token count: 1813
Generated sample at index 353
Total token count: 1832
Generated sample at index 48
Total token count: 1820
Generated sample at index 492
Total token count: 1801
Generated sample at index 202
Total token count: 1827
Generated sample at index 424
Total token count: 1802
Generated sample at index 314
Total token count: 1825
Emptied CUDA cache
{'loss': '0.05621', 'grad_norm': '0.4989', 'learning_rate': '4.168e-05', 'entropy': 'nan', 'num_tokens': '8.134e+06', 'mean_token_accuracy': '0.9869', 'epoch': '5.622'}
Generated sample at index 532
Total token count: 1819
Generated sample at index 339
Total token count: 1802
Generated sample at index 304
Total token count: 916
Generated sample at index 658
Total token count: 1820
Generated sample at index 277
Total token count: 1809
Generated sample at index 147
Total token count: 1814
Generated sample at index 708
Total token count: 1814
Generated sample at index 286
Total token count: 1819
Emptied CUDA cache
{'loss': '0.05389', 'grad_norm': '0.2831', 'learning_rate': '4.152e-05', 'entropy': 'nan', 'num_tokens': '8.148e+06', 'mean_token_accuracy': '0.9886', 'epoch': '5.633'}
Generated sample at index 717
Total token count: 2713
Generated sample at index 60
Total token count: 1826
Generated sample at index 180
Total token count: 1803
Generated sample at index 274
Total token count: 2713
Generated sample at index 394
Total token count: 917
Generated sample at index 718
Total token count: 2707
Generated sample at index 364
Total token count: 1820
Generated sample at index 20
Total token count: 920
Emptied CUDA cache
{'loss': '0.05504', 'grad_norm': '0.4607', 'learning_rate': '4.135e-05', 'entropy': 'nan', 'num_tokens': '8.164e+06', 'mean_token_accuracy': '0.9866', 'epoch': '5.643'}
Generated sample at index 184
Total token count: 1825
Generated sample at index 240
Total token count: 1829
Generated sample at index 57
Total token count: 2719
Generated sample at index 10
Total token count: 2713
Generated sample at index 689
Total token count: 1811
Generated sample at index 0
Total token count: 1815
Generated sample at index 212
Total token count: 1828
Generated sample at index 638
Total token count: 1817
Emptied CUDA cache
{'loss': '0.06633', 'grad_norm': '0.2637', 'learning_rate': '4.119e-05', 'entropy': 'nan', 'num_tokens': '8.179e+06', 'mean_token_accuracy': '0.9862', 'epoch': '5.654'}
Generated sample at index 228
Total token count: 1818
Generated sample at index 727
Total token count: 1828
Generated sample at index 6
Total token count: 1805
Generated sample at index 325
Total token count: 1825
Generated sample at index 449
Total token count: 1822
Generated sample at index 557
Total token count: 1817
Generated sample at index 100
Total token count: 1817
Generated sample at index 672
Total token count: 1818
Emptied CUDA cache
{'loss': '0.05603', 'grad_norm': '0.1851', 'learning_rate': '4.103e-05', 'entropy': 'nan', 'num_tokens': '8.194e+06', 'mean_token_accuracy': '0.9869', 'epoch': '5.665'}
Generated sample at index 560
Total token count: 1823
Generated sample at index 141
Total token count: 1826
Generated sample at index 399
Total token count: 1825
Generated sample at index 719
Total token count: 2712
Generated sample at index 157
Total token count: 2712
Generated sample at index 217
Total token count: 1810
Generated sample at index 624
Total token count: 1822
Generated sample at index 732
Total token count: 1804
Emptied CUDA cache
{'loss': '0.05822', 'grad_norm': '0.3781', 'learning_rate': '4.086e-05', 'entropy': 'nan', 'num_tokens': '8.21e+06', 'mean_token_accuracy': '0.987', 'epoch': '5.676'}
Generated sample at index 668
Total token count: 1822
Generated sample at index 494
Total token count: 1822
Generated sample at index 595
Total token count: 1817
Generated sample at index 455
Total token count: 1819
Generated sample at index 8
Total token count: 909
Generated sample at index 76
Total token count: 2720
Generated sample at index 701
Total token count: 2713
Generated sample at index 649
Total token count: 2712
Emptied CUDA cache
{'loss': '0.05285', 'grad_norm': '0.2826', 'learning_rate': '4.07e-05', 'entropy': 'nan', 'num_tokens': '8.226e+06', 'mean_token_accuracy': '0.9879', 'epoch': '5.686'}
Generated sample at index 385
Total token count: 1815
Generated sample at index 45
Total token count: 3610
Generated sample at index 441
Total token count: 1823
Generated sample at index 617
Total token count: 1819
Generated sample at index 480
Total token count: 1809
Generated sample at index 80
Total token count: 1823
Generated sample at index 742
Total token count: 2712
Generated sample at index 373
Total token count: 914
Emptied CUDA cache
{'loss': '0.05556', 'grad_norm': '0.4064', 'learning_rate': '4.053e-05', 'entropy': 'nan', 'num_tokens': '8.244e+06', 'mean_token_accuracy': '0.9877', 'epoch': '5.697'}
Generated sample at index 30
Total token count: 1819
Generated sample at index 284
Total token count: 1820
Generated sample at index 684
Total token count: 2713
Generated sample at index 488
Total token count: 1830
Generated sample at index 197
Total token count: 2713
Generated sample at index 662
Total token count: 1827
Generated sample at index 22
Total token count: 1816
Generated sample at index 709
Total token count: 1809
Emptied CUDA cache
{'loss': '0.2293', 'grad_norm': '0.8498', 'learning_rate': '4.037e-05', 'entropy': 'nan', 'num_tokens': '8.259e+06', 'mean_token_accuracy': '0.9862', 'epoch': '5.708'}
Generated sample at index 200
Total token count: 3609
Generated sample at index 82
Total token count: 1813
Generated sample at index 571
Total token count: 1824
Generated sample at index 258
Total token count: 1813
Generated sample at index 305
Total token count: 1828
Generated sample at index 234
Total token count: 1802
Generated sample at index 636
Total token count: 1814
Generated sample at index 471
Total token count: 1811
Emptied CUDA cache
{'loss': '0.05534', 'grad_norm': '0.2518', 'learning_rate': '4.02e-05', 'entropy': 'nan', 'num_tokens': '8.276e+06', 'mean_token_accuracy': '0.9881', 'epoch': '5.718'}
Generated sample at index 547
Total token count: 1821
Generated sample at index 151
Total token count: 2713
Generated sample at index 579
Total token count: 1821
Generated sample at index 540
Total token count: 2715
Generated sample at index 256
Total token count: 1826
Generated sample at index 117
Total token count: 1820
Generated sample at index 715
Total token count: 1802
Generated sample at index 250
Total token count: 1829
Emptied CUDA cache
{'loss': '0.05605', 'grad_norm': '0.3711', 'learning_rate': '4.004e-05', 'entropy': 'nan', 'num_tokens': '8.292e+06', 'mean_token_accuracy': '0.9868', 'epoch': '5.729'}
Generated sample at index 587
Total token count: 2712
Generated sample at index 254
Total token count: 1809
Generated sample at index 602
Total token count: 1809
Generated sample at index 434
Total token count: 1819
Generated sample at index 723
Total token count: 1801
Generated sample at index 275
Total token count: 1828
Generated sample at index 343
Total token count: 1809
Generated sample at index 93
Total token count: 1819
Emptied CUDA cache
{'loss': '0.05235', 'grad_norm': '0.3317', 'learning_rate': '3.988e-05', 'entropy': 'nan', 'num_tokens': '8.307e+06', 'mean_token_accuracy': '0.9879', 'epoch': '5.74'}
Generated sample at index 713
Total token count: 1820
Generated sample at index 604
Total token count: 1819
Generated sample at index 171
Total token count: 2709
Generated sample at index 296
Total token count: 1809
Generated sample at index 269
Total token count: 1797
Generated sample at index 276
Total token count: 1810
Generated sample at index 389
Total token count: 1821
Generated sample at index 447
Total token count: 1813
Emptied CUDA cache
{'loss': '0.05088', 'grad_norm': '0.2662', 'learning_rate': '3.971e-05', 'entropy': 'nan', 'num_tokens': '8.323e+06', 'mean_token_accuracy': '0.9882', 'epoch': '5.751'}
Generated sample at index 528
Total token count: 1824
Generated sample at index 690
Total token count: 1802
Generated sample at index 417
Total token count: 1814
Generated sample at index 635
Total token count: 1797
Generated sample at index 329
Total token count: 1810
Generated sample at index 514
Total token count: 920
Generated sample at index 350
Total token count: 1825
Generated sample at index 179
Total token count: 2716
Emptied CUDA cache
{'loss': '0.04906', 'grad_norm': '0.2812', 'learning_rate': '3.955e-05', 'entropy': 'nan', 'num_tokens': '8.336e+06', 'mean_token_accuracy': '0.9882', 'epoch': '5.761'}
Generated sample at index 14
Total token count: 1822
Generated sample at index 482
Total token count: 919
Generated sample at index 41
Total token count: 2717
Generated sample at index 320
Total token count: 1827
Generated sample at index 650
Total token count: 916
Generated sample at index 651
Total token count: 916
Generated sample at index 355
Total token count: 2711
Generated sample at index 592
Total token count: 1824
Emptied CUDA cache
{'loss': '0.06803', 'grad_norm': '0.5309', 'learning_rate': '3.939e-05', 'entropy': 'nan', 'num_tokens': '8.351e+06', 'mean_token_accuracy': '0.9848', 'epoch': '5.772'}
Generated sample at index 533
Total token count: 1826
Generated sample at index 739
Total token count: 1802
Generated sample at index 675
Total token count: 1820
Generated sample at index 479
Total token count: 1836
Generated sample at index 550
Total token count: 1820
Generated sample at index 166
Total token count: 1825
Generated sample at index 685
Total token count: 1805
Generated sample at index 90
Total token count: 1809
Emptied CUDA cache
{'loss': '0.06173', 'grad_norm': '0.3057', 'learning_rate': '3.922e-05', 'entropy': 'nan', 'num_tokens': '8.366e+06', 'mean_token_accuracy': '0.9873', 'epoch': '5.783'}
Generated sample at index 695
Total token count: 1832
Generated sample at index 623
Total token count: 1819
Generated sample at index 309
Total token count: 1828
Generated sample at index 235
Total token count: 1823
Generated sample at index 218
Total token count: 1828
Generated sample at index 300
Total token count: 2711
Generated sample at index 332
Total token count: 1829
Generated sample at index 674
Total token count: 3611
Emptied CUDA cache
{'loss': '0.06781', 'grad_norm': '0.5569', 'learning_rate': '3.906e-05', 'entropy': 'nan', 'num_tokens': '8.381e+06', 'mean_token_accuracy': '0.9851', 'epoch': '5.794'}
Generated sample at index 724
Total token count: 2715
Generated sample at index 224
Total token count: 1823
Generated sample at index 64
Total token count: 1828
Generated sample at index 526
Total token count: 1815
Generated sample at index 678
Total token count: 1806
Generated sample at index 139
Total token count: 921
Generated sample at index 192
Total token count: 2718
Generated sample at index 43
Total token count: 1824
Emptied CUDA cache
{'loss': '0.05676', 'grad_norm': '0.362', 'learning_rate': '3.89e-05', 'entropy': 'nan', 'num_tokens': '8.398e+06', 'mean_token_accuracy': '0.9872', 'epoch': '5.804'}
Generated sample at index 734
Total token count: 1813
Generated sample at index 152
Total token count: 1802
Generated sample at index 615
Total token count: 1807
Generated sample at index 574
Total token count: 923
Generated sample at index 11
Total token count: 1832
Generated sample at index 227
Total token count: 1824
Generated sample at index 688
Total token count: 915
Generated sample at index 725
Total token count: 916
Emptied CUDA cache
{'loss': '0.06154', 'grad_norm': '0.2811', 'learning_rate': '3.873e-05', 'entropy': 'nan', 'num_tokens': '8.411e+06', 'mean_token_accuracy': '0.986', 'epoch': '5.815'}
Generated sample at index 68
Total token count: 3605
Generated sample at index 174
Total token count: 1831
Generated sample at index 366
Total token count: 2710
Generated sample at index 53
Total token count: 914
Generated sample at index 34
Total token count: 2712
Generated sample at index 111
Total token count: 3607
Generated sample at index 669
Total token count: 1824
Generated sample at index 75
Total token count: 1812
Emptied CUDA cache
{'loss': '0.06184', 'grad_norm': '0.5637', 'learning_rate': '3.857e-05', 'entropy': 'nan', 'num_tokens': '8.429e+06', 'mean_token_accuracy': '0.9857', 'epoch': '5.826'}
Generated sample at index 697
Total token count: 2706
Generated sample at index 408
Total token count: 1829
Generated sample at index 183
Total token count: 1821
Generated sample at index 280
Total token count: 1829
Generated sample at index 425
Total token count: 1798
Generated sample at index 73
Total token count: 920
Generated sample at index 74
Total token count: 1832
Generated sample at index 346
Total token count: 1826
Emptied CUDA cache
{'loss': '0.0653', 'grad_norm': '2.421', 'learning_rate': '3.841e-05', 'entropy': 'nan', 'num_tokens': '8.444e+06', 'mean_token_accuracy': '0.9864', 'epoch': '5.836'}
Generated sample at index 255
Total token count: 2720
Generated sample at index 233
Total token count: 1824
Generated sample at index 432
Total token count: 1820
Generated sample at index 306
Total token count: 1801
Generated sample at index 132
Total token count: 925
Generated sample at index 518
Total token count: 925
Generated sample at index 720
Total token count: 914
Generated sample at index 12
Total token count: 1813
Emptied CUDA cache
{'loss': '0.05961', 'grad_norm': '0.2322', 'learning_rate': '3.825e-05', 'entropy': 'nan', 'num_tokens': '8.456e+06', 'mean_token_accuracy': '0.9869', 'epoch': '5.847'}
Generated sample at index 133
Total token count: 1819
Generated sample at index 51
Total token count: 2713
Generated sample at index 541
Total token count: 2717
Generated sample at index 213
Total token count: 1825
Generated sample at index 503
Total token count: 1811
Generated sample at index 330
Total token count: 1820
Generated sample at index 694
Total token count: 1808
Generated sample at index 270
Total token count: 2722
Emptied CUDA cache
{'loss': '0.05561', 'grad_norm': '0.1897', 'learning_rate': '3.808e-05', 'entropy': 'nan', 'num_tokens': '8.473e+06', 'mean_token_accuracy': '0.988', 'epoch': '5.858'}
Generated sample at index 119
Total token count: 1827
Generated sample at index 603
Total token count: 1817
Generated sample at index 520
Total token count: 1807
Generated sample at index 400
Total token count: 1827
Generated sample at index 108
Total token count: 919
Generated sample at index 681
Total token count: 1812
Generated sample at index 468
Total token count: 913
Generated sample at index 96
Total token count: 1822
Emptied CUDA cache
{'loss': '0.06084', 'grad_norm': '0.3323', 'learning_rate': '3.792e-05', 'entropy': 'nan', 'num_tokens': '8.486e+06', 'mean_token_accuracy': '0.9864', 'epoch': '5.869'}
Generated sample at index 361
Total token count: 1825
Generated sample at index 610
Total token count: 2710
Generated sample at index 410
Total token count: 2709
Generated sample at index 168
Total token count: 1831
Generated sample at index 614
Total token count: 1823
Generated sample at index 89
Total token count: 1820
Generated sample at index 326
Total token count: 1807
Generated sample at index 5
Total token count: 927
Emptied CUDA cache
{'loss': '0.05783', 'grad_norm': '0.2804', 'learning_rate': '3.776e-05', 'entropy': 'nan', 'num_tokens': '8.503e+06', 'mean_token_accuracy': '0.9866', 'epoch': '5.879'}
Generated sample at index 291
Total token count: 1823
Generated sample at index 354
Total token count: 2711
Generated sample at index 39
Total token count: 1797
Generated sample at index 167
Total token count: 2708
Generated sample at index 475
Total token count: 1827
Generated sample at index 409
Total token count: 1819
Generated sample at index 307
Total token count: 3600
Generated sample at index 551
Total token count: 1806
Emptied CUDA cache
{'loss': '0.0611', 'grad_norm': '0.5747', 'learning_rate': '3.76e-05', 'entropy': 'nan', 'num_tokens': '8.52e+06', 'mean_token_accuracy': '0.9864', 'epoch': '5.89'}
Generated sample at index 176
Total token count: 1826
Generated sample at index 113
Total token count: 1809
Generated sample at index 466
Total token count: 1830
Generated sample at index 391
Total token count: 1825
Generated sample at index 584
Total token count: 1802
Generated sample at index 457
Total token count: 1833
Generated sample at index 699
Total token count: 1811
Generated sample at index 641
Total token count: 922
Emptied CUDA cache
{'loss': '0.05634', 'grad_norm': '0.3128', 'learning_rate': '3.744e-05', 'entropy': 'nan', 'num_tokens': '8.534e+06', 'mean_token_accuracy': '0.9864', 'epoch': '5.901'}
Generated sample at index 356
Total token count: 1821
Generated sample at index 565
Total token count: 916
Generated sample at index 512
Total token count: 1824
Generated sample at index 516
Total token count: 1810
Generated sample at index 558
Total token count: 2718
Generated sample at index 143
Total token count: 4496
Generated sample at index 87
Total token count: 1826
Generated sample at index 272
Total token count: 2715
Emptied CUDA cache
{'loss': '0.06093', 'grad_norm': '0.4906', 'learning_rate': '3.727e-05', 'entropy': 'nan', 'num_tokens': '8.551e+06', 'mean_token_accuracy': '0.985', 'epoch': '5.912'}
Generated sample at index 680
Total token count: 1818
Generated sample at index 508
Total token count: 1812
Generated sample at index 509
Total token count: 2711
Generated sample at index 505
Total token count: 919
Generated sample at index 379
Total token count: 1815
Generated sample at index 322
Total token count: 1828
Generated sample at index 664
Total token count: 1825
Generated sample at index 285
Total token count: 1822
Emptied CUDA cache
{'loss': '0.05959', 'grad_norm': '0.5912', 'learning_rate': '3.711e-05', 'entropy': 'nan', 'num_tokens': '8.566e+06', 'mean_token_accuracy': '0.9858', 'epoch': '5.922'}
Generated sample at index 290
Total token count: 2718
Generated sample at index 311
Total token count: 1808
Generated sample at index 294
Total token count: 1814
Generated sample at index 123
Total token count: 1826
Generated sample at index 534
Total token count: 1829
Generated sample at index 496
Total token count: 1818
Generated sample at index 554
Total token count: 1832
Generated sample at index 49
Total token count: 1825
Emptied CUDA cache
{'loss': '0.05883', 'grad_norm': '0.2928', 'learning_rate': '3.695e-05', 'entropy': 'nan', 'num_tokens': '8.582e+06', 'mean_token_accuracy': '0.9864', 'epoch': '5.933'}
Generated sample at index 546
Total token count: 1823
Generated sample at index 357
Total token count: 3602
Generated sample at index 321
Total token count: 1810
Generated sample at index 94
Total token count: 1809
Generated sample at index 537
Total token count: 1825
Generated sample at index 195
Total token count: 1824
Generated sample at index 165
Total token count: 1811
Generated sample at index 527
Total token count: 1806
Emptied CUDA cache
{'loss': '0.05458', 'grad_norm': '0.1625', 'learning_rate': '3.679e-05', 'entropy': 'nan', 'num_tokens': '8.598e+06', 'mean_token_accuracy': '0.9879', 'epoch': '5.944'}
Generated sample at index 348
Total token count: 916
Generated sample at index 502
Total token count: 1826
Generated sample at index 368
Total token count: 1822
Generated sample at index 239
Total token count: 1829
Generated sample at index 175
Total token count: 920
Generated sample at index 303
Total token count: 1810
Generated sample at index 569
Total token count: 1819
Generated sample at index 743
Total token count: 2715
Emptied CUDA cache
{'loss': '0.05781', 'grad_norm': '0.4197', 'learning_rate': '3.663e-05', 'entropy': 'nan', 'num_tokens': '8.611e+06', 'mean_token_accuracy': '0.9866', 'epoch': '5.954'}
Generated sample at index 474
Total token count: 1824
Generated sample at index 380
Total token count: 2708
Generated sample at index 3
Total token count: 2710
Generated sample at index 219
Total token count: 1807
Generated sample at index 244
Total token count: 2718
Generated sample at index 721
Total token count: 1804
Generated sample at index 504
Total token count: 1823
Generated sample at index 154
Total token count: 1813
Emptied CUDA cache
{'loss': '0.05154', 'grad_norm': '0.3272', 'learning_rate': '3.647e-05', 'entropy': 'nan', 'num_tokens': '8.629e+06', 'mean_token_accuracy': '0.9889', 'epoch': '5.965'}
Generated sample at index 429
Total token count: 1827
Generated sample at index 549
Total token count: 1826
Generated sample at index 524
Total token count: 2719
Generated sample at index 372
Total token count: 1825
Generated sample at index 32
Total token count: 1821
Generated sample at index 363
Total token count: 1831
Generated sample at index 467
Total token count: 1834
Generated sample at index 13
Total token count: 1812
Emptied CUDA cache
{'loss': '0.06307', 'grad_norm': '0.2548', 'learning_rate': '3.631e-05', 'entropy': 'nan', 'num_tokens': '8.644e+06', 'mean_token_accuracy': '0.9858', 'epoch': '5.976'}
Generated sample at index 246
Total token count: 2717
Generated sample at index 740
Total token count: 1802
Generated sample at index 137
Total token count: 2709
Generated sample at index 530
Total token count: 1821
Generated sample at index 581
Total token count: 1816
Generated sample at index 144
Total token count: 2714
Generated sample at index 208
Total token count: 1828
Generated sample at index 340
Total token count: 1825
Emptied CUDA cache
{'loss': '0.05157', 'grad_norm': '0.3855', 'learning_rate': '3.615e-05', 'entropy': 'nan', 'num_tokens': '8.662e+06', 'mean_token_accuracy': '0.9879', 'epoch': '5.987'}
Generated sample at index 214
Total token count: 1826
Generated sample at index 666
Total token count: 1807
Generated sample at index 342
Total token count: 1809
Generated sample at index 478
Total token count: 1818
Generated sample at index 406
Total token count: 2714
Generated sample at index 27
Total token count: 2714
Generated sample at index 563
Total token count: 1817
Generated sample at index 418
Total token count: 1798
Emptied CUDA cache
{'loss': '0.05585', 'grad_norm': '0.3978', 'learning_rate': '3.599e-05', 'entropy': 'nan', 'num_tokens': '8.678e+06', 'mean_token_accuracy': '0.9873', 'epoch': '5.997'}
Generated sample at index 459
Total token count: 1826
Emptied CUDA cache
{'loss': '0.04772', 'grad_norm': '0.3336', 'learning_rate': '3.583e-05', 'entropy': 'nan', 'num_tokens': '8.682e+06', 'mean_token_accuracy': '0.9878', 'epoch': '6'}
Generated sample at index 166
Total token count: 1825
Generated sample at index 77
Total token count: 1810
Generated sample at index 59
Total token count: 1822
Generated sample at index 68
Total token count: 3605
Generated sample at index 447
Total token count: 1813
Generated sample at index 316
Total token count: 1826
Generated sample at index 626
Total token count: 1810
Generated sample at index 672
Total token count: 1818
Generated sample at index 414
Total token count: 919
Emptied CUDA cache
{'loss': '0.05419', 'grad_norm': '0.2261', 'learning_rate': '3.567e-05', 'entropy': 'nan', 'num_tokens': '8.698e+06', 'mean_token_accuracy': '0.988', 'epoch': '6.011'}
Generated sample at index 691
Total token count: 1821
Generated sample at index 390
Total token count: 1797
Generated sample at index 684
Total token count: 2713
Generated sample at index 98
Total token count: 1830
Generated sample at index 20
Total token count: 920
Generated sample at index 188
Total token count: 1832
Generated sample at index 11
Total token count: 1832
Generated sample at index 681
Total token count: 1812
Emptied CUDA cache
{'loss': '0.05994', 'grad_norm': '0.244', 'learning_rate': '3.551e-05', 'entropy': 'nan', 'num_tokens': '8.712e+06', 'mean_token_accuracy': '0.9872', 'epoch': '6.021'}
Generated sample at index 135
Total token count: 1823
Generated sample at index 450
Total token count: 1826
Generated sample at index 38
Total token count: 1815
Generated sample at index 5
Total token count: 927
Generated sample at index 254
Total token count: 1809
Generated sample at index 736
Total token count: 1804
Generated sample at index 702
Total token count: 1807
Generated sample at index 529
Total token count: 2721
Emptied CUDA cache
{'loss': '0.05317', 'grad_norm': '0.2743', 'learning_rate': '3.535e-05', 'entropy': 'nan', 'num_tokens': '8.725e+06', 'mean_token_accuracy': '0.9877', 'epoch': '6.032'}
Generated sample at index 137
Total token count: 2709
Generated sample at index 92
Total token count: 1823
Generated sample at index 107
Total token count: 1829
Generated sample at index 671
Total token count: 1822
Generated sample at index 723
Total token count: 1801
Generated sample at index 388
Total token count: 1829
Generated sample at index 176
Total token count: 1826
Generated sample at index 163
Total token count: 1817
Emptied CUDA cache
{'loss': '0.05955', 'grad_norm': '0.2103', 'learning_rate': '3.519e-05', 'entropy': 'nan', 'num_tokens': '8.742e+06', 'mean_token_accuracy': '0.9868', 'epoch': '6.043'}
Generated sample at index 313
Total token count: 1828
Generated sample at index 444
Total token count: 1804
Generated sample at index 515
Total token count: 916
Generated sample at index 491
Total token count: 2721
Generated sample at index 336
Total token count: 2719
Generated sample at index 440
Total token count: 1814
Generated sample at index 729
Total token count: 2712
Generated sample at index 621
Total token count: 1811
Emptied CUDA cache
{'loss': '0.2366', 'grad_norm': '0.9266', 'learning_rate': '3.503e-05', 'entropy': 'nan', 'num_tokens': '8.758e+06', 'mean_token_accuracy': '0.9872', 'epoch': '6.054'}
Generated sample at index 693
Total token count: 1801
Generated sample at index 646
Total token count: 1820
Generated sample at index 585
Total token count: 1823
Generated sample at index 673
Total token count: 1816
Generated sample at index 502
Total token count: 1826
Generated sample at index 461
Total token count: 1827
Generated sample at index 633
Total token count: 1823
Generated sample at index 71
Total token count: 914
Emptied CUDA cache
{'loss': '0.05956', 'grad_norm': '0.4191', 'learning_rate': '3.487e-05', 'entropy': 'nan', 'num_tokens': '8.772e+06', 'mean_token_accuracy': '0.9865', 'epoch': '6.064'}
Generated sample at index 504
Total token count: 1823
Generated sample at index 4
Total token count: 1829
Generated sample at index 90
Total token count: 1809
Generated sample at index 640
Total token count: 1830
Generated sample at index 510
Total token count: 1825
Generated sample at index 206
Total token count: 1825
Generated sample at index 134
Total token count: 1808
Generated sample at index 721
Total token count: 1804
Emptied CUDA cache
{'loss': '0.0627', 'grad_norm': '0.3066', 'learning_rate': '3.471e-05', 'entropy': 'nan', 'num_tokens': '8.786e+06', 'mean_token_accuracy': '0.9862', 'epoch': '6.075'}
Generated sample at index 82
Total token count: 1813
Generated sample at index 7
Total token count: 1827
Generated sample at index 508
Total token count: 1812
Generated sample at index 285
Total token count: 1822
Generated sample at index 620
Total token count: 1811
Generated sample at index 70
Total token count: 3603
Generated sample at index 179
Total token count: 2716
Generated sample at index 410
Total token count: 2709
Emptied CUDA cache
{'loss': '0.0564', 'grad_norm': '0.5799', 'learning_rate': '3.455e-05', 'entropy': 'nan', 'num_tokens': '8.803e+06', 'mean_token_accuracy': '0.9868', 'epoch': '6.086'}
Generated sample at index 268
Total token count: 1807
Generated sample at index 309
Total token count: 1828
Generated sample at index 274
Total token count: 2713
Generated sample at index 338
Total token count: 2717
Generated sample at index 582
Total token count: 912
Generated sample at index 629
Total token count: 1808
Generated sample at index 99
Total token count: 2716
Generated sample at index 216
Total token count: 1805
Emptied CUDA cache
{'loss': '0.05004', 'grad_norm': '0.2185', 'learning_rate': '3.439e-05', 'entropy': 'nan', 'num_tokens': '8.821e+06', 'mean_token_accuracy': '0.9888', 'epoch': '6.097'}
Generated sample at index 236
Total token count: 2723
Generated sample at index 409
Total token count: 1819
Generated sample at index 743
Total token count: 2715
Generated sample at index 94
Total token count: 1809
Generated sample at index 292
Total token count: 1802
Generated sample at index 744
Total token count: 2714
Generated sample at index 260
Total token count: 1830
Generated sample at index 357
Total token count: 3602
Emptied CUDA cache
{'loss': '0.05254', 'grad_norm': '0.2763', 'learning_rate': '3.423e-05', 'entropy': 'nan', 'num_tokens': '8.838e+06', 'mean_token_accuracy': '0.9883', 'epoch': '6.107'}
Generated sample at index 441
Total token count: 1823
Generated sample at index 392
Total token count: 1823
Generated sample at index 14
Total token count: 1822
Generated sample at index 105
Total token count: 1809
Generated sample at index 97
Total token count: 1805
Generated sample at index 662
Total token count: 1827
Generated sample at index 555
Total token count: 1833
Generated sample at index 438
Total token count: 2715
Emptied CUDA cache
{'loss': '0.05364', 'grad_norm': '0.2103', 'learning_rate': '3.407e-05', 'entropy': 'nan', 'num_tokens': '8.854e+06', 'mean_token_accuracy': '0.9875', 'epoch': '6.118'}
Generated sample at index 372
Total token count: 1825
Generated sample at index 161
Total token count: 2715
Generated sample at index 630
Total token count: 1823
Generated sample at index 317
Total token count: 2720
Generated sample at index 566
Total token count: 1829
Generated sample at index 479
Total token count: 1836
Generated sample at index 264
Total token count: 1835
Generated sample at index 678
Total token count: 1806
Emptied CUDA cache
{'loss': '0.06121', 'grad_norm': '0.2226', 'learning_rate': '3.391e-05', 'entropy': 'nan', 'num_tokens': '8.871e+06', 'mean_token_accuracy': '0.986', 'epoch': '6.129'}
Generated sample at index 530
Total token count: 1821
Generated sample at index 574
Total token count: 923
Generated sample at index 381
Total token count: 1822
Generated sample at index 263
Total token count: 916
Generated sample at index 378
Total token count: 1819
Generated sample at index 55
Total token count: 2714
Generated sample at index 223
Total token count: 1818
Generated sample at index 52
Total token count: 2712
Emptied CUDA cache
{'loss': '0.05869', 'grad_norm': '0.2338', 'learning_rate': '3.376e-05', 'entropy': 'nan', 'num_tokens': '8.885e+06', 'mean_token_accuracy': '0.9862', 'epoch': '6.139'}
Generated sample at index 240
Total token count: 1829
Generated sample at index 604
Total token count: 1819
Generated sample at index 63
Total token count: 1816
Generated sample at index 102
Total token count: 3606
Generated sample at index 668
Total token count: 1822
Generated sample at index 611
Total token count: 1803
Generated sample at index 220
Total token count: 914
Generated sample at index 367
Total token count: 1823
Emptied CUDA cache
{'loss': '0.05549', 'grad_norm': '0.2486', 'learning_rate': '3.36e-05', 'entropy': 'nan', 'num_tokens': '8.901e+06', 'mean_token_accuracy': '0.988', 'epoch': '6.15'}
Generated sample at index 656
Total token count: 1814
Generated sample at index 67
Total token count: 1825
Generated sample at index 522
Total token count: 2715
Generated sample at index 318
Total token count: 2715
Generated sample at index 416
Total token count: 1822
Generated sample at index 41
Total token count: 2717
Generated sample at index 679
Total token count: 1831
Generated sample at index 610
Total token count: 2710
Emptied CUDA cache
{'loss': '0.05679', 'grad_norm': '0.3512', 'learning_rate': '3.344e-05', 'entropy': 'nan', 'num_tokens': '8.919e+06', 'mean_token_accuracy': '0.9868', 'epoch': '6.161'}
Generated sample at index 722
Total token count: 1804
Generated sample at index 237
Total token count: 1809
Generated sample at index 79
Total token count: 1818
Generated sample at index 146
Total token count: 1824
Generated sample at index 112
Total token count: 1804
Generated sample at index 108
Total token count: 919
Generated sample at index 360
Total token count: 909
Generated sample at index 546
Total token count: 1823
Emptied CUDA cache
{'loss': '0.04593', 'grad_norm': '0.2073', 'learning_rate': '3.328e-05', 'entropy': 'nan', 'num_tokens': '8.932e+06', 'mean_token_accuracy': '0.9889', 'epoch': '6.172'}
Generated sample at index 521
Total token count: 1814
Generated sample at index 503
Total token count: 1811
Generated sample at index 180
Total token count: 1803
Generated sample at index 48
Total token count: 1820
Generated sample at index 356
Total token count: 1821
Generated sample at index 387
Total token count: 1823
Generated sample at index 476
Total token count: 1826
Generated sample at index 66
Total token count: 1813
Emptied CUDA cache
{'loss': '0.05491', 'grad_norm': '0.3956', 'learning_rate': '3.313e-05', 'entropy': 'nan', 'num_tokens': '8.947e+06', 'mean_token_accuracy': '0.9872', 'epoch': '6.182'}
Generated sample at index 61
Total token count: 1822
Generated sample at index 276
Total token count: 1810
Generated sample at index 169
Total token count: 1815
Generated sample at index 308
Total token count: 1805
Generated sample at index 497
Total token count: 1816
Generated sample at index 258
Total token count: 1813
Generated sample at index 525
Total token count: 1827
Generated sample at index 128
Total token count: 1805
Emptied CUDA cache
{'loss': '0.05118', 'grad_norm': '0.2696', 'learning_rate': '3.297e-05', 'entropy': 'nan', 'num_tokens': '8.961e+06', 'mean_token_accuracy': '0.9878', 'epoch': '6.193'}
Generated sample at index 551
Total token count: 1806
Generated sample at index 408
Total token count: 1829
Generated sample at index 459
Total token count: 1826
Generated sample at index 505
Total token count: 919
Generated sample at index 376
Total token count: 1803
Generated sample at index 674
Total token count: 3611
Generated sample at index 270
Total token count: 2722
Generated sample at index 490
Total token count: 1821
Emptied CUDA cache
{'loss': '0.05123', 'grad_norm': '0.1381', 'learning_rate': '3.281e-05', 'entropy': 'nan', 'num_tokens': '8.978e+06', 'mean_token_accuracy': '0.9883', 'epoch': '6.204'}
Generated sample at index 282
Total token count: 1814
Generated sample at index 81
Total token count: 2719
Generated sample at index 731
Total token count: 1821
Generated sample at index 175
Total token count: 920
Generated sample at index 74
Total token count: 1832
Generated sample at index 728
Total token count: 1817
Generated sample at index 257
Total token count: 2723
Generated sample at index 567
Total token count: 1820
Emptied CUDA cache
{'loss': '0.06106', 'grad_norm': '0.2481', 'learning_rate': '3.265e-05', 'entropy': 'nan', 'num_tokens': '8.993e+06', 'mean_token_accuracy': '0.9867', 'epoch': '6.214'}
Generated sample at index 12
Total token count: 1813
Generated sample at index 329
Total token count: 1810
Generated sample at index 244
Total token count: 2718
Generated sample at index 730
Total token count: 2714
Generated sample at index 2
Total token count: 2711
Generated sample at index 115
Total token count: 922
Generated sample at index 625
Total token count: 1816
Generated sample at index 547
Total token count: 1821
Emptied CUDA cache
{'loss': '0.05395', 'grad_norm': '0.3679', 'learning_rate': '3.25e-05', 'entropy': 'nan', 'num_tokens': '9.009e+06', 'mean_token_accuracy': '0.9877', 'epoch': '6.225'}
Generated sample at index 127
Total token count: 1797
Generated sample at index 618
Total token count: 1812
Generated sample at index 419
Total token count: 2712
Generated sample at index 16
Total token count: 1810
Generated sample at index 106
Total token count: 1819
Generated sample at index 171
Total token count: 2709
Generated sample at index 466
Total token count: 1830
Generated sample at index 710
Total token count: 1819
Emptied CUDA cache
{'loss': '0.04954', 'grad_norm': '0.2381', 'learning_rate': '3.234e-05', 'entropy': 'nan', 'num_tokens': '9.026e+06', 'mean_token_accuracy': '0.988', 'epoch': '6.236'}
Generated sample at index 465
Total token count: 1813
Generated sample at index 524
Total token count: 2719
Generated sample at index 136
Total token count: 1809
Generated sample at index 384
Total token count: 1803
Generated sample at index 334
Total token count: 2711
Generated sample at index 650
Total token count: 916
Generated sample at index 351
Total token count: 2721
Generated sample at index 639
Total token count: 1819
Emptied CUDA cache
{'loss': '0.05615', 'grad_norm': '0.4428', 'learning_rate': '3.219e-05', 'entropy': 'nan', 'num_tokens': '9.042e+06', 'mean_token_accuracy': '0.9868', 'epoch': '6.247'}
Generated sample at index 606
Total token count: 1828
Generated sample at index 564
Total token count: 2711
Generated sample at index 594
Total token count: 1821
Generated sample at index 526
Total token count: 1815
Generated sample at index 462
Total token count: 1812
Generated sample at index 17
Total token count: 1810
Generated sample at index 149
Total token count: 3605
Generated sample at index 575
Total token count: 1794
Emptied CUDA cache
{'loss': '0.05079', 'grad_norm': '0.2321', 'learning_rate': '3.203e-05', 'entropy': 'nan', 'num_tokens': '9.059e+06', 'mean_token_accuracy': '0.9879', 'epoch': '6.257'}
Generated sample at index 39
Total token count: 1797
Generated sample at index 485
Total token count: 1806
Generated sample at index 301
Total token count: 2711
Generated sample at index 396
Total token count: 1801
Generated sample at index 614
Total token count: 1823
Generated sample at index 330
Total token count: 1820
Generated sample at index 239
Total token count: 1829
Generated sample at index 562
Total token count: 922
Emptied CUDA cache
{'loss': '0.04829', 'grad_norm': '0.374', 'learning_rate': '3.187e-05', 'entropy': 'nan', 'num_tokens': '9.075e+06', 'mean_token_accuracy': '0.9887', 'epoch': '6.268'}
Generated sample at index 707
Total token count: 1807
Generated sample at index 314
Total token count: 1825
Generated sample at index 208
Total token count: 1828
Generated sample at index 495
Total token count: 1828
Generated sample at index 583
Total token count: 2714
Generated sample at index 185
Total token count: 2716
Generated sample at index 725
Total token count: 916
Generated sample at index 692
Total token count: 1807
Emptied CUDA cache
{'loss': '0.05782', 'grad_norm': '0.2921', 'learning_rate': '3.172e-05', 'entropy': 'nan', 'num_tokens': '9.089e+06', 'mean_token_accuracy': '0.9858', 'epoch': '6.279'}
Generated sample at index 289
Total token count: 1809
Generated sample at index 241
Total token count: 2712
Generated sample at index 458
Total token count: 1824
Generated sample at index 203
Total token count: 1808
Generated sample at index 27
Total token count: 2714
Generated sample at index 733
Total token count: 1813
Generated sample at index 195
Total token count: 1824
Generated sample at index 53
Total token count: 914
Emptied CUDA cache
{'loss': '0.05074', 'grad_norm': '0.2487', 'learning_rate': '3.156e-05', 'entropy': 'nan', 'num_tokens': '9.105e+06', 'mean_token_accuracy': '0.9887', 'epoch': '6.29'}
Generated sample at index 192
Total token count: 2718
Generated sample at index 157
Total token count: 2712
Generated sample at index 493
Total token count: 1807
Generated sample at index 133
Total token count: 1819
Generated sample at index 507
Total token count: 1822
Generated sample at index 10
Total token count: 2713
Generated sample at index 424
Total token count: 1802
Generated sample at index 117
Total token count: 1820
Emptied CUDA cache
{'loss': '0.05054', 'grad_norm': '0.3067', 'learning_rate': '3.141e-05', 'entropy': 'nan', 'num_tokens': '9.122e+06', 'mean_token_accuracy': '0.9883', 'epoch': '6.3'}
Generated sample at index 660
Total token count: 1823
Generated sample at index 119
Total token count: 1827
Generated sample at index 377
Total token count: 2707
Generated sample at index 89
Total token count: 1820
Generated sample at index 578
Total token count: 1824
Generated sample at index 190
Total token count: 1825
Generated sample at index 648
Total token count: 1806
Generated sample at index 184
Total token count: 1825
Emptied CUDA cache
{'loss': '0.05773', 'grad_norm': '0.2937', 'learning_rate': '3.125e-05', 'entropy': 'nan', 'num_tokens': '9.137e+06', 'mean_token_accuracy': '0.9859', 'epoch': '6.311'}
Generated sample at index 623
Total token count: 1819
Generated sample at index 520
Total token count: 1807
Generated sample at index 295
Total token count: 1820
Generated sample at index 230
Total token count: 1810
Generated sample at index 25
Total token count: 1818
Generated sample at index 558
Total token count: 2718
Generated sample at index 601
Total token count: 1818
Generated sample at index 242
Total token count: 1825
Emptied CUDA cache
{'loss': '0.05763', 'grad_norm': '0.2182', 'learning_rate': '3.11e-05', 'entropy': 'nan', 'num_tokens': '9.153e+06', 'mean_token_accuracy': '0.987', 'epoch': '6.322'}
Generated sample at index 100
Total token count: 1817
Generated sample at index 354
Total token count: 2711
Generated sample at index 540
Total token count: 2715
Generated sample at index 123
Total token count: 1826
Generated sample at index 113
Total token count: 1809
Generated sample at index 147
Total token count: 1814
Generated sample at index 570
Total token count: 1805
Generated sample at index 499
Total token count: 1825
Emptied CUDA cache
{'loss': '0.05069', 'grad_norm': '0.31', 'learning_rate': '3.094e-05', 'entropy': 'nan', 'num_tokens': '9.169e+06', 'mean_token_accuracy': '0.9875', 'epoch': '6.332'}
Generated sample at index 18
Total token count: 1825
Generated sample at index 720
Total token count: 914
Generated sample at index 694
Total token count: 1808
Generated sample at index 460
Total token count: 1823
Generated sample at index 366
Total token count: 2710
Generated sample at index 273
Total token count: 2713
Generated sample at index 700
Total token count: 1826
Generated sample at index 517
Total token count: 1825
Emptied CUDA cache
{'loss': '0.06201', 'grad_norm': '2.522', 'learning_rate': '3.079e-05', 'entropy': 'nan', 'num_tokens': '9.184e+06', 'mean_token_accuracy': '0.988', 'epoch': '6.343'}
Generated sample at index 608
Total token count: 1797
Generated sample at index 699
Total token count: 1811
Generated sample at index 231
Total token count: 2711
Generated sample at index 229
Total token count: 1826
Generated sample at index 197
Total token count: 2713
Generated sample at index 398
Total token count: 1822
Generated sample at index 170
Total token count: 1828
Generated sample at index 0
Total token count: 1815
Emptied CUDA cache
{'loss': '0.05449', 'grad_norm': '0.2121', 'learning_rate': '3.063e-05', 'entropy': 'nan', 'num_tokens': '9.201e+06', 'mean_token_accuracy': '0.9875', 'epoch': '6.354'}
Generated sample at index 371
Total token count: 1831
Generated sample at index 670
Total token count: 1820
Generated sample at index 486
Total token count: 2712
Generated sample at index 637
Total token count: 1821
Generated sample at index 735
Total token count: 2718
Generated sample at index 162
Total token count: 1830
Generated sample at index 615
Total token count: 1807
Generated sample at index 687
Total token count: 3609
Emptied CUDA cache
{'loss': '0.05488', 'grad_norm': '0.2408', 'learning_rate': '3.048e-05', 'entropy': 'nan', 'num_tokens': '9.217e+06', 'mean_token_accuracy': '0.9873', 'epoch': '6.365'}
Generated sample at index 275
Total token count: 1828
Generated sample at index 129
Total token count: 1812
Generated sample at index 448
Total token count: 1823
Generated sample at index 49
Total token count: 1825
Generated sample at index 271
Total token count: 1830
Generated sample at index 142
Total token count: 1826
Generated sample at index 473
Total token count: 1815
Generated sample at index 666
Total token count: 1807
Emptied CUDA cache
{'loss': '0.05531', 'grad_norm': '0.2574', 'learning_rate': '3.033e-05', 'entropy': 'nan', 'num_tokens': '9.233e+06', 'mean_token_accuracy': '0.9875', 'epoch': '6.375'}
Generated sample at index 456
Total token count: 913
Generated sample at index 35
Total token count: 5388
Generated sample at index 205
Total token count: 1810
Generated sample at index 647
Total token count: 1825
Generated sample at index 125
Total token count: 920
Generated sample at index 597
Total token count: 1803
Generated sample at index 22
Total token count: 1816
Generated sample at index 643
Total token count: 1797
Emptied CUDA cache
{'loss': '0.2395', 'grad_norm': '0.9183', 'learning_rate': '3.017e-05', 'entropy': 'nan', 'num_tokens': '9.25e+06', 'mean_token_accuracy': '0.9886', 'epoch': '6.386'}
Generated sample at index 403
Total token count: 1817
Generated sample at index 193
Total token count: 1824
Generated sample at index 561
Total token count: 2713
Generated sample at index 607
Total token count: 3598
Generated sample at index 443
Total token count: 920
Generated sample at index 741
Total token count: 1823
Generated sample at index 75
Total token count: 1812
Generated sample at index 132
Total token count: 925
Emptied CUDA cache
{'loss': '0.04769', 'grad_norm': '0.2553', 'learning_rate': '3.002e-05', 'entropy': 'nan', 'num_tokens': '9.266e+06', 'mean_token_accuracy': '0.9883', 'epoch': '6.397'}
Generated sample at index 249
Total token count: 3606
Generated sample at index 261
Total token count: 2718
Generated sample at index 196
Total token count: 2713
Generated sample at index 501
Total token count: 1809
Generated sample at index 552
Total token count: 1828
Generated sample at index 78
Total token count: 915
Generated sample at index 26
Total token count: 1823
Generated sample at index 579
Total token count: 1821
Emptied CUDA cache
{'loss': '0.0564', 'grad_norm': '0.2597', 'learning_rate': '2.987e-05', 'entropy': 'nan', 'num_tokens': '9.282e+06', 'mean_token_accuracy': '0.9867', 'epoch': '6.408'}
Generated sample at index 715
Total token count: 1802
Generated sample at index 651
Total token count: 916
Generated sample at index 593
Total token count: 1825
Generated sample at index 278
Total token count: 1819
Generated sample at index 194
Total token count: 1812
Generated sample at index 300
Total token count: 2711
Generated sample at index 122
Total token count: 1809
Generated sample at index 645
Total token count: 1808
Emptied CUDA cache
{'loss': '0.05057', 'grad_norm': '0.1496', 'learning_rate': '2.971e-05', 'entropy': 'nan', 'num_tokens': '9.297e+06', 'mean_token_accuracy': '0.9883', 'epoch': '6.418'}
Generated sample at index 675
Total token count: 1820
Generated sample at index 252
Total token count: 1808
Generated sample at index 676
Total token count: 1804
Generated sample at index 739
Total token count: 1802
Generated sample at index 698
Total token count: 1827
Generated sample at index 198
Total token count: 2712
Generated sample at index 680
Total token count: 1818
Generated sample at index 596
Total token count: 1812
Emptied CUDA cache
{'loss': '0.06119', 'grad_norm': '2.278', 'learning_rate': '2.956e-05', 'entropy': 'nan', 'num_tokens': '9.312e+06', 'mean_token_accuracy': '0.9891', 'epoch': '6.429'}
Generated sample at index 225
Total token count: 2719
Generated sample at index 76
Total token count: 2720
Generated sample at index 364
Total token count: 1820
Generated sample at index 361
Total token count: 1825
Generated sample at index 457
Total token count: 1833
Generated sample at index 148
Total token count: 1831
Generated sample at index 433
Total token count: 1825
Generated sample at index 432
Total token count: 1820
Emptied CUDA cache
{'loss': '0.05748', 'grad_norm': '0.1986', 'learning_rate': '2.941e-05', 'entropy': 'nan', 'num_tokens': '9.329e+06', 'mean_token_accuracy': '0.9861', 'epoch': '6.44'}
Generated sample at index 719
Total token count: 2712
Generated sample at index 478
Total token count: 1818
Generated sample at index 173
Total token count: 2717
Generated sample at index 158
Total token count: 1825
Generated sample at index 577
Total token count: 1825
Generated sample at index 15
Total token count: 1807
Generated sample at index 422
Total token count: 1812
Generated sample at index 413
Total token count: 1810
Emptied CUDA cache
{'loss': '0.053', 'grad_norm': '0.3243', 'learning_rate': '2.926e-05', 'entropy': 'nan', 'num_tokens': '9.345e+06', 'mean_token_accuracy': '0.988', 'epoch': '6.45'}
Generated sample at index 617
Total token count: 1819
Generated sample at index 532
Total token count: 1819
Generated sample at index 165
Total token count: 1811
Generated sample at index 355
Total token count: 2711
Generated sample at index 394
Total token count: 917
Generated sample at index 677
Total token count: 1802
Generated sample at index 557
Total token count: 1817
Generated sample at index 248
Total token count: 1806
Emptied CUDA cache
{'loss': '0.04774', 'grad_norm': '0.1806', 'learning_rate': '2.91e-05', 'entropy': 'nan', 'num_tokens': '9.36e+06', 'mean_token_accuracy': '0.9888', 'epoch': '6.461'}
Generated sample at index 294
Total token count: 1814
Generated sample at index 151
Total token count: 2713
Generated sample at index 369
Total token count: 1817
Generated sample at index 293
Total token count: 1814
Generated sample at index 152
Total token count: 1802
Generated sample at index 290
Total token count: 2718
Generated sample at index 624
Total token count: 1822
Generated sample at index 738
Total token count: 1804
Emptied CUDA cache
{'loss': '0.04974', 'grad_norm': '0.276', 'learning_rate': '2.895e-05', 'entropy': 'nan', 'num_tokens': '9.376e+06', 'mean_token_accuracy': '0.9893', 'epoch': '6.472'}
Generated sample at index 580
Total token count: 2712
Generated sample at index 528
Total token count: 1824
Generated sample at index 506
Total token count: 1806
Generated sample at index 589
Total token count: 1826
Generated sample at index 9
Total token count: 1816
Generated sample at index 362
Total token count: 2717
Generated sample at index 635
Total token count: 1797
Generated sample at index 599
Total token count: 1797
Emptied CUDA cache
{'loss': '0.04655', 'grad_norm': '0.2547', 'learning_rate': '2.88e-05', 'entropy': 'nan', 'num_tokens': '9.392e+06', 'mean_token_accuracy': '0.989', 'epoch': '6.483'}
Generated sample at index 167
Total token count: 2708
Generated sample at index 118
Total token count: 2727
Generated sample at index 475
Total token count: 1827
Generated sample at index 644
Total token count: 1828
Generated sample at index 304
Total token count: 916
Generated sample at index 56
Total token count: 1825
Generated sample at index 272
Total token count: 2715
Generated sample at index 139
Total token count: 921
Emptied CUDA cache
{'loss': '0.05626', 'grad_norm': '0.3904', 'learning_rate': '2.865e-05', 'entropy': 'nan', 'num_tokens': '9.408e+06', 'mean_token_accuracy': '0.9879', 'epoch': '6.493'}
Generated sample at index 43
Total token count: 1824
Generated sample at index 697
Total token count: 2706
Generated sample at index 417
Total token count: 1814
Generated sample at index 375
Total token count: 1819
Generated sample at index 708
Total token count: 1814
Generated sample at index 45
Total token count: 3610
Generated sample at index 512
Total token count: 1824
Generated sample at index 514
Total token count: 920
Emptied CUDA cache
{'loss': '0.05384', 'grad_norm': '0.182', 'learning_rate': '2.85e-05', 'entropy': 'nan', 'num_tokens': '9.425e+06', 'mean_token_accuracy': '0.9881', 'epoch': '6.504'}
Generated sample at index 714
Total token count: 1817
Generated sample at index 153
Total token count: 1813
Generated sample at index 613
Total token count: 2717
Generated sample at index 140
Total token count: 1819
Generated sample at index 587
Total token count: 2712
Generated sample at index 598
Total token count: 1825
Generated sample at index 350
Total token count: 1825
Generated sample at index 431
Total token count: 1817
Emptied CUDA cache
{'loss': '0.05314', 'grad_norm': '0.2694', 'learning_rate': '2.835e-05', 'entropy': 'nan', 'num_tokens': '9.44e+06', 'mean_token_accuracy': '0.9873', 'epoch': '6.515'}
Generated sample at index 559
Total token count: 1825
Generated sample at index 217
Total token count: 1810
Generated sample at index 581
Total token count: 1816
Generated sample at index 627
Total token count: 2710
Generated sample at index 535
Total token count: 1820
Generated sample at index 482
Total token count: 919
Generated sample at index 469
Total token count: 1822
Generated sample at index 204
Total token count: 1818
Emptied CUDA cache
{'loss': '0.05846', 'grad_norm': '0.357', 'learning_rate': '2.82e-05', 'entropy': 'nan', 'num_tokens': '9.455e+06', 'mean_token_accuracy': '0.9861', 'epoch': '6.525'}
Generated sample at index 513
Total token count: 2713
Generated sample at index 452
Total token count: 1828
Generated sample at index 340
Total token count: 1825
Generated sample at index 200
Total token count: 3609
Generated sample at index 6
Total token count: 1805
Generated sample at index 150
Total token count: 3612
Generated sample at index 1
Total token count: 4490
Generated sample at index 554
Total token count: 1832
Emptied CUDA cache
{'loss': '0.04515', 'grad_norm': '0.2148', 'learning_rate': '2.805e-05', 'entropy': 'nan', 'num_tokens': '9.477e+06', 'mean_token_accuracy': '0.9889', 'epoch': '6.536'}
Generated sample at index 380
Total token count: 2708
Generated sample at index 44
Total token count: 2729
Generated sample at index 657
Total token count: 3598
Generated sample at index 131
Total token count: 1820
Generated sample at index 3
Total token count: 2710
Generated sample at index 658
Total token count: 1820
Generated sample at index 434
Total token count: 1819
Generated sample at index 291
Total token count: 1823
Emptied CUDA cache
{'loss': '0.04951', 'grad_norm': '0.2361', 'learning_rate': '2.79e-05', 'entropy': 'nan', 'num_tokens': '9.496e+06', 'mean_token_accuracy': '0.9887', 'epoch': '6.547'}
Generated sample at index 534
Total token count: 1829
Generated sample at index 86
Total token count: 1822
Generated sample at index 177
Total token count: 1823
Generated sample at index 427
Total token count: 1823
Generated sample at index 550
Total token count: 1820
Generated sample at index 492
Total token count: 1801
Generated sample at index 359
Total token count: 1831
Generated sample at index 712
Total token count: 1824
Emptied CUDA cache
{'loss': '0.05699', 'grad_norm': '0.2618', 'learning_rate': '2.775e-05', 'entropy': 'nan', 'num_tokens': '9.51e+06', 'mean_token_accuracy': '0.9862', 'epoch': '6.558'}
Generated sample at index 445
Total token count: 1822
Generated sample at index 446
Total token count: 1823
Generated sample at index 323
Total token count: 1814
Generated sample at index 523
Total token count: 1826
Generated sample at index 209
Total token count: 1824
Generated sample at index 130
Total token count: 1810
Generated sample at index 688
Total token count: 915
Generated sample at index 345
Total token count: 1827
Emptied CUDA cache
{'loss': '0.05621', 'grad_norm': '0.2749', 'learning_rate': '2.76e-05', 'entropy': 'nan', 'num_tokens': '9.524e+06', 'mean_token_accuracy': '0.9867', 'epoch': '6.568'}
Generated sample at index 303
Total token count: 1810
Generated sample at index 116
Total token count: 1814
Generated sample at index 642
Total token count: 1797
Generated sample at index 636
Total token count: 1814
Generated sample at index 218
Total token count: 1828
Generated sample at index 178
Total token count: 1815
Generated sample at index 474
Total token count: 1824
Generated sample at index 31
Total token count: 1811
Emptied CUDA cache
{'loss': '0.05526', 'grad_norm': '0.1988', 'learning_rate': '2.745e-05', 'entropy': 'nan', 'num_tokens': '9.538e+06', 'mean_token_accuracy': '0.9875', 'epoch': '6.579'}
Generated sample at index 428
Total token count: 1824
Generated sample at index 455
Total token count: 1819
Generated sample at index 385
Total token count: 1815
Generated sample at index 538
Total token count: 1826
Generated sample at index 588
Total token count: 1822
Generated sample at index 344
Total token count: 1824
Generated sample at index 737
Total token count: 1814
Generated sample at index 685
Total token count: 1805
Emptied CUDA cache
{'loss': '0.05913', 'grad_norm': '0.2816', 'learning_rate': '2.73e-05', 'entropy': 'nan', 'num_tokens': '9.553e+06', 'mean_token_accuracy': '0.9864', 'epoch': '6.59'}
Generated sample at index 181
Total token count: 1812
Generated sample at index 404
Total token count: 1813
Generated sample at index 28
Total token count: 1827
Generated sample at index 391
Total token count: 1825
Generated sample at index 717
Total token count: 2713
Generated sample at index 605
Total token count: 1808
Generated sample at index 213
Total token count: 1825
Generated sample at index 734
Total token count: 1813
Emptied CUDA cache
{'loss': '0.04956', 'grad_norm': '0.2217', 'learning_rate': '2.715e-05', 'entropy': 'nan', 'num_tokens': '9.568e+06', 'mean_token_accuracy': '0.9873', 'epoch': '6.601'}
Generated sample at index 93
Total token count: 1819
Generated sample at index 58
Total token count: 1819
Generated sample at index 421
Total token count: 913
Generated sample at index 72
Total token count: 2716
Generated sample at index 324
Total token count: 1829
Generated sample at index 363
Total token count: 1831
Generated sample at index 243
Total token count: 1823
Generated sample at index 238
Total token count: 920
Emptied CUDA cache
{'loss': '0.05427', 'grad_norm': '0.2223', 'learning_rate': '2.7e-05', 'entropy': 'nan', 'num_tokens': '9.583e+06', 'mean_token_accuracy': '0.9871', 'epoch': '6.611'}
Generated sample at index 335
Total token count: 1800
Generated sample at index 716
Total token count: 1807
Generated sample at index 649
Total token count: 2712
Generated sample at index 172
Total token count: 1811
Generated sample at index 628
Total token count: 2713
Generated sample at index 544
Total token count: 1805
Generated sample at index 262
Total token count: 1824
Generated sample at index 8
Total token count: 909
Emptied CUDA cache
{'loss': '0.05274', 'grad_norm': '0.3659', 'learning_rate': '2.685e-05', 'entropy': 'nan', 'num_tokens': '9.598e+06', 'mean_token_accuracy': '0.9886', 'epoch': '6.622'}
Generated sample at index 696
Total token count: 2715
Generated sample at index 51
Total token count: 2713
Generated sample at index 310
Total token count: 1813
Generated sample at index 590
Total token count: 1807
Generated sample at index 415
Total token count: 2709
Generated sample at index 83
Total token count: 915
Generated sample at index 713
Total token count: 1820
Generated sample at index 111
Total token count: 3607
Emptied CUDA cache
{'loss': '0.0445', 'grad_norm': '0.2369', 'learning_rate': '2.671e-05', 'entropy': 'nan', 'num_tokens': '9.614e+06', 'mean_token_accuracy': '0.9889', 'epoch': '6.633'}
Generated sample at index 665
Total token count: 1808
Generated sample at index 315
Total token count: 1820
Generated sample at index 549
Total token count: 1826
Generated sample at index 224
Total token count: 1823
Generated sample at index 154
Total token count: 1813
Generated sample at index 320
Total token count: 1827
Generated sample at index 191
Total token count: 1813
Generated sample at index 464
Total token count: 1832
Emptied CUDA cache
{'loss': '0.05051', 'grad_norm': '0.2123', 'learning_rate': '2.656e-05', 'entropy': 'nan', 'num_tokens': '9.63e+06', 'mean_token_accuracy': '0.9878', 'epoch': '6.643'}
Generated sample at index 199
Total token count: 2715
Generated sample at index 591
Total token count: 1823
Generated sample at index 609
Total token count: 2708
Generated sample at index 383
Total token count: 2718
Generated sample at index 297
Total token count: 1819
Generated sample at index 470
Total token count: 921
Generated sample at index 50
Total token count: 1819
Generated sample at index 619
Total token count: 1817
Emptied CUDA cache
{'loss': '0.05619', 'grad_norm': '0.289', 'learning_rate': '2.641e-05', 'entropy': 'nan', 'num_tokens': '9.646e+06', 'mean_token_accuracy': '0.9868', 'epoch': '6.654'}
Generated sample at index 352
Total token count: 916
Generated sample at index 631
Total token count: 1813
Generated sample at index 286
Total token count: 1819
Generated sample at index 655
Total token count: 914
Generated sample at index 653
Total token count: 1801
Generated sample at index 349
Total token count: 2719
Generated sample at index 622
Total token count: 1827
Generated sample at index 253
Total token count: 1824
Emptied CUDA cache
{'loss': '0.0555', 'grad_norm': '0.4169', 'learning_rate': '2.626e-05', 'entropy': 'nan', 'num_tokens': '9.66e+06', 'mean_token_accuracy': '0.9873', 'epoch': '6.665'}
Generated sample at index 339
Total token count: 1802
Generated sample at index 202
Total token count: 1827
Generated sample at index 393
Total token count: 919
Generated sample at index 311
Total token count: 1808
Generated sample at index 36
Total token count: 3606
Generated sample at index 543
Total token count: 1807
Generated sample at index 480
Total token count: 1809
Generated sample at index 207
Total token count: 1827
Emptied CUDA cache
{'loss': '0.04799', 'grad_norm': '0.3169', 'learning_rate': '2.612e-05', 'entropy': 'nan', 'num_tokens': '9.675e+06', 'mean_token_accuracy': '0.9888', 'epoch': '6.676'}
Generated sample at index 667
Total token count: 1810
Generated sample at index 342
Total token count: 1809
Generated sample at index 269
Total token count: 1797
Generated sample at index 498
Total token count: 919
Generated sample at index 250
Total token count: 1829
Generated sample at index 232
Total token count: 1813
Generated sample at index 641
Total token count: 922
Generated sample at index 214
Total token count: 1826
Emptied CUDA cache
{'loss': '0.05007', 'grad_norm': '0.2508', 'learning_rate': '2.597e-05', 'entropy': 'nan', 'num_tokens': '9.688e+06', 'mean_token_accuracy': '0.9876', 'epoch': '6.686'}
Generated sample at index 298
Total token count: 1822
Generated sample at index 255
Total token count: 2720
Generated sample at index 174
Total token count: 1831
Generated sample at index 277
Total token count: 1809
Generated sample at index 527
Total token count: 1806
Generated sample at index 235
Total token count: 1823
Generated sample at index 333
Total token count: 1830
Generated sample at index 500
Total token count: 1813
Emptied CUDA cache
{'loss': '0.05568', 'grad_norm': '0.6087', 'learning_rate': '2.582e-05', 'entropy': 'nan', 'num_tokens': '9.704e+06', 'mean_token_accuracy': '0.9867', 'epoch': '6.697'}
Generated sample at index 638
Total token count: 1817
Generated sample at index 634
Total token count: 1820
Generated sample at index 246
Total token count: 2717
Generated sample at index 247
Total token count: 1822
Generated sample at index 537
Total token count: 1825
Generated sample at index 104
Total token count: 915
Generated sample at index 287
Total token count: 2715
Generated sample at index 468
Total token count: 913
Emptied CUDA cache
{'loss': '0.05195', 'grad_norm': '0.1562', 'learning_rate': '2.568e-05', 'entropy': 'nan', 'num_tokens': '9.719e+06', 'mean_token_accuracy': '0.9885', 'epoch': '6.708'}
Generated sample at index 586
Total token count: 917
Generated sample at index 327
Total token count: 915
Generated sample at index 331
Total token count: 1807
Generated sample at index 705
Total token count: 1797
Generated sample at index 742
Total token count: 2712
Generated sample at index 727
Total token count: 1828
Generated sample at index 682
Total token count: 2714
Generated sample at index 183
Total token count: 1821
Emptied CUDA cache
{'loss': '0.05153', 'grad_norm': '0.4114', 'learning_rate': '2.553e-05', 'entropy': 'nan', 'num_tokens': '9.733e+06', 'mean_token_accuracy': '0.9879', 'epoch': '6.718'}
Generated sample at index 382
Total token count: 1828
Generated sample at index 296
Total token count: 1809
Generated sample at index 155
Total token count: 1826
Generated sample at index 370
Total token count: 1824
Generated sample at index 689
Total token count: 1811
Generated sample at index 481
Total token count: 1807
Generated sample at index 168
Total token count: 1831
Generated sample at index 281
Total token count: 1807
Emptied CUDA cache
{'loss': '0.05342', 'grad_norm': '0.2404', 'learning_rate': '2.539e-05', 'entropy': 'nan', 'num_tokens': '9.747e+06', 'mean_token_accuracy': '0.9871', 'epoch': '6.729'}
Generated sample at index 477
Total token count: 1824
Generated sample at index 54
Total token count: 2715
Generated sample at index 471
Total token count: 1811
Generated sample at index 406
Total token count: 2714
Generated sample at index 358
Total token count: 1831
Generated sample at index 711
Total token count: 1806
Generated sample at index 141
Total token count: 1826
Generated sample at index 612
Total token count: 1811
Emptied CUDA cache
{'loss': '0.04891', 'grad_norm': '0.4142', 'learning_rate': '2.524e-05', 'entropy': 'nan', 'num_tokens': '9.763e+06', 'mean_token_accuracy': '0.9889', 'epoch': '6.74'}
Generated sample at index 337
Total token count: 2710
Generated sample at index 405
Total token count: 1813
Generated sample at index 325
Total token count: 1825
Generated sample at index 661
Total token count: 1823
Generated sample at index 373
Total token count: 914
Generated sample at index 519
Total token count: 1818
Generated sample at index 379
Total token count: 1815
Generated sample at index 600
Total token count: 914
Emptied CUDA cache
{'loss': '0.05058', 'grad_norm': '0.364', 'learning_rate': '2.51e-05', 'entropy': 'nan', 'num_tokens': '9.778e+06', 'mean_token_accuracy': '0.9888', 'epoch': '6.751'}
Generated sample at index 389
Total token count: 1821
Generated sample at index 143
Total token count: 4496
Generated sample at index 321
Total token count: 1810
Generated sample at index 451
Total token count: 917
Generated sample at index 13
Total token count: 1812
Generated sample at index 411
Total token count: 1822
Generated sample at index 353
Total token count: 1832
Generated sample at index 437
Total token count: 1807
Emptied CUDA cache
{'loss': '0.04796', 'grad_norm': '0.2212', 'learning_rate': '2.495e-05', 'entropy': 'nan', 'num_tokens': '9.793e+06', 'mean_token_accuracy': '0.9885', 'epoch': '6.761'}
Generated sample at index 745
Total token count: 915
Generated sample at index 84
Total token count: 2717
Generated sample at index 573
Total token count: 1811
Generated sample at index 279
Total token count: 2713
Generated sample at index 453
Total token count: 1830
Generated sample at index 740
Total token count: 1802
Generated sample at index 88
Total token count: 1820
Generated sample at index 326
Total token count: 1807
Emptied CUDA cache
{'loss': '0.05183', 'grad_norm': '0.3329', 'learning_rate': '2.481e-05', 'entropy': 'nan', 'num_tokens': '9.809e+06', 'mean_token_accuracy': '0.9882', 'epoch': '6.772'}
Generated sample at index 397
Total token count: 1804
Generated sample at index 454
Total token count: 1822
Generated sample at index 487
Total token count: 1834
Generated sample at index 686
Total token count: 1835
Generated sample at index 211
Total token count: 1834
Generated sample at index 65
Total token count: 1825
Generated sample at index 19
Total token count: 4500
Generated sample at index 368
Total token count: 1822
Emptied CUDA cache
{'loss': '0.2808', 'grad_norm': '1.559', 'learning_rate': '2.466e-05', 'entropy': 'nan', 'num_tokens': '9.826e+06', 'mean_token_accuracy': '0.9866', 'epoch': '6.783'}
Generated sample at index 442
Total token count: 1805
Generated sample at index 584
Total token count: 1802
Generated sample at index 87
Total token count: 1826
Generated sample at index 401
Total token count: 1822
Generated sample at index 251
Total token count: 1833
Generated sample at index 57
Total token count: 2719
Generated sample at index 576
Total token count: 1822
Generated sample at index 347
Total token count: 2710
Emptied CUDA cache
{'loss': '0.05566', 'grad_norm': '0.324', 'learning_rate': '2.452e-05', 'entropy': 'nan', 'num_tokens': '9.842e+06', 'mean_token_accuracy': '0.9871', 'epoch': '6.794'}
Generated sample at index 145
Total token count: 1802
Generated sample at index 96
Total token count: 1822
Generated sample at index 541
Total token count: 2717
Generated sample at index 533
Total token count: 1826
Generated sample at index 430
Total token count: 2710
Generated sample at index 265
Total token count: 914
Generated sample at index 144
Total token count: 2714
Generated sample at index 343
Total token count: 1809
Emptied CUDA cache
{'loss': '0.04925', 'grad_norm': '0.2615', 'learning_rate': '2.438e-05', 'entropy': 'nan', 'num_tokens': '9.859e+06', 'mean_token_accuracy': '0.9889', 'epoch': '6.804'}
Generated sample at index 565
Total token count: 916
Generated sample at index 496
Total token count: 1818
Generated sample at index 24
Total token count: 2710
Generated sample at index 233
Total token count: 1824
Generated sample at index 124
Total token count: 915
Generated sample at index 312
Total token count: 929
Generated sample at index 418
Total token count: 1798
Generated sample at index 683
Total token count: 2711
Emptied CUDA cache
{'loss': '0.04942', 'grad_norm': '0.2133', 'learning_rate': '2.423e-05', 'entropy': 'nan', 'num_tokens': '9.872e+06', 'mean_token_accuracy': '0.9881', 'epoch': '6.815'}
Generated sample at index 511
Total token count: 1812
Generated sample at index 33
Total token count: 1807
Generated sample at index 319
Total token count: 1817
Generated sample at index 64
Total token count: 1828
Generated sample at index 690
Total token count: 1802
Generated sample at index 402
Total token count: 1821
Generated sample at index 592
Total token count: 1824
Generated sample at index 494
Total token count: 1822
Emptied CUDA cache
{'loss': '0.04746', 'grad_norm': '0.2052', 'learning_rate': '2.409e-05', 'entropy': 'nan', 'num_tokens': '9.887e+06', 'mean_token_accuracy': '0.9886', 'epoch': '6.826'}
Generated sample at index 32
Total token count: 1821
Generated sample at index 425
Total token count: 1798
Generated sample at index 348
Total token count: 916
Generated sample at index 306
Total token count: 1801
Generated sample at index 632
Total token count: 1828
Generated sample at index 602
Total token count: 1809
Generated sample at index 569
Total token count: 1819
Generated sample at index 95
Total token count: 1814
Emptied CUDA cache
{'loss': '0.04711', 'grad_norm': '0.2808', 'learning_rate': '2.395e-05', 'entropy': 'nan', 'num_tokens': '9.901e+06', 'mean_token_accuracy': '0.9888', 'epoch': '6.836'}
Generated sample at index 695
Total token count: 1832
Generated sample at index 187
Total token count: 921
Generated sample at index 654
Total token count: 1818
Generated sample at index 400
Total token count: 1827
Generated sample at index 126
Total token count: 2719
Generated sample at index 595
Total token count: 1817
Generated sample at index 732
Total token count: 1804
Generated sample at index 439
Total token count: 2711
Emptied CUDA cache
{'loss': '0.05673', 'grad_norm': '0.1567', 'learning_rate': '2.38e-05', 'entropy': 'nan', 'num_tokens': '9.915e+06', 'mean_token_accuracy': '0.9874', 'epoch': '6.847'}
Generated sample at index 114
Total token count: 912
Generated sample at index 215
Total token count: 1813
Generated sample at index 221
Total token count: 1825
Generated sample at index 423
Total token count: 1821
Generated sample at index 463
Total token count: 1808
Generated sample at index 386
Total token count: 913
Generated sample at index 399
Total token count: 1825
Generated sample at index 227
Total token count: 1824
Emptied CUDA cache
{'loss': '0.05173', 'grad_norm': '0.2321', 'learning_rate': '2.366e-05', 'entropy': 'nan', 'num_tokens': '9.929e+06', 'mean_token_accuracy': '0.9882', 'epoch': '6.858'}
Generated sample at index 571
Total token count: 1824
Generated sample at index 563
Total token count: 1817
Generated sample at index 21
Total token count: 1814
Generated sample at index 62
Total token count: 2710
Generated sample at index 701
Total token count: 2713
Generated sample at index 47
Total token count: 3607
Generated sample at index 210
Total token count: 1819
Generated sample at index 284
Total token count: 1820
Emptied CUDA cache
{'loss': '0.05315', 'grad_norm': '0.2992', 'learning_rate': '2.352e-05', 'entropy': 'nan', 'num_tokens': '9.947e+06', 'mean_token_accuracy': '0.9883', 'epoch': '6.869'}
Generated sample at index 568
Total token count: 915
Generated sample at index 160
Total token count: 1821
Generated sample at index 42
Total token count: 1803
Generated sample at index 103
Total token count: 1831
Generated sample at index 37
Total token count: 1812
Generated sample at index 436
Total token count: 1805
Generated sample at index 234
Total token count: 1802
Generated sample at index 30
Total token count: 1819
Emptied CUDA cache
{'loss': '0.0475', 'grad_norm': '0.2715', 'learning_rate': '2.338e-05', 'entropy': 'nan', 'num_tokens': '9.96e+06', 'mean_token_accuracy': '0.9882', 'epoch': '6.879'}
Generated sample at index 516
Total token count: 1810
Generated sample at index 484
Total token count: 1819
Generated sample at index 40
Total token count: 1805
Generated sample at index 395
Total token count: 914
Generated sample at index 539
Total token count: 1822
Generated sample at index 182
Total token count: 1817
Generated sample at index 572
Total token count: 1808
Generated sample at index 34
Total token count: 2712
Emptied CUDA cache
{'loss': '0.04624', 'grad_norm': '0.1964', 'learning_rate': '2.324e-05', 'entropy': 'nan', 'num_tokens': '9.974e+06', 'mean_token_accuracy': '0.9889', 'epoch': '6.89'}
Generated sample at index 420
Total token count: 1815
Generated sample at index 156
Total token count: 1797
Generated sample at index 23
Total token count: 2715
Generated sample at index 365
Total token count: 3602
Generated sample at index 536
Total token count: 1809
Generated sample at index 120
Total token count: 1819
Generated sample at index 472
Total token count: 1826
Generated sample at index 718
Total token count: 2707
Emptied CUDA cache
{'loss': '0.04414', 'grad_norm': '0.2307', 'learning_rate': '2.31e-05', 'entropy': 'nan', 'num_tokens': '9.992e+06', 'mean_token_accuracy': '0.9895', 'epoch': '6.901'}
Generated sample at index 288
Total token count: 1824
Generated sample at index 659
Total token count: 1797
Generated sample at index 228
Total token count: 1818
Generated sample at index 110
Total token count: 1805
Generated sample at index 669
Total token count: 1824
Generated sample at index 542
Total token count: 1826
Generated sample at index 259
Total token count: 3602
Generated sample at index 267
Total token count: 1825
Emptied CUDA cache
{'loss': '0.04732', 'grad_norm': '0.2623', 'learning_rate': '2.296e-05', 'entropy': 'nan', 'num_tokens': '1.001e+07', 'mean_token_accuracy': '0.9889', 'epoch': '6.912'}
Generated sample at index 709
Total token count: 1809
Generated sample at index 374
Total token count: 913
Generated sample at index 101
Total token count: 1828
Generated sample at index 531
Total token count: 1814
Generated sample at index 305
Total token count: 1828
Generated sample at index 328
Total token count: 1828
Generated sample at index 283
Total token count: 1824
Generated sample at index 322
Total token count: 1828
Emptied CUDA cache
{'loss': '0.05232', 'grad_norm': '0.1828', 'learning_rate': '2.281e-05', 'entropy': 'nan', 'num_tokens': '1.002e+07', 'mean_token_accuracy': '0.9886', 'epoch': '6.922'}
Generated sample at index 703
Total token count: 1821
Generated sample at index 91
Total token count: 1823
Generated sample at index 189
Total token count: 1807
Generated sample at index 85
Total token count: 1804
Generated sample at index 280
Total token count: 1829
Generated sample at index 449
Total token count: 1822
Generated sample at index 556
Total token count: 1827
Generated sample at index 69
Total token count: 1814
Emptied CUDA cache
{'loss': '0.05667', 'grad_norm': '0.4564', 'learning_rate': '2.267e-05', 'entropy': 'nan', 'num_tokens': '1.004e+07', 'mean_token_accuracy': '0.9866', 'epoch': '6.933'}
Generated sample at index 560
Total token count: 1823
Generated sample at index 219
Total token count: 1807
Generated sample at index 724
Total token count: 2715
Generated sample at index 518
Total token count: 925
Generated sample at index 341
Total token count: 1810
Generated sample at index 332
Total token count: 1829
Generated sample at index 467
Total token count: 1834
Generated sample at index 164
Total token count: 1830
Emptied CUDA cache
{'loss': '0.05805', 'grad_norm': '0.171', 'learning_rate': '2.253e-05', 'entropy': 'nan', 'num_tokens': '1.005e+07', 'mean_token_accuracy': '0.9872', 'epoch': '6.944'}
Generated sample at index 29
Total token count: 1829
Generated sample at index 407
Total token count: 1816
Generated sample at index 212
Total token count: 1828
Generated sample at index 346
Total token count: 1826
Generated sample at index 186
Total token count: 1814
Generated sample at index 266
Total token count: 1797
Generated sample at index 201
Total token count: 1815
Generated sample at index 545
Total token count: 1819
Emptied CUDA cache
{'loss': '0.05363', 'grad_norm': '0.1624', 'learning_rate': '2.24e-05', 'entropy': 'nan', 'num_tokens': '1.007e+07', 'mean_token_accuracy': '0.9877', 'epoch': '6.954'}
Generated sample at index 704
Total token count: 1810
Generated sample at index 616
Total token count: 1805
Generated sample at index 80
Total token count: 1823
Generated sample at index 429
Total token count: 1827
Generated sample at index 46
Total token count: 1824
Generated sample at index 652
Total token count: 1801
Generated sample at index 726
Total token count: 1823
Generated sample at index 548
Total token count: 2718
Emptied CUDA cache
{'loss': '0.04834', 'grad_norm': '0.2015', 'learning_rate': '2.226e-05', 'entropy': 'nan', 'num_tokens': '1.008e+07', 'mean_token_accuracy': '0.989', 'epoch': '6.965'}
Generated sample at index 603
Total token count: 1817
Generated sample at index 60
Total token count: 1826
Generated sample at index 483
Total token count: 1811
Generated sample at index 302
Total token count: 1811
Generated sample at index 222
Total token count: 1829
Generated sample at index 488
Total token count: 1830
Generated sample at index 706
Total token count: 1806
Generated sample at index 307
Total token count: 3600
Emptied CUDA cache
{'loss': '0.0519', 'grad_norm': '0.1978', 'learning_rate': '2.212e-05', 'entropy': 'nan', 'num_tokens': '1.01e+07', 'mean_token_accuracy': '0.9881', 'epoch': '6.976'}
Generated sample at index 426
Total token count: 1826
Generated sample at index 509
Total token count: 2711
Generated sample at index 664
Total token count: 1825
Generated sample at index 226
Total token count: 1810
Generated sample at index 489
Total token count: 918
Generated sample at index 256
Total token count: 1826
Generated sample at index 299
Total token count: 1826
Generated sample at index 159
Total token count: 919
Emptied CUDA cache
{'loss': '0.05187', 'grad_norm': '0.1693', 'learning_rate': '2.198e-05', 'entropy': 'nan', 'num_tokens': '1.011e+07', 'mean_token_accuracy': '0.9878', 'epoch': '6.987'}
Generated sample at index 553
Total token count: 1818
Generated sample at index 663
Total token count: 1811
Generated sample at index 109
Total token count: 1808
Generated sample at index 435
Total token count: 1821
Generated sample at index 138
Total token count: 1820
Generated sample at index 412
Total token count: 913
Generated sample at index 73
Total token count: 920
Generated sample at index 245
Total token count: 1825
Emptied CUDA cache
{'loss': '0.05422', 'grad_norm': '0.2488', 'learning_rate': '2.184e-05', 'entropy': 'nan', 'num_tokens': '1.012e+07', 'mean_token_accuracy': '0.9886', 'epoch': '6.997'}
Generated sample at index 121
Total token count: 1821
Emptied CUDA cache
{'loss': '0.05941', 'grad_norm': '0.4646', 'learning_rate': '2.17e-05', 'entropy': 'nan', 'num_tokens': '1.013e+07', 'mean_token_accuracy': '0.9873', 'epoch': '7'}
Generated sample at index 244
Total token count: 2718
Generated sample at index 469
Total token count: 1822
Generated sample at index 658
Total token count: 1820
Generated sample at index 669
Total token count: 1824
Generated sample at index 358
Total token count: 1831
Generated sample at index 509
Total token count: 2711
Generated sample at index 108
Total token count: 919
Generated sample at index 15
Total token count: 1807
Generated sample at index 245
Total token count: 1825
Emptied CUDA cache
{'loss': '0.05075', 'grad_norm': '0.163', 'learning_rate': '2.157e-05', 'entropy': 'nan', 'num_tokens': '1.014e+07', 'mean_token_accuracy': '0.9879', 'epoch': '7.011'}
Generated sample at index 454
Total token count: 1822
Generated sample at index 552
Total token count: 1828
Generated sample at index 11
Total token count: 1832
Generated sample at index 543
Total token count: 1807
Generated sample at index 589
Total token count: 1826
Generated sample at index 438
Total token count: 2715
Generated sample at index 268
Total token count: 1807
Generated sample at index 266
Total token count: 1797
Emptied CUDA cache
{'loss': '0.05505', 'grad_norm': '0.2634', 'learning_rate': '2.143e-05', 'entropy': 'nan', 'num_tokens': '1.016e+07', 'mean_token_accuracy': '0.9863', 'epoch': '7.021'}
Generated sample at index 692
Total token count: 1807
Generated sample at index 77
Total token count: 1810
Generated sample at index 694
Total token count: 1808
Generated sample at index 504
Total token count: 1823
Generated sample at index 390
Total token count: 1797
Generated sample at index 255
Total token count: 2720
Generated sample at index 25
Total token count: 1818
Generated sample at index 600
Total token count: 914
Emptied CUDA cache
{'loss': '0.03803', 'grad_norm': '0.1603', 'learning_rate': '2.129e-05', 'entropy': 'nan', 'num_tokens': '1.017e+07', 'mean_token_accuracy': '0.9913', 'epoch': '7.032'}
Generated sample at index 71
Total token count: 914
Generated sample at index 14
Total token count: 1822
Generated sample at index 514
Total token count: 920
Generated sample at index 716
Total token count: 1807
Generated sample at index 701
Total token count: 2713
Generated sample at index 558
Total token count: 2718
Generated sample at index 221
Total token count: 1825
Generated sample at index 398
Total token count: 1822
Emptied CUDA cache
{'loss': '0.0569', 'grad_norm': '0.4653', 'learning_rate': '2.115e-05', 'entropy': 'nan', 'num_tokens': '1.019e+07', 'mean_token_accuracy': '0.9872', 'epoch': '7.043'}
Generated sample at index 59
Total token count: 1822
Generated sample at index 461
Total token count: 1827
Generated sample at index 553
Total token count: 1818
Generated sample at index 562
Total token count: 922
Generated sample at index 296
Total token count: 1809
Generated sample at index 174
Total token count: 1831
Generated sample at index 199
Total token count: 2715
Generated sample at index 41
Total token count: 2717
Emptied CUDA cache
{'loss': '0.05268', 'grad_norm': '0.2262', 'learning_rate': '2.102e-05', 'entropy': 'nan', 'num_tokens': '1.02e+07', 'mean_token_accuracy': '0.9872', 'epoch': '7.054'}
Generated sample at index 188
Total token count: 1832
Generated sample at index 209
Total token count: 1824
Generated sample at index 279
Total token count: 2713
Generated sample at index 301
Total token count: 2711
Generated sample at index 415
Total token count: 2709
Generated sample at index 399
Total token count: 1825
Generated sample at index 554
Total token count: 1832
Generated sample at index 529
Total token count: 2721
Emptied CUDA cache
{'loss': '0.055', 'grad_norm': '0.2374', 'learning_rate': '2.088e-05', 'entropy': 'nan', 'num_tokens': '1.022e+07', 'mean_token_accuracy': '0.9865', 'epoch': '7.064'}
Generated sample at index 90
Total token count: 1809
Generated sample at index 495
Total token count: 1828
Generated sample at index 383
Total token count: 2718
Generated sample at index 295
Total token count: 1820
Generated sample at index 471
Total token count: 1811
Generated sample at index 476
Total token count: 1826
Generated sample at index 548
Total token count: 2718
Generated sample at index 505
Total token count: 919
Emptied CUDA cache
{'loss': '0.05274', 'grad_norm': '0.2033', 'learning_rate': '2.075e-05', 'entropy': 'nan', 'num_tokens': '1.024e+07', 'mean_token_accuracy': '0.9881', 'epoch': '7.075'}
Generated sample at index 78
Total token count: 915
Generated sample at index 44
Total token count: 2729
Generated sample at index 420
Total token count: 1815
Generated sample at index 110
Total token count: 1805
Generated sample at index 463
Total token count: 1808
Generated sample at index 490
Total token count: 1821
Generated sample at index 713
Total token count: 1820
Generated sample at index 298
Total token count: 1822
Emptied CUDA cache
{'loss': '0.05213', 'grad_norm': '0.1868', 'learning_rate': '2.061e-05', 'entropy': 'nan', 'num_tokens': '1.025e+07', 'mean_token_accuracy': '0.9877', 'epoch': '7.086'}
Generated sample at index 642
Total token count: 1797
Generated sample at index 661
Total token count: 1823
Generated sample at index 205
Total token count: 1810
Generated sample at index 138
Total token count: 1820
Generated sample at index 52
Total token count: 2712
Generated sample at index 443
Total token count: 920
Generated sample at index 459
Total token count: 1826
Generated sample at index 364
Total token count: 1820
Emptied CUDA cache
{'loss': '0.05023', 'grad_norm': '0.2618', 'learning_rate': '2.048e-05', 'entropy': 'nan', 'num_tokens': '1.027e+07', 'mean_token_accuracy': '0.9878', 'epoch': '7.097'}
Generated sample at index 574
Total token count: 923
Generated sample at index 124
Total token count: 915
Generated sample at index 392
Total token count: 1823
Generated sample at index 178
Total token count: 1815
Generated sample at index 722
Total token count: 1804
Generated sample at index 503
Total token count: 1811
Generated sample at index 735
Total token count: 2718
Generated sample at index 665
Total token count: 1808
Emptied CUDA cache
{'loss': '0.05459', 'grad_norm': '0.1713', 'learning_rate': '2.034e-05', 'entropy': 'nan', 'num_tokens': '1.028e+07', 'mean_token_accuracy': '0.9879', 'epoch': '7.107'}
Generated sample at index 169
Total token count: 1815
Generated sample at index 464
Total token count: 1832
Generated sample at index 350
Total token count: 1825
Generated sample at index 94
Total token count: 1809
Generated sample at index 506
Total token count: 1806
Generated sample at index 213
Total token count: 1825
Generated sample at index 492
Total token count: 1801
Generated sample at index 672
Total token count: 1818
Emptied CUDA cache
{'loss': '0.04563', 'grad_norm': '0.2515', 'learning_rate': '2.021e-05', 'entropy': 'nan', 'num_tokens': '1.029e+07', 'mean_token_accuracy': '0.9883', 'epoch': '7.118'}
Generated sample at index 696
Total token count: 2715
Generated sample at index 340
Total token count: 1825
Generated sample at index 639
Total token count: 1819
Generated sample at index 496
Total token count: 1818
Generated sample at index 698
Total token count: 1827
Generated sample at index 75
Total token count: 1812
Generated sample at index 202
Total token count: 1827
Generated sample at index 683
Total token count: 2711
Emptied CUDA cache
{'loss': '0.05123', 'grad_norm': '0.2437', 'learning_rate': '2.007e-05', 'entropy': 'nan', 'num_tokens': '1.031e+07', 'mean_token_accuracy': '0.9877', 'epoch': '7.129'}
Generated sample at index 99
Total token count: 2716
Generated sample at index 605
Total token count: 1808
Generated sample at index 697
Total token count: 2706
Generated sample at index 577
Total token count: 1825
Generated sample at index 292
Total token count: 1802
Generated sample at index 48
Total token count: 1820
Generated sample at index 72
Total token count: 2716
Generated sample at index 493
Total token count: 1807
Emptied CUDA cache
{'loss': '0.04745', 'grad_norm': '0.3249', 'learning_rate': '1.994e-05', 'entropy': 'nan', 'num_tokens': '1.033e+07', 'mean_token_accuracy': '0.9888', 'epoch': '7.139'}
Generated sample at index 439
Total token count: 2711
Generated sample at index 274
Total token count: 2713
Generated sample at index 367
Total token count: 1823
Generated sample at index 541
Total token count: 2717
Generated sample at index 197
Total token count: 2713
Generated sample at index 179
Total token count: 2716
Generated sample at index 114
Total token count: 912
Generated sample at index 609
Total token count: 2708
Emptied CUDA cache
{'loss': '0.05021', 'grad_norm': '0.3036', 'learning_rate': '1.981e-05', 'entropy': 'nan', 'num_tokens': '1.035e+07', 'mean_token_accuracy': '0.9885', 'epoch': '7.15'}
Generated sample at index 586
Total token count: 917
Generated sample at index 218
Total token count: 1828
Generated sample at index 113
Total token count: 1809
Generated sample at index 405
Total token count: 1813
Generated sample at index 12
Total token count: 1813
Generated sample at index 144
Total token count: 2714
Generated sample at index 103
Total token count: 1831
Generated sample at index 745
Total token count: 915
Emptied CUDA cache
{'loss': '0.05102', 'grad_norm': '0.2675', 'learning_rate': '1.967e-05', 'entropy': 'nan', 'num_tokens': '1.036e+07', 'mean_token_accuracy': '0.988', 'epoch': '7.161'}
Generated sample at index 149
Total token count: 3605
Generated sample at index 583
Total token count: 2714
Generated sample at index 409
Total token count: 1819
Generated sample at index 47
Total token count: 3607
Generated sample at index 32
Total token count: 1821
Generated sample at index 591
Total token count: 1823
Generated sample at index 643
Total token count: 1797
Generated sample at index 64
Total token count: 1828
Emptied CUDA cache
{'loss': '0.04731', 'grad_norm': '0.2094', 'learning_rate': '1.954e-05', 'entropy': 'nan', 'num_tokens': '1.038e+07', 'mean_token_accuracy': '0.989', 'epoch': '7.172'}
Generated sample at index 686
Total token count: 1835
Generated sample at index 277
Total token count: 1809
Generated sample at index 215
Total token count: 1813
Generated sample at index 542
Total token count: 1826
Generated sample at index 654
Total token count: 1818
Generated sample at index 42
Total token count: 1803
Generated sample at index 126
Total token count: 2719
Generated sample at index 344
Total token count: 1824
Emptied CUDA cache
{'loss': '0.05291', 'grad_norm': '0.2242', 'learning_rate': '1.941e-05', 'entropy': 'nan', 'num_tokens': '1.04e+07', 'mean_token_accuracy': '0.9888', 'epoch': '7.182'}
Generated sample at index 28
Total token count: 1827
Generated sample at index 85
Total token count: 1804
Generated sample at index 410
Total token count: 2709
Generated sample at index 664
Total token count: 1825
Generated sample at index 441
Total token count: 1823
Generated sample at index 508
Total token count: 1812
Generated sample at index 243
Total token count: 1823
Generated sample at index 557
Total token count: 1817
Emptied CUDA cache
{'loss': '0.04986', 'grad_norm': '0.2173', 'learning_rate': '1.928e-05', 'entropy': 'nan', 'num_tokens': '1.041e+07', 'mean_token_accuracy': '0.9879', 'epoch': '7.193'}
Generated sample at index 389
Total token count: 1821
Generated sample at index 551
Total token count: 1806
Generated sample at index 731
Total token count: 1821
Generated sample at index 269
Total token count: 1797
Generated sample at index 494
Total token count: 1822
Generated sample at index 304
Total token count: 916
Generated sample at index 198
Total token count: 2712
Generated sample at index 457
Total token count: 1833
Emptied CUDA cache
{'loss': '0.04817', 'grad_norm': '0.1977', 'learning_rate': '1.914e-05', 'entropy': 'nan', 'num_tokens': '1.043e+07', 'mean_token_accuracy': '0.9893', 'epoch': '7.204'}
Generated sample at index 53
Total token count: 914
Generated sample at index 634
Total token count: 1820
Generated sample at index 360
Total token count: 909
Generated sample at index 259
Total token count: 3602
Generated sample at index 460
Total token count: 1823
Generated sample at index 681
Total token count: 1812
Generated sample at index 50
Total token count: 1819
Generated sample at index 115
Total token count: 922
Emptied CUDA cache
{'loss': '0.04911', 'grad_norm': '0.2259', 'learning_rate': '1.901e-05', 'entropy': 'nan', 'num_tokens': '1.044e+07', 'mean_token_accuracy': '0.9881', 'epoch': '7.214'}
Generated sample at index 347
Total token count: 2710
Generated sample at index 93
Total token count: 1819
Generated sample at index 264
Total token count: 1835
Generated sample at index 247
Total token count: 1822
Generated sample at index 227
Total token count: 1824
Generated sample at index 615
Total token count: 1807
Generated sample at index 134
Total token count: 1808
Generated sample at index 194
Total token count: 1812
Emptied CUDA cache
{'loss': '0.05562', 'grad_norm': '0.1726', 'learning_rate': '1.888e-05', 'entropy': 'nan', 'num_tokens': '1.045e+07', 'mean_token_accuracy': '0.9876', 'epoch': '7.225'}
Generated sample at index 248
Total token count: 1806
Generated sample at index 572
Total token count: 1808
Generated sample at index 150
Total token count: 3612
Generated sample at index 187
Total token count: 921
Generated sample at index 21
Total token count: 1814
Generated sample at index 57
Total token count: 2719
Generated sample at index 208
Total token count: 1828
Generated sample at index 82
Total token count: 1813
Emptied CUDA cache
{'loss': '0.04972', 'grad_norm': '0.1783', 'learning_rate': '1.875e-05', 'entropy': 'nan', 'num_tokens': '1.047e+07', 'mean_token_accuracy': '0.9889', 'epoch': '7.236'}
Generated sample at index 317
Total token count: 2720
Generated sample at index 657
Total token count: 3598
Generated sample at index 212
Total token count: 1828
Generated sample at index 499
Total token count: 1825
Generated sample at index 369
Total token count: 1817
Generated sample at index 637
Total token count: 1821
Generated sample at index 10
Total token count: 2713
Generated sample at index 712
Total token count: 1824
Emptied CUDA cache
{'loss': '0.0529', 'grad_norm': '0.1739', 'learning_rate': '1.862e-05', 'entropy': 'nan', 'num_tokens': '1.049e+07', 'mean_token_accuracy': '0.9872', 'epoch': '7.247'}
Generated sample at index 219
Total token count: 1807
Generated sample at index 518
Total token count: 925
Generated sample at index 707
Total token count: 1807
Generated sample at index 33
Total token count: 1807
Generated sample at index 125
Total token count: 920
Generated sample at index 246
Total token count: 2717
Generated sample at index 472
Total token count: 1826
Generated sample at index 604
Total token count: 1819
Emptied CUDA cache
{'loss': '0.05293', 'grad_norm': '0.2063', 'learning_rate': '1.849e-05', 'entropy': 'nan', 'num_tokens': '1.05e+07', 'mean_token_accuracy': '0.9877', 'epoch': '7.257'}
Generated sample at index 282
Total token count: 1814
Generated sample at index 718
Total token count: 2707
Generated sample at index 29
Total token count: 1829
Generated sample at index 284
Total token count: 1820
Generated sample at index 623
Total token count: 1819
Generated sample at index 685
Total token count: 1805
Generated sample at index 133
Total token count: 1819
Generated sample at index 45
Total token count: 3610
Emptied CUDA cache
{'loss': '0.05351', 'grad_norm': '0.1893', 'learning_rate': '1.836e-05', 'entropy': 'nan', 'num_tokens': '1.052e+07', 'mean_token_accuracy': '0.9881', 'epoch': '7.268'}
Generated sample at index 414
Total token count: 919
Generated sample at index 128
Total token count: 1805
Generated sample at index 374
Total token count: 913
Generated sample at index 618
Total token count: 1812
Generated sample at index 356
Total token count: 1821
Generated sample at index 341
Total token count: 1810
Generated sample at index 160
Total token count: 1821
Generated sample at index 742
Total token count: 2712
Emptied CUDA cache
{'loss': '0.04718', 'grad_norm': '0.4632', 'learning_rate': '1.823e-05', 'entropy': 'nan', 'num_tokens': '1.053e+07', 'mean_token_accuracy': '0.989', 'epoch': '7.279'}
Generated sample at index 107
Total token count: 1829
Generated sample at index 538
Total token count: 1826
Generated sample at index 31
Total token count: 1811
Generated sample at index 502
Total token count: 1826
Generated sample at index 97
Total token count: 1805
Generated sample at index 704
Total token count: 1810
Generated sample at index 60
Total token count: 1826
Generated sample at index 727
Total token count: 1828
Emptied CUDA cache
{'loss': '0.05069', 'grad_norm': '0.2018', 'learning_rate': '1.81e-05', 'entropy': 'nan', 'num_tokens': '1.055e+07', 'mean_token_accuracy': '0.9881', 'epoch': '7.29'}
Generated sample at index 616
Total token count: 1805
Generated sample at index 620
Total token count: 1811
Generated sample at index 271
Total token count: 1830
Generated sample at index 67
Total token count: 1825
Generated sample at index 590
Total token count: 1807
Generated sample at index 118
Total token count: 2727
Generated sample at index 592
Total token count: 1824
Generated sample at index 328
Total token count: 1828
Emptied CUDA cache
{'loss': '0.05285', 'grad_norm': '0.2434', 'learning_rate': '1.797e-05', 'entropy': 'nan', 'num_tokens': '1.056e+07', 'mean_token_accuracy': '0.9879', 'epoch': '7.3'}
Generated sample at index 547
Total token count: 1821
Generated sample at index 564
Total token count: 2711
Generated sample at index 723
Total token count: 1801
Generated sample at index 648
Total token count: 1806
Generated sample at index 258
Total token count: 1813
Generated sample at index 192
Total token count: 2718
Generated sample at index 382
Total token count: 1828
Generated sample at index 63
Total token count: 1816
Emptied CUDA cache
{'loss': '0.04541', 'grad_norm': '0.1536', 'learning_rate': '1.785e-05', 'entropy': 'nan', 'num_tokens': '1.058e+07', 'mean_token_accuracy': '0.9892', 'epoch': '7.311'}
Generated sample at index 224
Total token count: 1823
Generated sample at index 522
Total token count: 2715
Generated sample at index 659
Total token count: 1797
Generated sample at index 717
Total token count: 2713
Generated sample at index 55
Total token count: 2714
Generated sample at index 122
Total token count: 1809
Generated sample at index 741
Total token count: 1823
Generated sample at index 739
Total token count: 1802
Emptied CUDA cache
{'loss': '0.04578', 'grad_norm': '0.269', 'learning_rate': '1.772e-05', 'entropy': 'nan', 'num_tokens': '1.06e+07', 'mean_token_accuracy': '0.9894', 'epoch': '7.322'}
Generated sample at index 155
Total token count: 1826
Generated sample at index 262
Total token count: 1824
Generated sample at index 320
Total token count: 1827
Generated sample at index 191
Total token count: 1813
Generated sample at index 250
Total token count: 1829
Generated sample at index 186
Total token count: 1814
Generated sample at index 660
Total token count: 1823
Generated sample at index 371
Total token count: 1831
Emptied CUDA cache
{'loss': '0.05303', 'grad_norm': '0.1811', 'learning_rate': '1.759e-05', 'entropy': 'nan', 'num_tokens': '1.061e+07', 'mean_token_accuracy': '0.9877', 'epoch': '7.332'}
Generated sample at index 423
Total token count: 1821
Generated sample at index 588
Total token count: 1822
Generated sample at index 305
Total token count: 1828
Generated sample at index 238
Total token count: 920
Generated sample at index 235
Total token count: 1823
Generated sample at index 452
Total token count: 1828
Generated sample at index 287
Total token count: 2715
Generated sample at index 357
Total token count: 3602
Emptied CUDA cache
{'loss': '0.06311', 'grad_norm': '0.3896', 'learning_rate': '1.746e-05', 'entropy': 'nan', 'num_tokens': '1.063e+07', 'mean_token_accuracy': '0.9859', 'epoch': '7.343'}
Generated sample at index 455
Total token count: 1819
Generated sample at index 404
Total token count: 1813
Generated sample at index 725
Total token count: 916
Generated sample at index 732
Total token count: 1804
Generated sample at index 36
Total token count: 3606
Generated sample at index 39
Total token count: 1797
Generated sample at index 563
Total token count: 1817
Generated sample at index 743
Total token count: 2715
Emptied CUDA cache
{'loss': '0.04374', 'grad_norm': '0.2291', 'learning_rate': '1.734e-05', 'entropy': 'nan', 'num_tokens': '1.064e+07', 'mean_token_accuracy': '0.99', 'epoch': '7.354'}
Generated sample at index 688
Total token count: 915
Generated sample at index 112
Total token count: 1804
Generated sample at index 281
Total token count: 1807
Generated sample at index 710
Total token count: 1819
Generated sample at index 679
Total token count: 1831
Generated sample at index 453
Total token count: 1830
Generated sample at index 397
Total token count: 1804
Generated sample at index 573
Total token count: 1811
Emptied CUDA cache
{'loss': '0.05038', 'grad_norm': '0.2874', 'learning_rate': '1.721e-05', 'entropy': 'nan', 'num_tokens': '1.066e+07', 'mean_token_accuracy': '0.9886', 'epoch': '7.365'}
Generated sample at index 587
Total token count: 2712
Generated sample at index 361
Total token count: 1825
Generated sample at index 421
Total token count: 913
Generated sample at index 706
Total token count: 1806
Generated sample at index 80
Total token count: 1823
Generated sample at index 46
Total token count: 1824
Generated sample at index 466
Total token count: 1830
Generated sample at index 58
Total token count: 1819
Emptied CUDA cache
{'loss': '0.05087', 'grad_norm': '0.1823', 'learning_rate': '1.709e-05', 'entropy': 'nan', 'num_tokens': '1.067e+07', 'mean_token_accuracy': '0.9882', 'epoch': '7.375'}
Generated sample at index 86
Total token count: 1822
Generated sample at index 445
Total token count: 1822
Generated sample at index 641
Total token count: 922
Generated sample at index 580
Total token count: 2712
Generated sample at index 396
Total token count: 1801
Generated sample at index 608
Total token count: 1797
Generated sample at index 614
Total token count: 1823
Generated sample at index 465
Total token count: 1813
Emptied CUDA cache
{'loss': '0.04706', 'grad_norm': '0.1919', 'learning_rate': '1.696e-05', 'entropy': 'nan', 'num_tokens': '1.069e+07', 'mean_token_accuracy': '0.9886', 'epoch': '7.386'}
Generated sample at index 105
Total token count: 1809
Generated sample at index 627
Total token count: 2710
Generated sample at index 690
Total token count: 1802
Generated sample at index 267
Total token count: 1825
Generated sample at index 333
Total token count: 1830
Generated sample at index 537
Total token count: 1825
Generated sample at index 497
Total token count: 1816
Generated sample at index 214
Total token count: 1826
Emptied CUDA cache
{'loss': '0.04598', 'grad_norm': '0.1705', 'learning_rate': '1.683e-05', 'entropy': 'nan', 'num_tokens': '1.07e+07', 'mean_token_accuracy': '0.9891', 'epoch': '7.397'}
Generated sample at index 79
Total token count: 1818
Generated sample at index 376
Total token count: 1803
Generated sample at index 263
Total token count: 916
Generated sample at index 312
Total token count: 929
Generated sample at index 5
Total token count: 927
Generated sample at index 500
Total token count: 1813
Generated sample at index 458
Total token count: 1824
Generated sample at index 167
Total token count: 2708
Emptied CUDA cache
{'loss': '0.06009', 'grad_norm': '0.2446', 'learning_rate': '1.671e-05', 'entropy': 'nan', 'num_tokens': '1.071e+07', 'mean_token_accuracy': '0.9867', 'epoch': '7.408'}
Generated sample at index 293
Total token count: 1814
Generated sample at index 289
Total token count: 1809
Generated sample at index 132
Total token count: 925
Generated sample at index 488
Total token count: 1830
Generated sample at index 699
Total token count: 1811
Generated sample at index 23
Total token count: 2715
Generated sample at index 184
Total token count: 1825
Generated sample at index 275
Total token count: 1828
Emptied CUDA cache
{'loss': '0.05888', 'grad_norm': '0.2688', 'learning_rate': '1.658e-05', 'entropy': 'nan', 'num_tokens': '1.073e+07', 'mean_token_accuracy': '0.9873', 'epoch': '7.418'}
Generated sample at index 576
Total token count: 1822
Generated sample at index 566
Total token count: 1829
Generated sample at index 579
Total token count: 1821
Generated sample at index 636
Total token count: 1814
Generated sample at index 384
Total token count: 1803
Generated sample at index 217
Total token count: 1810
Generated sample at index 8
Total token count: 909
Generated sample at index 724
Total token count: 2715
Emptied CUDA cache
{'loss': '0.04765', 'grad_norm': '0.1799', 'learning_rate': '1.646e-05', 'entropy': 'nan', 'num_tokens': '1.074e+07', 'mean_token_accuracy': '0.9895', 'epoch': '7.429'}
Generated sample at index 354
Total token count: 2711
Generated sample at index 447
Total token count: 1813
Generated sample at index 512
Total token count: 1824
Generated sample at index 308
Total token count: 1805
Generated sample at index 640
Total token count: 1830
Generated sample at index 123
Total token count: 1826
Generated sample at index 598
Total token count: 1825
Generated sample at index 532
Total token count: 1819
Emptied CUDA cache
{'loss': '0.04932', 'grad_norm': '0.2005', 'learning_rate': '1.634e-05', 'entropy': 'nan', 'num_tokens': '1.076e+07', 'mean_token_accuracy': '0.9879', 'epoch': '7.44'}
Generated sample at index 645
Total token count: 1808
Generated sample at index 0
Total token count: 1815
Generated sample at index 137
Total token count: 2709
Generated sample at index 413
Total token count: 1810
Generated sample at index 352
Total token count: 916
Generated sample at index 510
Total token count: 1825
Generated sample at index 560
Total token count: 1823
Generated sample at index 486
Total token count: 2712
Emptied CUDA cache
{'loss': '0.04579', 'grad_norm': '0.2112', 'learning_rate': '1.621e-05', 'entropy': 'nan', 'num_tokens': '1.077e+07', 'mean_token_accuracy': '0.9892', 'epoch': '7.45'}
Generated sample at index 241
Total token count: 2712
Generated sample at index 630
Total token count: 1823
Generated sample at index 416
Total token count: 1822
Generated sample at index 294
Total token count: 1814
Generated sample at index 649
Total token count: 2712
Generated sample at index 379
Total token count: 1815
Generated sample at index 338
Total token count: 2717
Generated sample at index 143
Total token count: 4496
Emptied CUDA cache
{'loss': '0.04937', 'grad_norm': '0.3084', 'learning_rate': '1.609e-05', 'entropy': 'nan', 'num_tokens': '1.079e+07', 'mean_token_accuracy': '0.988', 'epoch': '7.461'}
Generated sample at index 430
Total token count: 2710
Generated sample at index 49
Total token count: 1825
Generated sample at index 200
Total token count: 3609
Generated sample at index 511
Total token count: 1812
Generated sample at index 329
Total token count: 1810
Generated sample at index 678
Total token count: 1806
Generated sample at index 299
Total token count: 1826
Generated sample at index 145
Total token count: 1802
Emptied CUDA cache
{'loss': '0.04442', 'grad_norm': '0.2629', 'learning_rate': '1.597e-05', 'entropy': 'nan', 'num_tokens': '1.081e+07', 'mean_token_accuracy': '0.9893', 'epoch': '7.472'}
Generated sample at index 418
Total token count: 1798
Generated sample at index 345
Total token count: 1827
Generated sample at index 196
Total token count: 2713
Generated sample at index 603
Total token count: 1817
Generated sample at index 621
Total token count: 1811
Generated sample at index 406
Total token count: 2714
Generated sample at index 233
Total token count: 1824
Generated sample at index 523
Total token count: 1826
Emptied CUDA cache
{'loss': '0.04431', 'grad_norm': '0.2872', 'learning_rate': '1.585e-05', 'entropy': 'nan', 'num_tokens': '1.083e+07', 'mean_token_accuracy': '0.9892', 'epoch': '7.483'}
Generated sample at index 265
Total token count: 914
Generated sample at index 540
Total token count: 2715
Generated sample at index 670
Total token count: 1820
Generated sample at index 467
Total token count: 1834
Generated sample at index 482
Total token count: 919
Generated sample at index 489
Total token count: 918
Generated sample at index 130
Total token count: 1810
Generated sample at index 172
Total token count: 1811
Emptied CUDA cache
{'loss': '0.06112', 'grad_norm': '0.1991', 'learning_rate': '1.572e-05', 'entropy': 'nan', 'num_tokens': '1.084e+07', 'mean_token_accuracy': '0.9863', 'epoch': '7.493'}
Generated sample at index 69
Total token count: 1814
Generated sample at index 91
Total token count: 1823
Generated sample at index 249
Total token count: 3606
Generated sample at index 582
Total token count: 912
Generated sample at index 695
Total token count: 1832
Generated sample at index 516
Total token count: 1810
Generated sample at index 530
Total token count: 1821
Generated sample at index 501
Total token count: 1809
Emptied CUDA cache
{'loss': '0.04829', 'grad_norm': '0.2462', 'learning_rate': '1.56e-05', 'entropy': 'nan', 'num_tokens': '1.086e+07', 'mean_token_accuracy': '0.9881', 'epoch': '7.504'}
Generated sample at index 606
Total token count: 1828
Generated sample at index 22
Total token count: 1816
Generated sample at index 377
Total token count: 2707
Generated sample at index 73
Total token count: 920
Generated sample at index 546
Total token count: 1823
Generated sample at index 2
Total token count: 2711
Generated sample at index 400
Total token count: 1827
Generated sample at index 468
Total token count: 913
Emptied CUDA cache
{'loss': '0.241', 'grad_norm': '0.922', 'learning_rate': '1.548e-05', 'entropy': 'nan', 'num_tokens': '1.087e+07', 'mean_token_accuracy': '0.9884', 'epoch': '7.515'}
Generated sample at index 378
Total token count: 1819
Generated sample at index 593
Total token count: 1825
Generated sample at index 173
Total token count: 2717
Generated sample at index 599
Total token count: 1797
Generated sample at index 450
Total token count: 1826
Generated sample at index 239
Total token count: 1829
Generated sample at index 703
Total token count: 1821
Generated sample at index 286
Total token count: 1819
Emptied CUDA cache
{'loss': '0.05294', 'grad_norm': '0.2346', 'learning_rate': '1.536e-05', 'entropy': 'nan', 'num_tokens': '1.089e+07', 'mean_token_accuracy': '0.9879', 'epoch': '7.525'}
Generated sample at index 236
Total token count: 2723
Generated sample at index 434
Total token count: 1819
Generated sample at index 403
Total token count: 1817
Generated sample at index 597
Total token count: 1803
Generated sample at index 561
Total token count: 2713
Generated sample at index 533
Total token count: 1826
Generated sample at index 487
Total token count: 1834
Generated sample at index 675
Total token count: 1820
Emptied CUDA cache
{'loss': '0.2162', 'grad_norm': '1.401', 'learning_rate': '1.524e-05', 'entropy': 'nan', 'num_tokens': '1.09e+07', 'mean_token_accuracy': '0.9883', 'epoch': '7.536'}
Generated sample at index 337
Total token count: 2710
Generated sample at index 402
Total token count: 1821
Generated sample at index 740
Total token count: 1802
Generated sample at index 625
Total token count: 1816
Generated sample at index 388
Total token count: 1829
Generated sample at index 171
Total token count: 2709
Generated sample at index 18
Total token count: 1825
Generated sample at index 234
Total token count: 1802
Emptied CUDA cache
{'loss': '0.05149', 'grad_norm': '0.3366', 'learning_rate': '1.512e-05', 'entropy': 'nan', 'num_tokens': '1.092e+07', 'mean_token_accuracy': '0.9889', 'epoch': '7.547'}
Generated sample at index 555
Total token count: 1833
Generated sample at index 720
Total token count: 914
Generated sample at index 372
Total token count: 1825
Generated sample at index 76
Total token count: 2720
Generated sample at index 51
Total token count: 2713
Generated sample at index 624
Total token count: 1822
Generated sample at index 411
Total token count: 1822
Generated sample at index 733
Total token count: 1813
Emptied CUDA cache
{'loss': '0.04902', 'grad_norm': '0.1669', 'learning_rate': '1.5e-05', 'entropy': 'nan', 'num_tokens': '1.093e+07', 'mean_token_accuracy': '0.989', 'epoch': '7.558'}
Generated sample at index 674
Total token count: 3611
Generated sample at index 375
Total token count: 1819
Generated sample at index 315
Total token count: 1820
Generated sample at index 646
Total token count: 1820
Generated sample at index 92
Total token count: 1823
Generated sample at index 140
Total token count: 1819
Generated sample at index 584
Total token count: 1802
Generated sample at index 702
Total token count: 1807
Emptied CUDA cache
{'loss': '0.04883', 'grad_norm': '0.1821', 'learning_rate': '1.488e-05', 'entropy': 'nan', 'num_tokens': '1.095e+07', 'mean_token_accuracy': '0.9884', 'epoch': '7.568'}
Generated sample at index 157
Total token count: 2712
Generated sample at index 386
Total token count: 913
Generated sample at index 644
Total token count: 1828
Generated sample at index 74
Total token count: 1832
Generated sample at index 613
Total token count: 2717
Generated sample at index 687
Total token count: 3609
Generated sample at index 4
Total token count: 1829
Generated sample at index 193
Total token count: 1824
Emptied CUDA cache
{'loss': '0.05555', 'grad_norm': '0.1671', 'learning_rate': '1.476e-05', 'entropy': 'nan', 'num_tokens': '1.097e+07', 'mean_token_accuracy': '0.988', 'epoch': '7.579'}
Generated sample at index 677
Total token count: 1802
Generated sample at index 102
Total token count: 3606
Generated sample at index 314
Total token count: 1825
Generated sample at index 714
Total token count: 1817
Generated sample at index 568
Total token count: 915
Generated sample at index 381
Total token count: 1822
Generated sample at index 310
Total token count: 1813
Generated sample at index 164
Total token count: 1830
Emptied CUDA cache
{'loss': '0.04566', 'grad_norm': '0.1375', 'learning_rate': '1.464e-05', 'entropy': 'nan', 'num_tokens': '1.098e+07', 'mean_token_accuracy': '0.9887', 'epoch': '7.59'}
Generated sample at index 391
Total token count: 1825
Generated sample at index 565
Total token count: 916
Generated sample at index 142
Total token count: 1826
Generated sample at index 26
Total token count: 1823
Generated sample at index 363
Total token count: 1831
Generated sample at index 222
Total token count: 1829
Generated sample at index 638
Total token count: 1817
Generated sample at index 135
Total token count: 1823
Emptied CUDA cache
{'loss': '0.05548', 'grad_norm': '0.1719', 'learning_rate': '1.453e-05', 'entropy': 'nan', 'num_tokens': '1.1e+07', 'mean_token_accuracy': '0.9868', 'epoch': '7.601'}
Generated sample at index 575
Total token count: 1794
Generated sample at index 335
Total token count: 1800
Generated sample at index 534
Total token count: 1829
Generated sample at index 480
Total token count: 1809
Generated sample at index 229
Total token count: 1826
Generated sample at index 449
Total token count: 1822
Generated sample at index 253
Total token count: 1824
Generated sample at index 662
Total token count: 1827
Emptied CUDA cache
{'loss': '0.04608', 'grad_norm': '0.2413', 'learning_rate': '1.441e-05', 'entropy': 'nan', 'num_tokens': '1.101e+07', 'mean_token_accuracy': '0.9888', 'epoch': '7.611'}
Generated sample at index 479
Total token count: 1836
Generated sample at index 230
Total token count: 1810
Generated sample at index 527
Total token count: 1806
Generated sample at index 721
Total token count: 1804
Generated sample at index 407
Total token count: 1816
Generated sample at index 425
Total token count: 1798
Generated sample at index 387
Total token count: 1823
Generated sample at index 240
Total token count: 1829
Emptied CUDA cache
{'loss': '0.04758', 'grad_norm': '0.4752', 'learning_rate': '1.429e-05', 'entropy': 'nan', 'num_tokens': '1.103e+07', 'mean_token_accuracy': '0.9885', 'epoch': '7.622'}
Generated sample at index 98
Total token count: 1830
Generated sample at index 116
Total token count: 1814
Generated sample at index 668
Total token count: 1822
Generated sample at index 711
Total token count: 1806
Generated sample at index 34
Total token count: 2712
Generated sample at index 708
Total token count: 1814
Generated sample at index 95
Total token count: 1814
Generated sample at index 195
Total token count: 1824
Emptied CUDA cache
{'loss': '0.05118', 'grad_norm': '0.2195', 'learning_rate': '1.418e-05', 'entropy': 'nan', 'num_tokens': '1.104e+07', 'mean_token_accuracy': '0.9884', 'epoch': '7.633'}
Generated sample at index 728
Total token count: 1817
Generated sample at index 331
Total token count: 1807
Generated sample at index 324
Total token count: 1829
Generated sample at index 175
Total token count: 920
Generated sample at index 111
Total token count: 3607
Generated sample at index 153
Total token count: 1813
Generated sample at index 256
Total token count: 1826
Generated sample at index 426
Total token count: 1826
Emptied CUDA cache
{'loss': '0.05048', 'grad_norm': '0.1949', 'learning_rate': '1.406e-05', 'entropy': 'nan', 'num_tokens': '1.106e+07', 'mean_token_accuracy': '0.9882', 'epoch': '7.643'}
Generated sample at index 666
Total token count: 1807
Generated sample at index 300
Total token count: 2711
Generated sample at index 119
Total token count: 1827
Generated sample at index 595
Total token count: 1817
Generated sample at index 736
Total token count: 1804
Generated sample at index 88
Total token count: 1820
Generated sample at index 385
Total token count: 1815
Generated sample at index 81
Total token count: 2719
Emptied CUDA cache
{'loss': '0.04942', 'grad_norm': '0.2931', 'learning_rate': '1.394e-05', 'entropy': 'nan', 'num_tokens': '1.107e+07', 'mean_token_accuracy': '0.9883', 'epoch': '7.654'}
Generated sample at index 401
Total token count: 1822
Generated sample at index 544
Total token count: 1805
Generated sample at index 567
Total token count: 1820
Generated sample at index 16
Total token count: 1810
Generated sample at index 594
Total token count: 1821
Generated sample at index 278
Total token count: 1819
Generated sample at index 525
Total token count: 1827
Generated sample at index 513
Total token count: 2713
Emptied CUDA cache
{'loss': '0.0522', 'grad_norm': '0.3933', 'learning_rate': '1.383e-05', 'entropy': 'nan', 'num_tokens': '1.109e+07', 'mean_token_accuracy': '0.9874', 'epoch': '7.665'}
Generated sample at index 444
Total token count: 1804
Generated sample at index 30
Total token count: 1819
Generated sample at index 190
Total token count: 1825
Generated sample at index 483
Total token count: 1811
Generated sample at index 302
Total token count: 1811
Generated sample at index 682
Total token count: 2714
Generated sample at index 433
Total token count: 1825
Generated sample at index 62
Total token count: 2710
Emptied CUDA cache
{'loss': '0.0486', 'grad_norm': '0.2783', 'learning_rate': '1.371e-05', 'entropy': 'nan', 'num_tokens': '1.11e+07', 'mean_token_accuracy': '0.9878', 'epoch': '7.676'}
Generated sample at index 181
Total token count: 1812
Generated sample at index 436
Total token count: 1805
Generated sample at index 362
Total token count: 2717
Generated sample at index 242
Total token count: 1825
Generated sample at index 424
Total token count: 1802
Generated sample at index 211
Total token count: 1834
Generated sample at index 285
Total token count: 1822
Generated sample at index 442
Total token count: 1805
Emptied CUDA cache
{'loss': '0.04786', 'grad_norm': '0.2771', 'learning_rate': '1.36e-05', 'entropy': 'nan', 'num_tokens': '1.112e+07', 'mean_token_accuracy': '0.9886', 'epoch': '7.686'}
Generated sample at index 619
Total token count: 1817
Generated sample at index 136
Total token count: 1809
Generated sample at index 154
Total token count: 1813
Generated sample at index 7
Total token count: 1827
Generated sample at index 276
Total token count: 1810
Generated sample at index 321
Total token count: 1810
Generated sample at index 607
Total token count: 3598
Generated sample at index 408
Total token count: 1829
Emptied CUDA cache
{'loss': '0.04437', 'grad_norm': '0.3394', 'learning_rate': '1.348e-05', 'entropy': 'nan', 'num_tokens': '1.114e+07', 'mean_token_accuracy': '0.9896', 'epoch': '7.697'}
Generated sample at index 478
Total token count: 1818
Generated sample at index 332
Total token count: 1829
Generated sample at index 170
Total token count: 1828
Generated sample at index 290
Total token count: 2718
Generated sample at index 101
Total token count: 1828
Generated sample at index 166
Total token count: 1825
Generated sample at index 571
Total token count: 1824
Generated sample at index 419
Total token count: 2712
Emptied CUDA cache
{'loss': '0.06172', 'grad_norm': '0.2727', 'learning_rate': '1.337e-05', 'entropy': 'nan', 'num_tokens': '1.115e+07', 'mean_token_accuracy': '0.9863', 'epoch': '7.708'}
Generated sample at index 162
Total token count: 1830
Generated sample at index 280
Total token count: 1829
Generated sample at index 96
Total token count: 1822
Generated sample at index 20
Total token count: 920
Generated sample at index 273
Total token count: 2713
Generated sample at index 35
Total token count: 5388
Generated sample at index 129
Total token count: 1812
Generated sample at index 326
Total token count: 1807
Emptied CUDA cache
{'loss': '0.05001', 'grad_norm': '0.1628', 'learning_rate': '1.326e-05', 'entropy': 'nan', 'num_tokens': '1.117e+07', 'mean_token_accuracy': '0.9886', 'epoch': '7.718'}
Generated sample at index 484
Total token count: 1819
Generated sample at index 395
Total token count: 914
Generated sample at index 559
Total token count: 1825
Generated sample at index 3
Total token count: 2710
Generated sample at index 348
Total token count: 916
Generated sample at index 491
Total token count: 2721
Generated sample at index 656
Total token count: 1814
Generated sample at index 427
Total token count: 1823
Emptied CUDA cache
{'loss': '0.05096', 'grad_norm': '0.3049', 'learning_rate': '1.314e-05', 'entropy': 'nan', 'num_tokens': '1.119e+07', 'mean_token_accuracy': '0.9891', 'epoch': '7.729'}
Generated sample at index 68
Total token count: 3605
Generated sample at index 440
Total token count: 1814
Generated sample at index 680
Total token count: 1818
Generated sample at index 373
Total token count: 914
Generated sample at index 84
Total token count: 2717
Generated sample at index 446
Total token count: 1823
Generated sample at index 204
Total token count: 1818
Generated sample at index 40
Total token count: 1805
Emptied CUDA cache
{'loss': '0.2297', 'grad_norm': '0.8003', 'learning_rate': '1.303e-05', 'entropy': 'nan', 'num_tokens': '1.12e+07', 'mean_token_accuracy': '0.9899', 'epoch': '7.74'}
Generated sample at index 252
Total token count: 1808
Generated sample at index 629
Total token count: 1808
Generated sample at index 272
Total token count: 2715
Generated sample at index 729
Total token count: 2712
Generated sample at index 545
Total token count: 1819
Generated sample at index 231
Total token count: 2711
Generated sample at index 260
Total token count: 1830
Generated sample at index 254
Total token count: 1809
Emptied CUDA cache
{'loss': '0.04441', 'grad_norm': '0.3406', 'learning_rate': '1.292e-05', 'entropy': 'nan', 'num_tokens': '1.122e+07', 'mean_token_accuracy': '0.9895', 'epoch': '7.751'}
Generated sample at index 291
Total token count: 1823
Generated sample at index 676
Total token count: 1804
Generated sample at index 158
Total token count: 1825
Generated sample at index 596
Total token count: 1812
Generated sample at index 651
Total token count: 916
Generated sample at index 475
Total token count: 1827
Generated sample at index 177
Total token count: 1823
Generated sample at index 270
Total token count: 2722
Emptied CUDA cache
{'loss': '0.04922', 'grad_norm': '0.2318', 'learning_rate': '1.281e-05', 'entropy': 'nan', 'num_tokens': '1.123e+07', 'mean_token_accuracy': '0.9885', 'epoch': '7.761'}
Generated sample at index 106
Total token count: 1819
Generated sample at index 556
Total token count: 1827
Generated sample at index 70
Total token count: 3603
Generated sample at index 336
Total token count: 2719
Generated sample at index 477
Total token count: 1824
Generated sample at index 303
Total token count: 1810
Generated sample at index 65
Total token count: 1825
Generated sample at index 309
Total token count: 1828
Emptied CUDA cache
{'loss': '0.05478', 'grad_norm': '0.4042', 'learning_rate': '1.269e-05', 'entropy': 'nan', 'num_tokens': '1.125e+07', 'mean_token_accuracy': '0.9879', 'epoch': '7.772'}
Generated sample at index 38
Total token count: 1815
Generated sample at index 180
Total token count: 1803
Generated sample at index 311
Total token count: 1808
Generated sample at index 100
Total token count: 1817
Generated sample at index 612
Total token count: 1811
Generated sample at index 380
Total token count: 2708
Generated sample at index 220
Total token count: 914
Generated sample at index 481
Total token count: 1807
Emptied CUDA cache
{'loss': '0.04495', 'grad_norm': '0.2134', 'learning_rate': '1.258e-05', 'entropy': 'nan', 'num_tokens': '1.127e+07', 'mean_token_accuracy': '0.9899', 'epoch': '7.783'}
Generated sample at index 474
Total token count: 1824
Generated sample at index 647
Total token count: 1825
Generated sample at index 719
Total token count: 2712
Generated sample at index 121
Total token count: 1821
Generated sample at index 283
Total token count: 1824
Generated sample at index 473
Total token count: 1815
Generated sample at index 346
Total token count: 1826
Generated sample at index 109
Total token count: 1808
Emptied CUDA cache
{'loss': '0.05124', 'grad_norm': '0.2079', 'learning_rate': '1.247e-05', 'entropy': 'nan', 'num_tokens': '1.128e+07', 'mean_token_accuracy': '0.9881', 'epoch': '7.794'}
Generated sample at index 726
Total token count: 1823
Generated sample at index 653
Total token count: 1801
Generated sample at index 437
Total token count: 1807
Generated sample at index 422
Total token count: 1812
Generated sample at index 628
Total token count: 2713
Generated sample at index 526
Total token count: 1815
Generated sample at index 139
Total token count: 921
Generated sample at index 431
Total token count: 1817
Emptied CUDA cache
{'loss': '0.04468', 'grad_norm': '0.256', 'learning_rate': '1.236e-05', 'entropy': 'nan', 'num_tokens': '1.13e+07', 'mean_token_accuracy': '0.9896', 'epoch': '7.804'}
Generated sample at index 343
Total token count: 1809
Generated sample at index 531
Total token count: 1814
Generated sample at index 451
Total token count: 917
Generated sample at index 520
Total token count: 1807
Generated sample at index 521
Total token count: 1814
Generated sample at index 334
Total token count: 2711
Generated sample at index 535
Total token count: 1820
Generated sample at index 368
Total token count: 1822
Emptied CUDA cache
{'loss': '0.0475', 'grad_norm': '0.3597', 'learning_rate': '1.225e-05', 'entropy': 'nan', 'num_tokens': '1.131e+07', 'mean_token_accuracy': '0.9886', 'epoch': '7.815'}
Generated sample at index 517
Total token count: 1825
Generated sample at index 737
Total token count: 1814
Generated sample at index 715
Total token count: 1802
Generated sample at index 117
Total token count: 1820
Generated sample at index 325
Total token count: 1825
Generated sample at index 448
Total token count: 1823
Generated sample at index 617
Total token count: 1819
Generated sample at index 319
Total token count: 1817
Emptied CUDA cache
{'loss': '0.04972', 'grad_norm': '0.213', 'learning_rate': '1.214e-05', 'entropy': 'nan', 'num_tokens': '1.133e+07', 'mean_token_accuracy': '0.9885', 'epoch': '7.826'}
Generated sample at index 693
Total token count: 1801
Generated sample at index 435
Total token count: 1821
Generated sample at index 168
Total token count: 1831
Generated sample at index 528
Total token count: 1824
Generated sample at index 602
Total token count: 1809
Generated sample at index 470
Total token count: 921
Generated sample at index 216
Total token count: 1805
Generated sample at index 120
Total token count: 1819
Emptied CUDA cache
{'loss': '0.05145', 'grad_norm': '0.2871', 'learning_rate': '1.203e-05', 'entropy': 'nan', 'num_tokens': '1.134e+07', 'mean_token_accuracy': '0.9887', 'epoch': '7.836'}
Generated sample at index 342
Total token count: 1809
Generated sample at index 127
Total token count: 1797
Generated sample at index 1
Total token count: 4490
Generated sample at index 744
Total token count: 2714
Generated sample at index 671
Total token count: 1822
Generated sample at index 349
Total token count: 2719
Generated sample at index 428
Total token count: 1824
Generated sample at index 394
Total token count: 917
Emptied CUDA cache
{'loss': '0.04465', 'grad_norm': '0.258', 'learning_rate': '1.193e-05', 'entropy': 'nan', 'num_tokens': '1.136e+07', 'mean_token_accuracy': '0.9894', 'epoch': '7.847'}
Generated sample at index 223
Total token count: 1818
Generated sample at index 663
Total token count: 1811
Generated sample at index 429
Total token count: 1827
Generated sample at index 626
Total token count: 1810
Generated sample at index 417
Total token count: 1814
Generated sample at index 322
Total token count: 1828
Generated sample at index 631
Total token count: 1813
Generated sample at index 306
Total token count: 1801
Emptied CUDA cache
{'loss': '0.05299', 'grad_norm': '0.4198', 'learning_rate': '1.182e-05', 'entropy': 'nan', 'num_tokens': '1.137e+07', 'mean_token_accuracy': '0.9876', 'epoch': '7.858'}
Generated sample at index 569
Total token count: 1819
Generated sample at index 570
Total token count: 1805
Generated sample at index 366
Total token count: 2710
Generated sample at index 165
Total token count: 1811
Generated sample at index 163
Total token count: 1817
Generated sample at index 359
Total token count: 1831
Generated sample at index 203
Total token count: 1808
Generated sample at index 709
Total token count: 1809
Emptied CUDA cache
{'loss': '0.04563', 'grad_norm': '0.3305', 'learning_rate': '1.171e-05', 'entropy': 'nan', 'num_tokens': '1.139e+07', 'mean_token_accuracy': '0.9891', 'epoch': '7.869'}
Generated sample at index 297
Total token count: 1819
Generated sample at index 738
Total token count: 1804
Generated sample at index 507
Total token count: 1822
Generated sample at index 351
Total token count: 2721
Generated sample at index 365
Total token count: 3602
Generated sample at index 339
Total token count: 1802
Generated sample at index 89
Total token count: 1820
Generated sample at index 610
Total token count: 2710
Emptied CUDA cache
{'loss': '0.04541', 'grad_norm': '0.2698', 'learning_rate': '1.16e-05', 'entropy': 'nan', 'num_tokens': '1.14e+07', 'mean_token_accuracy': '0.9897', 'epoch': '7.879'}
Generated sample at index 151
Total token count: 2713
Generated sample at index 176
Total token count: 1826
Generated sample at index 226
Total token count: 1810
Generated sample at index 524
Total token count: 2719
Generated sample at index 61
Total token count: 1822
Generated sample at index 6
Total token count: 1805
Generated sample at index 54
Total token count: 2715
Generated sample at index 313
Total token count: 1828
Emptied CUDA cache
{'loss': '0.04792', 'grad_norm': '0.186', 'learning_rate': '1.15e-05', 'entropy': 'nan', 'num_tokens': '1.142e+07', 'mean_token_accuracy': '0.9895', 'epoch': '7.89'}
Generated sample at index 330
Total token count: 1820
Generated sample at index 146
Total token count: 1824
Generated sample at index 206
Total token count: 1825
Generated sample at index 131
Total token count: 1820
Generated sample at index 485
Total token count: 1806
Generated sample at index 83
Total token count: 915
Generated sample at index 601
Total token count: 1818
Generated sample at index 539
Total token count: 1822
Emptied CUDA cache
{'loss': '0.05496', 'grad_norm': '0.2093', 'learning_rate': '1.139e-05', 'entropy': 'nan', 'num_tokens': '1.144e+07', 'mean_token_accuracy': '0.9875', 'epoch': '7.901'}
Generated sample at index 633
Total token count: 1823
Generated sample at index 307
Total token count: 3600
Generated sample at index 87
Total token count: 1826
Generated sample at index 353
Total token count: 1832
Generated sample at index 655
Total token count: 914
Generated sample at index 56
Total token count: 1825
Generated sample at index 684
Total token count: 2713
Generated sample at index 632
Total token count: 1828
Emptied CUDA cache
{'loss': '0.05837', 'grad_norm': '1.473', 'learning_rate': '1.128e-05', 'entropy': 'nan', 'num_tokens': '1.145e+07', 'mean_token_accuracy': '0.9877', 'epoch': '7.912'}
Generated sample at index 689
Total token count: 1811
Generated sample at index 673
Total token count: 1816
Generated sample at index 734
Total token count: 1813
Generated sample at index 288
Total token count: 1824
Generated sample at index 519
Total token count: 1818
Generated sample at index 581
Total token count: 1816
Generated sample at index 316
Total token count: 1826
Generated sample at index 237
Total token count: 1809
Emptied CUDA cache
{'loss': '0.0507', 'grad_norm': '0.236', 'learning_rate': '1.118e-05', 'entropy': 'nan', 'num_tokens': '1.147e+07', 'mean_token_accuracy': '0.9881', 'epoch': '7.922'}
Generated sample at index 156
Total token count: 1797
Generated sample at index 147
Total token count: 1814
Generated sample at index 456
Total token count: 913
Generated sample at index 515
Total token count: 916
Generated sample at index 691
Total token count: 1821
Generated sample at index 700
Total token count: 1826
Generated sample at index 17
Total token count: 1810
Generated sample at index 327
Total token count: 915
Emptied CUDA cache
{'loss': '0.04719', 'grad_norm': '0.2018', 'learning_rate': '1.107e-05', 'entropy': 'nan', 'num_tokens': '1.148e+07', 'mean_token_accuracy': '0.9889', 'epoch': '7.933'}
Generated sample at index 705
Total token count: 1797
Generated sample at index 201
Total token count: 1815
Generated sample at index 66
Total token count: 1813
Generated sample at index 650
Total token count: 916
Generated sample at index 323
Total token count: 1814
Generated sample at index 207
Total token count: 1827
Generated sample at index 225
Total token count: 2719
Generated sample at index 161
Total token count: 2715
Emptied CUDA cache
{'loss': '0.04933', 'grad_norm': '0.4659', 'learning_rate': '1.097e-05', 'entropy': 'nan', 'num_tokens': '1.149e+07', 'mean_token_accuracy': '0.9885', 'epoch': '7.944'}
Generated sample at index 13
Total token count: 1812
Generated sample at index 185
Total token count: 2716
Generated sample at index 232
Total token count: 1813
Generated sample at index 182
Total token count: 1817
Generated sample at index 148
Total token count: 1831
Generated sample at index 104
Total token count: 915
Generated sample at index 635
Total token count: 1797
Generated sample at index 549
Total token count: 1826
Emptied CUDA cache
{'loss': '0.04703', 'grad_norm': '0.2354', 'learning_rate': '1.086e-05', 'entropy': 'nan', 'num_tokens': '1.151e+07', 'mean_token_accuracy': '0.9881', 'epoch': '7.954'}
Generated sample at index 183
Total token count: 1821
Generated sample at index 585
Total token count: 1823
Generated sample at index 9
Total token count: 1816
Generated sample at index 611
Total token count: 1803
Generated sample at index 667
Total token count: 1810
Generated sample at index 498
Total token count: 919
Generated sample at index 536
Total token count: 1809
Generated sample at index 393
Total token count: 919
Emptied CUDA cache
{'loss': '0.04646', 'grad_norm': '0.2177', 'learning_rate': '1.076e-05', 'entropy': 'nan', 'num_tokens': '1.152e+07', 'mean_token_accuracy': '0.9896', 'epoch': '7.965'}
Generated sample at index 370
Total token count: 1824
Generated sample at index 550
Total token count: 1820
Generated sample at index 318
Total token count: 2715
Generated sample at index 251
Total token count: 1833
Generated sample at index 462
Total token count: 1812
Generated sample at index 159
Total token count: 919
Generated sample at index 578
Total token count: 1824
Generated sample at index 261
Total token count: 2718
Emptied CUDA cache
{'loss': '0.05424', 'grad_norm': '0.185', 'learning_rate': '1.066e-05', 'entropy': 'nan', 'num_tokens': '1.154e+07', 'mean_token_accuracy': '0.9873', 'epoch': '7.976'}
Generated sample at index 43
Total token count: 1824
Generated sample at index 37
Total token count: 1812
Generated sample at index 27
Total token count: 2714
Generated sample at index 19
Total token count: 4500
Generated sample at index 257
Total token count: 2723
Generated sample at index 355
Total token count: 2711
Generated sample at index 228
Total token count: 1818
Generated sample at index 730
Total token count: 2714
Emptied CUDA cache
{'loss': '0.04894', 'grad_norm': '0.148', 'learning_rate': '1.055e-05', 'entropy': 'nan', 'num_tokens': '1.156e+07', 'mean_token_accuracy': '0.9892', 'epoch': '7.987'}
Generated sample at index 141
Total token count: 1826
Generated sample at index 412
Total token count: 913
Generated sample at index 652
Total token count: 1801
Generated sample at index 152
Total token count: 1802
Generated sample at index 189
Total token count: 1807
Generated sample at index 432
Total token count: 1820
Generated sample at index 210
Total token count: 1819
Generated sample at index 24
Total token count: 2710
Emptied CUDA cache
{'loss': '0.0424', 'grad_norm': '0.191', 'learning_rate': '1.045e-05', 'entropy': 'nan', 'num_tokens': '1.157e+07', 'mean_token_accuracy': '0.99', 'epoch': '7.997'}
Generated sample at index 622
Total token count: 1827
Emptied CUDA cache
{'loss': '0.0484', 'grad_norm': '0.2503', 'learning_rate': '1.035e-05', 'entropy': 'nan', 'num_tokens': '1.158e+07', 'mean_token_accuracy': '0.9885', 'epoch': '8'}
Generated sample at index 240
Total token count: 1829
Generated sample at index 599
Total token count: 1797
Generated sample at index 309
Total token count: 1828
Generated sample at index 427
Total token count: 1823
Generated sample at index 341
Total token count: 1810
Generated sample at index 386
Total token count: 913
Generated sample at index 530
Total token count: 1821
Generated sample at index 4
Total token count: 1829
Generated sample at index 263
Total token count: 916
Emptied CUDA cache
{'loss': '0.05111', 'grad_norm': '0.1571', 'learning_rate': '1.025e-05', 'entropy': 'nan', 'num_tokens': '1.159e+07', 'mean_token_accuracy': '0.9874', 'epoch': '8.011'}
Generated sample at index 213
Total token count: 1825
Generated sample at index 96
Total token count: 1822
Generated sample at index 378
Total token count: 1819
Generated sample at index 119
Total token count: 1827
Generated sample at index 525
Total token count: 1827
Generated sample at index 25
Total token count: 1818
Generated sample at index 12
Total token count: 1813
Generated sample at index 315
Total token count: 1820
Emptied CUDA cache
{'loss': '0.05504', 'grad_norm': '0.224', 'learning_rate': '1.015e-05', 'entropy': 'nan', 'num_tokens': '1.16e+07', 'mean_token_accuracy': '0.9865', 'epoch': '8.021'}
Generated sample at index 296
Total token count: 1809
Generated sample at index 54
Total token count: 2715
Generated sample at index 317
Total token count: 2720
Generated sample at index 395
Total token count: 914
Generated sample at index 338
Total token count: 2717
Generated sample at index 557
Total token count: 1817
Generated sample at index 634
Total token count: 1820
Generated sample at index 652
Total token count: 1801
Emptied CUDA cache
{'loss': '0.04675', 'grad_norm': '0.1697', 'learning_rate': '1.005e-05', 'entropy': 'nan', 'num_tokens': '1.162e+07', 'mean_token_accuracy': '0.9894', 'epoch': '8.032'}
Generated sample at index 167
Total token count: 2708
Generated sample at index 654
Total token count: 1818
Generated sample at index 295
Total token count: 1820
Generated sample at index 601
Total token count: 1818
Generated sample at index 284
Total token count: 1820
Generated sample at index 31
Total token count: 1811
Generated sample at index 429
Total token count: 1827
Generated sample at index 271
Total token count: 1830
Emptied CUDA cache
{'loss': '0.05176', 'grad_norm': '0.1972', 'learning_rate': '9.946e-06', 'entropy': 'nan', 'num_tokens': '1.163e+07', 'mean_token_accuracy': '0.9883', 'epoch': '8.043'}
Generated sample at index 558
Total token count: 2718
Generated sample at index 264
Total token count: 1835
Generated sample at index 137
Total token count: 2709
Generated sample at index 690
Total token count: 1802
Generated sample at index 604
Total token count: 1819
Generated sample at index 472
Total token count: 1826
Generated sample at index 723
Total token count: 1801
Generated sample at index 274
Total token count: 2713
Emptied CUDA cache
{'loss': '0.0512', 'grad_norm': '0.2149', 'learning_rate': '9.846e-06', 'entropy': 'nan', 'num_tokens': '1.165e+07', 'mean_token_accuracy': '0.9887', 'epoch': '8.054'}
Generated sample at index 112
Total token count: 1804
Generated sample at index 13
Total token count: 1812
Generated sample at index 140
Total token count: 1819
Generated sample at index 236
Total token count: 2723
Generated sample at index 736
Total token count: 1804
Generated sample at index 205
Total token count: 1810
Generated sample at index 424
Total token count: 1802
Generated sample at index 18
Total token count: 1825
Emptied CUDA cache
{'loss': '0.03844', 'grad_norm': '0.1641', 'learning_rate': '9.746e-06', 'entropy': 'nan', 'num_tokens': '1.167e+07', 'mean_token_accuracy': '0.9906', 'epoch': '8.064'}
Generated sample at index 265
Total token count: 914
Generated sample at index 533
Total token count: 1826
Generated sample at index 621
Total token count: 1811
Generated sample at index 62
Total token count: 2710
Generated sample at index 496
Total token count: 1818
Generated sample at index 332
Total token count: 1829
Generated sample at index 370
Total token count: 1824
Generated sample at index 534
Total token count: 1829
Emptied CUDA cache
{'loss': '0.05182', 'grad_norm': '0.1939', 'learning_rate': '9.648e-06', 'entropy': 'nan', 'num_tokens': '1.168e+07', 'mean_token_accuracy': '0.9883', 'epoch': '8.075'}
Generated sample at index 705
Total token count: 1797
Generated sample at index 14
Total token count: 1822
Generated sample at index 335
Total token count: 1800
Generated sample at index 56
Total token count: 1825
Generated sample at index 347
Total token count: 2710
Generated sample at index 192
Total token count: 2718
Generated sample at index 369
Total token count: 1817
Generated sample at index 669
Total token count: 1824
Emptied CUDA cache
{'loss': '0.04542', 'grad_norm': '0.2085', 'learning_rate': '9.549e-06', 'entropy': 'nan', 'num_tokens': '1.17e+07', 'mean_token_accuracy': '0.9896', 'epoch': '8.086'}
Generated sample at index 639
Total token count: 1819
Generated sample at index 502
Total token count: 1826
Generated sample at index 740
Total token count: 1802
Generated sample at index 365
Total token count: 3602
Generated sample at index 505
Total token count: 919
Generated sample at index 616
Total token count: 1805
Generated sample at index 199
Total token count: 2715
Generated sample at index 565
Total token count: 916
Emptied CUDA cache
{'loss': '0.04715', 'grad_norm': '0.1821', 'learning_rate': '9.451e-06', 'entropy': 'nan', 'num_tokens': '1.171e+07', 'mean_token_accuracy': '0.9886', 'epoch': '8.097'}
Generated sample at index 597
Total token count: 1803
Generated sample at index 430
Total token count: 2710
Generated sample at index 515
Total token count: 916
Generated sample at index 524
Total token count: 2719
Generated sample at index 171
Total token count: 2709
Generated sample at index 486
Total token count: 2712
Generated sample at index 121
Total token count: 1821
Generated sample at index 97
Total token count: 1805
Emptied CUDA cache
{'loss': '0.04778', 'grad_norm': '0.199', 'learning_rate': '9.354e-06', 'entropy': 'nan', 'num_tokens': '1.173e+07', 'mean_token_accuracy': '0.9891', 'epoch': '8.107'}
Generated sample at index 477
Total token count: 1824
Generated sample at index 65
Total token count: 1825
Generated sample at index 507
Total token count: 1822
Generated sample at index 617
Total token count: 1819
Generated sample at index 206
Total token count: 1825
Generated sample at index 715
Total token count: 1802
Generated sample at index 504
Total token count: 1823
Generated sample at index 718
Total token count: 2707
Emptied CUDA cache
{'loss': '0.04688', 'grad_norm': '0.1427', 'learning_rate': '9.257e-06', 'entropy': 'nan', 'num_tokens': '1.175e+07', 'mean_token_accuracy': '0.989', 'epoch': '8.118'}
Generated sample at index 641
Total token count: 922
Generated sample at index 287
Total token count: 2715
Generated sample at index 455
Total token count: 1819
Generated sample at index 570
Total token count: 1805
Generated sample at index 596
Total token count: 1812
Generated sample at index 397
Total token count: 1804
Generated sample at index 694
Total token count: 1808
Generated sample at index 217
Total token count: 1810
Emptied CUDA cache
{'loss': '0.04271', 'grad_norm': '0.2482', 'learning_rate': '9.16e-06', 'entropy': 'nan', 'num_tokens': '1.176e+07', 'mean_token_accuracy': '0.9902', 'epoch': '8.129'}
Generated sample at index 43
Total token count: 1824
Generated sample at index 344
Total token count: 1824
Generated sample at index 698
Total token count: 1827
Generated sample at index 510
Total token count: 1825
Generated sample at index 194
Total token count: 1812
Generated sample at index 446
Total token count: 1823
Generated sample at index 497
Total token count: 1816
Generated sample at index 105
Total token count: 1809
Emptied CUDA cache
{'loss': '0.04977', 'grad_norm': '0.1959', 'learning_rate': '9.064e-06', 'entropy': 'nan', 'num_tokens': '1.178e+07', 'mean_token_accuracy': '0.9887', 'epoch': '8.139'}
Generated sample at index 686
Total token count: 1835
Generated sample at index 366
Total token count: 2710
Generated sample at index 234
Total token count: 1802
Generated sample at index 8
Total token count: 909
Generated sample at index 353
Total token count: 1832
Generated sample at index 174
Total token count: 1831
Generated sample at index 439
Total token count: 2711
Generated sample at index 350
Total token count: 1825
Emptied CUDA cache
{'loss': '0.04653', 'grad_norm': '0.2358', 'learning_rate': '8.968e-06', 'entropy': 'nan', 'num_tokens': '1.179e+07', 'mean_token_accuracy': '0.9891', 'epoch': '8.15'}
Generated sample at index 269
Total token count: 1797
Generated sample at index 136
Total token count: 1809
Generated sample at index 376
Total token count: 1803
Generated sample at index 173
Total token count: 2717
Generated sample at index 682
Total token count: 2714
Generated sample at index 224
Total token count: 1823
Generated sample at index 531
Total token count: 1814
Generated sample at index 99
Total token count: 2716
Emptied CUDA cache
{'loss': '0.04299', 'grad_norm': '0.1674', 'learning_rate': '8.873e-06', 'entropy': 'nan', 'num_tokens': '1.181e+07', 'mean_token_accuracy': '0.9905', 'epoch': '8.161'}
Generated sample at index 667
Total token count: 1810
Generated sample at index 706
Total token count: 1806
Generated sample at index 637
Total token count: 1821
Generated sample at index 261
Total token count: 2718
Generated sample at index 448
Total token count: 1823
Generated sample at index 165
Total token count: 1811
Generated sample at index 401
Total token count: 1822
Generated sample at index 178
Total token count: 1815
Emptied CUDA cache
{'loss': '0.04891', 'grad_norm': '0.2893', 'learning_rate': '8.778e-06', 'entropy': 'nan', 'num_tokens': '1.182e+07', 'mean_token_accuracy': '0.989', 'epoch': '8.172'}
Generated sample at index 569
Total token count: 1819
Generated sample at index 153
Total token count: 1813
Generated sample at index 94
Total token count: 1809
Generated sample at index 322
Total token count: 1828
Generated sample at index 613
Total token count: 2717
Generated sample at index 210
Total token count: 1819
Generated sample at index 514
Total token count: 920
Generated sample at index 330
Total token count: 1820
Emptied CUDA cache
{'loss': '0.05298', 'grad_norm': '0.3875', 'learning_rate': '8.684e-06', 'entropy': 'nan', 'num_tokens': '1.184e+07', 'mean_token_accuracy': '0.9874', 'epoch': '8.182'}
Generated sample at index 697
Total token count: 2706
Generated sample at index 468
Total token count: 913
Generated sample at index 580
Total token count: 2712
Generated sample at index 544
Total token count: 1805
Generated sample at index 22
Total token count: 1816
Generated sample at index 144
Total token count: 2714
Generated sample at index 242
Total token count: 1825
Generated sample at index 289
Total token count: 1809
Emptied CUDA cache
{'loss': '0.1783', 'grad_norm': '0.6984', 'learning_rate': '8.59e-06', 'entropy': 'nan', 'num_tokens': '1.185e+07', 'mean_token_accuracy': '0.989', 'epoch': '8.193'}
Generated sample at index 546
Total token count: 1823
Generated sample at index 605
Total token count: 1808
Generated sample at index 670
Total token count: 1820
Generated sample at index 301
Total token count: 2711
Generated sample at index 272
Total token count: 2715
Generated sample at index 631
Total token count: 1813
Generated sample at index 106
Total token count: 1819
Generated sample at index 603
Total token count: 1817
Emptied CUDA cache
{'loss': '0.05068', 'grad_norm': '0.2524', 'learning_rate': '8.496e-06', 'entropy': 'nan', 'num_tokens': '1.187e+07', 'mean_token_accuracy': '0.9886', 'epoch': '8.204'}
Generated sample at index 40
Total token count: 1805
Generated sample at index 175
Total token count: 920
Generated sample at index 408
Total token count: 1829
Generated sample at index 191
Total token count: 1813
Generated sample at index 117
Total token count: 1820
Generated sample at index 250
Total token count: 1829
Generated sample at index 506
Total token count: 1806
Generated sample at index 487
Total token count: 1834
Emptied CUDA cache
{'loss': '0.04926', 'grad_norm': '0.2445', 'learning_rate': '8.403e-06', 'entropy': 'nan', 'num_tokens': '1.188e+07', 'mean_token_accuracy': '0.9883', 'epoch': '8.214'}
Generated sample at index 372
Total token count: 1825
Generated sample at index 642
Total token count: 1797
Generated sample at index 226
Total token count: 1810
Generated sample at index 314
Total token count: 1825
Generated sample at index 541
Total token count: 2717
Generated sample at index 50
Total token count: 1819
Generated sample at index 85
Total token count: 1804
Generated sample at index 63
Total token count: 1816
Emptied CUDA cache
{'loss': '0.2339', 'grad_norm': '1.579', 'learning_rate': '8.311e-06', 'entropy': 'nan', 'num_tokens': '1.19e+07', 'mean_token_accuracy': '0.9893', 'epoch': '8.225'}
Generated sample at index 149
Total token count: 3605
Generated sample at index 679
Total token count: 1831
Generated sample at index 434
Total token count: 1819
Generated sample at index 115
Total token count: 922
Generated sample at index 95
Total token count: 1814
Generated sample at index 692
Total token count: 1807
Generated sample at index 444
Total token count: 1804
Generated sample at index 39
Total token count: 1797
Emptied CUDA cache
{'loss': '0.05046', 'grad_norm': '0.1893', 'learning_rate': '8.219e-06', 'entropy': 'nan', 'num_tokens': '1.191e+07', 'mean_token_accuracy': '0.9887', 'epoch': '8.236'}
Generated sample at index 53
Total token count: 914
Generated sample at index 550
Total token count: 1820
Generated sample at index 566
Total token count: 1829
Generated sample at index 37
Total token count: 1812
Generated sample at index 731
Total token count: 1821
Generated sample at index 602
Total token count: 1809
Generated sample at index 214
Total token count: 1826
Generated sample at index 449
Total token count: 1822
Emptied CUDA cache
{'loss': '0.05222', 'grad_norm': '0.1985', 'learning_rate': '8.127e-06', 'entropy': 'nan', 'num_tokens': '1.193e+07', 'mean_token_accuracy': '0.9887', 'epoch': '8.247'}
Generated sample at index 432
Total token count: 1820
Generated sample at index 176
Total token count: 1826
Generated sample at index 689
Total token count: 1811
Generated sample at index 256
Total token count: 1826
Generated sample at index 405
Total token count: 1813
Generated sample at index 645
Total token count: 1808
Generated sample at index 17
Total token count: 1810
Generated sample at index 488
Total token count: 1830
Emptied CUDA cache
{'loss': '0.04785', 'grad_norm': '0.1421', 'learning_rate': '8.036e-06', 'entropy': 'nan', 'num_tokens': '1.194e+07', 'mean_token_accuracy': '0.9894', 'epoch': '8.257'}
Generated sample at index 36
Total token count: 3606
Generated sample at index 619
Total token count: 1817
Generated sample at index 481
Total token count: 1807
Generated sample at index 730
Total token count: 2714
Generated sample at index 61
Total token count: 1822
Generated sample at index 122
Total token count: 1809
Generated sample at index 28
Total token count: 1827
Generated sample at index 703
Total token count: 1821
Emptied CUDA cache
{'loss': '0.05541', 'grad_norm': '0.208', 'learning_rate': '7.946e-06', 'entropy': 'nan', 'num_tokens': '1.196e+07', 'mean_token_accuracy': '0.9874', 'epoch': '8.268'}
Generated sample at index 164
Total token count: 1830
Generated sample at index 150
Total token count: 3612
Generated sample at index 459
Total token count: 1826
Generated sample at index 461
Total token count: 1827
Generated sample at index 512
Total token count: 1824
Generated sample at index 238
Total token count: 920
Generated sample at index 392
Total token count: 1823
Generated sample at index 364
Total token count: 1820
Emptied CUDA cache
{'loss': '0.05825', 'grad_norm': '0.1994', 'learning_rate': '7.855e-06', 'entropy': 'nan', 'num_tokens': '1.198e+07', 'mean_token_accuracy': '0.9869', 'epoch': '8.279'}
Generated sample at index 308
Total token count: 1805
Generated sample at index 177
Total token count: 1823
Generated sample at index 86
Total token count: 1822
Generated sample at index 291
Total token count: 1823
Generated sample at index 311
Total token count: 1808
Generated sample at index 594
Total token count: 1821
Generated sample at index 44
Total token count: 2729
Generated sample at index 702
Total token count: 1807
Emptied CUDA cache
{'loss': '0.04747', 'grad_norm': '0.2085', 'learning_rate': '7.766e-06', 'entropy': 'nan', 'num_tokens': '1.199e+07', 'mean_token_accuracy': '0.989', 'epoch': '8.29'}
Generated sample at index 380
Total token count: 2708
Generated sample at index 414
Total token count: 919
Generated sample at index 586
Total token count: 917
Generated sample at index 383
Total token count: 2718
Generated sample at index 229
Total token count: 1826
Generated sample at index 463
Total token count: 1808
Generated sample at index 143
Total token count: 4496
Generated sample at index 258
Total token count: 1813
Emptied CUDA cache
{'loss': '0.04898', 'grad_norm': '0.2728', 'learning_rate': '7.676e-06', 'entropy': 'nan', 'num_tokens': '1.201e+07', 'mean_token_accuracy': '0.989', 'epoch': '8.3'}
Generated sample at index 685
Total token count: 1805
Generated sample at index 573
Total token count: 1811
Generated sample at index 585
Total token count: 1823
Generated sample at index 590
Total token count: 1807
Generated sample at index 230
Total token count: 1810
Generated sample at index 664
Total token count: 1825
Generated sample at index 733
Total token count: 1813
Generated sample at index 657
Total token count: 3598
Emptied CUDA cache
{'loss': '0.04456', 'grad_norm': '0.2732', 'learning_rate': '7.588e-06', 'entropy': 'nan', 'num_tokens': '1.202e+07', 'mean_token_accuracy': '0.9899', 'epoch': '8.311'}
Generated sample at index 608
Total token count: 1797
Generated sample at index 421
Total token count: 913
Generated sample at index 509
Total token count: 2711
Generated sample at index 197
Total token count: 2713
Generated sample at index 620
Total token count: 1811
Generated sample at index 674
Total token count: 3611
Generated sample at index 630
Total token count: 1823
Generated sample at index 198
Total token count: 2712
Emptied CUDA cache
{'loss': '0.03852', 'grad_norm': '0.1764', 'learning_rate': '7.499e-06', 'entropy': 'nan', 'num_tokens': '1.204e+07', 'mean_token_accuracy': '0.9911', 'epoch': '8.322'}
Generated sample at index 73
Total token count: 920
Generated sample at index 600
Total token count: 914
Generated sample at index 142
Total token count: 1826
Generated sample at index 279
Total token count: 2713
Generated sample at index 587
Total token count: 2712
Generated sample at index 591
Total token count: 1823
Generated sample at index 33
Total token count: 1807
Generated sample at index 46
Total token count: 1824
Emptied CUDA cache
{'loss': '0.05083', 'grad_norm': '0.2083', 'learning_rate': '7.412e-06', 'entropy': 'nan', 'num_tokens': '1.206e+07', 'mean_token_accuracy': '0.9889', 'epoch': '8.332'}
Generated sample at index 355
Total token count: 2711
Generated sample at index 225
Total token count: 2719
Generated sample at index 725
Total token count: 916
Generated sample at index 215
Total token count: 1813
Generated sample at index 693
Total token count: 1801
Generated sample at index 483
Total token count: 1811
Generated sample at index 83
Total token count: 915
Generated sample at index 519
Total token count: 1818
Emptied CUDA cache
{'loss': '0.051', 'grad_norm': '0.337', 'learning_rate': '7.324e-06', 'entropy': 'nan', 'num_tokens': '1.207e+07', 'mean_token_accuracy': '0.9885', 'epoch': '8.343'}
Generated sample at index 297
Total token count: 1819
Generated sample at index 172
Total token count: 1811
Generated sample at index 460
Total token count: 1823
Generated sample at index 118
Total token count: 2727
Generated sample at index 298
Total token count: 1822
Generated sample at index 644
Total token count: 1828
Generated sample at index 688
Total token count: 915
Generated sample at index 155
Total token count: 1826
Emptied CUDA cache
{'loss': '0.05193', 'grad_norm': '0.2601', 'learning_rate': '7.238e-06', 'entropy': 'nan', 'num_tokens': '1.209e+07', 'mean_token_accuracy': '0.9878', 'epoch': '8.354'}
Generated sample at index 523
Total token count: 1826
Generated sample at index 727
Total token count: 1828
Generated sample at index 721
Total token count: 1804
Generated sample at index 5
Total token count: 927
Generated sample at index 152
Total token count: 1802
Generated sample at index 681
Total token count: 1812
Generated sample at index 726
Total token count: 1823
Generated sample at index 156
Total token count: 1797
Emptied CUDA cache
{'loss': '0.05399', 'grad_norm': '0.3054', 'learning_rate': '7.151e-06', 'entropy': 'nan', 'num_tokens': '1.21e+07', 'mean_token_accuracy': '0.9867', 'epoch': '8.365'}
Generated sample at index 589
Total token count: 1826
Generated sample at index 233
Total token count: 1824
Generated sample at index 342
Total token count: 1809
Generated sample at index 668
Total token count: 1822
Generated sample at index 518
Total token count: 925
Generated sample at index 134
Total token count: 1808
Generated sample at index 412
Total token count: 913
Generated sample at index 320
Total token count: 1827
Emptied CUDA cache
{'loss': '0.04563', 'grad_norm': '0.1618', 'learning_rate': '7.065e-06', 'entropy': 'nan', 'num_tokens': '1.211e+07', 'mean_token_accuracy': '0.9892', 'epoch': '8.375'}
Generated sample at index 266
Total token count: 1797
Generated sample at index 358
Total token count: 1831
Generated sample at index 305
Total token count: 1828
Generated sample at index 45
Total token count: 3610
Generated sample at index 259
Total token count: 3602
Generated sample at index 170
Total token count: 1828
Generated sample at index 480
Total token count: 1809
Generated sample at index 491
Total token count: 2721
Emptied CUDA cache
{'loss': '0.04908', 'grad_norm': '0.1469', 'learning_rate': '6.98e-06', 'entropy': 'nan', 'num_tokens': '1.213e+07', 'mean_token_accuracy': '0.9888', 'epoch': '8.386'}
Generated sample at index 389
Total token count: 1821
Generated sample at index 110
Total token count: 1805
Generated sample at index 41
Total token count: 2717
Generated sample at index 633
Total token count: 1823
Generated sample at index 741
Total token count: 1823
Generated sample at index 100
Total token count: 1817
Generated sample at index 433
Total token count: 1825
Generated sample at index 547
Total token count: 1821
Emptied CUDA cache
{'loss': '0.05076', 'grad_norm': '0.2239', 'learning_rate': '6.895e-06', 'entropy': 'nan', 'num_tokens': '1.215e+07', 'mean_token_accuracy': '0.9879', 'epoch': '8.397'}
Generated sample at index 536
Total token count: 1809
Generated sample at index 592
Total token count: 1824
Generated sample at index 452
Total token count: 1828
Generated sample at index 148
Total token count: 1831
Generated sample at index 123
Total token count: 1826
Generated sample at index 247
Total token count: 1822
Generated sample at index 431
Total token count: 1817
Generated sample at index 680
Total token count: 1818
Emptied CUDA cache
{'loss': '0.05648', 'grad_norm': '0.2251', 'learning_rate': '6.811e-06', 'entropy': 'nan', 'num_tokens': '1.216e+07', 'mean_token_accuracy': '0.9857', 'epoch': '8.408'}
Generated sample at index 216
Total token count: 1805
Generated sample at index 493
Total token count: 1807
Generated sample at index 551
Total token count: 1806
Generated sample at index 362
Total token count: 2717
Generated sample at index 420
Total token count: 1815
Generated sample at index 713
Total token count: 1820
Generated sample at index 467
Total token count: 1834
Generated sample at index 659
Total token count: 1797
Emptied CUDA cache
{'loss': '0.0477', 'grad_norm': '0.1724', 'learning_rate': '6.727e-06', 'entropy': 'nan', 'num_tokens': '1.218e+07', 'mean_token_accuracy': '0.9894', 'epoch': '8.418'}
Generated sample at index 517
Total token count: 1825
Generated sample at index 11
Total token count: 1832
Generated sample at index 478
Total token count: 1818
Generated sample at index 248
Total token count: 1806
Generated sample at index 26
Total token count: 1823
Generated sample at index 323
Total token count: 1814
Generated sample at index 425
Total token count: 1798
Generated sample at index 404
Total token count: 1813
Emptied CUDA cache
{'loss': '0.04519', 'grad_norm': '0.3352', 'learning_rate': '6.643e-06', 'entropy': 'nan', 'num_tokens': '1.219e+07', 'mean_token_accuracy': '0.9895', 'epoch': '8.429'}
Generated sample at index 281
Total token count: 1807
Generated sample at index 286
Total token count: 1819
Generated sample at index 51
Total token count: 2713
Generated sample at index 313
Total token count: 1828
Generated sample at index 647
Total token count: 1825
Generated sample at index 300
Total token count: 2711
Generated sample at index 195
Total token count: 1824
Generated sample at index 257
Total token count: 2723
Emptied CUDA cache
{'loss': '0.04549', 'grad_norm': '0.1481', 'learning_rate': '6.56e-06', 'entropy': 'nan', 'num_tokens': '1.221e+07', 'mean_token_accuracy': '0.9889', 'epoch': '8.44'}
Generated sample at index 495
Total token count: 1828
Generated sample at index 231
Total token count: 2711
Generated sample at index 193
Total token count: 1824
Generated sample at index 20
Total token count: 920
Generated sample at index 189
Total token count: 1807
Generated sample at index 375
Total token count: 1819
Generated sample at index 49
Total token count: 1825
Generated sample at index 568
Total token count: 915
Emptied CUDA cache
{'loss': '0.05392', 'grad_norm': '0.1551', 'learning_rate': '6.478e-06', 'entropy': 'nan', 'num_tokens': '1.222e+07', 'mean_token_accuracy': '0.9874', 'epoch': '8.45'}
Generated sample at index 72
Total token count: 2716
Generated sample at index 262
Total token count: 1824
Generated sample at index 582
Total token count: 912
Generated sample at index 677
Total token count: 1802
Generated sample at index 16
Total token count: 1810
Generated sample at index 21
Total token count: 1814
Generated sample at index 2
Total token count: 2711
Generated sample at index 567
Total token count: 1820
Emptied CUDA cache
{'loss': '0.04499', 'grad_norm': '0.3124', 'learning_rate': '6.396e-06', 'entropy': 'nan', 'num_tokens': '1.224e+07', 'mean_token_accuracy': '0.9898', 'epoch': '8.461'}
Generated sample at index 508
Total token count: 1812
Generated sample at index 348
Total token count: 916
Generated sample at index 384
Total token count: 1803
Generated sample at index 310
Total token count: 1813
Generated sample at index 469
Total token count: 1822
Generated sample at index 29
Total token count: 1829
Generated sample at index 658
Total token count: 1820
Generated sample at index 575
Total token count: 1794
Emptied CUDA cache
{'loss': '0.05027', 'grad_norm': '0.2463', 'learning_rate': '6.314e-06', 'entropy': 'nan', 'num_tokens': '1.225e+07', 'mean_token_accuracy': '0.9888', 'epoch': '8.472'}
Generated sample at index 146
Total token count: 1824
Generated sample at index 675
Total token count: 1820
Generated sample at index 162
Total token count: 1830
Generated sample at index 275
Total token count: 1828
Generated sample at index 328
Total token count: 1828
Generated sample at index 394
Total token count: 917
Generated sample at index 464
Total token count: 1832
Generated sample at index 625
Total token count: 1816
Emptied CUDA cache
{'loss': '0.05751', 'grad_norm': '0.2301', 'learning_rate': '6.233e-06', 'entropy': 'nan', 'num_tokens': '1.227e+07', 'mean_token_accuracy': '0.988', 'epoch': '8.483'}
Generated sample at index 237
Total token count: 1809
Generated sample at index 441
Total token count: 1823
Generated sample at index 437
Total token count: 1807
Generated sample at index 393
Total token count: 919
Generated sample at index 235
Total token count: 1823
Generated sample at index 683
Total token count: 2711
Generated sample at index 306
Total token count: 1801
Generated sample at index 221
Total token count: 1825
Emptied CUDA cache
{'loss': '0.04399', 'grad_norm': '0.3392', 'learning_rate': '6.153e-06', 'entropy': 'nan', 'num_tokens': '1.228e+07', 'mean_token_accuracy': '0.9892', 'epoch': '8.493'}
Generated sample at index 76
Total token count: 2720
Generated sample at index 447
Total token count: 1813
Generated sample at index 435
Total token count: 1821
Generated sample at index 406
Total token count: 2714
Generated sample at index 125
Total token count: 920
Generated sample at index 714
Total token count: 1817
Generated sample at index 636
Total token count: 1814
Generated sample at index 202
Total token count: 1827
Emptied CUDA cache
{'loss': '0.05128', 'grad_norm': '0.2281', 'learning_rate': '6.072e-06', 'entropy': 'nan', 'num_tokens': '1.23e+07', 'mean_token_accuracy': '0.9884', 'epoch': '8.504'}
Generated sample at index 292
Total token count: 1802
Generated sample at index 537
Total token count: 1825
Generated sample at index 521
Total token count: 1814
Generated sample at index 712
Total token count: 1824
Generated sample at index 92
Total token count: 1823
Generated sample at index 331
Total token count: 1807
Generated sample at index 270
Total token count: 2722
Generated sample at index 184
Total token count: 1825
Emptied CUDA cache
{'loss': '0.04761', 'grad_norm': '0.1633', 'learning_rate': '5.993e-06', 'entropy': 'nan', 'num_tokens': '1.231e+07', 'mean_token_accuracy': '0.9896', 'epoch': '8.515'}
Generated sample at index 622
Total token count: 1827
Generated sample at index 665
Total token count: 1808
Generated sample at index 135
Total token count: 1823
Generated sample at index 273
Total token count: 2713
Generated sample at index 187
Total token count: 921
Generated sample at index 74
Total token count: 1832
Generated sample at index 90
Total token count: 1809
Generated sample at index 34
Total token count: 2712
Emptied CUDA cache
{'loss': '0.05204', 'grad_norm': '0.1779', 'learning_rate': '5.914e-06', 'entropy': 'nan', 'num_tokens': '1.233e+07', 'mean_token_accuracy': '0.9875', 'epoch': '8.525'}
Generated sample at index 522
Total token count: 2715
Generated sample at index 108
Total token count: 919
Generated sample at index 743
Total token count: 2715
Generated sample at index 607
Total token count: 3598
Generated sample at index 158
Total token count: 1825
Generated sample at index 643
Total token count: 1797
Generated sample at index 629
Total token count: 1808
Generated sample at index 38
Total token count: 1815
Emptied CUDA cache
{'loss': '0.04469', 'grad_norm': '0.2705', 'learning_rate': '5.835e-06', 'entropy': 'nan', 'num_tokens': '1.234e+07', 'mean_token_accuracy': '0.9899', 'epoch': '8.536'}
Generated sample at index 646
Total token count: 1820
Generated sample at index 709
Total token count: 1809
Generated sample at index 42
Total token count: 1803
Generated sample at index 129
Total token count: 1812
Generated sample at index 717
Total token count: 2713
Generated sample at index 260
Total token count: 1830
Generated sample at index 691
Total token count: 1821
Generated sample at index 69
Total token count: 1814
Emptied CUDA cache
{'loss': '0.04341', 'grad_norm': '0.2287', 'learning_rate': '5.757e-06', 'entropy': 'nan', 'num_tokens': '1.236e+07', 'mean_token_accuracy': '0.9897', 'epoch': '8.547'}
Generated sample at index 67
Total token count: 1825
Generated sample at index 415
Total token count: 2709
Generated sample at index 212
Total token count: 1828
Generated sample at index 442
Total token count: 1805
Generated sample at index 107
Total token count: 1829
Generated sample at index 166
Total token count: 1825
Generated sample at index 666
Total token count: 1807
Generated sample at index 133
Total token count: 1819
Emptied CUDA cache
{'loss': '0.05415', 'grad_norm': '0.233', 'learning_rate': '5.68e-06', 'entropy': 'nan', 'num_tokens': '1.237e+07', 'mean_token_accuracy': '0.9873', 'epoch': '8.558'}
Generated sample at index 60
Total token count: 1826
Generated sample at index 640
Total token count: 1830
Generated sample at index 606
Total token count: 1828
Generated sample at index 319
Total token count: 1817
Generated sample at index 676
Total token count: 1804
Generated sample at index 340
Total token count: 1825
Generated sample at index 267
Total token count: 1825
Generated sample at index 312
Total token count: 929
Emptied CUDA cache
{'loss': '0.04747', 'grad_norm': '0.1835', 'learning_rate': '5.602e-06', 'entropy': 'nan', 'num_tokens': '1.239e+07', 'mean_token_accuracy': '0.9883', 'epoch': '8.568'}
Generated sample at index 610
Total token count: 2710
Generated sample at index 476
Total token count: 1826
Generated sample at index 423
Total token count: 1821
Generated sample at index 138
Total token count: 1820
Generated sample at index 382
Total token count: 1828
Generated sample at index 241
Total token count: 2712
Generated sample at index 581
Total token count: 1816
Generated sample at index 377
Total token count: 2707
Emptied CUDA cache
{'loss': '0.05548', 'grad_norm': '0.2315', 'learning_rate': '5.526e-06', 'entropy': 'nan', 'num_tokens': '1.24e+07', 'mean_token_accuracy': '0.9872', 'epoch': '8.579'}
Generated sample at index 398
Total token count: 1822
Generated sample at index 307
Total token count: 3600
Generated sample at index 738
Total token count: 1804
Generated sample at index 545
Total token count: 1819
Generated sample at index 553
Total token count: 1818
Generated sample at index 471
Total token count: 1811
Generated sample at index 91
Total token count: 1823
Generated sample at index 219
Total token count: 1807
Emptied CUDA cache
{'loss': '0.04332', 'grad_norm': '0.1769', 'learning_rate': '5.45e-06', 'entropy': 'nan', 'num_tokens': '1.242e+07', 'mean_token_accuracy': '0.9897', 'epoch': '8.59'}
Generated sample at index 23
Total token count: 2715
Generated sample at index 503
Total token count: 1811
Generated sample at index 280
Total token count: 1829
Generated sample at index 168
Total token count: 1831
Generated sample at index 161
Total token count: 2715
Generated sample at index 548
Total token count: 2718
Generated sample at index 188
Total token count: 1832
Generated sample at index 529
Total token count: 2721
Emptied CUDA cache
{'loss': '0.05232', 'grad_norm': '0.1359', 'learning_rate': '5.374e-06', 'entropy': 'nan', 'num_tokens': '1.244e+07', 'mean_token_accuracy': '0.9881', 'epoch': '8.601'}
Generated sample at index 359
Total token count: 1831
Generated sample at index 48
Total token count: 1820
Generated sample at index 500
Total token count: 1813
Generated sample at index 182
Total token count: 1817
Generated sample at index 104
Total token count: 915
Generated sample at index 716
Total token count: 1807
Generated sample at index 10
Total token count: 2713
Generated sample at index 151
Total token count: 2713
Emptied CUDA cache
{'loss': '0.05078', 'grad_norm': '0.3047', 'learning_rate': '5.299e-06', 'entropy': 'nan', 'num_tokens': '1.245e+07', 'mean_token_accuracy': '0.9883', 'epoch': '8.611'}
Generated sample at index 385
Total token count: 1815
Generated sample at index 422
Total token count: 1812
Generated sample at index 516
Total token count: 1810
Generated sample at index 549
Total token count: 1826
Generated sample at index 183
Total token count: 1821
Generated sample at index 656
Total token count: 1814
Generated sample at index 154
Total token count: 1813
Generated sample at index 52
Total token count: 2712
Emptied CUDA cache
{'loss': '0.04792', 'grad_norm': '0.3449', 'learning_rate': '5.224e-06', 'entropy': 'nan', 'num_tokens': '1.247e+07', 'mean_token_accuracy': '0.989', 'epoch': '8.622'}
Generated sample at index 7
Total token count: 1827
Generated sample at index 163
Total token count: 1817
Generated sample at index 734
Total token count: 1813
Generated sample at index 560
Total token count: 1823
Generated sample at index 737
Total token count: 1814
Generated sample at index 707
Total token count: 1807
Generated sample at index 650
Total token count: 916
Generated sample at index 243
Total token count: 1823
Emptied CUDA cache
{'loss': '0.05164', 'grad_norm': '0.3528', 'learning_rate': '5.15e-06', 'entropy': 'nan', 'num_tokens': '1.248e+07', 'mean_token_accuracy': '0.9884', 'epoch': '8.633'}
Generated sample at index 333
Total token count: 1830
Generated sample at index 485
Total token count: 1806
Generated sample at index 583
Total token count: 2714
Generated sample at index 451
Total token count: 917
Generated sample at index 678
Total token count: 1806
Generated sample at index 223
Total token count: 1818
Generated sample at index 416
Total token count: 1822
Generated sample at index 413
Total token count: 1810
Emptied CUDA cache
{'loss': '0.04639', 'grad_norm': '0.2416', 'learning_rate': '5.077e-06', 'entropy': 'nan', 'num_tokens': '1.25e+07', 'mean_token_accuracy': '0.9889', 'epoch': '8.643'}
Generated sample at index 245
Total token count: 1825
Generated sample at index 196
Total token count: 2713
Generated sample at index 684
Total token count: 2713
Generated sample at index 687
Total token count: 3609
Generated sample at index 19
Total token count: 4500
Generated sample at index 445
Total token count: 1822
Generated sample at index 200
Total token count: 3609
Generated sample at index 98
Total token count: 1830
Emptied CUDA cache
{'loss': '0.04385', 'grad_norm': '0.1952', 'learning_rate': '5.003e-06', 'entropy': 'nan', 'num_tokens': '1.252e+07', 'mean_token_accuracy': '0.9899', 'epoch': '8.654'}
Generated sample at index 66
Total token count: 1813
Generated sample at index 456
Total token count: 913
Generated sample at index 574
Total token count: 923
Generated sample at index 374
Total token count: 913
Generated sample at index 252
Total token count: 1808
Generated sample at index 201
Total token count: 1815
Generated sample at index 329
Total token count: 1810
Generated sample at index 124
Total token count: 915
Emptied CUDA cache
{'loss': '0.04663', 'grad_norm': '0.2749', 'learning_rate': '4.931e-06', 'entropy': 'nan', 'num_tokens': '1.253e+07', 'mean_token_accuracy': '0.9887', 'epoch': '8.665'}
Generated sample at index 109
Total token count: 1808
Generated sample at index 409
Total token count: 1819
Generated sample at index 147
Total token count: 1814
Generated sample at index 326
Total token count: 1807
Generated sample at index 671
Total token count: 1822
Generated sample at index 612
Total token count: 1811
Generated sample at index 538
Total token count: 1826
Generated sample at index 722
Total token count: 1804
Emptied CUDA cache
{'loss': '0.04819', 'grad_norm': '0.2786', 'learning_rate': '4.859e-06', 'entropy': 'nan', 'num_tokens': '1.255e+07', 'mean_token_accuracy': '0.9887', 'epoch': '8.676'}
Generated sample at index 9
Total token count: 1816
Generated sample at index 527
Total token count: 1806
Generated sample at index 470
Total token count: 921
Generated sample at index 321
Total token count: 1810
Generated sample at index 209
Total token count: 1824
Generated sample at index 120
Total token count: 1819
Generated sample at index 232
Total token count: 1813
Generated sample at index 79
Total token count: 1818
Emptied CUDA cache
{'loss': '0.04813', 'grad_norm': '0.2212', 'learning_rate': '4.787e-06', 'entropy': 'nan', 'num_tokens': '1.256e+07', 'mean_token_accuracy': '0.9896', 'epoch': '8.686'}
Generated sample at index 577
Total token count: 1825
Generated sample at index 103
Total token count: 1831
Generated sample at index 729
Total token count: 2712
Generated sample at index 649
Total token count: 2712
Generated sample at index 562
Total token count: 922
Generated sample at index 47
Total token count: 3607
Generated sample at index 379
Total token count: 1815
Generated sample at index 618
Total token count: 1812
Emptied CUDA cache
{'loss': '0.05009', 'grad_norm': '0.2075', 'learning_rate': '4.716e-06', 'entropy': 'nan', 'num_tokens': '1.258e+07', 'mean_token_accuracy': '0.988', 'epoch': '8.697'}
Generated sample at index 130
Total token count: 1810
Generated sample at index 293
Total token count: 1814
Generated sample at index 222
Total token count: 1829
Generated sample at index 661
Total token count: 1823
Generated sample at index 611
Total token count: 1803
Generated sample at index 699
Total token count: 1811
Generated sample at index 93
Total token count: 1819
Generated sample at index 479
Total token count: 1836
Emptied CUDA cache
{'loss': '0.04385', 'grad_norm': '0.2052', 'learning_rate': '4.645e-06', 'entropy': 'nan', 'num_tokens': '1.259e+07', 'mean_token_accuracy': '0.9897', 'epoch': '8.708'}
Generated sample at index 588
Total token count: 1822
Generated sample at index 361
Total token count: 1825
Generated sample at index 390
Total token count: 1797
Generated sample at index 387
Total token count: 1823
Generated sample at index 337
Total token count: 2710
Generated sample at index 520
Total token count: 1807
Generated sample at index 276
Total token count: 1810
Generated sample at index 615
Total token count: 1807
Emptied CUDA cache
{'loss': '0.05125', 'grad_norm': '0.2599', 'learning_rate': '4.575e-06', 'entropy': 'nan', 'num_tokens': '1.261e+07', 'mean_token_accuracy': '0.9886', 'epoch': '8.718'}
Generated sample at index 651
Total token count: 916
Generated sample at index 700
Total token count: 1826
Generated sample at index 626
Total token count: 1810
Generated sample at index 352
Total token count: 916
Generated sample at index 576
Total token count: 1822
Generated sample at index 253
Total token count: 1824
Generated sample at index 325
Total token count: 1825
Generated sample at index 278
Total token count: 1819
Emptied CUDA cache
{'loss': '0.05261', 'grad_norm': '0.1809', 'learning_rate': '4.506e-06', 'entropy': 'nan', 'num_tokens': '1.262e+07', 'mean_token_accuracy': '0.9884', 'epoch': '8.729'}
Generated sample at index 180
Total token count: 1803
Generated sample at index 336
Total token count: 2719
Generated sample at index 251
Total token count: 1833
Generated sample at index 623
Total token count: 1819
Generated sample at index 494
Total token count: 1822
Generated sample at index 75
Total token count: 1812
Generated sample at index 203
Total token count: 1808
Generated sample at index 436
Total token count: 1805
Emptied CUDA cache
{'loss': '0.04863', 'grad_norm': '0.2845', 'learning_rate': '4.437e-06', 'entropy': 'nan', 'num_tokens': '1.264e+07', 'mean_token_accuracy': '0.9895', 'epoch': '8.74'}
Generated sample at index 708
Total token count: 1814
Generated sample at index 526
Total token count: 1815
Generated sample at index 457
Total token count: 1833
Generated sample at index 540
Total token count: 2715
Generated sample at index 64
Total token count: 1828
Generated sample at index 396
Total token count: 1801
Generated sample at index 55
Total token count: 2714
Generated sample at index 82
Total token count: 1813
Emptied CUDA cache
{'loss': '0.04615', 'grad_norm': '0.1939', 'learning_rate': '4.368e-06', 'entropy': 'nan', 'num_tokens': '1.265e+07', 'mean_token_accuracy': '0.9893', 'epoch': '8.751'}
Generated sample at index 346
Total token count: 1826
Generated sample at index 35
Total token count: 5388
Generated sample at index 208
Total token count: 1828
Generated sample at index 114
Total token count: 912
Generated sample at index 490
Total token count: 1821
Generated sample at index 186
Total token count: 1814
Generated sample at index 410
Total token count: 2709
Generated sample at index 499
Total token count: 1825
Emptied CUDA cache
{'loss': '0.04772', 'grad_norm': '0.1628', 'learning_rate': '4.3e-06', 'entropy': 'nan', 'num_tokens': '1.267e+07', 'mean_token_accuracy': '0.9892', 'epoch': '8.761'}
Generated sample at index 532
Total token count: 1819
Generated sample at index 735
Total token count: 2718
Generated sample at index 556
Total token count: 1827
Generated sample at index 440
Total token count: 1814
Generated sample at index 102
Total token count: 3606
Generated sample at index 648
Total token count: 1806
Generated sample at index 428
Total token count: 1824
Generated sample at index 80
Total token count: 1823
Emptied CUDA cache
{'loss': '0.1923', 'grad_norm': '0.6669', 'learning_rate': '4.233e-06', 'entropy': 'nan', 'num_tokens': '1.269e+07', 'mean_token_accuracy': '0.989', 'epoch': '8.772'}
Generated sample at index 190
Total token count: 1825
Generated sample at index 179
Total token count: 2716
Generated sample at index 710
Total token count: 1819
Generated sample at index 584
Total token count: 1802
Generated sample at index 660
Total token count: 1823
Generated sample at index 294
Total token count: 1814
Generated sample at index 339
Total token count: 1802
Generated sample at index 24
Total token count: 2710
Emptied CUDA cache
{'loss': '0.05115', 'grad_norm': '0.2886', 'learning_rate': '4.166e-06', 'entropy': 'nan', 'num_tokens': '1.27e+07', 'mean_token_accuracy': '0.9881', 'epoch': '8.783'}
Generated sample at index 399
Total token count: 1825
Generated sample at index 458
Total token count: 1824
Generated sample at index 58
Total token count: 1819
Generated sample at index 745
Total token count: 915
Generated sample at index 662
Total token count: 1827
Generated sample at index 593
Total token count: 1825
Generated sample at index 572
Total token count: 1808
Generated sample at index 354
Total token count: 2711
Emptied CUDA cache
{'loss': '0.05525', 'grad_norm': '0.2015', 'learning_rate': '4.099e-06', 'entropy': 'nan', 'num_tokens': '1.272e+07', 'mean_token_accuracy': '0.9869', 'epoch': '8.794'}
Generated sample at index 411
Total token count: 1822
Generated sample at index 388
Total token count: 1829
Generated sample at index 628
Total token count: 2713
Generated sample at index 443
Total token count: 920
Generated sample at index 720
Total token count: 914
Generated sample at index 116
Total token count: 1814
Generated sample at index 501
Total token count: 1809
Generated sample at index 543
Total token count: 1807
Emptied CUDA cache
{'loss': '0.05026', 'grad_norm': '0.1722', 'learning_rate': '4.033e-06', 'entropy': 'nan', 'num_tokens': '1.273e+07', 'mean_token_accuracy': '0.9891', 'epoch': '8.804'}
Generated sample at index 268
Total token count: 1807
Generated sample at index 227
Total token count: 1824
Generated sample at index 32
Total token count: 1821
Generated sample at index 157
Total token count: 2712
Generated sample at index 70
Total token count: 3603
Generated sample at index 542
Total token count: 1826
Generated sample at index 419
Total token count: 2712
Generated sample at index 68
Total token count: 3605
Emptied CUDA cache
{'loss': '0.04757', 'grad_norm': '0.2716', 'learning_rate': '3.968e-06', 'entropy': 'nan', 'num_tokens': '1.275e+07', 'mean_token_accuracy': '0.9892', 'epoch': '8.815'}
Generated sample at index 696
Total token count: 2715
Generated sample at index 101
Total token count: 1828
Generated sample at index 638
Total token count: 1817
Generated sample at index 704
Total token count: 1810
Generated sample at index 381
Total token count: 1822
Generated sample at index 181
Total token count: 1812
Generated sample at index 185
Total token count: 2716
Generated sample at index 113
Total token count: 1809
Emptied CUDA cache
{'loss': '0.04636', 'grad_norm': '0.1754', 'learning_rate': '3.903e-06', 'entropy': 'nan', 'num_tokens': '1.277e+07', 'mean_token_accuracy': '0.989', 'epoch': '8.826'}
Generated sample at index 59
Total token count: 1822
Generated sample at index 561
Total token count: 2713
Generated sample at index 343
Total token count: 1809
Generated sample at index 249
Total token count: 3606
Generated sample at index 719
Total token count: 2712
Generated sample at index 609
Total token count: 2708
Generated sample at index 695
Total token count: 1832
Generated sample at index 254
Total token count: 1809
Emptied CUDA cache
{'loss': '0.04496', 'grad_norm': '0.2363', 'learning_rate': '3.838e-06', 'entropy': 'nan', 'num_tokens': '1.279e+07', 'mean_token_accuracy': '0.9897', 'epoch': '8.836'}
Generated sample at index 324
Total token count: 1829
Generated sample at index 351
Total token count: 2721
Generated sample at index 57
Total token count: 2719
Generated sample at index 283
Total token count: 1824
Generated sample at index 552
Total token count: 1828
Generated sample at index 349
Total token count: 2719
Generated sample at index 128
Total token count: 1805
Generated sample at index 728
Total token count: 1817
Emptied CUDA cache
{'loss': '0.05119', 'grad_norm': '0.1572', 'learning_rate': '3.774e-06', 'entropy': 'nan', 'num_tokens': '1.28e+07', 'mean_token_accuracy': '0.9881', 'epoch': '8.847'}
Generated sample at index 84
Total token count: 2717
Generated sample at index 653
Total token count: 1801
Generated sample at index 559
Total token count: 1825
Generated sample at index 141
Total token count: 1826
Generated sample at index 316
Total token count: 1826
Generated sample at index 711
Total token count: 1806
Generated sample at index 632
Total token count: 1828
Generated sample at index 391
Total token count: 1825
Emptied CUDA cache
{'loss': '0.04831', 'grad_norm': '0.2998', 'learning_rate': '3.711e-06', 'entropy': 'nan', 'num_tokens': '1.282e+07', 'mean_token_accuracy': '0.9885', 'epoch': '8.858'}
Generated sample at index 334
Total token count: 2711
Generated sample at index 744
Total token count: 2714
Generated sample at index 318
Total token count: 2715
Generated sample at index 246
Total token count: 2717
Generated sample at index 732
Total token count: 1804
Generated sample at index 368
Total token count: 1822
Generated sample at index 87
Total token count: 1826
Generated sample at index 345
Total token count: 1827
Emptied CUDA cache
{'loss': '0.04835', 'grad_norm': '0.2936', 'learning_rate': '3.648e-06', 'entropy': 'nan', 'num_tokens': '1.284e+07', 'mean_token_accuracy': '0.9887', 'epoch': '8.869'}
Generated sample at index 450
Total token count: 1826
Generated sample at index 27
Total token count: 2714
Generated sample at index 0
Total token count: 1815
Generated sample at index 489
Total token count: 918
Generated sample at index 6
Total token count: 1805
Generated sample at index 528
Total token count: 1824
Generated sample at index 145
Total token count: 1802
Generated sample at index 498
Total token count: 919
Emptied CUDA cache
{'loss': '0.04922', 'grad_norm': '0.1939', 'learning_rate': '3.585e-06', 'entropy': 'nan', 'num_tokens': '1.285e+07', 'mean_token_accuracy': '0.9886', 'epoch': '8.879'}
Generated sample at index 360
Total token count: 909
Generated sample at index 239
Total token count: 1829
Generated sample at index 742
Total token count: 2712
Generated sample at index 465
Total token count: 1813
Generated sample at index 403
Total token count: 1817
Generated sample at index 579
Total token count: 1821
Generated sample at index 89
Total token count: 1820
Generated sample at index 595
Total token count: 1817
Emptied CUDA cache
{'loss': '0.0468', 'grad_norm': '0.1607', 'learning_rate': '3.523e-06', 'entropy': 'nan', 'num_tokens': '1.287e+07', 'mean_token_accuracy': '0.9888', 'epoch': '8.89'}
Generated sample at index 207
Total token count: 1827
Generated sample at index 228
Total token count: 1818
Generated sample at index 244
Total token count: 2718
Generated sample at index 400
Total token count: 1827
Generated sample at index 635
Total token count: 1797
Generated sample at index 371
Total token count: 1831
Generated sample at index 285
Total token count: 1822
Generated sample at index 282
Total token count: 1814
Emptied CUDA cache
{'loss': '0.04539', 'grad_norm': '0.2235', 'learning_rate': '3.462e-06', 'entropy': 'nan', 'num_tokens': '1.288e+07', 'mean_token_accuracy': '0.9892', 'epoch': '8.901'}
Generated sample at index 204
Total token count: 1818
Generated sample at index 462
Total token count: 1812
Generated sample at index 571
Total token count: 1824
Generated sample at index 614
Total token count: 1823
Generated sample at index 299
Total token count: 1826
Generated sample at index 701
Total token count: 2713
Generated sample at index 160
Total token count: 1821
Generated sample at index 724
Total token count: 2715
Emptied CUDA cache
{'loss': '0.05189', 'grad_norm': '0.2801', 'learning_rate': '3.401e-06', 'entropy': 'nan', 'num_tokens': '1.29e+07', 'mean_token_accuracy': '0.9878', 'epoch': '8.912'}
Generated sample at index 598
Total token count: 1825
Generated sample at index 578
Total token count: 1824
Generated sample at index 131
Total token count: 1820
Generated sample at index 402
Total token count: 1821
Generated sample at index 15
Total token count: 1807
Generated sample at index 88
Total token count: 1820
Generated sample at index 1
Total token count: 4490
Generated sample at index 78
Total token count: 915
Emptied CUDA cache
{'loss': '0.04536', 'grad_norm': '0.1883', 'learning_rate': '3.341e-06', 'entropy': 'nan', 'num_tokens': '1.292e+07', 'mean_token_accuracy': '0.9893', 'epoch': '8.922'}
Generated sample at index 511
Total token count: 1812
Generated sample at index 473
Total token count: 1815
Generated sample at index 563
Total token count: 1817
Generated sample at index 169
Total token count: 1815
Generated sample at index 357
Total token count: 3602
Generated sample at index 554
Total token count: 1832
Generated sample at index 303
Total token count: 1810
Generated sample at index 673
Total token count: 1816
Emptied CUDA cache
{'loss': '0.04689', 'grad_norm': '0.1726', 'learning_rate': '3.281e-06', 'entropy': 'nan', 'num_tokens': '1.293e+07', 'mean_token_accuracy': '0.989', 'epoch': '8.933'}
Generated sample at index 111
Total token count: 3607
Generated sample at index 302
Total token count: 1811
Generated sample at index 655
Total token count: 914
Generated sample at index 126
Total token count: 2719
Generated sample at index 513
Total token count: 2713
Generated sample at index 139
Total token count: 921
Generated sample at index 484
Total token count: 1819
Generated sample at index 363
Total token count: 1831
Emptied CUDA cache
{'loss': '0.04611', 'grad_norm': '0.2715', 'learning_rate': '3.222e-06', 'entropy': 'nan', 'num_tokens': '1.295e+07', 'mean_token_accuracy': '0.9884', 'epoch': '8.944'}
Generated sample at index 627
Total token count: 2710
Generated sample at index 132
Total token count: 925
Generated sample at index 373
Total token count: 914
Generated sample at index 454
Total token count: 1822
Generated sample at index 327
Total token count: 915
Generated sample at index 81
Total token count: 2719
Generated sample at index 71
Total token count: 914
Generated sample at index 407
Total token count: 1816
Emptied CUDA cache
{'loss': '0.05657', 'grad_norm': '0.2875', 'learning_rate': '3.163e-06', 'entropy': 'nan', 'num_tokens': '1.296e+07', 'mean_token_accuracy': '0.9868', 'epoch': '8.954'}
Generated sample at index 466
Total token count: 1830
Generated sample at index 277
Total token count: 1809
Generated sample at index 492
Total token count: 1801
Generated sample at index 555
Total token count: 1833
Generated sample at index 77
Total token count: 1810
Generated sample at index 564
Total token count: 2711
Generated sample at index 30
Total token count: 1819
Generated sample at index 475
Total token count: 1827
Emptied CUDA cache
{'loss': '0.04798', 'grad_norm': '0.2037', 'learning_rate': '3.105e-06', 'entropy': 'nan', 'num_tokens': '1.298e+07', 'mean_token_accuracy': '0.9889', 'epoch': '8.965'}
Generated sample at index 127
Total token count: 1797
Generated sample at index 218
Total token count: 1828
Generated sample at index 417
Total token count: 1814
Generated sample at index 159
Total token count: 919
Generated sample at index 418
Total token count: 1798
Generated sample at index 255
Total token count: 2720
Generated sample at index 453
Total token count: 1830
Generated sample at index 288
Total token count: 1824
Emptied CUDA cache
{'loss': '0.04715', 'grad_norm': '0.2624', 'learning_rate': '3.047e-06', 'entropy': 'nan', 'num_tokens': '1.299e+07', 'mean_token_accuracy': '0.9886', 'epoch': '8.976'}
Generated sample at index 356
Total token count: 1821
Generated sample at index 426
Total token count: 1826
Generated sample at index 624
Total token count: 1822
Generated sample at index 3
Total token count: 2710
Generated sample at index 438
Total token count: 2715
Generated sample at index 739
Total token count: 1802
Generated sample at index 304
Total token count: 916
Generated sample at index 290
Total token count: 2718
Emptied CUDA cache
{'loss': '0.04899', 'grad_norm': '0.3701', 'learning_rate': '2.99e-06', 'entropy': 'nan', 'num_tokens': '1.301e+07', 'mean_token_accuracy': '0.9887', 'epoch': '8.987'}
Generated sample at index 367
Total token count: 1823
Generated sample at index 535
Total token count: 1820
Generated sample at index 663
Total token count: 1811
Generated sample at index 672
Total token count: 1818
Generated sample at index 482
Total token count: 919
Generated sample at index 539
Total token count: 1822
Generated sample at index 474
Total token count: 1824
Generated sample at index 220
Total token count: 914
Emptied CUDA cache
{'loss': '0.05518', 'grad_norm': '0.2058', 'learning_rate': '2.933e-06', 'entropy': 'nan', 'num_tokens': '1.302e+07', 'mean_token_accuracy': '0.9877', 'epoch': '8.997'}
Generated sample at index 211
Total token count: 1834
Emptied CUDA cache
{'loss': '0.06132', 'grad_norm': '0.5462', 'learning_rate': '2.877e-06', 'entropy': 'nan', 'num_tokens': '1.302e+07', 'mean_token_accuracy': '0.9848', 'epoch': '9'}
Generated sample at index 728
Total token count: 1817
Generated sample at index 166
Total token count: 1825
Generated sample at index 535
Total token count: 1820
Generated sample at index 208
Total token count: 1828
Generated sample at index 115
Total token count: 922
Generated sample at index 707
Total token count: 1807
Generated sample at index 630
Total token count: 1823
Generated sample at index 649
Total token count: 2712
Generated sample at index 332
Total token count: 1829
Emptied CUDA cache
{'loss': '0.05312', 'grad_norm': '0.2466', 'learning_rate': '2.822e-06', 'entropy': 'nan', 'num_tokens': '1.304e+07', 'mean_token_accuracy': '0.9874', 'epoch': '9.011'}
Generated sample at index 386
Total token count: 913
Generated sample at index 339
Total token count: 1802
Generated sample at index 231
Total token count: 2711
Generated sample at index 564
Total token count: 2711
Generated sample at index 733
Total token count: 1813
Generated sample at index 531
Total token count: 1814
Generated sample at index 349
Total token count: 2719
Generated sample at index 556
Total token count: 1827
Emptied CUDA cache
{'loss': '0.04737', 'grad_norm': '0.2286', 'learning_rate': '2.767e-06', 'entropy': 'nan', 'num_tokens': '1.305e+07', 'mean_token_accuracy': '0.9902', 'epoch': '9.021'}
Generated sample at index 425
Total token count: 1798
Generated sample at index 190
Total token count: 1825
Generated sample at index 635
Total token count: 1797
Generated sample at index 581
Total token count: 1816
Generated sample at index 369
Total token count: 1817
Generated sample at index 740
Total token count: 1802
Generated sample at index 119
Total token count: 1827
Generated sample at index 378
Total token count: 1819
Emptied CUDA cache
{'loss': '0.04371', 'grad_norm': '0.2718', 'learning_rate': '2.712e-06', 'entropy': 'nan', 'num_tokens': '1.307e+07', 'mean_token_accuracy': '0.9899', 'epoch': '9.032'}
Generated sample at index 77
Total token count: 1810
Generated sample at index 324
Total token count: 1829
Generated sample at index 489
Total token count: 918
Generated sample at index 279
Total token count: 2713
Generated sample at index 650
Total token count: 916
Generated sample at index 655
Total token count: 914
Generated sample at index 550
Total token count: 1820
Generated sample at index 457
Total token count: 1833
Emptied CUDA cache
{'loss': '0.05304', 'grad_norm': '0.2591', 'learning_rate': '2.658e-06', 'entropy': 'nan', 'num_tokens': '1.308e+07', 'mean_token_accuracy': '0.9873', 'epoch': '9.043'}
Generated sample at index 684
Total token count: 2713
Generated sample at index 218
Total token count: 1828
Generated sample at index 571
Total token count: 1824
Generated sample at index 288
Total token count: 1824
Generated sample at index 54
Total token count: 2715
Generated sample at index 286
Total token count: 1819
Generated sample at index 48
Total token count: 1820
Generated sample at index 85
Total token count: 1804
Emptied CUDA cache
{'loss': '0.05299', 'grad_norm': '0.222', 'learning_rate': '2.604e-06', 'entropy': 'nan', 'num_tokens': '1.31e+07', 'mean_token_accuracy': '0.9875', 'epoch': '9.054'}
Generated sample at index 69
Total token count: 1814
Generated sample at index 252
Total token count: 1808
Generated sample at index 164
Total token count: 1830
Generated sample at index 89
Total token count: 1820
Generated sample at index 384
Total token count: 1803
Generated sample at index 406
Total token count: 2714
Generated sample at index 109
Total token count: 1808
Generated sample at index 453
Total token count: 1830
Emptied CUDA cache
{'loss': '0.04613', 'grad_norm': '0.2187', 'learning_rate': '2.552e-06', 'entropy': 'nan', 'num_tokens': '1.311e+07', 'mean_token_accuracy': '0.9897', 'epoch': '9.064'}
Generated sample at index 194
Total token count: 1812
Generated sample at index 575
Total token count: 1794
Generated sample at index 314
Total token count: 1825
Generated sample at index 233
Total token count: 1824
Generated sample at index 610
Total token count: 2710
Generated sample at index 222
Total token count: 1829
Generated sample at index 22
Total token count: 1816
Generated sample at index 181
Total token count: 1812
Emptied CUDA cache
{'loss': '0.2231', 'grad_norm': '0.9247', 'learning_rate': '2.499e-06', 'entropy': 'nan', 'num_tokens': '1.313e+07', 'mean_token_accuracy': '0.9882', 'epoch': '9.075'}
Generated sample at index 173
Total token count: 2717
Generated sample at index 65
Total token count: 1825
Generated sample at index 573
Total token count: 1811
Generated sample at index 235
Total token count: 1823
Generated sample at index 496
Total token count: 1818
Generated sample at index 30
Total token count: 1819
Generated sample at index 125
Total token count: 920
Generated sample at index 313
Total token count: 1828
Emptied CUDA cache
{'loss': '0.05308', 'grad_norm': '0.3701', 'learning_rate': '2.447e-06', 'entropy': 'nan', 'num_tokens': '1.314e+07', 'mean_token_accuracy': '0.9872', 'epoch': '9.086'}
Generated sample at index 96
Total token count: 1822
Generated sample at index 343
Total token count: 1809
Generated sample at index 538
Total token count: 1826
Generated sample at index 333
Total token count: 1830
Generated sample at index 282
Total token count: 1814
Generated sample at index 735
Total token count: 2718
Generated sample at index 533
Total token count: 1826
Generated sample at index 321
Total token count: 1810
Emptied CUDA cache
{'loss': '0.05293', 'grad_norm': '0.201', 'learning_rate': '2.396e-06', 'entropy': 'nan', 'num_tokens': '1.316e+07', 'mean_token_accuracy': '0.9876', 'epoch': '9.097'}
Generated sample at index 509
Total token count: 2711
Generated sample at index 589
Total token count: 1826
Generated sample at index 100
Total token count: 1817
Generated sample at index 659
Total token count: 1797
Generated sample at index 249
Total token count: 3606
Generated sample at index 352
Total token count: 916
Generated sample at index 502
Total token count: 1826
Generated sample at index 111
Total token count: 3607
Emptied CUDA cache
{'loss': '0.04244', 'grad_norm': '0.1623', 'learning_rate': '2.345e-06', 'entropy': 'nan', 'num_tokens': '1.317e+07', 'mean_token_accuracy': '0.9895', 'epoch': '9.107'}
Generated sample at index 186
Total token count: 1814
Generated sample at index 715
Total token count: 1802
Generated sample at index 212
Total token count: 1828
Generated sample at index 128
Total token count: 1805
Generated sample at index 360
Total token count: 909
Generated sample at index 485
Total token count: 1806
Generated sample at index 529
Total token count: 2721
Generated sample at index 325
Total token count: 1825
Emptied CUDA cache
{'loss': '0.042', 'grad_norm': '0.1611', 'learning_rate': '2.295e-06', 'entropy': 'nan', 'num_tokens': '1.319e+07', 'mean_token_accuracy': '0.9904', 'epoch': '9.118'}
Generated sample at index 129
Total token count: 1812
Generated sample at index 285
Total token count: 1822
Generated sample at index 588
Total token count: 1822
Generated sample at index 488
Total token count: 1830
Generated sample at index 49
Total token count: 1825
Generated sample at index 135
Total token count: 1823
Generated sample at index 362
Total token count: 2717
Generated sample at index 460
Total token count: 1823
Emptied CUDA cache
{'loss': '0.05352', 'grad_norm': '0.1586', 'learning_rate': '2.245e-06', 'entropy': 'nan', 'num_tokens': '1.321e+07', 'mean_token_accuracy': '0.9878', 'epoch': '9.129'}
Generated sample at index 450
Total token count: 1826
Generated sample at index 120
Total token count: 1819
Generated sample at index 97
Total token count: 1805
Generated sample at index 394
Total token count: 917
Generated sample at index 689
Total token count: 1811
Generated sample at index 473
Total token count: 1815
Generated sample at index 642
Total token count: 1797
Generated sample at index 74
Total token count: 1832
Emptied CUDA cache
{'loss': '0.04204', 'grad_norm': '0.1497', 'learning_rate': '2.196e-06', 'entropy': 'nan', 'num_tokens': '1.322e+07', 'mean_token_accuracy': '0.9904', 'epoch': '9.139'}
Generated sample at index 221
Total token count: 1825
Generated sample at index 712
Total token count: 1824
Generated sample at index 316
Total token count: 1826
Generated sample at index 32
Total token count: 1821
Generated sample at index 294
Total token count: 1814
Generated sample at index 159
Total token count: 919
Generated sample at index 660
Total token count: 1823
Generated sample at index 112
Total token count: 1804
Emptied CUDA cache
{'loss': '0.05637', 'grad_norm': '0.1858', 'learning_rate': '2.147e-06', 'entropy': 'nan', 'num_tokens': '1.323e+07', 'mean_token_accuracy': '0.9873', 'epoch': '9.15'}
Generated sample at index 604
Total token count: 1819
Generated sample at index 303
Total token count: 1810
Generated sample at index 246
Total token count: 2717
Generated sample at index 242
Total token count: 1825
Generated sample at index 587
Total token count: 2712
Generated sample at index 634
Total token count: 1820
Generated sample at index 399
Total token count: 1825
Generated sample at index 296
Total token count: 1809
Emptied CUDA cache
{'loss': '0.04911', 'grad_norm': '0.175', 'learning_rate': '2.099e-06', 'entropy': 'nan', 'num_tokens': '1.325e+07', 'mean_token_accuracy': '0.9887', 'epoch': '9.161'}
Generated sample at index 515
Total token count: 916
Generated sample at index 454
Total token count: 1822
Generated sample at index 346
Total token count: 1826
Generated sample at index 75
Total token count: 1812
Generated sample at index 84
Total token count: 2717
Generated sample at index 219
Total token count: 1807
Generated sample at index 351
Total token count: 2721
Generated sample at index 506
Total token count: 1806
Emptied CUDA cache
{'loss': '0.04504', 'grad_norm': '0.1555', 'learning_rate': '2.051e-06', 'entropy': 'nan', 'num_tokens': '1.326e+07', 'mean_token_accuracy': '0.9898', 'epoch': '9.172'}
Generated sample at index 695
Total token count: 1832
Generated sample at index 579
Total token count: 1821
Generated sample at index 413
Total token count: 1810
Generated sample at index 328
Total token count: 1828
Generated sample at index 468
Total token count: 913
Generated sample at index 523
Total token count: 1826
Generated sample at index 25
Total token count: 1818
Generated sample at index 270
Total token count: 2722
Emptied CUDA cache
{'loss': '0.04917', 'grad_norm': '0.1891', 'learning_rate': '2.004e-06', 'entropy': 'nan', 'num_tokens': '1.328e+07', 'mean_token_accuracy': '0.9885', 'epoch': '9.182'}
Generated sample at index 341
Total token count: 1810
Generated sample at index 204
Total token count: 1818
Generated sample at index 423
Total token count: 1821
Generated sample at index 383
Total token count: 2718
Generated sample at index 29
Total token count: 1829
Generated sample at index 590
Total token count: 1807
Generated sample at index 409
Total token count: 1819
Generated sample at index 674
Total token count: 3611
Emptied CUDA cache
{'loss': '0.04794', 'grad_norm': '0.1657', 'learning_rate': '1.957e-06', 'entropy': 'nan', 'num_tokens': '1.329e+07', 'mean_token_accuracy': '0.9892', 'epoch': '9.193'}
Generated sample at index 260
Total token count: 1830
Generated sample at index 106
Total token count: 1819
Generated sample at index 623
Total token count: 1819
Generated sample at index 440
Total token count: 1814
Generated sample at index 2
Total token count: 2711
Generated sample at index 245
Total token count: 1825
Generated sample at index 363
Total token count: 1831
Generated sample at index 142
Total token count: 1826
Emptied CUDA cache
{'loss': '0.2039', 'grad_norm': '0.8066', 'learning_rate': '1.911e-06', 'entropy': 'nan', 'num_tokens': '1.331e+07', 'mean_token_accuracy': '0.9882', 'epoch': '9.204'}
Generated sample at index 309
Total token count: 1828
Generated sample at index 201
Total token count: 1815
Generated sample at index 6
Total token count: 1805
Generated sample at index 251
Total token count: 1833
Generated sample at index 255
Total token count: 2720
Generated sample at index 637
Total token count: 1821
Generated sample at index 451
Total token count: 917
Generated sample at index 614
Total token count: 1823
Emptied CUDA cache
{'loss': '0.04952', 'grad_norm': '0.231', 'learning_rate': '1.866e-06', 'entropy': 'nan', 'num_tokens': '1.333e+07', 'mean_token_accuracy': '0.9892', 'epoch': '9.214'}
Generated sample at index 435
Total token count: 1821
Generated sample at index 465
Total token count: 1813
Generated sample at index 599
Total token count: 1797
Generated sample at index 422
Total token count: 1812
Generated sample at index 38
Total token count: 1815
Generated sample at index 654
Total token count: 1818
Generated sample at index 169
Total token count: 1815
Generated sample at index 5
Total token count: 927
Emptied CUDA cache
{'loss': '0.04478', 'grad_norm': '0.2035', 'learning_rate': '1.821e-06', 'entropy': 'nan', 'num_tokens': '1.334e+07', 'mean_token_accuracy': '0.9895', 'epoch': '9.225'}
Generated sample at index 426
Total token count: 1826
Generated sample at index 379
Total token count: 1815
Generated sample at index 408
Total token count: 1829
Generated sample at index 318
Total token count: 2715
Generated sample at index 632
Total token count: 1828
Generated sample at index 719
Total token count: 2712
Generated sample at index 263
Total token count: 916
Generated sample at index 293
Total token count: 1814
Emptied CUDA cache
{'loss': '0.05711', 'grad_norm': '0.2047', 'learning_rate': '1.777e-06', 'entropy': 'nan', 'num_tokens': '1.336e+07', 'mean_token_accuracy': '0.9866', 'epoch': '9.236'}
Generated sample at index 78
Total token count: 915
Generated sample at index 40
Total token count: 1805
Generated sample at index 616
Total token count: 1805
Generated sample at index 534
Total token count: 1829
Generated sample at index 7
Total token count: 1827
Generated sample at index 692
Total token count: 1807
Generated sample at index 520
Total token count: 1807
Generated sample at index 371
Total token count: 1831
Emptied CUDA cache
{'loss': '0.04839', 'grad_norm': '0.2719', 'learning_rate': '1.733e-06', 'entropy': 'nan', 'num_tokens': '1.337e+07', 'mean_token_accuracy': '0.9897', 'epoch': '9.247'}
Generated sample at index 430
Total token count: 2710
Generated sample at index 480
Total token count: 1809
Generated sample at index 483
Total token count: 1811
Generated sample at index 357
Total token count: 3602
Generated sample at index 431
Total token count: 1817
Generated sample at index 639
Total token count: 1819
Generated sample at index 628
Total token count: 2713
Generated sample at index 731
Total token count: 1821
Emptied CUDA cache
{'loss': '0.04406', 'grad_norm': '0.217', 'learning_rate': '1.689e-06', 'entropy': 'nan', 'num_tokens': '1.339e+07', 'mean_token_accuracy': '0.9886', 'epoch': '9.257'}
Generated sample at index 272
Total token count: 2715
Generated sample at index 428
Total token count: 1824
Generated sample at index 253
Total token count: 1824
Generated sample at index 646
Total token count: 1820
Generated sample at index 168
Total token count: 1831
Generated sample at index 673
Total token count: 1816
Generated sample at index 172
Total token count: 1811
Generated sample at index 444
Total token count: 1804
Emptied CUDA cache
{'loss': '0.05332', 'grad_norm': '0.2241', 'learning_rate': '1.647e-06', 'entropy': 'nan', 'num_tokens': '1.34e+07', 'mean_token_accuracy': '0.9884', 'epoch': '9.268'}
Generated sample at index 592
Total token count: 1824
Generated sample at index 68
Total token count: 3605
Generated sample at index 484
Total token count: 1819
Generated sample at index 470
Total token count: 921
Generated sample at index 389
Total token count: 1821
Generated sample at index 521
Total token count: 1814
Generated sample at index 420
Total token count: 1815
Generated sample at index 732
Total token count: 1804
Emptied CUDA cache
{'loss': '0.05202', 'grad_norm': '0.2573', 'learning_rate': '1.604e-06', 'entropy': 'nan', 'num_tokens': '1.342e+07', 'mean_token_accuracy': '0.9885', 'epoch': '9.279'}
Generated sample at index 679
Total token count: 1831
Generated sample at index 445
Total token count: 1822
Generated sample at index 319
Total token count: 1817
Generated sample at index 736
Total token count: 1804
Generated sample at index 490
Total token count: 1821
Generated sample at index 18
Total token count: 1825
Generated sample at index 239
Total token count: 1829
Generated sample at index 416
Total token count: 1822
Emptied CUDA cache
{'loss': '0.04662', 'grad_norm': '0.1344', 'learning_rate': '1.563e-06', 'entropy': 'nan', 'num_tokens': '1.343e+07', 'mean_token_accuracy': '0.989', 'epoch': '9.29'}
Generated sample at index 338
Total token count: 2717
Generated sample at index 155
Total token count: 1826
Generated sample at index 544
Total token count: 1805
Generated sample at index 117
Total token count: 1820
Generated sample at index 565
Total token count: 916
Generated sample at index 143
Total token count: 4496
Generated sample at index 666
Total token count: 1807
Generated sample at index 368
Total token count: 1822
Emptied CUDA cache
{'loss': '0.04626', 'grad_norm': '0.2589', 'learning_rate': '1.521e-06', 'entropy': 'nan', 'num_tokens': '1.345e+07', 'mean_token_accuracy': '0.9886', 'epoch': '9.3'}
Generated sample at index 456
Total token count: 913
Generated sample at index 177
Total token count: 1823
Generated sample at index 232
Total token count: 1813
Generated sample at index 545
Total token count: 1819
Generated sample at index 514
Total token count: 920
Generated sample at index 107
Total token count: 1829
Generated sample at index 202
Total token count: 1827
Generated sample at index 80
Total token count: 1823
Emptied CUDA cache
{'loss': '0.05093', 'grad_norm': '0.1579', 'learning_rate': '1.481e-06', 'entropy': 'nan', 'num_tokens': '1.346e+07', 'mean_token_accuracy': '0.9876', 'epoch': '9.311'}
Generated sample at index 656
Total token count: 1814
Generated sample at index 452
Total token count: 1828
Generated sample at index 613
Total token count: 2717
Generated sample at index 45
Total token count: 3610
Generated sample at index 500
Total token count: 1813
Generated sample at index 526
Total token count: 1815
Generated sample at index 156
Total token count: 1797
Generated sample at index 448
Total token count: 1823
Emptied CUDA cache
{'loss': '0.04593', 'grad_norm': '0.1521', 'learning_rate': '1.441e-06', 'entropy': 'nan', 'num_tokens': '1.348e+07', 'mean_token_accuracy': '0.9899', 'epoch': '9.322'}
Generated sample at index 98
Total token count: 1830
Generated sample at index 356
Total token count: 1821
Generated sample at index 497
Total token count: 1816
Generated sample at index 359
Total token count: 1831
Generated sample at index 474
Total token count: 1824
Generated sample at index 638
Total token count: 1817
Generated sample at index 577
Total token count: 1825
Generated sample at index 59
Total token count: 1822
Emptied CUDA cache
{'loss': '0.05494', 'grad_norm': '0.4131', 'learning_rate': '1.401e-06', 'entropy': 'nan', 'num_tokens': '1.349e+07', 'mean_token_accuracy': '0.9868', 'epoch': '9.332'}
Generated sample at index 110
Total token count: 1805
Generated sample at index 280
Total token count: 1829
Generated sample at index 366
Total token count: 2710
Generated sample at index 340
Total token count: 1825
Generated sample at index 373
Total token count: 914
Generated sample at index 541
Total token count: 2717
Generated sample at index 34
Total token count: 2712
Generated sample at index 398
Total token count: 1822
Emptied CUDA cache
{'loss': '0.04659', 'grad_norm': '0.2494', 'learning_rate': '1.362e-06', 'entropy': 'nan', 'num_tokens': '1.351e+07', 'mean_token_accuracy': '0.9892', 'epoch': '9.343'}
Generated sample at index 3
Total token count: 2710
Generated sample at index 211
Total token count: 1834
Generated sample at index 698
Total token count: 1827
Generated sample at index 700
Total token count: 1826
Generated sample at index 99
Total token count: 2716
Generated sample at index 13
Total token count: 1812
Generated sample at index 662
Total token count: 1827
Generated sample at index 153
Total token count: 1813
Emptied CUDA cache
{'loss': '0.05697', 'grad_norm': '0.2705', 'learning_rate': '1.324e-06', 'entropy': 'nan', 'num_tokens': '1.353e+07', 'mean_token_accuracy': '0.9865', 'epoch': '9.354'}
Generated sample at index 57
Total token count: 2719
Generated sample at index 43
Total token count: 1824
Generated sample at index 396
Total token count: 1801
Generated sample at index 299
Total token count: 1826
Generated sample at index 347
Total token count: 2710
Generated sample at index 686
Total token count: 1835
Generated sample at index 699
Total token count: 1811
Generated sample at index 432
Total token count: 1820
Emptied CUDA cache
{'loss': '0.05101', 'grad_norm': '0.2689', 'learning_rate': '1.286e-06', 'entropy': 'nan', 'num_tokens': '1.354e+07', 'mean_token_accuracy': '0.9881', 'epoch': '9.365'}
Generated sample at index 495
Total token count: 1828
Generated sample at index 668
Total token count: 1822
Generated sample at index 543
Total token count: 1807
Generated sample at index 459
Total token count: 1826
Generated sample at index 63
Total token count: 1816
Generated sample at index 10
Total token count: 2713
Generated sample at index 350
Total token count: 1825
Generated sample at index 199
Total token count: 2715
Emptied CUDA cache
{'loss': '0.05064', 'grad_norm': '0.1817', 'learning_rate': '1.248e-06', 'entropy': 'nan', 'num_tokens': '1.356e+07', 'mean_token_accuracy': '0.9881', 'epoch': '9.375'}
Generated sample at index 516
Total token count: 1810
Generated sample at index 11
Total token count: 1832
Generated sample at index 548
Total token count: 2718
Generated sample at index 240
Total token count: 1829
Generated sample at index 388
Total token count: 1829
Generated sample at index 675
Total token count: 1820
Generated sample at index 216
Total token count: 1805
Generated sample at index 323
Total token count: 1814
Emptied CUDA cache
{'loss': '0.05386', 'grad_norm': '0.1591', 'learning_rate': '1.211e-06', 'entropy': 'nan', 'num_tokens': '1.358e+07', 'mean_token_accuracy': '0.9884', 'epoch': '9.386'}
Generated sample at index 4
Total token count: 1829
Generated sample at index 461
Total token count: 1827
Generated sample at index 353
Total token count: 1832
Generated sample at index 183
Total token count: 1821
Generated sample at index 419
Total token count: 2712
Generated sample at index 653
Total token count: 1801
Generated sample at index 243
Total token count: 1823
Generated sample at index 397
Total token count: 1804
Emptied CUDA cache
{'loss': '0.05099', 'grad_norm': '0.225', 'learning_rate': '1.175e-06', 'entropy': 'nan', 'num_tokens': '1.359e+07', 'mean_token_accuracy': '0.9886', 'epoch': '9.397'}
Generated sample at index 584
Total token count: 1802
Generated sample at index 289
Total token count: 1809
Generated sample at index 250
Total token count: 1829
Generated sample at index 19
Total token count: 4500
Generated sample at index 391
Total token count: 1825
Generated sample at index 51
Total token count: 2713
Generated sample at index 136
Total token count: 1809
Generated sample at index 42
Total token count: 1803
Emptied CUDA cache
{'loss': '0.04193', 'grad_norm': '0.2161', 'learning_rate': '1.139e-06', 'entropy': 'nan', 'num_tokens': '1.361e+07', 'mean_token_accuracy': '0.9901', 'epoch': '9.408'}
Generated sample at index 258
Total token count: 1813
Generated sample at index 348
Total token count: 916
Generated sample at index 335
Total token count: 1800
Generated sample at index 455
Total token count: 1819
Generated sample at index 179
Total token count: 2716
Generated sample at index 563
Total token count: 1817
Generated sample at index 26
Total token count: 1823
Generated sample at index 342
Total token count: 1809
Emptied CUDA cache
{'loss': '0.04462', 'grad_norm': '0.2125', 'learning_rate': '1.104e-06', 'entropy': 'nan', 'num_tokens': '1.362e+07', 'mean_token_accuracy': '0.9901', 'epoch': '9.418'}
Generated sample at index 104
Total token count: 915
Generated sample at index 27
Total token count: 2714
Generated sample at index 310
Total token count: 1813
Generated sample at index 123
Total token count: 1826
Generated sample at index 71
Total token count: 914
Generated sample at index 103
Total token count: 1831
Generated sample at index 701
Total token count: 2713
Generated sample at index 607
Total token count: 3598
Emptied CUDA cache
{'loss': '0.06241', 'grad_norm': '2.023', 'learning_rate': '1.07e-06', 'entropy': 'nan', 'num_tokens': '1.364e+07', 'mean_token_accuracy': '0.9883', 'epoch': '9.429'}
Generated sample at index 79
Total token count: 1818
Generated sample at index 108
Total token count: 919
Generated sample at index 567
Total token count: 1820
Generated sample at index 297
Total token count: 1819
Generated sample at index 23
Total token count: 2715
Generated sample at index 165
Total token count: 1811
Generated sample at index 91
Total token count: 1823
Generated sample at index 39
Total token count: 1797
Emptied CUDA cache
{'loss': '0.0482', 'grad_norm': '0.2577', 'learning_rate': '1.035e-06', 'entropy': 'nan', 'num_tokens': '1.365e+07', 'mean_token_accuracy': '0.9881', 'epoch': '9.44'}
Generated sample at index 224
Total token count: 1823
Generated sample at index 555
Total token count: 1833
Generated sample at index 542
Total token count: 1826
Generated sample at index 234
Total token count: 1802
Generated sample at index 326
Total token count: 1807
Generated sample at index 331
Total token count: 1807
Generated sample at index 633
Total token count: 1823
Generated sample at index 605
Total token count: 1808
Emptied CUDA cache
{'loss': '0.04254', 'grad_norm': '0.1684', 'learning_rate': '1.002e-06', 'entropy': 'nan', 'num_tokens': '1.367e+07', 'mean_token_accuracy': '0.9901', 'epoch': '9.45'}
Generated sample at index 281
Total token count: 1807
Generated sample at index 385
Total token count: 1815
Generated sample at index 629
Total token count: 1808
Generated sample at index 530
Total token count: 1821
Generated sample at index 16
Total token count: 1810
Generated sample at index 163
Total token count: 1817
Generated sample at index 192
Total token count: 2718
Generated sample at index 744
Total token count: 2714
Emptied CUDA cache
{'loss': '0.04287', 'grad_norm': '0.2806', 'learning_rate': '9.689e-07', 'entropy': 'nan', 'num_tokens': '1.368e+07', 'mean_token_accuracy': '0.9895', 'epoch': '9.461'}
Generated sample at index 558
Total token count: 2718
Generated sample at index 277
Total token count: 1809
Generated sample at index 717
Total token count: 2713
Generated sample at index 138
Total token count: 1820
Generated sample at index 478
Total token count: 1818
Generated sample at index 354
Total token count: 2711
Generated sample at index 8
Total token count: 909
Generated sample at index 512
Total token count: 1824
Emptied CUDA cache
{'loss': '0.04714', 'grad_norm': '0.4067', 'learning_rate': '9.364e-07', 'entropy': 'nan', 'num_tokens': '1.37e+07', 'mean_token_accuracy': '0.9891', 'epoch': '9.472'}
Generated sample at index 210
Total token count: 1819
Generated sample at index 271
Total token count: 1830
Generated sample at index 382
Total token count: 1828
Generated sample at index 56
Total token count: 1825
Generated sample at index 229
Total token count: 1826
Generated sample at index 66
Total token count: 1813
Generated sample at index 640
Total token count: 1830
Generated sample at index 716
Total token count: 1807
Emptied CUDA cache
{'loss': '0.0644', 'grad_norm': '2.62', 'learning_rate': '9.045e-07', 'entropy': 'nan', 'num_tokens': '1.372e+07', 'mean_token_accuracy': '0.9875', 'epoch': '9.483'}
Generated sample at index 187
Total token count: 921
Generated sample at index 144
Total token count: 2714
Generated sample at index 519
Total token count: 1818
Generated sample at index 622
Total token count: 1827
Generated sample at index 508
Total token count: 1812
Generated sample at index 583
Total token count: 2714
Generated sample at index 154
Total token count: 1813
Generated sample at index 482
Total token count: 919
Emptied CUDA cache
{'loss': '0.05049', 'grad_norm': '0.3855', 'learning_rate': '8.732e-07', 'entropy': 'nan', 'num_tokens': '1.373e+07', 'mean_token_accuracy': '0.9882', 'epoch': '9.493'}
Generated sample at index 625
Total token count: 1816
Generated sample at index 658
Total token count: 1820
Generated sample at index 329
Total token count: 1810
Generated sample at index 375
Total token count: 1819
Generated sample at index 706
Total token count: 1806
Generated sample at index 93
Total token count: 1819
Generated sample at index 259
Total token count: 3602
Generated sample at index 603
Total token count: 1817
Emptied CUDA cache
{'loss': '0.04766', 'grad_norm': '0.1606', 'learning_rate': '8.423e-07', 'entropy': 'nan', 'num_tokens': '1.375e+07', 'mean_token_accuracy': '0.9886', 'epoch': '9.504'}
Generated sample at index 170
Total token count: 1828
Generated sample at index 725
Total token count: 916
Generated sample at index 572
Total token count: 1808
Generated sample at index 145
Total token count: 1802
Generated sample at index 427
Total token count: 1823
Generated sample at index 162
Total token count: 1830
Generated sample at index 274
Total token count: 2713
Generated sample at index 372
Total token count: 1825
Emptied CUDA cache
{'loss': '0.0509', 'grad_norm': '0.2155', 'learning_rate': '8.121e-07', 'entropy': 'nan', 'num_tokens': '1.376e+07', 'mean_token_accuracy': '0.9885', 'epoch': '9.515'}
Generated sample at index 248
Total token count: 1806
Generated sample at index 703
Total token count: 1821
Generated sample at index 481
Total token count: 1807
Generated sample at index 140
Total token count: 1819
Generated sample at index 602
Total token count: 1809
Generated sample at index 20
Total token count: 920
Generated sample at index 113
Total token count: 1809
Generated sample at index 537
Total token count: 1825
Emptied CUDA cache
{'loss': '0.04814', 'grad_norm': '0.2288', 'learning_rate': '7.823e-07', 'entropy': 'nan', 'num_tokens': '1.378e+07', 'mean_token_accuracy': '0.989', 'epoch': '9.525'}
Generated sample at index 35
Total token count: 5388
Generated sample at index 86
Total token count: 1822
Generated sample at index 269
Total token count: 1797
Generated sample at index 722
Total token count: 1804
Generated sample at index 608
Total token count: 1797
Generated sample at index 58
Total token count: 1819
Generated sample at index 582
Total token count: 912
Generated sample at index 178
Total token count: 1815
Emptied CUDA cache
{'loss': '0.03802', 'grad_norm': '0.193', 'learning_rate': '7.532e-07', 'entropy': 'nan', 'num_tokens': '1.379e+07', 'mean_token_accuracy': '0.9913', 'epoch': '9.536'}
Generated sample at index 438
Total token count: 2715
Generated sample at index 517
Total token count: 1825
Generated sample at index 641
Total token count: 922
Generated sample at index 694
Total token count: 1808
Generated sample at index 390
Total token count: 1797
Generated sample at index 238
Total token count: 920
Generated sample at index 554
Total token count: 1832
Generated sample at index 62
Total token count: 2710
Emptied CUDA cache
{'loss': '0.05375', 'grad_norm': '0.1993', 'learning_rate': '7.246e-07', 'entropy': 'nan', 'num_tokens': '1.381e+07', 'mean_token_accuracy': '0.9876', 'epoch': '9.547'}
Generated sample at index 734
Total token count: 1813
Generated sample at index 505
Total token count: 919
Generated sample at index 336
Total token count: 2719
Generated sample at index 15
Total token count: 1807
Generated sample at index 160
Total token count: 1821
Generated sample at index 176
Total token count: 1826
Generated sample at index 311
Total token count: 1808
Generated sample at index 230
Total token count: 1810
Emptied CUDA cache
{'loss': '0.05015', 'grad_norm': '0.2957', 'learning_rate': '6.965e-07', 'entropy': 'nan', 'num_tokens': '1.382e+07', 'mean_token_accuracy': '0.989', 'epoch': '9.558'}
Generated sample at index 643
Total token count: 1797
Generated sample at index 44
Total token count: 2729
Generated sample at index 595
Total token count: 1817
Generated sample at index 727
Total token count: 1828
Generated sample at index 320
Total token count: 1827
Generated sample at index 447
Total token count: 1813
Generated sample at index 562
Total token count: 922
Generated sample at index 195
Total token count: 1824
Emptied CUDA cache
{'loss': '0.05203', 'grad_norm': '0.2411', 'learning_rate': '6.69e-07', 'entropy': 'nan', 'num_tokens': '1.384e+07', 'mean_token_accuracy': '0.9877', 'epoch': '9.568'}
Generated sample at index 742
Total token count: 2712
Generated sample at index 569
Total token count: 1819
Generated sample at index 262
Total token count: 1824
Generated sample at index 188
Total token count: 1832
Generated sample at index 549
Total token count: 1826
Generated sample at index 446
Total token count: 1823
Generated sample at index 627
Total token count: 2710
Generated sample at index 105
Total token count: 1809
Emptied CUDA cache
{'loss': '0.04884', 'grad_norm': '0.1895', 'learning_rate': '6.42e-07', 'entropy': 'nan', 'num_tokens': '1.385e+07', 'mean_token_accuracy': '0.9884', 'epoch': '9.579'}
Generated sample at index 458
Total token count: 1824
Generated sample at index 559
Total token count: 1825
Generated sample at index 334
Total token count: 2711
Generated sample at index 17
Total token count: 1810
Generated sample at index 680
Total token count: 1818
Generated sample at index 193
Total token count: 1824
Generated sample at index 191
Total token count: 1813
Generated sample at index 724
Total token count: 2715
Emptied CUDA cache
{'loss': '0.05073', 'grad_norm': '0.3111', 'learning_rate': '6.156e-07', 'entropy': 'nan', 'num_tokens': '1.387e+07', 'mean_token_accuracy': '0.9874', 'epoch': '9.59'}
Generated sample at index 304
Total token count: 916
Generated sample at index 557
Total token count: 1817
Generated sample at index 131
Total token count: 1820
Generated sample at index 228
Total token count: 1818
Generated sample at index 167
Total token count: 2708
Generated sample at index 358
Total token count: 1831
Generated sample at index 591
Total token count: 1823
Generated sample at index 261
Total token count: 2718
Emptied CUDA cache
{'loss': '0.05117', 'grad_norm': '0.3023', 'learning_rate': '5.897e-07', 'entropy': 'nan', 'num_tokens': '1.388e+07', 'mean_token_accuracy': '0.9884', 'epoch': '9.601'}
Generated sample at index 134
Total token count: 1808
Generated sample at index 182
Total token count: 1817
Generated sample at index 223
Total token count: 1818
Generated sample at index 36
Total token count: 3606
Generated sample at index 257
Total token count: 2723
Generated sample at index 198
Total token count: 2712
Generated sample at index 525
Total token count: 1827
Generated sample at index 669
Total token count: 1824
Emptied CUDA cache
{'loss': '0.0506', 'grad_norm': '0.2366', 'learning_rate': '5.644e-07', 'entropy': 'nan', 'num_tokens': '1.39e+07', 'mean_token_accuracy': '0.989', 'epoch': '9.611'}
Generated sample at index 209
Total token count: 1824
Generated sample at index 411
Total token count: 1822
Generated sample at index 437
Total token count: 1807
Generated sample at index 47
Total token count: 3607
Generated sample at index 676
Total token count: 1804
Generated sample at index 9
Total token count: 1816
Generated sample at index 275
Total token count: 1828
Generated sample at index 476
Total token count: 1826
Emptied CUDA cache
{'loss': '0.04915', 'grad_norm': '0.1621', 'learning_rate': '5.396e-07', 'entropy': 'nan', 'num_tokens': '1.392e+07', 'mean_token_accuracy': '0.9894', 'epoch': '9.622'}
Generated sample at index 28
Total token count: 1827
Generated sample at index 376
Total token count: 1803
Generated sample at index 619
Total token count: 1817
Generated sample at index 697
Total token count: 2706
Generated sample at index 532
Total token count: 1819
Generated sample at index 414
Total token count: 919
Generated sample at index 741
Total token count: 1823
Generated sample at index 14
Total token count: 1822
Emptied CUDA cache
{'loss': '0.05082', 'grad_norm': '0.3998', 'learning_rate': '5.154e-07', 'entropy': 'nan', 'num_tokens': '1.393e+07', 'mean_token_accuracy': '0.9879', 'epoch': '9.633'}
Generated sample at index 158
Total token count: 1825
Generated sample at index 206
Total token count: 1825
Generated sample at index 127
Total token count: 1797
Generated sample at index 344
Total token count: 1824
Generated sample at index 380
Total token count: 2708
Generated sample at index 300
Total token count: 2711
Generated sample at index 355
Total token count: 2711
Generated sample at index 276
Total token count: 1810
Emptied CUDA cache
{'loss': '0.04692', 'grad_norm': '0.1966', 'learning_rate': '4.918e-07', 'entropy': 'nan', 'num_tokens': '1.395e+07', 'mean_token_accuracy': '0.9892', 'epoch': '9.643'}
Generated sample at index 536
Total token count: 1809
Generated sample at index 518
Total token count: 925
Generated sample at index 737
Total token count: 1814
Generated sample at index 721
Total token count: 1804
Generated sample at index 410
Total token count: 2709
Generated sample at index 130
Total token count: 1810
Generated sample at index 620
Total token count: 1811
Generated sample at index 148
Total token count: 1831
Emptied CUDA cache
{'loss': '0.04327', 'grad_norm': '0.2563', 'learning_rate': '4.687e-07', 'entropy': 'nan', 'num_tokens': '1.396e+07', 'mean_token_accuracy': '0.9907', 'epoch': '9.654'}
Generated sample at index 126
Total token count: 2719
Generated sample at index 70
Total token count: 3603
Generated sample at index 237
Total token count: 1809
Generated sample at index 132
Total token count: 925
Generated sample at index 661
Total token count: 1823
Generated sample at index 322
Total token count: 1828
Generated sample at index 657
Total token count: 3598
Generated sample at index 207
Total token count: 1827
Emptied CUDA cache
{'loss': '0.05493', 'grad_norm': '0.3756', 'learning_rate': '4.461e-07', 'entropy': 'nan', 'num_tokens': '1.398e+07', 'mean_token_accuracy': '0.9874', 'epoch': '9.665'}
Generated sample at index 52
Total token count: 2712
Generated sample at index 213
Total token count: 1825
Generated sample at index 652
Total token count: 1801
Generated sample at index 486
Total token count: 2712
Generated sample at index 189
Total token count: 1807
Generated sample at index 81
Total token count: 2719
Generated sample at index 434
Total token count: 1819
Generated sample at index 393
Total token count: 919
Emptied CUDA cache
{'loss': '0.04248', 'grad_norm': '0.3219', 'learning_rate': '4.241e-07', 'entropy': 'nan', 'num_tokens': '1.4e+07', 'mean_token_accuracy': '0.9884', 'epoch': '9.676'}
Generated sample at index 601
Total token count: 1818
Generated sample at index 597
Total token count: 1803
Generated sample at index 364
Total token count: 1820
Generated sample at index 492
Total token count: 1801
Generated sample at index 586
Total token count: 917
Generated sample at index 82
Total token count: 1813
Generated sample at index 600
Total token count: 914
Generated sample at index 400
Total token count: 1827
Emptied CUDA cache
{'loss': '0.04524', 'grad_norm': '0.245', 'learning_rate': '4.027e-07', 'entropy': 'nan', 'num_tokens': '1.401e+07', 'mean_token_accuracy': '0.9889', 'epoch': '9.686'}
Generated sample at index 266
Total token count: 1797
Generated sample at index 441
Total token count: 1823
Generated sample at index 370
Total token count: 1824
Generated sample at index 247
Total token count: 1822
Generated sample at index 254
Total token count: 1809
Generated sample at index 184
Total token count: 1825
Generated sample at index 185
Total token count: 2716
Generated sample at index 671
Total token count: 1822
Emptied CUDA cache
{'loss': '0.04634', 'grad_norm': '0.1696', 'learning_rate': '3.818e-07', 'entropy': 'nan', 'num_tokens': '1.403e+07', 'mean_token_accuracy': '0.9885', 'epoch': '9.697'}
Generated sample at index 220
Total token count: 914
Generated sample at index 295
Total token count: 1820
Generated sample at index 73
Total token count: 920
Generated sample at index 664
Total token count: 1825
Generated sample at index 214
Total token count: 1826
Generated sample at index 621
Total token count: 1811
Generated sample at index 524
Total token count: 2719
Generated sample at index 265
Total token count: 914
Emptied CUDA cache
{'loss': '0.05317', 'grad_norm': '0.1971', 'learning_rate': '3.615e-07', 'entropy': 'nan', 'num_tokens': '1.404e+07', 'mean_token_accuracy': '0.988', 'epoch': '9.708'}
Generated sample at index 171
Total token count: 2709
Generated sample at index 147
Total token count: 1814
Generated sample at index 139
Total token count: 921
Generated sample at index 377
Total token count: 2707
Generated sample at index 711
Total token count: 1806
Generated sample at index 67
Total token count: 1825
Generated sample at index 46
Total token count: 1824
Generated sample at index 345
Total token count: 1827
Emptied CUDA cache
{'loss': '0.04883', 'grad_norm': '0.1958', 'learning_rate': '3.417e-07', 'entropy': 'nan', 'num_tokens': '1.406e+07', 'mean_token_accuracy': '0.9891', 'epoch': '9.718'}
Generated sample at index 501
Total token count: 1809
Generated sample at index 1
Total token count: 4490
Generated sample at index 540
Total token count: 2715
Generated sample at index 463
Total token count: 1808
Generated sample at index 498
Total token count: 919
Generated sample at index 730
Total token count: 2714
Generated sample at index 665
Total token count: 1808
Generated sample at index 302
Total token count: 1811
Emptied CUDA cache
{'loss': '0.04416', 'grad_norm': '0.209', 'learning_rate': '3.225e-07', 'entropy': 'nan', 'num_tokens': '1.407e+07', 'mean_token_accuracy': '0.9896', 'epoch': '9.729'}
Generated sample at index 53
Total token count: 914
Generated sample at index 94
Total token count: 1809
Generated sample at index 682
Total token count: 2714
Generated sample at index 702
Total token count: 1807
Generated sample at index 227
Total token count: 1824
Generated sample at index 424
Total token count: 1802
Generated sample at index 365
Total token count: 3602
Generated sample at index 273
Total token count: 2713
Emptied CUDA cache
{'loss': '0.04477', 'grad_norm': '0.1947', 'learning_rate': '3.038e-07', 'entropy': 'nan', 'num_tokens': '1.409e+07', 'mean_token_accuracy': '0.99', 'epoch': '9.74'}
Generated sample at index 617
Total token count: 1819
Generated sample at index 606
Total token count: 1828
Generated sample at index 317
Total token count: 2720
Generated sample at index 137
Total token count: 2709
Generated sample at index 50
Total token count: 1819
Generated sample at index 205
Total token count: 1810
Generated sample at index 404
Total token count: 1813
Generated sample at index 487
Total token count: 1834
Emptied CUDA cache
{'loss': '0.04527', 'grad_norm': '0.1936', 'learning_rate': '2.857e-07', 'entropy': 'nan', 'num_tokens': '1.411e+07', 'mean_token_accuracy': '0.9891', 'epoch': '9.751'}
Generated sample at index 403
Total token count: 1817
Generated sample at index 83
Total token count: 915
Generated sample at index 726
Total token count: 1823
Generated sample at index 723
Total token count: 1801
Generated sample at index 651
Total token count: 916
Generated sample at index 306
Total token count: 1801
Generated sample at index 718
Total token count: 2707
Generated sample at index 387
Total token count: 1823
Emptied CUDA cache
{'loss': '0.2365', 'grad_norm': '1.581', 'learning_rate': '2.681e-07', 'entropy': 'nan', 'num_tokens': '1.412e+07', 'mean_token_accuracy': '0.9897', 'epoch': '9.761'}
Generated sample at index 200
Total token count: 3609
Generated sample at index 709
Total token count: 1809
Generated sample at index 236
Total token count: 2723
Generated sample at index 561
Total token count: 2713
Generated sample at index 225
Total token count: 2719
Generated sample at index 499
Total token count: 1825
Generated sample at index 539
Total token count: 1822
Generated sample at index 267
Total token count: 1825
Emptied CUDA cache
{'loss': '0.04935', 'grad_norm': '0.156', 'learning_rate': '2.511e-07', 'entropy': 'nan', 'num_tokens': '1.414e+07', 'mean_token_accuracy': '0.9886', 'epoch': '9.772'}
Generated sample at index 292
Total token count: 1802
Generated sample at index 151
Total token count: 2713
Generated sample at index 598
Total token count: 1825
Generated sample at index 708
Total token count: 1814
Generated sample at index 88
Total token count: 1820
Generated sample at index 442
Total token count: 1805
Generated sample at index 256
Total token count: 1826
Generated sample at index 663
Total token count: 1811
Emptied CUDA cache
{'loss': '0.04445', 'grad_norm': '0.2124', 'learning_rate': '2.347e-07', 'entropy': 'nan', 'num_tokens': '1.416e+07', 'mean_token_accuracy': '0.9899', 'epoch': '9.783'}
Generated sample at index 546
Total token count: 1823
Generated sample at index 337
Total token count: 2710
Generated sample at index 648
Total token count: 1806
Generated sample at index 215
Total token count: 1813
Generated sample at index 291
Total token count: 1823
Generated sample at index 381
Total token count: 1822
Generated sample at index 101
Total token count: 1828
Generated sample at index 678
Total token count: 1806
Emptied CUDA cache
{'loss': '0.04902', 'grad_norm': '0.2248', 'learning_rate': '2.188e-07', 'entropy': 'nan', 'num_tokens': '1.417e+07', 'mean_token_accuracy': '0.9893', 'epoch': '9.794'}
Generated sample at index 464
Total token count: 1832
Generated sample at index 551
Total token count: 1806
Generated sample at index 374
Total token count: 913
Generated sample at index 102
Total token count: 3606
Generated sample at index 37
Total token count: 1812
Generated sample at index 290
Total token count: 2718
Generated sample at index 407
Total token count: 1816
Generated sample at index 92
Total token count: 1823
Emptied CUDA cache
{'loss': '0.04308', 'grad_norm': '0.1672', 'learning_rate': '2.034e-07', 'entropy': 'nan', 'num_tokens': '1.419e+07', 'mean_token_accuracy': '0.9896', 'epoch': '9.804'}
Generated sample at index 560
Total token count: 1823
Generated sample at index 180
Total token count: 1803
Generated sample at index 315
Total token count: 1820
Generated sample at index 443
Total token count: 920
Generated sample at index 361
Total token count: 1825
Generated sample at index 593
Total token count: 1825
Generated sample at index 24
Total token count: 2710
Generated sample at index 494
Total token count: 1822
Emptied CUDA cache
{'loss': '0.04995', 'grad_norm': '0.1588', 'learning_rate': '1.887e-07', 'entropy': 'nan', 'num_tokens': '1.42e+07', 'mean_token_accuracy': '0.9877', 'epoch': '9.815'}
Generated sample at index 720
Total token count: 914
Generated sample at index 226
Total token count: 1810
Generated sample at index 436
Total token count: 1805
Generated sample at index 683
Total token count: 2711
Generated sample at index 510
Total token count: 1825
Generated sample at index 626
Total token count: 1810
Generated sample at index 278
Total token count: 1819
Generated sample at index 114
Total token count: 912
Emptied CUDA cache
{'loss': '0.04652', 'grad_norm': '0.1759', 'learning_rate': '1.744e-07', 'entropy': 'nan', 'num_tokens': '1.422e+07', 'mean_token_accuracy': '0.9895', 'epoch': '9.826'}
Generated sample at index 574
Total token count: 923
Generated sample at index 87
Total token count: 1826
Generated sample at index 264
Total token count: 1835
Generated sample at index 301
Total token count: 2711
Generated sample at index 449
Total token count: 1822
Generated sample at index 415
Total token count: 2709
Generated sample at index 196
Total token count: 2713
Generated sample at index 217
Total token count: 1810
Emptied CUDA cache
{'loss': '0.05372', 'grad_norm': '0.1555', 'learning_rate': '1.608e-07', 'entropy': 'nan', 'num_tokens': '1.423e+07', 'mean_token_accuracy': '0.9877', 'epoch': '9.836'}
Generated sample at index 687
Total token count: 3609
Generated sample at index 418
Total token count: 1798
Generated sample at index 745
Total token count: 915
Generated sample at index 0
Total token count: 1815
Generated sample at index 203
Total token count: 1808
Generated sample at index 161
Total token count: 2715
Generated sample at index 527
Total token count: 1806
Generated sample at index 504
Total token count: 1823
Emptied CUDA cache
{'loss': '0.03974', 'grad_norm': '0.3753', 'learning_rate': '1.476e-07', 'entropy': 'nan', 'num_tokens': '1.425e+07', 'mean_token_accuracy': '0.9908', 'epoch': '9.847'}
Generated sample at index 568
Total token count: 915
Generated sample at index 41
Total token count: 2717
Generated sample at index 688
Total token count: 915
Generated sample at index 268
Total token count: 1807
Generated sample at index 672
Total token count: 1818
Generated sample at index 174
Total token count: 1831
Generated sample at index 596
Total token count: 1812
Generated sample at index 714
Total token count: 1817
Emptied CUDA cache
{'loss': '0.0486', 'grad_norm': '0.1976', 'learning_rate': '1.351e-07', 'entropy': 'nan', 'num_tokens': '1.426e+07', 'mean_token_accuracy': '0.9881', 'epoch': '9.858'}
Generated sample at index 12
Total token count: 1813
Generated sample at index 522
Total token count: 2715
Generated sample at index 21
Total token count: 1814
Generated sample at index 90
Total token count: 1809
Generated sample at index 367
Total token count: 1823
Generated sample at index 121
Total token count: 1821
Generated sample at index 691
Total token count: 1821
Generated sample at index 395
Total token count: 914
Emptied CUDA cache
{'loss': '0.04815', 'grad_norm': '0.1856', 'learning_rate': '1.231e-07', 'entropy': 'nan', 'num_tokens': '1.428e+07', 'mean_token_accuracy': '0.9892', 'epoch': '9.869'}
Generated sample at index 283
Total token count: 1824
Generated sample at index 327
Total token count: 915
Generated sample at index 33
Total token count: 1807
Generated sample at index 511
Total token count: 1812
Generated sample at index 681
Total token count: 1812
Generated sample at index 76
Total token count: 2720
Generated sample at index 729
Total token count: 2712
Generated sample at index 244
Total token count: 2718
Emptied CUDA cache
{'loss': '0.04495', 'grad_norm': '0.1454', 'learning_rate': '1.117e-07', 'entropy': 'nan', 'num_tokens': '1.429e+07', 'mean_token_accuracy': '0.9896', 'epoch': '9.879'}
Generated sample at index 685
Total token count: 1805
Generated sample at index 141
Total token count: 1826
Generated sample at index 475
Total token count: 1827
Generated sample at index 636
Total token count: 1814
Generated sample at index 667
Total token count: 1810
Generated sample at index 305
Total token count: 1828
Generated sample at index 31
Total token count: 1811
Generated sample at index 528
Total token count: 1824
Emptied CUDA cache
{'loss': '0.04952', 'grad_norm': '0.1909', 'learning_rate': '1.008e-07', 'entropy': 'nan', 'num_tokens': '1.431e+07', 'mean_token_accuracy': '0.9892', 'epoch': '9.89'}
Generated sample at index 157
Total token count: 2712
Generated sample at index 124
Total token count: 915
Generated sample at index 287
Total token count: 2715
Generated sample at index 472
Total token count: 1826
Generated sample at index 401
Total token count: 1822
Generated sample at index 570
Total token count: 1805
Generated sample at index 612
Total token count: 1811
Generated sample at index 611
Total token count: 1803
Emptied CUDA cache
{'loss': '0.04955', 'grad_norm': '0.2258', 'learning_rate': '9.045e-08', 'entropy': 'nan', 'num_tokens': '1.432e+07', 'mean_token_accuracy': '0.9884', 'epoch': '9.901'}
Generated sample at index 491
Total token count: 2721
Generated sample at index 578
Total token count: 1824
Generated sample at index 150
Total token count: 3612
Generated sample at index 713
Total token count: 1820
Generated sample at index 615
Total token count: 1807
Generated sample at index 298
Total token count: 1822
Generated sample at index 644
Total token count: 1828
Generated sample at index 421
Total token count: 913
Emptied CUDA cache
{'loss': '0.04944', 'grad_norm': '0.1894', 'learning_rate': '8.068e-08', 'entropy': 'nan', 'num_tokens': '1.434e+07', 'mean_token_accuracy': '0.9888', 'epoch': '9.912'}
Generated sample at index 55
Total token count: 2714
Generated sample at index 405
Total token count: 1813
Generated sample at index 739
Total token count: 1802
Generated sample at index 507
Total token count: 1822
Generated sample at index 116
Total token count: 1814
Generated sample at index 392
Total token count: 1823
Generated sample at index 704
Total token count: 1810
Generated sample at index 402
Total token count: 1821
Emptied CUDA cache
{'loss': '0.04168', 'grad_norm': '0.1591', 'learning_rate': '7.147e-08', 'entropy': 'nan', 'num_tokens': '1.435e+07', 'mean_token_accuracy': '0.9904', 'epoch': '9.922'}
Generated sample at index 693
Total token count: 1801
Generated sample at index 197
Total token count: 2713
Generated sample at index 479
Total token count: 1836
Generated sample at index 553
Total token count: 1818
Generated sample at index 60
Total token count: 1826
Generated sample at index 477
Total token count: 1824
Generated sample at index 552
Total token count: 1828
Generated sample at index 429
Total token count: 1827
Emptied CUDA cache
{'loss': '0.05304', 'grad_norm': '0.3144', 'learning_rate': '6.282e-08', 'entropy': 'nan', 'num_tokens': '1.437e+07', 'mean_token_accuracy': '0.9875', 'epoch': '9.933'}
Generated sample at index 618
Total token count: 1812
Generated sample at index 705
Total token count: 1797
Generated sample at index 467
Total token count: 1834
Generated sample at index 585
Total token count: 1823
Generated sample at index 631
Total token count: 1813
Generated sample at index 690
Total token count: 1802
Generated sample at index 462
Total token count: 1812
Generated sample at index 738
Total token count: 1804
Emptied CUDA cache
{'loss': '0.05004', 'grad_norm': '0.3451', 'learning_rate': '5.472e-08', 'entropy': 'nan', 'num_tokens': '1.438e+07', 'mean_token_accuracy': '0.989', 'epoch': '9.944'}
Generated sample at index 566
Total token count: 1829
Generated sample at index 175
Total token count: 920
Generated sample at index 594
Total token count: 1821
Generated sample at index 439
Total token count: 2711
Generated sample at index 95
Total token count: 1814
Generated sample at index 307
Total token count: 3600
Generated sample at index 308
Total token count: 1805
Generated sample at index 412
Total token count: 913
Emptied CUDA cache
{'loss': '0.04668', 'grad_norm': '0.1841', 'learning_rate': '4.718e-08', 'entropy': 'nan', 'num_tokens': '1.44e+07', 'mean_token_accuracy': '0.9895', 'epoch': '9.954'}
Generated sample at index 645
Total token count: 1808
Generated sample at index 330
Total token count: 1820
Generated sample at index 580
Total token count: 2712
Generated sample at index 72
Total token count: 2716
Generated sample at index 118
Total token count: 2727
Generated sample at index 547
Total token count: 1821
Generated sample at index 696
Total token count: 2715
Generated sample at index 149
Total token count: 3605
Emptied CUDA cache
{'loss': '0.05129', 'grad_norm': '0.2229', 'learning_rate': '4.021e-08', 'entropy': 'nan', 'num_tokens': '1.442e+07', 'mean_token_accuracy': '0.9888', 'epoch': '9.965'}
Generated sample at index 469
Total token count: 1822
Generated sample at index 609
Total token count: 2708
Generated sample at index 146
Total token count: 1824
Generated sample at index 647
Total token count: 1825
Generated sample at index 417
Total token count: 1814
Generated sample at index 710
Total token count: 1819
Generated sample at index 677
Total token count: 1802
Generated sample at index 466
Total token count: 1830
Emptied CUDA cache
{'loss': '0.04672', 'grad_norm': '0.1758', 'learning_rate': '3.378e-08', 'entropy': 'nan', 'num_tokens': '1.443e+07', 'mean_token_accuracy': '0.9887', 'epoch': '9.976'}
Generated sample at index 133
Total token count: 1819
Generated sample at index 624
Total token count: 1822
Generated sample at index 513
Total token count: 2713
Generated sample at index 670
Total token count: 1820
Generated sample at index 433
Total token count: 1825
Generated sample at index 743
Total token count: 2715
Generated sample at index 64
Total token count: 1828
Generated sample at index 493
Total token count: 1807
Emptied CUDA cache
{'loss': '0.0543', 'grad_norm': '0.2018', 'learning_rate': '2.792e-08', 'entropy': 'nan', 'num_tokens': '1.445e+07', 'mean_token_accuracy': '0.9872', 'epoch': '9.987'}
Generated sample at index 152
Total token count: 1802
Generated sample at index 503
Total token count: 1811
Generated sample at index 284
Total token count: 1820
Generated sample at index 61
Total token count: 1822
Generated sample at index 471
Total token count: 1811
Generated sample at index 576
Total token count: 1822
Generated sample at index 122
Total token count: 1809
Generated sample at index 241
Total token count: 2712
Emptied CUDA cache
{'loss': '0.0475', 'grad_norm': '0.1672', 'learning_rate': '2.262e-08', 'entropy': 'nan', 'num_tokens': '1.447e+07', 'mean_token_accuracy': '0.9896', 'epoch': '9.997'}
Generated sample at index 312
Total token count: 929
Emptied CUDA cache
{'loss': '0.07183', 'grad_norm': '0.3572', 'learning_rate': '1.787e-08', 'entropy': 'nan', 'num_tokens': '1.447e+07', 'mean_token_accuracy': '0.9845', 'epoch': '10'}
{'train_runtime': '1.492e+04', 'train_samples_per_second': '0.5', 'train_steps_per_second': '0.063', 'train_loss': '5.16', 'epoch': '10'}
Job finished at: Mon Apr 27 08:07:04 AM EDT 2026
