Wed Apr 29 12:54:08 2026       
+-----------------------------------------------------------------------------------------+
| NVIDIA-SMI 570.169                Driver Version: 570.169        CUDA Version: 12.8     |
|-----------------------------------------+------------------------+----------------------+
| GPU  Name                 Persistence-M | Bus-Id          Disp.A | Volatile Uncorr. ECC |
| Fan  Temp   Perf          Pwr:Usage/Cap |           Memory-Usage | GPU-Util  Compute M. |
|                                         |                        |               MIG M. |
|=========================================+========================+======================|
|   0  NVIDIA TITAN RTX               On  |   00000000:1B:00.0 Off |                  N/A |
| 41%   47C    P8             11W /  280W |       1MiB /  24576MiB |      0%      Default |
|                                         |                        |                  N/A |
+-----------------------------------------+------------------------+----------------------+
                                                                                         
+-----------------------------------------------------------------------------------------+
| Processes:                                                                              |
|  GPU   GI   CI              PID   Type   Process name                        GPU Memory |
|        ID   ID                                                               Usage      |
|=========================================================================================|
|  No running processes found                                                             |
+-----------------------------------------------------------------------------------------+
Job ID: 19921
Running on node: gal-gpu1.charlotte.edu
Starting time: Wed Apr 29 12:54:08 PM EDT 2026
Working directory: /users/amorga94/final_project
no change     /users/amorga94/miniconda3/condabin/conda
no change     /users/amorga94/miniconda3/bin/conda
no change     /users/amorga94/miniconda3/bin/conda-env
no change     /users/amorga94/miniconda3/bin/activate
no change     /users/amorga94/miniconda3/bin/deactivate
no change     /users/amorga94/miniconda3/etc/profile.d/conda.sh
no change     /users/amorga94/miniconda3/etc/fish/conf.d/conda.fish
no change     /users/amorga94/miniconda3/shell/condabin/Conda.psm1
no change     /users/amorga94/miniconda3/shell/condabin/conda-hook.ps1
no change     /users/amorga94/miniconda3/lib/python3.13/site-packages/xontrib/conda.xsh
no change     /users/amorga94/miniconda3/etc/profile.d/conda.csh
no change     /users/amorga94/.bashrc
No action taken.
Total dataset size: 746
Training dataset size: 596
Evaluation dataset size: 150
Settings: FPS: 0.5, train vision model: True, train only LM head: False
Generated sample at index 222
Number of frames in the debug video: 5
Using device: cuda
Number of trainable params: 2127532032
Number of trainable params in LoRA adapted model: 2392064
Generated sample at index 198
Generated sample at index 298
Generated sample at index 84
Total token count: 1849
Generated sample at index 169
Generated sample at index 567
Total token count: 1403
Generated sample at index 149
Generated sample at index 672
Total token count: 2728
Generated sample at index 468
Generated sample at index 344
Total token count: 1404
Generated sample at index 376
Generated sample at index 556
Total token count: 1405
Generated sample at index 295
Generated sample at index 94
Total token count: 956
Generated sample at index 385
Generated sample at index 387
Total token count: 1842
Generated sample at index 231
Generated sample at index 582
Total token count: 1842
Generated sample at index 286
Generated sample at index 234
Total token count: 1398
Generated sample at index 589
Generated sample at index 48
Total token count: 1404
Generated sample at index 584
Generated sample at index 194
Total token count: 953
Generated sample at index 202
Generated sample at index 220
Total token count: 1402
Generated sample at index 257
Generated sample at index 438
Total token count: 2727
Generated sample at index 398
Generated sample at index 130
Total token count: 1401
Generated sample at index 296
Generated sample at index 66
Total token count: 950
Generated sample at index 173
Generated sample at index 287
Total token count: 2728
Generated sample at index 645
Generated sample at index 28
Total token count: 1403
Generated sample at index 210
Generated sample at index 685
Total token count: 1840
Generated sample at index 5
Generated sample at index 547
Total token count: 1845
Generated sample at index 625
Generated sample at index 532
Total token count: 1403
Generated sample at index 101
Generated sample at index 710
Total token count: 1833
Generated sample at index 686
Generated sample at index 581
Total token count: 1852
Generated sample at index 99
Generated sample at index 253
Total token count: 2289
Generated sample at index 337
Generated sample at index 44
Total token count: 2302
Generated sample at index 123
Generated sample at index 479
Total token count: 1858
Generated sample at index 630
Generated sample at index 537
Total token count: 1844
Generated sample at index 203
Generated sample at index 739
Total token count: 948
Generated sample at index 279
Generated sample at index 663
Total token count: 2286
Generated sample at index 427
Generated sample at index 572
Total token count: 1402
Generated sample at index 439
Generated sample at index 215
Total token count: 1841
Generated sample at index 319
Generated sample at index 47
Total token count: 2731
Generated sample at index 9
Generated sample at index 391
Total token count: 965
Generated sample at index 666
Generated sample at index 568
Total token count: 1385
Generated sample at index 327
Generated sample at index 129
Total token count: 953
Generated sample at index 100
Generated sample at index 559
Total token count: 1407
Generated sample at index 477
Generated sample at index 613
Total token count: 2288
Generated sample at index 658
Generated sample at index 183
Total token count: 1842
Generated sample at index 145
Generated sample at index 7
Total token count: 1407
Generated sample at index 293
Generated sample at index 52
Total token count: 2285
Generated sample at index 627
Generated sample at index 358
Total token count: 1851
Generated sample at index 637
Generated sample at index 577
Total token count: 1403
Generated sample at index 301
Generated sample at index 98
Total token count: 2283
Generated sample at index 341
Generated sample at index 32
Total token count: 1402
Generated sample at index 284
Generated sample at index 176
Total token count: 1405
Generated sample at index 139
Generated sample at index 310
Total token count: 950
Generated sample at index 366
Generated sample at index 351
Total token count: 1853
Generated sample at index 6
Generated sample at index 328
Total token count: 1404
Generated sample at index 440
Generated sample at index 602
Total token count: 1387
Generated sample at index 616
Generated sample at index 269
Total token count: 1383
Generated sample at index 437
Generated sample at index 515
Total token count: 948
Generated sample at index 722
Generated sample at index 493
Total token count: 947
Generated sample at index 673
Generated sample at index 472
Total token count: 1406
Generated sample at index 620
Generated sample at index 716
Total token count: 1384
Generated sample at index 682
Generated sample at index 469
Total token count: 2285
Generated sample at index 445
Generated sample at index 563
Total token count: 1401
Generated sample at index 717
Generated sample at index 621
Total token count: 2725
Generated sample at index 578
Generated sample at index 78
Total token count: 1397
Generated sample at index 592
Generated sample at index 119
Total token count: 1404
Generated sample at index 528
Generated sample at index 449
Total token count: 1846
Generated sample at index 43
Generated sample at index 318
Total token count: 2288
Generated sample at index 711
Generated sample at index 476
Total token count: 1406
Generated sample at index 190
Generated sample at index 8
Total token count: 1401
Generated sample at index 382
Generated sample at index 692
Total token count: 1407
Generated sample at index 388
Generated sample at index 379
Total token count: 1848
Generated sample at index 553
Generated sample at index 76
Total token count: 1852
Generated sample at index 325
Generated sample at index 455
Total token count: 1842
Generated sample at index 252
Generated sample at index 110
Total token count: 1385
Generated sample at index 726
Generated sample at index 514
Total token count: 1402
Generated sample at index 646
Generated sample at index 444
Total token count: 1834
Generated sample at index 54
Generated sample at index 674
Total token count: 3175
Generated sample at index 280
Generated sample at index 10
Total token count: 2285
Generated sample at index 566
Generated sample at index 355
Total token count: 2283
Generated sample at index 172
Generated sample at index 442
Total token count: 950
Generated sample at index 13
Generated sample at index 151
Total token count: 2284
Generated sample at index 677
Generated sample at index 573
Total token count: 949
Computing metrics on evaluation batch...
{'eval_loss': '23.44', 'eval_token_accuracy': '0', 'eval_runtime': '151.4', 'eval_samples_per_second': '0.991', 'eval_steps_per_second': '0.496', 'eval_entropy': '1.307', 'eval_num_tokens': '0', 'eval_mean_token_accuracy': '0.03094', 'epoch': 0}
Generated sample at index 296

Ground truth description for sample 28:
Good bodyline serve, Federer returns a forehand into the net.

Model output:
In this tennis clip, Roger Federer is serving the ball to Juan Martin Del Potro. Federer serves the ball with his right hand, and Del Potro is ready to receive it. Del Potro is positioned on the right side of the court, and he prepares to return the serve. The ball is in the air, and Del Potro is focused on the ball. Federer's serve is powerful and accurate, and Del Potro is able to return the ball with a strong shot. The point is won by Del Potro, and the score is now 15-0.

ROUGE score: {'rouge1': np.float64(0.07476635514018691), 'rouge2': np.float64(0.0), 'rougeL': np.float64(0.07476635514018691), 'rougeLsum': np.float64(0.07476635514018691)}
Generated sample at index 468

Ground truth description for sample 6:
Cannon serve is an ace.

Model output:
The tennis clip captures a crucial moment in a match between Jo-Wilfried Tsonga and Novak Djokovic, with the score at Deuce. The players are on a grass court, and the game is at a critical juncture. Djokovic, in his white shirt, is seen in a dynamic position, preparing to return a serve. Tsonga, in his blue attire, is positioned near the net, ready to respond. The moment is tense, as both players are focused on the ball. Djokovic's serve is powerful, and Tsonga is forced to move quickly to return it. The ball is in the air, and Djokovic's shot is powerful, but Tsonga manages to return it with a strong serve, forcing Djokovic to respond. The ball is then hit back, and Djokovic is able to return it with a well-placed shot. The point is won by Djokovic, who successfully returns the serve. The final score is 4-3 in favor of Djokovic. The clip captures the intensity and skill of the players, as well as the importance of each point in the match.

ROUGE score: {'rouge1': np.float64(0.02173913043478261), 'rouge2': np.float64(0.010989010989010988), 'rougeL': np.float64(0.02173913043478261), 'rougeLsum': np.float64(0.02173913043478261)}
Generated sample at index 477

Ground truth description for sample 70:
Slice serve aimed in the middle, Djokovic returns a backhand return, Tsonga sprays a cross-court forehand wide of the court.

Model output:
The tennis clip captures a point during a match between Jo-Wilfried Tsonga and Novak Djokovic. The score is 40-A, indicating that the score is 40-0 in favor of the player on the right side of the court, who is Novak Djokovic. The match is taking place on a grass court, and the players are both in full athletic attire, with Djokovic wearing a white shirt and blue shorts, and Tsonga in a blue shirt and shorts.

The sequence begins with Djokovic serving the ball. He is positioned at the back of the court, preparing to serve. Tsonga is positioned at the front of the court, ready to receive the serve. The ball is tossed up and the serve is executed, with Djokovic’s racket making contact with the ball. The ball travels across the net, and Tsonga is seen preparing to return the serve.

The ball is then returned by Tsonga, who hits the ball with a powerful swing, sending it back across the net. Djokovic is seen reacting to the return, adjusting his stance and preparing to return the ball. The ball is then returned by Djokovic, who hits it with a strong shot, sending it back across the net

ROUGE score: {'rouge1': np.float64(0.10666666666666666), 'rouge2': np.float64(0.017937219730941704), 'rougeL': np.float64(0.08888888888888888), 'rougeLsum': np.float64(0.08888888888888888)}
Generated sample at index 9

Ground truth description for sample 62:
Federer arrows a good out wide, Delpotro is unable to return it over the net.

Model output:
In this tennis clip, Roger Federer and Juan Martin Del Potro are engaged in a point during a match. The scene is set on a grass court, with a scoreboard indicating the score as 58 km/h, suggesting a high-speed rally. Federer is seen preparing to serve, while Del Potro stands ready on the opposite side of the net. The camera captures a close-up of the net, where a tennis ball is seen bouncing, indicating the beginning of the point. Federer takes a powerful serve, and the ball travels across the net, prompting Del Potro to return the ball. The rally continues, with both players displaying strong athleticism and skill. The ball is then returned by Del Potro, and Federer responds with a powerful shot, sending the ball back across the net. The rally concludes with Federer winning the point, as he successfully returns the ball to the opponent's side. The crowd watches intently, anticipating the next move. The point ends with Federer winning, and the score is now 58 km/h. The clip captures the intensity and excitement of the match, showcasing the players' skill and determination.

ROUGE score: {'rouge1': np.float64(0.06796116504854369), 'rouge2': np.float64(0.0196078431372549), 'rougeL': np.float64(0.06796116504854369), 'rougeLsum': np.float64(0.06796116504854369)}
Generated sample at index 572

Ground truth description for sample 57:
Williams a good serve, Sharapova is unable to return it.

Model output:
In the tennis clip, Serena Williams is seen on the court, preparing to serve. She holds her racket and looks focused as she positions herself. The crowd is visible in the background, watching intently. The camera then pans to show the net and the other player, Maria Sharapova, who is positioned on the opposite side of the court. Serena Williams serves the ball, and it is returned by Maria Sharapova. The ball is then returned by Serena Williams, who is seen in the background. The point is won by Serena Williams, and the score is now 30-0. The players continue to rally and return the ball, with the score changing to 30-1. The final point is won by Serena Williams, and the score is now 30-1.

ROUGE score: {'rouge1': np.float64(0.10071942446043167), 'rouge2': np.float64(0.0), 'rougeL': np.float64(0.08633093525179857), 'rougeLsum': np.float64(0.08633093525179857)}
Generated sample at index 685

Ground truth description for sample 35:
Gigantic serve in the corner is an ace.

Model output:
In the tennis clip, the game is at Deuce, meaning both players have the same number of points. The player on the left, Victoria Azarenka, is seen preparing to serve. She is wearing a white top, green skirt, and a green headband. The player on the right, Serena Williams, is in a similar outfit, also wearing a white top and green skirt. The net is clearly visible, and the Olympic rings are displayed on the net, indicating that this is a competitive match.

As the serve begins, Azarenka tosses the ball into the air and hits the ball with her racket. The ball travels across the net and lands on the other side. Serena Williams then moves quickly to return the ball, using her racket to hit it back. The ball is then returned to Azarenka, who is now in a position to attack the return. The ball is then returned to Serena Williams, who is now in a position to attack the return. The ball is then returned to Azarenka, who is now in a position to attack the return. The ball is then returned to Serena Williams, who is now in a position to attack the return. The ball is then returned to Azarenka, who is now in a position to

ROUGE score: {'rouge1': np.float64(0.03619909502262443), 'rouge2': np.float64(0.0091324200913242), 'rougeL': np.float64(0.03619909502262443), 'rougeLsum': np.float64(0.03619909502262443)}
Generated sample at index 398

Ground truth description for sample 26:
Zvonareva aims a high kick serve, Williams works a backhand return, rally, Serena sends a backhand into the net.

Model output:
In this tennis clip, Serena Williams and Vera Zvonareva are competing in a match on a grass court. The score is 30-0, indicating that Serena Williams is leading the game. The players are in the middle of a point, with Serena Williams preparing to serve. She takes a few steps back, then swings her racket to hit the ball. The ball is served over the net, and the point begins. Vera Zvonareva is on the other side of the net, ready to return the serve. The ball is hit back over the net, and Serena Williams is able to return the ball with a powerful shot. The point ends with Serena Williams winning the point, increasing her lead to 30-0. The players continue to play the game, with the score remaining at 30-0.

ROUGE score: {'rouge1': np.float64(0.12903225806451613), 'rouge2': np.float64(0.013071895424836602), 'rougeL': np.float64(0.1032258064516129), 'rougeLsum': np.float64(0.1032258064516129)}
Generated sample at index 674

Ground truth description for sample 139:
Williams arrows a bodyline serve, Azarenka works a backhand return, extended rally, Serena comes to net, attempts a forehand volley but fails to make it over the net.

Model output:
The video captures a point during a women's tennis match between Victoria Azarenka and Serena Williams. The match is taking place on a grass court, which is a common venue for the Wimbledon Championships, a prestigious tennis tournament. The court is marked with white lines and the net is clearly visible with the Olympic rings on it, indicating the event's significance.

The sequence begins with Serena Williams on the right side of the court, preparing to serve. She is in a ready stance, holding her racket high above her head, and is about to hit the ball. Her opponent, Victoria Azarenka, is positioned on the opposite side of the net, ready to receive the serve. Azarenka is wearing a green outfit, while Williams is dressed in a dark blue and red outfit.

As the serve is hit, Williams is seen returning the ball with a powerful backhand. The ball is struck with precision, and it travels across the net, landing on the other side. Azarenka responds by returning the ball with a forehand, but it is not as accurate, and the ball bounces off the net. Williams then moves to the right side of the court to retrieve the ball, and she hits a powerful backhand to return the point.

The ball is then hit

ROUGE score: {'rouge1': np.float64(0.13877551020408163), 'rouge2': np.float64(0.024691358024691357), 'rougeL': np.float64(0.10612244897959185), 'rougeLsum': np.float64(0.1142857142857143)}
Generated sample at index 202

Ground truth description for sample 22:
Delpotro hits a bodyline serve, Federer hits a backhand return, brief rally, Federer backhand hits the net in the middle.

Model output:
In this tennis clip, Roger Federer and Juan Martin Del Potro are competing in a match on a grass court. The video begins with Federer, dressed in a red shirt and white shorts, standing on the baseline. He is facing the net, preparing to return a serve. The ball is in the air, and Del Potro is positioned on the opposite side of the court, ready to receive.

Del Potro serves the ball, and Federer responds with a powerful forehand. The ball is hit with great force, and it lands on the opposite side of the court. Federer then returns the ball with a well-placed backhand, sending it over the net. The ball lands on the other side of the court, and Del Potro is seen preparing to return it.

The ball is then returned by Federer, and Del Potro is seen moving to the baseline to prepare for the next point. Federer is seen preparing to return the ball with a forehand, but the ball is not returned. The ball is then hit back to Federer, and he is seen returning it with a powerful forehand. The ball lands on the other side of the court, and Del Potro is seen preparing to return it.

The ball is then returned

ROUGE score: {'rouge1': np.float64(0.09482758620689655), 'rouge2': np.float64(0.01739130434782609), 'rougeL': np.float64(0.07758620689655173), 'rougeLsum': np.float64(0.07758620689655173)}
Generated sample at index 445

Ground truth description for sample 108:
High kick serve, Tsonga returns a quick backhand return, Djokovic kicks a backhand down the line out of the court.

Model output:
The clip captures a moment during a tennis match between Jo-Wilfried Tsonga and Novak Djokovic. The score is 40-15, indicating that Tsonga is leading in the game. The scene begins with Tsonga preparing to serve, standing on the court with a focused expression. He is dressed in a white shirt and blue shorts, and his posture suggests he is ready to make a powerful serve. 

The camera then shifts to show Djokovic, who is positioned on the opposite side of the net, preparing to receive the serve. Djokovic is wearing a blue shirt and white shorts, and he is in a ready stance, anticipating the serve. The net is clearly visible, with the Olympic rings logo on it, suggesting the match is part of a larger tournament.

As the serve is delivered, Djokovic is seen reacting to the ball, likely attempting to return it. The ball is in motion, and the players are engaged in a dynamic exchange. The score is 40-15, and the game is in progress. The players are focused, and the intensity of the match is evident.

The clip captures the moment of the serve and the subsequent return, highlighting the competitive nature of the match. The players' actions

ROUGE score: {'rouge1': np.float64(0.08888888888888888), 'rouge2': np.float64(0.017937219730941704), 'rougeL': np.float64(0.06222222222222222), 'rougeLsum': np.float64(0.08888888888888888)}
Average ROUGE score: {'rouge1': np.float64(0.08595760801376193), 'rouge2': np.float64(0.013075827147682757), 'rougeL': np.float64(0.07250422543368037), 'rougeLsum': np.float64(0.0759872186309593)}
Generated sample at index 314
Total token count: 1401
Generated sample at index 20
Total token count: 949
Generated sample at index 291
Total token count: 963
Generated sample at index 272
Total token count: 2287
Generated sample at index 486
Total token count: 2287
Generated sample at index 34
Total token count: 1839
Generated sample at index 375
Total token count: 1399
Generated sample at index 346
Total token count: 1406
Generated sample at index 18
Total token count: 1845
Emptied CUDA cache
{'loss': '23.4', 'grad_norm': 'nan', 'learning_rate': '0.0001', 'entropy': '1.316', 'num_tokens': '1.253e+04', 'mean_token_accuracy': '0.0309', 'epoch': '0.01342'}
Generated sample at index 35
Total token count: 4498
Generated sample at index 127
Total token count: 938
Generated sample at index 31
Total token count: 952
Generated sample at index 159
Total token count: 948
Generated sample at index 484
Total token count: 1403
Generated sample at index 102
Total token count: 2729
Generated sample at index 535
Total token count: 1399
Generated sample at index 174
Total token count: 1851
Emptied CUDA cache
{'loss': '23.35', 'grad_norm': 'nan', 'learning_rate': '0.0001', 'entropy': '1.315', 'num_tokens': '2.724e+04', 'mean_token_accuracy': '0.03019', 'epoch': '0.02685'}
Generated sample at index 525
Total token count: 1851
Generated sample at index 128
Total token count: 946
Generated sample at index 332
Total token count: 1845
Generated sample at index 561
Total token count: 2288
Generated sample at index 517
Total token count: 1404
Generated sample at index 170
Total token count: 1409
Generated sample at index 166
Total token count: 1405
Generated sample at index 665
Total token count: 942
Emptied CUDA cache
{'loss': '23.56', 'grad_norm': 'nan', 'learning_rate': '0.0001', 'entropy': '1.299', 'num_tokens': '4.024e+04', 'mean_token_accuracy': '0.03053', 'epoch': '0.04027'}
Generated sample at index 140
Total token count: 1395
Generated sample at index 70
Total token count: 2723
Generated sample at index 266
Total token count: 937
Generated sample at index 417
Total token count: 1394
Generated sample at index 109
Total token count: 948
Generated sample at index 228
Total token count: 958
Generated sample at index 659
Total token count: 936
Generated sample at index 39
Total token count: 938
Emptied CUDA cache
{'loss': '23.49', 'grad_norm': '27.85', 'learning_rate': '0.0001', 'entropy': '1.318', 'num_tokens': '5.048e+04', 'mean_token_accuracy': '0.032', 'epoch': '0.05369'}
Generated sample at index 233
Total token count: 1405
Generated sample at index 258
Total token count: 954
Generated sample at index 302
Total token count: 1392
Generated sample at index 482
Total token count: 950
Generated sample at index 45
Total token count: 3176
Generated sample at index 330
Total token count: 1397
Generated sample at index 615
Total token count: 941
Generated sample at index 371
Total token count: 1850
Emptied CUDA cache
{'loss': '23.15', 'grad_norm': 'nan', 'learning_rate': '0.0001', 'entropy': '1.385', 'num_tokens': '6.163e+04', 'mean_token_accuracy': '0.0316', 'epoch': '0.06711'}
Generated sample at index 431
Total token count: 1835
Generated sample at index 236
Total token count: 1855
Generated sample at index 433
Total token count: 1844
Generated sample at index 695
Total token count: 1409
Generated sample at index 610
Total token count: 1835
Generated sample at index 389
Total token count: 961
Generated sample at index 324
Total token count: 1409
Generated sample at index 274
Total token count: 2285
Emptied CUDA cache
{'loss': '23.21', 'grad_norm': '15.76', 'learning_rate': '0.0001', 'entropy': '1.353', 'num_tokens': '7.463e+04', 'mean_token_accuracy': '0.0309', 'epoch': '0.08054'}
Generated sample at index 204
Total token count: 1398
Generated sample at index 688
Total token count: 941
Generated sample at index 574
Total token count: 945
Generated sample at index 422
Total token count: 951
Generated sample at index 633
Total token count: 1402
Generated sample at index 108
Total token count: 943
Generated sample at index 321
Total token count: 949
Generated sample at index 144
Total token count: 1844
Emptied CUDA cache
{'loss': '22.67', 'grad_norm': 'nan', 'learning_rate': '9.998e-05', 'entropy': '1.43', 'num_tokens': '8.444e+04', 'mean_token_accuracy': '0.03203', 'epoch': '0.09396'}
Generated sample at index 720
Total token count: 941
Generated sample at index 261
Total token count: 2290
Generated sample at index 68
Total token count: 3167
Generated sample at index 675
Total token count: 1399
Generated sample at index 586
Total token count: 944
Generated sample at index 393
Total token count: 946
Generated sample at index 53
Total token count: 943
Generated sample at index 560
Total token count: 962
Emptied CUDA cache
{'loss': '22.75', 'grad_norm': '26.49', 'learning_rate': '9.998e-05', 'entropy': '1.445', 'num_tokens': '9.691e+04', 'mean_token_accuracy': '0.03082', 'epoch': '0.1074'}
Generated sample at index 738
Total token count: 942
Generated sample at index 558
Total token count: 2734
Generated sample at index 323
Total token count: 954
Generated sample at index 704
Total token count: 944
Generated sample at index 485
Total token count: 945
Generated sample at index 623
Total token count: 1397
Generated sample at index 600
Total token count: 936
Generated sample at index 90
Total token count: 948
Emptied CUDA cache
{'loss': '22.16', 'grad_norm': '16.92', 'learning_rate': '9.996e-05', 'entropy': '1.519', 'num_tokens': '1.067e+05', 'mean_token_accuracy': '0.03378', 'epoch': '0.1208'}
Generated sample at index 118
Total token count: 2300
Generated sample at index 352
Total token count: 940
Generated sample at index 661
Total token count: 1401
Generated sample at index 158
Total token count: 1404
Generated sample at index 707
Total token count: 1386
Generated sample at index 57
Total token count: 1850
Generated sample at index 304
Total token count: 945
Generated sample at index 461
Total token count: 1409
Emptied CUDA cache
{'loss': '21.94', 'grad_norm': '16.67', 'learning_rate': '9.992e-05', 'entropy': '1.577', 'num_tokens': '1.179e+05', 'mean_token_accuracy': '0.03026', 'epoch': '0.1342'}
Generated sample at index 298
Generated sample at index 84
Total token count: 1849
Generated sample at index 169
Generated sample at index 567
Total token count: 1403
Generated sample at index 149
Generated sample at index 672
Total token count: 2728
Generated sample at index 468
Generated sample at index 344
Total token count: 1404
Generated sample at index 376
Generated sample at index 556
Total token count: 1405
Generated sample at index 295
Generated sample at index 94
Total token count: 956
Generated sample at index 385
Generated sample at index 387
Total token count: 1842
Generated sample at index 231
Generated sample at index 582
Total token count: 1842
Generated sample at index 286
Generated sample at index 234
Total token count: 1398
Generated sample at index 589
Generated sample at index 48
Total token count: 1404
Generated sample at index 584
Generated sample at index 194
Total token count: 953
Generated sample at index 202
Generated sample at index 220
Total token count: 1402
Generated sample at index 257
Generated sample at index 438
Total token count: 2727
Generated sample at index 398
Generated sample at index 130
Total token count: 1401
Generated sample at index 296
Generated sample at index 66
Total token count: 950
Generated sample at index 173
Generated sample at index 287
Total token count: 2728
Generated sample at index 645
Generated sample at index 28
Total token count: 1403
Generated sample at index 210
Generated sample at index 685
Total token count: 1840
Generated sample at index 5
Generated sample at index 547
Total token count: 1845
Generated sample at index 625
Generated sample at index 532
Total token count: 1403
Generated sample at index 101
Generated sample at index 710
Total token count: 1833
Generated sample at index 686
Generated sample at index 581
Total token count: 1852
Generated sample at index 99
Generated sample at index 253
Total token count: 2289
Generated sample at index 337
Generated sample at index 44
Total token count: 2302
Generated sample at index 123
Generated sample at index 479
Total token count: 1858
Generated sample at index 630
Generated sample at index 537
Total token count: 1844
Generated sample at index 203
Generated sample at index 739
Total token count: 948
Generated sample at index 279
Generated sample at index 663
Total token count: 2286
Generated sample at index 427
Generated sample at index 572
Total token count: 1402
Generated sample at index 439
Generated sample at index 215
Total token count: 1841
Generated sample at index 319
Generated sample at index 47
Total token count: 2731
Generated sample at index 9
Generated sample at index 391
Total token count: 965
Generated sample at index 666
Generated sample at index 568
Total token count: 1385
Generated sample at index 327
Generated sample at index 129
Total token count: 953
Generated sample at index 100
Generated sample at index 559
Total token count: 1407
Generated sample at index 477
Generated sample at index 613
Total token count: 2288
Generated sample at index 658
Generated sample at index 183
Total token count: 1842
Generated sample at index 145
Generated sample at index 7
Total token count: 1407
Generated sample at index 293
Generated sample at index 52
Total token count: 2285
Generated sample at index 627
Generated sample at index 358
Total token count: 1851
Generated sample at index 637
Generated sample at index 577
Total token count: 1403
Generated sample at index 301
Generated sample at index 98
Total token count: 2283
Generated sample at index 341
Generated sample at index 32
Total token count: 1402
Generated sample at index 284
Generated sample at index 176
Total token count: 1405
Generated sample at index 139
Generated sample at index 310
Total token count: 950
Generated sample at index 366
Generated sample at index 351
Total token count: 1853
Generated sample at index 6
Generated sample at index 328
Total token count: 1404
Generated sample at index 440
Generated sample at index 602
Total token count: 1387
Generated sample at index 616
Generated sample at index 269
Total token count: 1383
Generated sample at index 437
Generated sample at index 515
Total token count: 948
Generated sample at index 722
Generated sample at index 493
Total token count: 947
Generated sample at index 673
Generated sample at index 472
Total token count: 1406
Generated sample at index 620
Generated sample at index 716
Total token count: 1384
Generated sample at index 682
Generated sample at index 469
Total token count: 2285
Generated sample at index 445
Generated sample at index 563
Total token count: 1401
Generated sample at index 717
Generated sample at index 621
Total token count: 2725
Generated sample at index 578
Generated sample at index 78
Total token count: 1397
Generated sample at index 592
Generated sample at index 119
Total token count: 1404
Generated sample at index 528
Generated sample at index 449
Total token count: 1846
Generated sample at index 43
Generated sample at index 318
Total token count: 2288
Generated sample at index 711
Generated sample at index 476
Total token count: 1406
Generated sample at index 190
Generated sample at index 8
Total token count: 1401
Generated sample at index 382
Generated sample at index 692
Total token count: 1407
Generated sample at index 388
Generated sample at index 379
Total token count: 1848
Generated sample at index 553
Generated sample at index 76
Total token count: 1852
Generated sample at index 325
Generated sample at index 455
Total token count: 1842
Generated sample at index 252
Generated sample at index 110
Total token count: 1385
Generated sample at index 726
Generated sample at index 514
Total token count: 1402
Generated sample at index 646
Generated sample at index 444
Total token count: 1834
Generated sample at index 54
Generated sample at index 674
Total token count: 3175
Generated sample at index 280
Generated sample at index 10
Total token count: 2285
Generated sample at index 566
Generated sample at index 355
Total token count: 2283
Generated sample at index 172
Generated sample at index 442
Total token count: 950
Generated sample at index 13
Generated sample at index 151
Total token count: 2284
Generated sample at index 677
Generated sample at index 573
Total token count: 949
Computing metrics on evaluation batch...
{'eval_loss': '21.53', 'eval_token_accuracy': '4.786e-06', 'eval_runtime': '147.7', 'eval_samples_per_second': '1.015', 'eval_steps_per_second': '0.508', 'eval_entropy': '1.66', 'eval_num_tokens': '1.179e+05', 'eval_mean_token_accuracy': '0.03086', 'epoch': '0.1342'}
Generated sample at index 376

Ground truth description for sample 8:
Great serve down the T is an ace.

Model output:
In this tennis clip, Serena Williams and Vera Zvonareva are competing in a match on a grass court. The players are engaged in a point, with Serena Williams preparing to serve the ball. She tosses the ball into the air and strikes it with her racket, sending it over the net. The ball lands on the opposite side of the court, and Serena Williams immediately begins to move to the next point. Vera Zvonareva, on the other side of the net, is ready to return the serve. The point is won by Serena Williams, as she successfully returns the ball to the court. The players continue to play, with Serena Williams maintaining her advantage. The match continues with both players demonstrating their skills and strategies.

ROUGE score: {'rouge1': np.float64(0.04511278195488722), 'rouge2': np.float64(0.0), 'rougeL': np.float64(0.04511278195488722), 'rougeLsum': np.float64(0.04511278195488722)}
Generated sample at index 344

Ground truth description for sample 7:
Quick serve, Federer returns a quick backhand return, couple of shots exchanged, Delpotro backhand volley goes into the net.

Model output:
The tennis clip shows a point between Roger Federer and Juan Martin Del Potro during a match at the Wimbledon Championships. The score is tied at 15-15. Federer is on the left side of the court, and Del Potro is on the right side. Federer is in a ready position, holding his racket and preparing to serve. He tosses the ball into the air and hits a powerful serve, sending the ball into the air. Del Potro, anticipating the serve, quickly moves to the right side of the court and returns the ball with a strong shot. The ball is hit with great force and travels towards the net. Federer, anticipating the return, moves quickly and hits a powerful backhand shot, sending the ball over the net. The ball lands in the opponent's court, and the point is won by Federer. The crowd erupts in cheers, and the players celebrate the successful point. The match continues with the players playing with great skill and precision.

ROUGE score: {'rouge1': np.float64(0.10752688172043011), 'rouge2': np.float64(0.021739130434782608), 'rougeL': np.float64(0.07526881720430106), 'rougeLsum': np.float64(0.07526881720430106)}
Generated sample at index 220

Ground truth description for sample 23:
Federer serves an ace wide.

Model output:
In this tennis clip, the players are engaged in a point during a match. The player in the red shirt, who is Roger Federer, is seen on the court, preparing to serve. The player in the blue shirt, Juan Martin Del Potro, is positioned on the opposite side of the net, ready to receive the serve. The scene captures the moment just before the serve is executed, with Federer in a ready stance, and Del Potro standing attentively. The court is marked with the Olympic rings, indicating that this match is part of a larger tournament. The players are focused and competitive, reflecting the high stakes of the match. The clip highlights the intensity and precision required in a tennis match, showcasing the players' skills and the dynamic nature of the sport.

ROUGE score: {'rouge1': np.float64(0.014598540145985403), 'rouge2': np.float64(0.0), 'rougeL': np.float64(0.014598540145985403), 'rougeLsum': np.float64(0.014598540145985403)}
Generated sample at index 663

Ground truth description for sample 55:
Williams arrows a good serve at T, Azarenka is unable to return it.

Model output:
In this tennis clip, the point is being played on a grass court, with a scoreboard indicating a score of 30-15, which is a deuce point, suggesting the game is in the final moments of a set. The players, Victoria Azarenka and Serena Williams, are both in their athletic attire, with Azarenka wearing a dark outfit and Williams in a white top and green shorts. The court is surrounded by spectators, and the net has the Olympic rings logo, indicating the event is part of the Olympic Games.

The sequence begins with Azarenka preparing to serve, holding her racket and ball. She then serves the ball with a powerful swing, sending it across the net. Williams, in response, is in a ready stance, anticipating the serve. As the ball approaches, she moves swiftly to return it with a well-placed forehand, but the ball appears to be slightly off-target, leading to a miss. The ball lands just short of the baseline, and Williams is unable to return it effectively.

The point ends with Williams failing to return the ball, and Azarenka capitalizing on the opportunity to win the point. The camera captures the final moments of the point, highlighting the intensity of the match. The scoreboard updates to

ROUGE score: {'rouge1': np.float64(0.08071748878923767), 'rouge2': np.float64(0.03619909502262443), 'rougeL': np.float64(0.07174887892376683), 'rougeLsum': np.float64(0.08071748878923767)}
Generated sample at index 215

Ground truth description for sample 59:
Good serve aimed at T, Federer miss-hits a backhand wide of the court.

Model output:
The clip begins with a close-up of a tennis player, likely Roger Federer, wearing a light blue shirt and a white headband. He appears focused and determined, suggesting he is preparing for a crucial moment in the match. The scene then transitions to a wide shot of the tennis court, where the players are positioned at the baseline. The player in the blue shirt is on the left side of the court, while the player in the red shirt is on the right. The player in the blue shirt is seen running towards the net, preparing to return a serve. The player in the red shirt is positioned near the net, ready to receive the serve.

The player in the blue shirt hits the ball with a powerful forehand, sending it towards the opponent. The player in the red shirt is seen reacting to the shot, moving quickly to return the ball. The ball is seen in mid-air, traveling towards the opponent's side of the court. The player in the blue shirt is seen in motion, running towards the net to return the ball. The player in the red shirt is seen in the process of returning the ball, moving quickly to cover the court.

The player in the blue shirt hits the ball with a powerful forehand, sending it towards the opponent. The

ROUGE score: {'rouge1': np.float64(0.07468879668049794), 'rouge2': np.float64(0.016736401673640166), 'rougeL': np.float64(0.04979253112033195), 'rougeLsum': np.float64(0.058091286307053944)}
Generated sample at index 76

Ground truth description for sample 129:
Delpotro serves a good one, Federer puts back a backhand return, good rally, Delpotro hits a backhand cross-court but it lands long.

Model output:
The tennis clip captures a pivotal moment in a match between Roger Federer and Juan Martin Del Potro. The score is tied at 15-15, indicating that the players are in a tiebreak situation. The match is taking place on a grass court, and the players are both in full athletic attire, with Federer wearing a blue shirt and white shorts, and Del Potro in a red shirt and white shorts. 

The sequence begins with Federer preparing to serve, holding the ball and positioning his racket. He then serves the ball with a powerful motion, sending it over the net. Del Potro, positioned on the opposite side of the court, is ready to return the serve. He quickly moves to the ball's position and returns the serve with a well-timed shot, hitting the ball back into the court. 

The rally continues with both players displaying strong athletic skills and strategic play. Federer, focused and determined, responds to Del Potro's return with a well-placed shot. The ball is returned again, and the rally continues, with both players showcasing their skills and precision. The match is intense, with both players showing their competitive spirit and skill.

As the rally progresses, the players continue to exchange shots, with Federer maintaining

ROUGE score: {'rouge1': np.float64(0.08547008547008547), 'rouge2': np.float64(0.0), 'rougeL': np.float64(0.05128205128205128), 'rougeLsum': np.float64(0.06837606837606838)}
Generated sample at index 468

Ground truth description for sample 6:
Cannon serve is an ace.

Model output:
In the tennis clip, the score is at Deuce, indicating that both players have equal points. The player in the blue outfit, who is Novak Djokovic, is preparing to serve. The player in the white outfit, Jo-Wilfried Tsonga, is on the receiving end of the serve. Djokovic serves the ball, and Tsonga returns it. However, Djokovic is not able to return the ball properly, and the ball goes out of bounds. The point is then awarded to Djokovic, as he is the one who successfully returned the ball. The clip ends with Djokovic celebrating his point.

ROUGE score: {'rouge1': np.float64(0.0392156862745098), 'rouge2': np.float64(0.0), 'rougeL': np.float64(0.0392156862745098), 'rougeLsum': np.float64(0.0392156862745098)}
Generated sample at index 355

Ground truth description for sample 143:
Fine serve, Federer delivers a backhand return, good rally, Delpotro hits a forehand but it lands long.

Model output:
The tennis clip features a match between Roger Federer and Juan Martin Del Potro on a grass court. The players are both in full athletic attire, with Federer wearing a red shirt and white shorts, and Del Potro in a blue shirt and white shorts. The match is part of the London 2012 Olympics, as indicated by the branding on the court and the background.

The sequence begins with Federer preparing to serve. He is in a ready stance, holding his racket with both hands, and the ball is in the air, indicating that he has just served. The camera captures the serve from a side angle, showing the ball's trajectory as it travels over the net. 

The next moment shows Federer in motion, running towards the net to return the serve. The camera follows his movement, capturing his dynamic motion as he swings his racket to return the ball. The ball is then seen in the air, traveling towards the opposite side of the court, indicating a successful return.

The camera then shifts to show the opposing player, Del Potro, who is in a ready stance, preparing to receive the serve. The ball is seen in the air, traveling towards the net, and Del Potro is in a ready stance, anticipating the serve.

ROUGE score: {'rouge1': np.float64(0.05172413793103448), 'rouge2': np.float64(0.0), 'rougeL': np.float64(0.04310344827586207), 'rougeLsum': np.float64(0.05172413793103448)}
Generated sample at index 630

Ground truth description for sample 50:
Williams serves a high kick serve, Sharapova returns a forehand return, Serena fails to keep a cross-court backhand in the play.

Model output:
The tennis clip captures a point during a match between Serena Williams and Maria Sharapova, with the score at 0-15. The scene begins with Serena Williams, dressed in a red top and white skirt, positioned on the right side of the court, preparing to serve. She is holding her racket and is in a ready stance, indicating she is about to serve the ball. 

Maria Sharapova, wearing a dark outfit, is positioned on the left side of the court, preparing to receive the serve. She is also in a ready stance, anticipating the ball. The net is clearly visible, dividing the court into two halves. 

As the serve is initiated, Serena Williams tosses the ball into the air and swings her racket, aiming to hit the ball over the net. The ball travels through the air, and Maria Sharapova prepares to return the ball. 

The ball is hit by Maria Sharapova, and it lands on the court. Serena Williams reacts quickly, moving to the right side of the court to return the ball. However, the ball is not returned properly, and it lands on the ground. 

The ball lands on the ground, and Maria Sharapova, who was on the right side of the court, is seen

ROUGE score: {'rouge1': np.float64(0.10480349344978165), 'rouge2': np.float64(0.0), 'rougeL': np.float64(0.08733624454148471), 'rougeLsum': np.float64(0.08733624454148471)}
Generated sample at index 674

Ground truth description for sample 139:
Williams arrows a bodyline serve, Azarenka works a backhand return, extended rally, Serena comes to net, attempts a forehand volley but fails to make it over the net.

Model output:
The tennis clip captures a point in a women's doubles match between Victoria Azarenka and Serena Williams, with the score at 15-30. The players are on a grass court, and the match is part of a larger competition, possibly the Wimbledon Championships, as indicated by the presence of the Olympic rings on the net.

In the clip, Serena Williams is seen preparing to serve the ball. She is positioned on the right side of the court, with her racket raised and ready to strike. She then serves the ball, which travels over the net. Victoria Azarenka, on the opposite side, is in a ready stance, anticipating the return.

The ball is then returned by Azarenka, who hits it back towards Serena. Serena quickly responds, moving forward to return the ball with a powerful swing. The ball is then hit back again, and the rally continues. The players are engaged in a fast-paced rally, showcasing their skill and athleticism.

The point concludes with Serena Williams winning the point. She is seen celebrating with a triumphant expression, holding her racket aloft. The crowd in the background appears to be cheering, adding to the excitement of the match. The players' movements are fluid and precise, highlighting the intensity and competitive nature of the

ROUGE score: {'rouge1': np.float64(0.13278008298755187), 'rouge2': np.float64(0.01673640167364017), 'rougeL': np.float64(0.0912863070539419), 'rougeLsum': np.float64(0.09958506224066391)}
Average ROUGE score: {'rouge1': np.float64(0.07366379754040016), 'rouge2': np.float64(0.009141102880468738), 'rougeL': np.float64(0.05687452867771222), 'rougeLsum': np.float64(0.06200261137652265)}
Generated sample at index 372
Total token count: 1845
Generated sample at index 36
Total token count: 2731
Generated sample at index 403
Total token count: 1835
Generated sample at index 95
Total token count: 950
Generated sample at index 480
Total token count: 948
Generated sample at index 642
Total token count: 1375
Generated sample at index 179
Total token count: 1847
Generated sample at index 594
Total token count: 1395
Emptied CUDA cache
{'loss': '21.74', 'grad_norm': '35.9', 'learning_rate': '9.988e-05', 'entropy': '1.646', 'num_tokens': '1.308e+05', 'mean_token_accuracy': '0.02947', 'epoch': '0.1477'}
Generated sample at index 241
Total token count: 1843
Generated sample at index 465
Total token count: 957
Generated sample at index 640
Total token count: 1406
Generated sample at index 281
Total token count: 947
Generated sample at index 255
Total token count: 1851
Generated sample at index 684
Total token count: 1841
Generated sample at index 111
Total token count: 2732
Generated sample at index 154
Total token count: 953
Emptied CUDA cache
{'loss': '21.28', 'grad_norm': '18.92', 'learning_rate': '9.982e-05', 'entropy': '1.729', 'num_tokens': '1.438e+05', 'mean_token_accuracy': '0.03077', 'epoch': '0.1611'}
Generated sample at index 120
Total token count: 1398
Generated sample at index 342
Total token count: 945
Generated sample at index 19
Total token count: 4059
Generated sample at index 91
Total token count: 1400
Generated sample at index 481
Total token count: 1389
Generated sample at index 691
Total token count: 1400
Generated sample at index 196
Total token count: 1841
Generated sample at index 579
Total token count: 1399
Emptied CUDA cache
{'loss': '20.72', 'grad_norm': '14.62', 'learning_rate': '9.976e-05', 'entropy': '1.842', 'num_tokens': '1.572e+05', 'mean_token_accuracy': '0.03034', 'epoch': '0.1745'}
Generated sample at index 728
Total token count: 1394
Generated sample at index 632
Total token count: 1406
Generated sample at index 676
Total token count: 943
Generated sample at index 299
Total token count: 1407
Generated sample at index 650
Total token count: 943
Generated sample at index 148
Total token count: 1409
Generated sample at index 429
Total token count: 1847
Generated sample at index 605
Total token count: 947
Emptied CUDA cache
{'loss': '20.21', 'grad_norm': '14.5', 'learning_rate': '9.969e-05', 'entropy': '1.931', 'num_tokens': '1.679e+05', 'mean_token_accuracy': '0.03226', 'epoch': '0.1879'}
Generated sample at index 487
Total token count: 1857
Generated sample at index 520
Total token count: 950
Generated sample at index 735
Total token count: 2285
Generated sample at index 137
Total token count: 1841
Generated sample at index 565
Total token count: 948
Generated sample at index 415
Total token count: 1839
Generated sample at index 434
Total token count: 1399
Generated sample at index 471
Total token count: 953
Emptied CUDA cache
{'loss': '19.84', 'grad_norm': '16.74', 'learning_rate': '9.961e-05', 'entropy': '2.033', 'num_tokens': '1.8e+05', 'mean_token_accuracy': '0.03149', 'epoch': '0.2013'}
Generated sample at index 734
Total token count: 950
Generated sample at index 491
Total token count: 2293
Generated sample at index 162
Total token count: 1410
Generated sample at index 136
Total token count: 1390
Generated sample at index 478
Total token count: 958
Generated sample at index 71
Total token count: 942
Generated sample at index 668
Total token count: 1400
Generated sample at index 505
Total token count: 951
Emptied CUDA cache
{'loss': '19.53', 'grad_norm': '16.22', 'learning_rate': '9.951e-05', 'entropy': '2.113', 'num_tokens': '1.903e+05', 'mean_token_accuracy': '0.03411', 'epoch': '0.2148'}
Generated sample at index 374
Total token count: 941
Generated sample at index 3
Total token count: 2283
Generated sample at index 500
Total token count: 952
Generated sample at index 743
Total token count: 2282
Generated sample at index 219
Total token count: 947
Generated sample at index 705
Total token count: 935
Generated sample at index 345
Total token count: 1407
Generated sample at index 733
Total token count: 948
Emptied CUDA cache
{'loss': '18.96', 'grad_norm': '21.73', 'learning_rate': '9.941e-05', 'entropy': '2.233', 'num_tokens': '2.01e+05', 'mean_token_accuracy': '0.03279', 'epoch': '0.2282'}
Generated sample at index 588
Total token count: 1400
Generated sample at index 64
Total token count: 1405
Generated sample at index 359
Total token count: 1411
Generated sample at index 612
Total token count: 949
Generated sample at index 85
Total token count: 941
Generated sample at index 373
Total token count: 942
Generated sample at index 494
Total token count: 964
Generated sample at index 488
Total token count: 1412
Emptied CUDA cache
{'loss': '18.4', 'grad_norm': '16.85', 'learning_rate': '9.93e-05', 'entropy': '2.403', 'num_tokens': '2.1e+05', 'mean_token_accuracy': '0.03555', 'epoch': '0.2416'}
Generated sample at index 450
Total token count: 1409
Generated sample at index 198
Total token count: 1840
Generated sample at index 644
Total token count: 1846
Generated sample at index 390
Total token count: 1377
Generated sample at index 497
Total token count: 1400
Generated sample at index 529
Total token count: 1851
Generated sample at index 575
Total token count: 927
Generated sample at index 347
Total token count: 2278
Emptied CUDA cache
{'loss': '18.12', 'grad_norm': '15.98', 'learning_rate': '9.918e-05', 'entropy': '2.609', 'num_tokens': '2.22e+05', 'mean_token_accuracy': '0.03065', 'epoch': '0.255'}
Generated sample at index 245
Total token count: 1846
Generated sample at index 239
Total token count: 1410
Generated sample at index 617
Total token count: 1398
Generated sample at index 250
Total token count: 1408
Generated sample at index 604
Total token count: 1398
Generated sample at index 598
Total token count: 1404
Generated sample at index 191
Total token count: 1393
Generated sample at index 96
Total token count: 1402
Emptied CUDA cache
{'loss': '17.82', 'grad_norm': '37.93', 'learning_rate': '9.905e-05', 'entropy': '2.691', 'num_tokens': '2.346e+05', 'mean_token_accuracy': '0.02873', 'epoch': '0.2685'}
Generated sample at index 298
Generated sample at index 84
Total token count: 1849
Generated sample at index 169
Generated sample at index 567
Total token count: 1403
Generated sample at index 149
Generated sample at index 672
Total token count: 2728
Generated sample at index 468
Generated sample at index 344
Total token count: 1404
Generated sample at index 376
Generated sample at index 556
Total token count: 1405
Generated sample at index 295
Generated sample at index 94
Total token count: 956
Generated sample at index 385
Generated sample at index 387
Total token count: 1842
Generated sample at index 231
Generated sample at index 582
Total token count: 1842
Generated sample at index 286
Generated sample at index 234
Total token count: 1398
Generated sample at index 589
Generated sample at index 48
Total token count: 1404
Generated sample at index 584
Generated sample at index 194
Total token count: 953
Generated sample at index 202
Generated sample at index 220
Total token count: 1402
Generated sample at index 257
Generated sample at index 438
Total token count: 2727
Generated sample at index 398
Generated sample at index 130
Total token count: 1401
Generated sample at index 296
Generated sample at index 66
Total token count: 950
Generated sample at index 173
Generated sample at index 287
Total token count: 2728
Generated sample at index 645
Generated sample at index 28
Total token count: 1403
Generated sample at index 210
Generated sample at index 685
Total token count: 1840
Generated sample at index 5
Generated sample at index 547
Total token count: 1845
Generated sample at index 625
Generated sample at index 532
Total token count: 1403
Generated sample at index 101
Generated sample at index 710
Total token count: 1833
Generated sample at index 686
Generated sample at index 581
Total token count: 1852
Generated sample at index 99
Generated sample at index 253
Total token count: 2289
Generated sample at index 337
Generated sample at index 44
Total token count: 2302
Generated sample at index 123
Generated sample at index 479
Total token count: 1858
Generated sample at index 630
Generated sample at index 537
Total token count: 1844
Generated sample at index 203
Generated sample at index 739
Total token count: 948
Generated sample at index 279
Generated sample at index 663
Total token count: 2286
Generated sample at index 427
Generated sample at index 572
Total token count: 1402
Generated sample at index 439
Generated sample at index 215
Total token count: 1841
Generated sample at index 319
Generated sample at index 47
Total token count: 2731
Generated sample at index 9
Generated sample at index 391
Total token count: 965
Generated sample at index 666
Generated sample at index 568
Total token count: 1385
Generated sample at index 327
Generated sample at index 129
Total token count: 953
Generated sample at index 100
Generated sample at index 559
Total token count: 1407
Generated sample at index 477
Generated sample at index 613
Total token count: 2288
Generated sample at index 658
Generated sample at index 183
Total token count: 1842
Generated sample at index 145
Generated sample at index 7
Total token count: 1407
Generated sample at index 293
Generated sample at index 52
Total token count: 2285
Generated sample at index 627
Generated sample at index 358
Total token count: 1851
Generated sample at index 637
Generated sample at index 577
Total token count: 1403
Generated sample at index 301
Generated sample at index 98
Total token count: 2283
Generated sample at index 341
Generated sample at index 32
Total token count: 1402
Generated sample at index 284
Generated sample at index 176
Total token count: 1405
Generated sample at index 139
Generated sample at index 310
Total token count: 950
Generated sample at index 366
Generated sample at index 351
Total token count: 1853
Generated sample at index 6
Generated sample at index 328
Total token count: 1404
Generated sample at index 440
Generated sample at index 602
Total token count: 1387
Generated sample at index 616
Generated sample at index 269
Total token count: 1383
Generated sample at index 437
Generated sample at index 515
Total token count: 948
Generated sample at index 722
Generated sample at index 493
Total token count: 947
Generated sample at index 673
Generated sample at index 472
Total token count: 1406
Generated sample at index 620
Generated sample at index 716
Total token count: 1384
Generated sample at index 682
Generated sample at index 469
Total token count: 2285
Generated sample at index 445
Generated sample at index 563
Total token count: 1401
Generated sample at index 717
Generated sample at index 621
Total token count: 2725
Generated sample at index 578
Generated sample at index 78
Total token count: 1397
Generated sample at index 592
Generated sample at index 119
Total token count: 1404
Generated sample at index 528
Generated sample at index 449
Total token count: 1846
Generated sample at index 43
Generated sample at index 318
Total token count: 2288
Generated sample at index 711
Generated sample at index 476
Total token count: 1406
Generated sample at index 190
Generated sample at index 8
Total token count: 1401
Generated sample at index 382
Generated sample at index 692
Total token count: 1407
Generated sample at index 388
Generated sample at index 379
Total token count: 1848
Generated sample at index 553
Generated sample at index 76
Total token count: 1852
Generated sample at index 325
Generated sample at index 455
Total token count: 1842
Generated sample at index 252
Generated sample at index 110
Total token count: 1385
Generated sample at index 726
Generated sample at index 514
Total token count: 1402
Generated sample at index 646
Generated sample at index 444
Total token count: 1834
Generated sample at index 54
Generated sample at index 674
Total token count: 3175
Generated sample at index 280
Generated sample at index 10
Total token count: 2285
Generated sample at index 566
Generated sample at index 355
Total token count: 2283
Generated sample at index 172
Generated sample at index 442
Total token count: 950
Generated sample at index 13
Generated sample at index 151
Total token count: 2284
Generated sample at index 677
Generated sample at index 573
Total token count: 949
Computing metrics on evaluation batch...
{'eval_loss': '17.26', 'eval_token_accuracy': '3.829e-05', 'eval_runtime': '148', 'eval_samples_per_second': '1.014', 'eval_steps_per_second': '0.507', 'eval_entropy': '2.952', 'eval_num_tokens': '2.346e+05', 'eval_mean_token_accuracy': '0.03039', 'epoch': '0.2685'}
Generated sample at index 469

Ground truth description for sample 107:
Tsonga aims a bodyline serve, Djokovic works a forehand return, Tsonga forehand lands out-side the court.

Model output:
In this tennis clip, the point is played between Jo-Wilfried Tsonga and Novak Djokovic. The score is 40-A, indicating that Tsonga is serving and the score is 40-40, with Tsonga having the advantage. Tsonga is serving the ball, and Djokovic is preparing to return it. Djokovic then hits the ball back to Tsonga, who is now on the backhand side of the court. Tsonga hits the ball with his backhand, and Djokovic is able to return it with a forehand. The ball lands on the other side of the court, and Djokovic wins the point. The point is won by Djokovic, and the score is now 40-40.

ROUGE score: {'rouge1': np.float64(0.17187500000000003), 'rouge2': np.float64(0.031746031746031744), 'rougeL': np.float64(0.15625), 'rougeLsum': np.float64(0.15625)}
Generated sample at index 427

Ground truth description for sample 56:
Good serve in the middle, Williams returns a backhand return, Zvonareva forehand down the line lands out-side the court.

Model output:
The clip captures a pivotal moment in a tennis match between Serena Williams and Vera Zvonareva. The match is taking place on a grass court, which is marked with the distinctive Wimbledon logo. The scoreboard indicates that the score is 15-30, suggesting that the game is in the midst of a rally, with Serena Williams leading in the score.

In the first frame, the focus is on Serena Williams, who is wearing a blue shirt and a white cap. She is seen preparing to return a serve, with her racket raised and her body poised to strike the ball. Her concentration is evident, as she is fully focused on the incoming ball. The background shows a vibrant purple wall, which contrasts with the green of the court, adding to the visual appeal of the scene.

The next frame provides a wider view of the court, showing Serena Williams in the middle of a powerful backhand shot. Her body is twisted, and her racket is in motion, indicating a strong and precise shot. The ball is seen in mid-air, just after being struck, and the net is visible in the center of the court. The net is adorned with the Olympic rings, adding a sense of international significance to the match.

In the final frame, the camera captures the aftermath

ROUGE score: {'rouge1': np.float64(0.09958506224066391), 'rouge2': np.float64(0.02510460251046025), 'rougeL': np.float64(0.07468879668049792), 'rougeLsum': np.float64(0.08298755186721993)}
Generated sample at index 592

Ground truth description for sample 114:
Good serve in the middle, Williams returns a quick forehand return, short rally, Serena cross-court fails to clear the net in the middle.

Model output:
In the tennis clip, Serena Williams and Maria Sharapova are engaged in a point on a grass court. The score is Deuce, indicating that both players have equal points. Serena Williams is positioned on the left side of the court, preparing to return a serve. She is in a ready stance, holding her racket with both hands, and her body is slightly crouched. Maria Sharapova is on the right side of the court, also in a ready stance, preparing to return the serve. She is holding her racket with both hands and her body is slightly crouched. The ball is in the air, and Serena Williams is preparing to hit the ball. The ball is in the air, and Maria Sharapova is preparing to return the ball. The ball is in the air, and Serena Williams is preparing to hit the ball. The ball is in the air, and Maria Sharapova is preparing to return the ball. The ball is in the air, and Serena Williams is preparing to hit the ball. The ball is in the air, and Maria Sharapova is preparing to return the ball. The ball is in the air, and Serena Williams is preparing to hit the ball. The ball is in the air, and Maria Sharapova

ROUGE score: {'rouge1': np.float64(0.10212765957446808), 'rouge2': np.float64(0.01716738197424893), 'rougeL': np.float64(0.0851063829787234), 'rougeLsum': np.float64(0.0851063829787234)}
Generated sample at index 613

Ground truth description for sample 71:
Fine serve placed at T, Sharapova returns a quick backhand return, couple of shots exchanged, Serena cross-court fails to clear the net in the middle.

Model output:
In the tennis clip, Serena Williams and Maria Sharapova are engaged in a point during a match on a grass court. The score is 30-15, indicating that Serena Williams is leading. The video begins with a close-up of Serena Williams, who is focused and ready to play. She is wearing a red headband and a sports outfit with an American flag patch on her chest. 

The camera then pulls back to a wider view of the court, showing both players on the grass court. Serena Williams is positioned on the left side of the court, while Maria Sharapova is on the right. Serena is in the process of returning a serve, which is in motion, and she is preparing to execute her shot. Maria Sharapova is also in motion, ready to respond to the serve. 

The point concludes with Serena Williams successfully returning the serve. She then steps back, preparing for the next point. The camera captures the moment as Serena Williams looks down, possibly in thought or preparation for the next play. The final frame shows Serena Williams in a moment of focus, possibly reflecting on the point or preparing for the next one. The overall scene captures the intensity and concentration of the players as they compete in the match.

ROUGE score: {'rouge1': np.float64(0.08333333333333333), 'rouge2': np.float64(0.008403361344537815), 'rougeL': np.float64(0.075), 'rougeLsum': np.float64(0.08333333333333333)}
Generated sample at index 84

Ground truth description for sample 1:
Federer serves in the middle, Delpotro manages a forehand return, good rally, Delpotro blasts a forehand winner cross-court.

Model output:
In this tennis clip, the players are engaged in a point during a match on a grass court. Roger Federer, dressed in a blue shirt and white shorts, is positioned on the right side of the court, preparing to return a serve. Juan Martin Del Potro, wearing a red shirt and white shorts, is on the left side of the court, serving the ball. The ball is served from the left side of the court, and Federer is ready to return it. As the ball is served, Federer moves forward to receive the ball, then swings his racket to return the serve. The ball is then returned to the left side of the court, where Del Potro is ready to receive it. The ball is then returned to the right side of the court, where Federer is ready to receive it. The point is won by Federer, who successfully returns the ball to the left side of the court. The score is now 30-40, and Federer is now serving. The ball is then returned to the right side of the court, where Federer is ready to receive it. The point is won by Federer, who successfully returns the ball to the left side of the court. The score is now 30-

ROUGE score: {'rouge1': np.float64(0.06060606060606061), 'rouge2': np.float64(0.0), 'rougeL': np.float64(0.051948051948051945), 'rougeLsum': np.float64(0.051948051948051945)}
Generated sample at index 101

Ground truth description for sample 40:
Delpotro aims a fine serve wide, Federer just manages a backhand slice return, Delpotro comes to net and hits a forehand winner.

Model output:
The clip begins with a close-up of Juan Martin Del Potro, who is wearing a blue shirt with the Argentine flag on it. He is looking down, possibly preparing for a point. The scene then shifts to a wide view of the tennis court, where the two players are standing at the baseline. Del Potro is on the left side of the court, and Roger Federer is on the right. Del Potro is in the process of serving the ball, while Federer is ready to return the serve.

As the ball is served, Del Potro hits the ball with his forehand, but it is not a strong serve. Federer is able to return the ball with a powerful backhand, sending it deep into the opponent's court. Del Potro then attempts to return the ball, but it is not a strong return, and Federer is able to keep the point alive.

After a few more shots, Federer is able to return the ball with a powerful forehand, sending it deep into the opponent's court. Del Potro is unable to return the ball, and Federer wins the point. The score is now 3-2 in favor of Federer.

ROUGE score: {'rouge1': np.float64(0.10859728506787329), 'rouge2': np.float64(0.0), 'rougeL': np.float64(0.08144796380090498), 'rougeLsum': np.float64(0.08144796380090498)}
Generated sample at index 445

Ground truth description for sample 108:
High kick serve, Tsonga returns a quick backhand return, Djokovic kicks a backhand down the line out of the court.

Model output:
In this tennis clip, the point is being played on a grass court, which is typical for Wimbledon. The players are Jo-Wilfried Tsonga and Novak Djokovic. The score is 40-15, which means Tsonga is leading 40-15 in the game. Tsonga is on the baseline, preparing to serve. The ball is served, and Djokovic is ready to return. Djokovic hits the ball with a powerful serve, but Tsonga is able to return it with a well-placed backhand. The ball lands on the baseline, and Djokovic is able to return it with a strong forehand. The point is won by Djokovic, and he is able to win the point with a powerful return. The score is now 40-15 in favor of Djokovic.

ROUGE score: {'rouge1': np.float64(0.15172413793103448), 'rouge2': np.float64(0.013986013986013984), 'rougeL': np.float64(0.12413793103448274), 'rougeLsum': np.float64(0.12413793103448274)}
Generated sample at index 176

Ground truth description for sample 87:
Bodyline serve, Delpotro crafts a backhand return, a few shots exchanged, Delpotro forehand cross-court lands just long.

Model output:
The clip captures a moment during a tennis match between Roger Federer and Juan Martin Del Potro, with the score at 40-0. Federer, wearing a light blue shirt and white shorts, is positioned on the baseline, preparing to return a serve. Del Potro, in a red shirt and white shorts, is on the opposite side of the net, serving the ball. Federer anticipates the serve and moves his body to return the ball, but Del Potro's serve is not a strong return, and the ball lands just outside the court, resulting in a point for Federer. Federer then celebrates the point, indicating a successful return. The match is taking place on a grass court, with the audience watching intently. The players' actions and the point outcome are highlighted by the ball's trajectory and the players' movements.

ROUGE score: {'rouge1': np.float64(0.08917197452229299), 'rouge2': np.float64(0.025806451612903226), 'rougeL': np.float64(0.07643312101910829), 'rougeLsum': np.float64(0.07643312101910829)}
Generated sample at index 613

Ground truth description for sample 71:
Fine serve placed at T, Sharapova returns a quick backhand return, couple of shots exchanged, Serena cross-court fails to clear the net in the middle.

Model output:
The tennis clip captures a pivotal moment in a match between Serena Williams and Maria Sharapova. The score is 30-15, indicating that Serena Williams is leading the match. The scene begins with Serena Williams, dressed in a red and navy blue outfit with an American flag patch on her top, preparing to serve. She stands on the baseline, focused and ready, as the ball is tossed into the air. Serena's serve is powerful and precise, sending the ball flying across the net. Maria Sharapova, wearing a black outfit, is positioned on the opposite side of the court, ready to return the serve. As the ball reaches the net, Maria leaps to return the serve with a powerful backhand, but Serena is able to reach the ball with her forehand, winning the point. The rally continues with Serena returning the ball with a well-placed forehand, but Maria manages to return the ball with a strong volley, forcing a point. The rally continues with Serena and Maria exchanging shots, with Serena ultimately winning the point with a powerful forehand. The match is intense, with both players demonstrating their skill and determination. The final point is won by Serena Williams, who lands the winning shot with a powerful forehand, securing the point and continuing

ROUGE score: {'rouge1': np.float64(0.125), 'rouge2': np.float64(0.008403361344537815), 'rougeL': np.float64(0.075), 'rougeLsum': np.float64(0.075)}
Generated sample at index 532

Ground truth description for sample 39:
Sharp angled slice serve, Tsonga returns a forehand return, Djokovic whips a backhand cross-court winner.

Model output:
The clip captures a point in a tennis match between Jo-Wilfried Tsonga and Novak Djokovic during the Wimbledon Championships. The scoreboard indicates that the score is 15-30, suggesting that Djokovic is leading the game. The setting is a grass court, typical of Wimbledon, with the net featuring the Olympic rings, indicating the event's prestigious nature.

The sequence begins with Djokovic on the right side of the court, preparing to return a shot. He is positioned in a ready stance, anticipating the ball's trajectory. Tsonga, on the left side, is in motion, likely having just returned a shot or preparing to serve. The camera captures the action from a wide angle, showing both players on the court and the surrounding environment, including the umpire and the net.

As the point progresses, Djokovic executes a powerful serve, sending the ball towards the left side of the court. Tsonga, in response, is seen diving to the ground, attempting to return the serve. However, the ball appears to be out of reach, and Djokovic manages to return it with a strong backhand. The ball lands on the far side of the court, and the umpire quickly intervenes to confirm the point.

The

ROUGE score: {'rouge1': np.float64(0.07339449541284403), 'rouge2': np.float64(0.0), 'rougeL': np.float64(0.06422018348623854), 'rougeLsum': np.float64(0.07339449541284403)}
Average ROUGE score: {'rouge1': np.float64(0.10654150086885708), 'rouge2': np.float64(0.013061720451873376), 'rougeL': np.float64(0.08642324309480079), 'rougeLsum': np.float64(0.08900388313946686)}
Generated sample at index 635
Total token count: 932
Generated sample at index 17
Total token count: 946
Generated sample at index 367
Total token count: 1842
Generated sample at index 432
Total token count: 1835
Generated sample at index 113
Total token count: 1385
Generated sample at index 223
Total token count: 1398
Generated sample at index 428
Total token count: 1404
Generated sample at index 243
Total token count: 1403
Emptied CUDA cache
{'loss': '17.5', 'grad_norm': '16.29', 'learning_rate': '9.891e-05', 'entropy': '2.924', 'num_tokens': '2.457e+05', 'mean_token_accuracy': '0.02854', 'epoch': '0.2819'}
Generated sample at index 242
Total token count: 1405
Generated sample at index 580
Total token count: 2723
Generated sample at index 654
Total token count: 956
Generated sample at index 254
Total token count: 945
Generated sample at index 185
Total token count: 2729
Generated sample at index 407
Total token count: 1395
Generated sample at index 72
Total token count: 2288
Generated sample at index 51
Total token count: 1844
Emptied CUDA cache
{'loss': '16.91', 'grad_norm': '23.83', 'learning_rate': '9.876e-05', 'entropy': '3.169', 'num_tokens': '2.596e+05', 'mean_token_accuracy': '0.0288', 'epoch': '0.2953'}
Generated sample at index 12
Total token count: 1394
Generated sample at index 278
Total token count: 1400
Generated sample at index 499
Total token count: 1409
Generated sample at index 448
Total token count: 1847
Generated sample at index 81
Total token count: 2291
Generated sample at index 122
Total token count: 948
Generated sample at index 712
Total token count: 1403
Generated sample at index 368
Total token count: 1841
Emptied CUDA cache
{'loss': '16.39', 'grad_norm': '15.35', 'learning_rate': '9.86e-05', 'entropy': '3.404', 'num_tokens': '2.721e+05', 'mean_token_accuracy': '0.02804', 'epoch': '0.3087'}
Generated sample at index 289
Total token count: 950
Generated sample at index 508
Total token count: 956
Generated sample at index 235
Total token count: 1843
Generated sample at index 524
Total token count: 1854
Generated sample at index 331
Total token count: 946
Generated sample at index 225
Total token count: 2728
Generated sample at index 290
Total token count: 1849
Generated sample at index 607
Total token count: 2719
Emptied CUDA cache
{'loss': '15.96', 'grad_norm': '13.16', 'learning_rate': '9.843e-05', 'entropy': '3.658', 'num_tokens': '2.851e+05', 'mean_token_accuracy': '0.02912', 'epoch': '0.3221'}
Generated sample at index 343
Total token count: 949
Generated sample at index 86
Total token count: 1401
Generated sample at index 540
Total token count: 2291
Generated sample at index 230
Total token count: 950
Generated sample at index 77
Total token count: 1391
Generated sample at index 329
Total token count: 949
Generated sample at index 418
Total token count: 1377
Generated sample at index 693
Total token count: 935
Emptied CUDA cache
{'loss': '15.55', 'grad_norm': '12.67', 'learning_rate': '9.825e-05', 'entropy': '3.86', 'num_tokens': '2.971e+05', 'mean_token_accuracy': '0.02768', 'epoch': '0.3356'}
Generated sample at index 178
Total token count: 951
Generated sample at index 732
Total token count: 1383
Generated sample at index 268
Total token count: 1388
Generated sample at index 679
Total token count: 1409
Generated sample at index 420
Total token count: 1830
Generated sample at index 443
Total token count: 951
Generated sample at index 413
Total token count: 948
Generated sample at index 603
Total token count: 1395
Emptied CUDA cache
{'loss': '15.22', 'grad_norm': '13.18', 'learning_rate': '9.806e-05', 'entropy': '3.964', 'num_tokens': '3.069e+05', 'mean_token_accuracy': '0.02854', 'epoch': '0.349'}
Generated sample at index 504
Total token count: 1407
Generated sample at index 723
Total token count: 939
Generated sample at index 430
Total token count: 1837
Generated sample at index 15
Total token count: 944
Generated sample at index 303
Total token count: 951
Generated sample at index 146
Total token count: 1843
Generated sample at index 60
Total token count: 1406
Generated sample at index 526
Total token count: 1398
Emptied CUDA cache
{'loss': '14.72', 'grad_norm': '12.59', 'learning_rate': '9.787e-05', 'entropy': '4.348', 'num_tokens': '3.176e+05', 'mean_token_accuracy': '0.02916', 'epoch': '0.3624'}
Generated sample at index 74
Total token count: 1848
Generated sample at index 730
Total token count: 2285
Generated sample at index 467
Total token count: 1858
Generated sample at index 571
Total token count: 1401
Generated sample at index 87
Total token count: 1843
Generated sample at index 211
Total token count: 1414
Generated sample at index 201
Total token count: 954
Generated sample at index 718
Total token count: 2278
Emptied CUDA cache
{'loss': '14.48', 'grad_norm': '13.39', 'learning_rate': '9.766e-05', 'entropy': '4.523', 'num_tokens': '3.306e+05', 'mean_token_accuracy': '0.02852', 'epoch': '0.3758'}
Generated sample at index 103
Total token count: 1406
Generated sample at index 134
Total token count: 944
Generated sample at index 703
Total token count: 1400
Generated sample at index 511
Total token count: 956
Generated sample at index 392
Total token count: 1397
Generated sample at index 714
Total token count: 1396
Generated sample at index 724
Total token count: 1845
Generated sample at index 348
Total token count: 944
Emptied CUDA cache
{'loss': '14.12', 'grad_norm': '11.58', 'learning_rate': '9.744e-05', 'entropy': '4.738', 'num_tokens': '3.422e+05', 'mean_token_accuracy': '0.03057', 'epoch': '0.3893'}
Generated sample at index 708
Total token count: 1393
Generated sample at index 224
Total token count: 1404
Generated sample at index 156
Total token count: 938
Generated sample at index 458
Total token count: 968
Generated sample at index 412
Total token count: 937
Generated sample at index 276
Total token count: 950
Generated sample at index 246
Total token count: 1845
Generated sample at index 357
Total token count: 2722
Emptied CUDA cache
{'loss': '13.71', 'grad_norm': '11.53', 'learning_rate': '9.722e-05', 'entropy': '4.835', 'num_tokens': '3.516e+05', 'mean_token_accuracy': '0.03179', 'epoch': '0.4027'}
Generated sample at index 298
Generated sample at index 84
Total token count: 1849
Generated sample at index 169
Generated sample at index 567
Total token count: 1403
Generated sample at index 149
Generated sample at index 672
Total token count: 2728
Generated sample at index 468
Generated sample at index 344
Total token count: 1404
Generated sample at index 376
Generated sample at index 556
Total token count: 1405
Generated sample at index 295
Generated sample at index 94
Total token count: 956
Generated sample at index 385
Generated sample at index 387
Total token count: 1842
Generated sample at index 231
Generated sample at index 582
Total token count: 1842
Generated sample at index 286
Generated sample at index 234
Total token count: 1398
Generated sample at index 589
Generated sample at index 48
Total token count: 1404
Generated sample at index 584
Generated sample at index 194
Total token count: 953
Generated sample at index 202
Generated sample at index 220
Total token count: 1402
Generated sample at index 257
Generated sample at index 438
Total token count: 2727
Generated sample at index 398
Generated sample at index 130
Total token count: 1401
Generated sample at index 296
Generated sample at index 66
Total token count: 950
Generated sample at index 173
Generated sample at index 287
Total token count: 2728
Generated sample at index 645
Generated sample at index 28
Total token count: 1403
Generated sample at index 210
Generated sample at index 685
Total token count: 1840
Generated sample at index 5
Generated sample at index 547
Total token count: 1845
Generated sample at index 625
Generated sample at index 532
Total token count: 1403
Generated sample at index 101
Generated sample at index 710
Total token count: 1833
Generated sample at index 686
Generated sample at index 581
Total token count: 1852
Generated sample at index 99
Generated sample at index 253
Total token count: 2289
Generated sample at index 337
Generated sample at index 44
Total token count: 2302
Generated sample at index 123
Generated sample at index 479
Total token count: 1858
Generated sample at index 630
Generated sample at index 537
Total token count: 1844
Generated sample at index 203
Generated sample at index 739
Total token count: 948
Generated sample at index 279
Generated sample at index 663
Total token count: 2286
Generated sample at index 427
Generated sample at index 572
Total token count: 1402
Generated sample at index 439
Generated sample at index 215
Total token count: 1841
Generated sample at index 319
Generated sample at index 47
Total token count: 2731
Generated sample at index 9
Generated sample at index 391
Total token count: 965
Generated sample at index 666
Generated sample at index 568
Total token count: 1385
Generated sample at index 327
Generated sample at index 129
Total token count: 953
Generated sample at index 100
Generated sample at index 559
Total token count: 1407
Generated sample at index 477
Generated sample at index 613
Total token count: 2288
Generated sample at index 658
Generated sample at index 183
Total token count: 1842
Generated sample at index 145
Generated sample at index 7
Total token count: 1407
Generated sample at index 293
Generated sample at index 52
Total token count: 2285
Generated sample at index 627
Generated sample at index 358
Total token count: 1851
Generated sample at index 637
Generated sample at index 577
Total token count: 1403
Generated sample at index 301
Generated sample at index 98
Total token count: 2283
Generated sample at index 341
Generated sample at index 32
Total token count: 1402
Generated sample at index 284
Generated sample at index 176
Total token count: 1405
Generated sample at index 139
Generated sample at index 310
Total token count: 950
Generated sample at index 366
Generated sample at index 351
Total token count: 1853
Generated sample at index 6
Generated sample at index 328
Total token count: 1404
Generated sample at index 440
Generated sample at index 602
Total token count: 1387
Generated sample at index 616
Generated sample at index 269
Total token count: 1383
Generated sample at index 437
Generated sample at index 515
Total token count: 948
Generated sample at index 722
Generated sample at index 493
Total token count: 947
Generated sample at index 673
Generated sample at index 472
Total token count: 1406
Generated sample at index 620
Generated sample at index 716
Total token count: 1384
Generated sample at index 682
Generated sample at index 469
Total token count: 2285
Generated sample at index 445
Generated sample at index 563
Total token count: 1401
Generated sample at index 717
Generated sample at index 621
Total token count: 2725
Generated sample at index 578
Generated sample at index 78
Total token count: 1397
Generated sample at index 592
Generated sample at index 119
Total token count: 1404
Generated sample at index 528
Generated sample at index 449
Total token count: 1846
Generated sample at index 43
Generated sample at index 318
Total token count: 2288
Generated sample at index 711
Generated sample at index 476
Total token count: 1406
Generated sample at index 190
Generated sample at index 8
Total token count: 1401
Generated sample at index 382
Generated sample at index 692
Total token count: 1407
Generated sample at index 388
Generated sample at index 379
Total token count: 1848
Generated sample at index 553
Generated sample at index 76
Total token count: 1852
Generated sample at index 325
Generated sample at index 455
Total token count: 1842
Generated sample at index 252
Generated sample at index 110
Total token count: 1385
Generated sample at index 726
Generated sample at index 514
Total token count: 1402
Generated sample at index 646
Generated sample at index 444
Total token count: 1834
Generated sample at index 54
Generated sample at index 674
Total token count: 3175
Generated sample at index 280
Generated sample at index 10
Total token count: 2285
Generated sample at index 566
Generated sample at index 355
Total token count: 2283
Generated sample at index 172
Generated sample at index 442
Total token count: 950
Generated sample at index 13
Generated sample at index 151
Total token count: 2284
Generated sample at index 677
Generated sample at index 573
Total token count: 949
Computing metrics on evaluation batch...
{'eval_loss': '13.4', 'eval_token_accuracy': '0.000718', 'eval_runtime': '147.3', 'eval_samples_per_second': '1.018', 'eval_steps_per_second': '0.509', 'eval_entropy': '5.249', 'eval_num_tokens': '3.516e+05', 'eval_mean_token_accuracy': '0.02782', 'epoch': '0.4027'}
Generated sample at index 663

Ground truth description for sample 55:
Williams arrows a good serve at T, Azarenka is unable to return it.

Model output:
The tennis clip captures a point during a match between Victoria Azarenka and Serena Williams on a grass court. The score is 30-15, indicating that the score is not yet tied and the game is in progress. The player on the left side of the court, Serena Williams, is in the process of serving. She is seen in a ready stance, preparing to serve the ball. As the ball is served, the player on the right side of the court, Victoria Azarenka, is in the process of returning the serve. She is seen in a ready stance, preparing to return the ball. The ball is then hit back to the left side of the court, where Serena Williams is in the process of returning the ball. The ball is then hit back to the right side of the court, where Victoria Azarenka is in the process of returning the ball. The ball is then hit back to the left side of the court, where Serena Williams is in the process of returning the ball. The ball is then hit back to the right side of the court, where Victoria Azarenka is in the process of returning the ball. The ball is then hit back to the left side of the court, where Serena Williams is in the process of returning

ROUGE score: {'rouge1': np.float64(0.059829059829059825), 'rouge2': np.float64(0.017241379310344827), 'rougeL': np.float64(0.059829059829059825), 'rougeLsum': np.float64(0.059829059829059825)}
Generated sample at index 284

Ground truth description for sample 86:
Good serve in the middle, Delpotro returns a backhand return, Federer hits a backhand drop-shot winner.

Model output:
The tennis clip captures a point during a match between Roger Federer and Juan Martin Del Potro on a grass court. Federer, wearing a red shirt and white shorts, is positioned on the baseline, preparing to return a shot. Del Potro, in a light blue shirt and white shorts, is on the opposite side of the court, ready to receive the serve. The rally begins with Federer serving, and Del Potro returns the serve. Federer then hits a powerful backhand, sending the ball into the net. Del Potro is unable to return the ball effectively and is forced to make a mistake, leading to Federer winning the point. The point concludes with Federer securing the advantage and advancing in the match.

ROUGE score: {'rouge1': np.float64(0.15942028985507248), 'rouge2': np.float64(0.029411764705882353), 'rougeL': np.float64(0.10144927536231883), 'rougeLsum': np.float64(0.10144927536231883)}
Generated sample at index 398

Ground truth description for sample 26:
Zvonareva aims a high kick serve, Williams works a backhand return, rally, Serena sends a backhand into the net.

Model output:
The tennis clip captures a point during a match between Serena Williams and Vera Zvonareva on a grass court, which is likely the Wimbledon Championships given the iconic grass surface and the presence of the Olympic rings on the net. The score is 30-0, indicating that Serena Williams is leading in the game. The video begins with Serena Williams preparing to serve, holding her racket and standing at the baseline. She tosses the ball into the air and hits it with a powerful forehand, sending it towards the opponent's side of the court. Vera Zvonareva, positioned on the receiving side, is in a ready stance, anticipating the return. She successfully returns the ball with a precise backhand, but Serena Williams is in a strong position to respond. The rally continues with Serena Williams hitting a forehand shot, which Vera Zvonareva returns with a strong backhand. The point ends with Serena Williams winning the point, as she successfully returns the ball with a powerful forehand. The rally is intense, with both players demonstrating their skills and athleticism. The video highlights the competitive nature of the match and the players' ability to adapt and respond to each other's shots.

ROUGE score: {'rouge1': np.float64(0.12785388127853883), 'rouge2': np.float64(0.018433179723502304), 'rougeL': np.float64(0.091324200913242), 'rougeLsum': np.float64(0.091324200913242)}
Generated sample at index 220

Ground truth description for sample 23:
Federer serves an ace wide.

Model output:
In this tennis clip, Roger Federer and Juan Martin Del Potro are competing on a grass court. Federer is on the baseline, preparing to serve. He tosses the ball into the air and hits a forehand shot. The ball lands on the baseline and is returned by Del Potro. Del Potro returns the ball with a forehand, but Federer manages to return it with a powerful backhand. The ball is then hit back to Federer, who hits it with a forehand and the ball goes over the net. Del Potro attempts to return the ball, but Federer successfully returns it with a forehand. The ball lands on the baseline and is returned by Del Potro. Federer then hits a forehand, but the ball is returned by Del Potro. The ball is then hit back to Federer, who hits it with a forehand and the ball goes over the net. Del Potro attempts to return the ball, but Federer successfully returns it with a forehand. The ball lands on the baseline and is returned by Del Potro. Federer then hits a forehand, but the ball is returned by Del Potro. The ball is then hit back to Federer, who hits it with a forehand

ROUGE score: {'rouge1': np.float64(0.009615384615384616), 'rouge2': np.float64(0.0), 'rougeL': np.float64(0.009615384615384616), 'rougeLsum': np.float64(0.009615384615384616)}
Generated sample at index 269

Ground truth description for sample 97:
 Double Fault.

Model output:
In this tennis clip, Roger Federer and Juan Martin Del Potro are engaged in a point on a grass court. The score is tied at 30-30, and Federer is on the baseline, preparing to serve. He tosses the ball into the air and strikes it with his racket, sending it over the net. The ball lands on the opposite side of the court, where Del Potro is positioned, and he prepares to return. However, the ball is not a return, but a serve, and Federer has successfully won the point. The serve is well-executed, and the ball lands on the opposite side of the court, allowing Federer to win the point.

ROUGE score: {'rouge1': np.float64(0.0), 'rouge2': np.float64(0.0), 'rougeL': np.float64(0.0), 'rougeLsum': np.float64(0.0)}
Generated sample at index 257

Ground truth description for sample 24:
Delpotro serves a good one, Federer puts back a backhand return, well contensted rally, Delpotro moves upto the net and places a backhand volley winner.

Model output:
In the tennis clip, Roger Federer, dressed in a red shirt and wearing a red headband, is seen preparing to return a serve. He is positioned on the baseline, ready to respond to the ball. The opposing player, Juan Martin Del Potro, is on the opposite side of the court, preparing to serve. The rally begins with Del Potro serving the ball, and Federer responds by hitting a forehand. However, Del Potro's return is not well-executed, and Federer manages to return the ball with a forehand, leading to a point. The point is won by Federer, who then serves the next point. The rally continues with Federer hitting a forehand, and Del Potro responding with a forehand. Federer then returns the ball with a forehand, but the ball is not properly executed, leading to a point being won by Federer. The point is won by Federer, who then serves the next point. The rally continues with Federer hitting a forehand, and Del Potro responding with a forehand. Federer then returns the ball with a forehand, but the ball is not properly executed, leading to a point being won by Federer. The point is won by Federer,

ROUGE score: {'rouge1': np.float64(0.08968609865470853), 'rouge2': np.float64(0.0), 'rougeL': np.float64(0.08071748878923768), 'rougeLsum': np.float64(0.08071748878923768)}
Generated sample at index 351

Ground truth description for sample 91:
Federer hits a good serve into the corner, Delpotro manages a backhand return, long rally, Delpotro forehand hits the net in the middle.

Model output:
In this tennis clip, Roger Federer, dressed in a red shirt and white shorts, is seen preparing to serve on a grass court. He tosses the ball into the air and swings his racket, sending the ball over the net. Juan Martin Del Potro, wearing a light blue shirt and white shorts, is positioned on the opposite side of the court, ready to return the serve. Del Potro moves quickly to his right, anticipating the ball's trajectory, and successfully returns the serve. Federer, in response, moves forward and hits a backhand return. The rally continues, with Federer maintaining control and Del Potro trying to keep up with the pace. The point ends with Federer winning the point, as Del Potro is unable to return the serve effectively. The clip captures the intensity and skill of both players as they compete in the match.

ROUGE score: {'rouge1': np.float64(0.16766467065868265), 'rouge2': np.float64(0.07272727272727272), 'rougeL': np.float64(0.1437125748502994), 'rougeLsum': np.float64(0.1437125748502994)}
Generated sample at index 139

Ground truth description for sample 88:
Delpotro hits a flat serve at T it's an ace.

Model output:
In this tennis clip, Roger Federer is on the baseline preparing to return a serve from Juan Martin Del Potro. Federer hits the ball with a forehand, and it lands on the opposite side of the court. Del Potro, positioned on the baseline, receives the ball and attempts to return it with a forehand. However, Federer successfully returns the ball, and the point is won by Federer. The score is now 40-30, with Federer leading.

ROUGE score: {'rouge1': np.float64(0.09195402298850575), 'rouge2': np.float64(0.0), 'rougeL': np.float64(0.06896551724137931), 'rougeLsum': np.float64(0.06896551724137931)}
Generated sample at index 129

Ground truth description for sample 67:
Delpotro produces a bodyline serve, Federer is unable to return it.

Model output:
In this tennis clip, Roger Federer and Juan Martin Del Potro are playing a match on a grass court. Federer is on the baseline, preparing to serve, while Del Potro is positioned on the opposite side of the court. The score is 40-15, indicating that Federer is leading. Federer serves the ball, and Del Potro returns it. However, the ball is not returned by Del Potro, and Federer wins the point. The ball is then returned by Del Potro, and Federer wins the point again. The ball is then returned by Del Potro, and Federer wins the point again. The ball is then returned by Del Potro, and Federer wins the point again. The ball is then returned by Del Potro, and Federer wins the point again. The ball is then returned by Del Potro, and Federer wins the point again. The ball is then returned by Del Potro, and Federer wins the point again. The ball is then returned by Del Potro, and Federer wins the point again. The ball is then returned by Del Potro, and Federer wins the point again. The ball is then returned by Del Potro, and Federer wins the

ROUGE score: {'rouge1': np.float64(0.057971014492753624), 'rouge2': np.float64(0.00975609756097561), 'rougeL': np.float64(0.048309178743961345), 'rougeLsum': np.float64(0.048309178743961345)}
Generated sample at index 94

Ground truth description for sample 11:
Good serve aimed at T, Delpotro only reaches to it.

Model output:
In the tennis clip, Roger Federer and Juan Martin Del Potro are engaged in a point on a grass tennis court. Federer is seen on the baseline, preparing to return a shot. He receives a serve from Del Potro, who is positioned on the left side of the court. Federer executes a powerful backhand return, sending the ball over the net. Del Potro then attempts to return the ball with a forehand, but Federer successfully returns the shot with a well-placed backhand. The point concludes with Federer winning the point, as he successfully returns the serve and maintains control of the rally. The score is now A-40, indicating that Federer has won the point.

ROUGE score: {'rouge1': np.float64(0.031746031746031744), 'rouge2': np.float64(0.0), 'rougeL': np.float64(0.031746031746031744), 'rougeLsum': np.float64(0.031746031746031744)}
Average ROUGE score: {'rouge1': np.float64(0.07957404541187381), 'rouge2': np.float64(0.014756969402797781), 'rougeL': np.float64(0.06356687120909146), 'rougeLsum': np.float64(0.06356687120909146)}
Generated sample at index 320
Total token count: 1844
Generated sample at index 386
Total token count: 936
Generated sample at index 536
Total token count: 951
Generated sample at index 300
Total token count: 1838
Generated sample at index 595
Total token count: 1395
Generated sample at index 67
Total token count: 1404
Generated sample at index 462
Total token count: 951
Generated sample at index 222
Total token count: 1409
Emptied CUDA cache
{'loss': '13.43', 'grad_norm': '12.83', 'learning_rate': '9.698e-05', 'entropy': '5.294', 'num_tokens': '3.636e+05', 'mean_token_accuracy': '0.02696', 'epoch': '0.4161'}
Generated sample at index 583
Total token count: 2726
Generated sample at index 264
Total token count: 1416
Generated sample at index 611
Total token count: 941
Generated sample at index 350
Total token count: 1406
Generated sample at index 725
Total token count: 943
Generated sample at index 365
Total token count: 2722
Generated sample at index 495
Total token count: 1847
Generated sample at index 0
Total token count: 955
Emptied CUDA cache
{'loss': '12.94', 'grad_norm': '14.09', 'learning_rate': '9.674e-05', 'entropy': '5.649', 'num_tokens': '3.771e+05', 'mean_token_accuracy': '0.02693', 'epoch': '0.4295'}
Generated sample at index 363
Total token count: 1848
Generated sample at index 670
Total token count: 1398
Generated sample at index 142
Total token count: 1404
Generated sample at index 521
Total token count: 953
Generated sample at index 425
Total token count: 1376
Generated sample at index 464
Total token count: 1415
Generated sample at index 557
Total token count: 960
Generated sample at index 690
Total token count: 940
Emptied CUDA cache
{'loss': '12.57', 'grad_norm': '12.99', 'learning_rate': '9.649e-05', 'entropy': '5.649', 'num_tokens': '3.874e+05', 'mean_token_accuracy': '0.03209', 'epoch': '0.443'}
Generated sample at index 227
Total token count: 1403
Generated sample at index 696
Total token count: 1845
Generated sample at index 510
Total token count: 1409
Generated sample at index 512
Total token count: 1403
Generated sample at index 360
Total token count: 938
Generated sample at index 648
Total token count: 945
Generated sample at index 271
Total token count: 1846
Generated sample at index 706
Total token count: 944
Emptied CUDA cache
{'loss': '12.3', 'grad_norm': '12.63', 'learning_rate': '9.623e-05', 'entropy': '5.82', 'num_tokens': '3.981e+05', 'mean_token_accuracy': '0.0283', 'epoch': '0.4564'}
Generated sample at index 192
Total token count: 2291
Generated sample at index 719
Total token count: 1842
Generated sample at index 259
Total token count: 2727
Generated sample at index 641
Total token count: 944
Generated sample at index 552
Total token count: 1851
Generated sample at index 424
Total token count: 937
Generated sample at index 731
Total token count: 1399
Generated sample at index 61
Total token count: 1402
Emptied CUDA cache
{'loss': '11.9', 'grad_norm': '11.31', 'learning_rate': '9.596e-05', 'entropy': '5.942', 'num_tokens': '4.11e+05', 'mean_token_accuracy': '0.0257', 'epoch': '0.4698'}
Generated sample at index 660
Total token count: 1396
Generated sample at index 651
Total token count: 938
Generated sample at index 639
Total token count: 1394
Generated sample at index 336
Total token count: 1851
Generated sample at index 189
Total token count: 948
Generated sample at index 550
Total token count: 1399
Generated sample at index 394
Total token count: 944
Generated sample at index 339
Total token count: 942
Emptied CUDA cache
{'loss': '11.51', 'grad_norm': '10.83', 'learning_rate': '9.568e-05', 'entropy': '6.058', 'num_tokens': '4.213e+05', 'mean_token_accuracy': '0.02776', 'epoch': '0.4832'}
Generated sample at index 168
Total token count: 1852
Generated sample at index 474
Total token count: 1404
Generated sample at index 699
Total token count: 1385
Generated sample at index 206
Total token count: 1401
Generated sample at index 326
Total token count: 948
Generated sample at index 729
Total token count: 1841
Generated sample at index 240
Total token count: 1845
Generated sample at index 364
Total token count: 959
Emptied CUDA cache
{'loss': '11.12', 'grad_norm': '10.01', 'learning_rate': '9.539e-05', 'entropy': '6.462', 'num_tokens': '4.329e+05', 'mean_token_accuracy': '0.02722', 'epoch': '0.4966'}
Generated sample at index 631
Total token count: 952
Generated sample at index 97
Total token count: 1385
Generated sample at index 405
Total token count: 1391
Generated sample at index 106
Total token count: 959
Generated sample at index 404
Total token count: 949
Generated sample at index 463
Total token count: 951
Generated sample at index 551
Total token count: 949
Generated sample at index 308
Total token count: 945
Emptied CUDA cache
{'loss': '10.84', 'grad_norm': '10.28', 'learning_rate': '9.509e-05', 'entropy': '6.399', 'num_tokens': '4.414e+05', 'mean_token_accuracy': '0.03271', 'epoch': '0.5101'}
Generated sample at index 618
Total token count: 951
Generated sample at index 21
Total token count: 955
Generated sample at index 197
Total token count: 2725
Generated sample at index 213
Total token count: 1404
Generated sample at index 381
Total token count: 1396
Generated sample at index 305
Total token count: 1404
Generated sample at index 542
Total token count: 1404
Generated sample at index 282
Total token count: 954
Emptied CUDA cache
{'loss': '10.5', 'grad_norm': '9.663', 'learning_rate': '9.479e-05', 'entropy': '6.938', 'num_tokens': '4.526e+05', 'mean_token_accuracy': '0.03087', 'epoch': '0.5235'}
Generated sample at index 135
Total token count: 1403
Generated sample at index 501
Total token count: 952
Generated sample at index 115
Total token count: 950
Generated sample at index 141
Total token count: 1405
Generated sample at index 745
Total token count: 937
Generated sample at index 292
Total token count: 943
Generated sample at index 356
Total token count: 1401
Generated sample at index 513
Total token count: 1847
Emptied CUDA cache
{'loss': '10.22', 'grad_norm': '9.81', 'learning_rate': '9.447e-05', 'entropy': '7.167', 'num_tokens': '4.615e+05', 'mean_token_accuracy': '0.03179', 'epoch': '0.5369'}
Generated sample at index 298
Generated sample at index 84
Total token count: 1849
Generated sample at index 169
Generated sample at index 567
Total token count: 1403
Generated sample at index 149
Generated sample at index 672
Total token count: 2728
Generated sample at index 468
Generated sample at index 344
Total token count: 1404
Generated sample at index 376
Generated sample at index 556
Total token count: 1405
Generated sample at index 295
Generated sample at index 94
Total token count: 956
Generated sample at index 385
Generated sample at index 387
Total token count: 1842
Generated sample at index 231
Generated sample at index 582
Total token count: 1842
Generated sample at index 286
Generated sample at index 234
Total token count: 1398
Generated sample at index 589
Generated sample at index 48
Total token count: 1404
Generated sample at index 584
Generated sample at index 194
Total token count: 953
Generated sample at index 202
Generated sample at index 220
Total token count: 1402
Generated sample at index 257
Generated sample at index 438
Total token count: 2727
Generated sample at index 398
Generated sample at index 130
Total token count: 1401
Generated sample at index 296
Generated sample at index 66
Total token count: 950
Generated sample at index 173
Generated sample at index 287
Total token count: 2728
Generated sample at index 645
Generated sample at index 28
Total token count: 1403
Generated sample at index 210
Generated sample at index 685
Total token count: 1840
Generated sample at index 5
Generated sample at index 547
Total token count: 1845
Generated sample at index 625
Generated sample at index 532
Total token count: 1403
Generated sample at index 101
Generated sample at index 710
Total token count: 1833
Generated sample at index 686
Generated sample at index 581
Total token count: 1852
Generated sample at index 99
Generated sample at index 253
Total token count: 2289
Generated sample at index 337
Generated sample at index 44
Total token count: 2302
Generated sample at index 123
Generated sample at index 479
Total token count: 1858
Generated sample at index 630
Generated sample at index 537
Total token count: 1844
Generated sample at index 203
Generated sample at index 739
Total token count: 948
Generated sample at index 279
Generated sample at index 663
Total token count: 2286
Generated sample at index 427
Generated sample at index 572
Total token count: 1402
Generated sample at index 439
Generated sample at index 215
Total token count: 1841
Generated sample at index 319
Generated sample at index 47
Total token count: 2731
Generated sample at index 9
Generated sample at index 391
Total token count: 965
Generated sample at index 666
Generated sample at index 568
Total token count: 1385
Generated sample at index 327
Generated sample at index 129
Total token count: 953
Generated sample at index 100
Generated sample at index 559
Total token count: 1407
Generated sample at index 477
Generated sample at index 613
Total token count: 2288
Generated sample at index 658
Generated sample at index 183
Total token count: 1842
Generated sample at index 145
Generated sample at index 7
Total token count: 1407
Generated sample at index 293
Generated sample at index 52
Total token count: 2285
Generated sample at index 627
Generated sample at index 358
Total token count: 1851
Generated sample at index 637
Generated sample at index 577
Total token count: 1403
Generated sample at index 301
Generated sample at index 98
Total token count: 2283
Generated sample at index 341
Generated sample at index 32
Total token count: 1402
Generated sample at index 284
Generated sample at index 176
Total token count: 1405
Generated sample at index 139
Generated sample at index 310
Total token count: 950
Generated sample at index 366
Generated sample at index 351
Total token count: 1853
Generated sample at index 6
Generated sample at index 328
Total token count: 1404
Generated sample at index 440
Generated sample at index 602
Total token count: 1387
Generated sample at index 616
Generated sample at index 269
Total token count: 1383
Generated sample at index 437
Generated sample at index 515
Total token count: 948
Generated sample at index 722
Generated sample at index 493
Total token count: 947
Generated sample at index 673
Generated sample at index 472
Total token count: 1406
Generated sample at index 620
Generated sample at index 716
Total token count: 1384
Generated sample at index 682
Generated sample at index 469
Total token count: 2285
Generated sample at index 445
Generated sample at index 563
Total token count: 1401
Generated sample at index 717
Generated sample at index 621
Total token count: 2725
Generated sample at index 578
Generated sample at index 78
Total token count: 1397
Generated sample at index 592
Generated sample at index 119
Total token count: 1404
Generated sample at index 528
Generated sample at index 449
Total token count: 1846
Generated sample at index 43
Generated sample at index 318
Total token count: 2288
Generated sample at index 711
Generated sample at index 476
Total token count: 1406
Generated sample at index 190
Generated sample at index 8
Total token count: 1401
Generated sample at index 382
Generated sample at index 692
Total token count: 1407
Generated sample at index 388
Generated sample at index 379
Total token count: 1848
Generated sample at index 553
Generated sample at index 76
Total token count: 1852
Generated sample at index 325
Generated sample at index 455
Total token count: 1842
Generated sample at index 252
Generated sample at index 110
Total token count: 1385
Generated sample at index 726
Generated sample at index 514
Total token count: 1402
Generated sample at index 646
Generated sample at index 444
Total token count: 1834
Generated sample at index 54
Generated sample at index 674
Total token count: 3175
Generated sample at index 280
Generated sample at index 10
Total token count: 2285
Generated sample at index 566
Generated sample at index 355
Total token count: 2283
Generated sample at index 172
Generated sample at index 442
Total token count: 950
Generated sample at index 13
Generated sample at index 151
Total token count: 2284
Generated sample at index 677
Generated sample at index 573
Total token count: 949
Computing metrics on evaluation batch...
{'eval_loss': '9.97', 'eval_token_accuracy': '0.0007227', 'eval_runtime': '147.4', 'eval_samples_per_second': '1.018', 'eval_steps_per_second': '0.509', 'eval_entropy': '7.564', 'eval_num_tokens': '4.615e+05', 'eval_mean_token_accuracy': '0.02937', 'epoch': '0.5369'}
Generated sample at index 449

Ground truth description for sample 117:
Fine serve, Djokovic returns a quick backhand return, brief rally, Tsonga sprays a forehand outside the court.

Model output:
In this tennis clip, Jo-Wilfried Tsonga is serving from the baseline. He takes a powerful swing, sending the ball into the air. Novak Djokovic, positioned on the opposite side of the court, is ready to receive the serve. Djokovic steps forward, anticipating the serve and preparing to return it. He swings his racket with precision, hitting the ball with a strong backhand. Tsonga, in response, moves quickly to the other side of the court, positioning himself for the next point. The rally continues with Djokovic returning the ball, showcasing his skill and agility. The point concludes with Djokovic winning the rally, advancing to the next stage of the match.

ROUGE score: {'rouge1': np.float64(0.15748031496062992), 'rouge2': np.float64(0.032), 'rougeL': np.float64(0.11023622047244094), 'rougeLsum': np.float64(0.11023622047244094)}
Generated sample at index 444

Ground truth description for sample 137:
Gigantic serve out wide is an ace.

Model output:
In this tennis clip, Jo-Wilfried Tsonga is serving the ball. The point is won by Novak Djokovic, who returns the serve with a forehand. Tsonga is then seen preparing to return the ball, but Djokovic is able to return it with a powerful forehand, winning the point.

ROUGE score: {'rouge1': np.float64(0.07272727272727272), 'rouge2': np.float64(0.0), 'rougeL': np.float64(0.07272727272727272), 'rougeLsum': np.float64(0.07272727272727272)}
Generated sample at index 287

Ground truth description for sample 31:
Delpotro serves a good one, Federer works a backhand return, long rally, Federer hits a backhand straight into the net.

Model output:
The tennis clip captures a dynamic point between Roger Federer and Juan Martin Del Potro during a Wimbledon match. Federer, in a red shirt, is seen returning a serve with a powerful backhand, showcasing his agility and precision. The ball is in mid-air, indicating a well-executed return. Del Potro, in a light blue shirt, is on the receiving end of the shot, preparing to return the ball. Federer’s return is a crucial moment, as it sets the tone for the point. The rally continues with Federer executing a powerful forehand, aiming to gain control of the point. The ball is in motion, and Del Potro is focused on returning it. Federer’s return is a strong shot, and Del Potro’s response is a well-timed volley. The rally continues with Federer’s forehand, and Del Potro’s return is a well-executed volley. The point ends with Federer winning the point, as he successfully returns the serve with a powerful forehand. The match is intense, with both players demonstrating their skills and determination.

ROUGE score: {'rouge1': np.float64(0.09137055837563453), 'rouge2': np.float64(0.0), 'rougeL': np.float64(0.09137055837563453), 'rougeLsum': np.float64(0.09137055837563453)}
Generated sample at index 616

Ground truth description for sample 96:
Fine serve, Williams shoots a backhand return winner.

Model output:
In this tennis clip, Serena Williams and Maria Sharapova are engaged in a point on a Wimbledon grass court. Serena Williams is on the baseline, preparing to return a serve. Maria Sharapova is positioned on the opposite side of the court, ready to receive the serve. As the rally progresses, Serena Williams hits a powerful forehand, sending the ball into the court. Maria Sharapova responds by returning the ball with a precise shot, but Serena Williams manages to keep the point alive. Ultimately, Serena Williams successfully returns the ball with a strong forehand, winning the point. The score stands at 0-15, indicating that Maria Sharapova has just won the point.

ROUGE score: {'rouge1': np.float64(0.06722689075630252), 'rouge2': np.float64(0.0), 'rougeL': np.float64(0.05042016806722689), 'rougeLsum': np.float64(0.05042016806722689)}
Generated sample at index 584

Ground truth description for sample 20:
Quick serve out wide is an ace.

Model output:
In this tennis clip, Serena Williams is serving the ball, and Maria Sharapova is preparing to return. Serena Williams serves the ball with a powerful shot, and Maria Sharapova responds by hitting a forehand. The ball is then returned by Serena Williams, who is now in the process of winning the point. The point ends with Serena Williams winning the point.

ROUGE score: {'rouge1': np.float64(0.029411764705882356), 'rouge2': np.float64(0.0), 'rougeL': np.float64(0.029411764705882356), 'rougeLsum': np.float64(0.029411764705882356)}
Generated sample at index 10

Ground truth description for sample 141:
Quick serve, Federer returns a quick forehand return, couple of shots exchanged, Federer strokes a forehand cross-court winner at net.

Model output:
In this tennis clip, Roger Federer is serving the ball, and Juan Martin Del Potro is returning it. Federer serves the ball, and Del Potro returns it. Federer then hits a forehand, and Del Potro responds with a backhand. Federer then returns the ball with a forehand, and Del Potro responds with a backhand. Federer then hits a forehand, and Del Potro responds with a backhand. Federer then hits a forehand, and Del Potro responds with a backhand. Federer then hits a forehand, and Del Potro responds with a backhand. Federer then hits a forehand, and Del Potro responds with a backhand. Federer then hits a forehand, and Del Potro responds with a backhand. Federer then hits a forehand, and Del Potro responds with a backhand. Federer then hits a forehand, and Del Potro responds with a backhand. Federer then hits a forehand, and Del Potro responds with a backhand. Federer then hits a forehand, and Del Potro responds with a backhand. Federer then hits a forehand, and Del Potro responds with a backhand. Feder

ROUGE score: {'rouge1': np.float64(0.07142857142857142), 'rouge2': np.float64(0.010309278350515464), 'rougeL': np.float64(0.07142857142857142), 'rougeLsum': np.float64(0.07142857142857142)}
Generated sample at index 7

Ground truth description for sample 75:
Federer produces good wide serve, Delpotro just manages a forehand return, a few shots exchanged, Delpoto backhand hits the net.

Model output:
In this tennis clip, Roger Federer is serving the ball from the baseline, and Juan Martin Del Potro is preparing to return it. Federer serves the ball, and Del Potro returns it, but Federer is able to hit the ball over the baseline. The ball is then returned by Del Potro, and Federer is able to return it. The point ends with Federer winning the point.

ROUGE score: {'rouge1': np.float64(0.06976744186046512), 'rouge2': np.float64(0.0), 'rougeL': np.float64(0.06976744186046512), 'rougeLsum': np.float64(0.06976744186046512)}
Generated sample at index 6

Ground truth description for sample 92:
Monumental serve in the corner is an ace.

Model output:
In the tennis clip, Roger Federer is seen preparing to serve the ball on a Wimbledon grass court. He is wearing a red shirt and white shorts, and is positioned near the baseline. As he serves, he tosses the ball into the air and strikes it with his racket. The ball travels across the court, and Federer is seen returning the serve with a powerful forehand. The ball lands on the baseline, and the point is over. The rally ends with Federer winning the point. The crowd is watching the action unfold, and the ball is seen bouncing on the court.

ROUGE score: {'rouge1': np.float64(0.07339449541284403), 'rouge2': np.float64(0.018691588785046728), 'rougeL': np.float64(0.055045871559633024), 'rougeLsum': np.float64(0.055045871559633024)}
Generated sample at index 151

Ground truth description for sample 147:
Quick serve, Federer returns a quick backhand return, good rally, Federer fails to keep a cross-court forehand in the play.

Model output:
In the tennis clip, Roger Federer is serving the ball, and Juan Martin Del Potro is preparing to return it. Federer hits the ball with a powerful serve, and Del Potro is able to return it with a strong forehand. The ball is then hit back and forth between the two players, with Federer eventually winning the point. The point is decided by Federer's ability to return the ball with precision and control.

ROUGE score: {'rouge1': np.float64(0.21052631578947367), 'rouge2': np.float64(0.02150537634408602), 'rougeL': np.float64(0.1473684210526316), 'rougeLsum': np.float64(0.1473684210526316)}
Generated sample at index 479

Ground truth description for sample 49:
Tsonga serves a acute angled slice serve, Djokovic crafts a forehand return, couple of shots exchanged, Djokovic hits a forehand down the line but fails to clear the net.

Model output:
In the tennis clip, Jo-Wilfried Tsonga and Novak Djokovic are engaged in a point on the Wimbledon grass court. Tsonga, dressed in a blue outfit, is positioned near the baseline, preparing to return a serve. Djokovic, in a white shirt, is in the middle of the court, ready to receive the ball. Tsonga executes a powerful serve, sending the ball towards Djokovic, who is positioned to return it. The rally continues with Djokovic making a solid return, and Tsonga, in a moment of intense focus, attempts to reach the ball but is unable to make the point. The rally ends with Djokovic winning the point, showcasing his strong return and control. The point concludes with Djokovic successfully hitting the ball over the net, securing the point.

ROUGE score: {'rouge1': np.float64(0.1794871794871795), 'rouge2': np.float64(0.025974025974025972), 'rougeL': np.float64(0.16666666666666666), 'rougeLsum': np.float64(0.16666666666666666)}
Average ROUGE score: {'rouge1': np.float64(0.10228208055042558), 'rouge2': np.float64(0.010848026945367418), 'rougeL': np.float64(0.08644429569164253), 'rougeLsum': np.float64(0.08644429569164253)}
Generated sample at index 629
Total token count: 1382
Generated sample at index 133
Total token count: 959
Generated sample at index 116
Total token count: 954
Generated sample at index 742
Total token count: 1842
Generated sample at index 737
Total token count: 1388
Generated sample at index 265
Total token count: 938
Generated sample at index 69
Total token count: 1393
Generated sample at index 460
Total token count: 963
Emptied CUDA cache
{'loss': '9.959', 'grad_norm': '9.399', 'learning_rate': '9.415e-05', 'entropy': '7.483', 'num_tokens': '4.722e+05', 'mean_token_accuracy': '0.02826', 'epoch': '0.5503'}
Generated sample at index 307
Total token count: 3165
Generated sample at index 395
Total token count: 941
Generated sample at index 155
Total token count: 1405
Generated sample at index 217
Total token count: 950
Generated sample at index 306
Total token count: 941
Generated sample at index 226
Total token count: 950
Generated sample at index 498
Total token count: 951
Generated sample at index 406
Total token count: 1840
Emptied CUDA cache
{'loss': '9.624', 'grad_norm': '8.633', 'learning_rate': '9.382e-05', 'entropy': '7.618', 'num_tokens': '4.825e+05', 'mean_token_accuracy': '0.03453', 'epoch': '0.5638'}
Generated sample at index 33
Total token count: 948
Generated sample at index 267
Total token count: 1846
Generated sample at index 65
Total token count: 1403
Generated sample at index 396
Total token count: 936
Generated sample at index 182
Total token count: 1398
Generated sample at index 587
Total token count: 1842
Generated sample at index 311
Total token count: 948
Generated sample at index 447
Total token count: 956
Emptied CUDA cache
{'loss': '9.491', 'grad_norm': '8.576', 'learning_rate': '9.347e-05', 'entropy': '7.767', 'num_tokens': '4.937e+05', 'mean_token_accuracy': '0.02882', 'epoch': '0.5772'}
Generated sample at index 161
Total token count: 1847
Generated sample at index 555
Total token count: 1417
Generated sample at index 496
Total token count: 961
Generated sample at index 634
Total token count: 959
Generated sample at index 73
Total token count: 948
Generated sample at index 362
Total token count: 2290
Generated sample at index 62
Total token count: 2279
Generated sample at index 744
Total token count: 2283
Emptied CUDA cache
{'loss': '9.191', 'grad_norm': '7.899', 'learning_rate': '9.313e-05', 'entropy': '7.847', 'num_tokens': '5.053e+05', 'mean_token_accuracy': '0.03383', 'epoch': '0.5906'}
Generated sample at index 549
Total token count: 1848
Generated sample at index 694
Total token count: 946
Generated sample at index 667
Total token count: 948
Generated sample at index 656
Total token count: 1392
Generated sample at index 649
Total token count: 2724
Generated sample at index 46
Total token count: 1400
Generated sample at index 114
Total token count: 940
Generated sample at index 689
Total token count: 949
Emptied CUDA cache
{'loss': '9.097', 'grad_norm': '7.64', 'learning_rate': '9.277e-05', 'entropy': '7.97', 'num_tokens': '5.178e+05', 'mean_token_accuracy': '0.02766', 'epoch': '0.604'}
Generated sample at index 383
Total token count: 2731
Generated sample at index 683
Total token count: 1837
Generated sample at index 25
Total token count: 1399
Generated sample at index 562
Total token count: 954
Generated sample at index 88
Total token count: 959
Generated sample at index 316
Total token count: 1846
Generated sample at index 473
Total token count: 1397
Generated sample at index 55
Total token count: 2287
Emptied CUDA cache
{'loss': '8.879', 'grad_norm': '8.371', 'learning_rate': '9.24e-05', 'entropy': '7.778', 'num_tokens': '5.299e+05', 'mean_token_accuracy': '0.03078', 'epoch': '0.6174'}
Generated sample at index 518
Total token count: 956
Generated sample at index 636
Total token count: 1391
Generated sample at index 446
Total token count: 1402
Generated sample at index 456
Total token count: 944
Generated sample at index 664
Total token count: 1403
Generated sample at index 92
Total token count: 1402
Generated sample at index 597
Total token count: 941
Generated sample at index 152
Total token count: 938
Emptied CUDA cache
{'loss': '8.72', 'grad_norm': '6.022', 'learning_rate': '9.203e-05', 'entropy': '7.793', 'num_tokens': '5.406e+05', 'mean_token_accuracy': '0.03155', 'epoch': '0.6309'}
Generated sample at index 516
Total token count: 954
Generated sample at index 647
Total token count: 1402
Generated sample at index 42
Total token count: 944
Generated sample at index 662
Total token count: 1405
Generated sample at index 544
Total token count: 948
Generated sample at index 453
Total token count: 1412
Generated sample at index 40
Total token count: 941
Generated sample at index 421
Total token count: 940
Emptied CUDA cache
{'loss': '8.536', 'grad_norm': '5.574', 'learning_rate': '9.165e-05', 'entropy': '7.646', 'num_tokens': '5.495e+05', 'mean_token_accuracy': '0.03434', 'epoch': '0.6443'}
Generated sample at index 30
Total token count: 1399
Generated sample at index 1
Total token count: 4489
Generated sample at index 548
Total token count: 2290
Generated sample at index 150
Total token count: 3176
Generated sample at index 409
Total token count: 1399
Generated sample at index 657
Total token count: 2721
Generated sample at index 209
Total token count: 1405
Generated sample at index 619
Total token count: 1396
Emptied CUDA cache
{'loss': '8.569', 'grad_norm': '5.77', 'learning_rate': '9.126e-05', 'entropy': '7.727', 'num_tokens': '5.674e+05', 'mean_token_accuracy': '0.02556', 'epoch': '0.6577'}
Generated sample at index 75
Total token count: 952
Generated sample at index 309
Total token count: 1409
Generated sample at index 721
Total token count: 1378
Generated sample at index 652
Total token count: 939
Generated sample at index 570
Total token count: 944
Generated sample at index 79
Total token count: 1394
Generated sample at index 38
Total token count: 1396
Generated sample at index 80
Total token count: 1403
Emptied CUDA cache
{'loss': '8.39', 'grad_norm': '5.266', 'learning_rate': '9.086e-05', 'entropy': '7.647', 'num_tokens': '5.772e+05', 'mean_token_accuracy': '0.0312', 'epoch': '0.6711'}
Generated sample at index 298
Generated sample at index 84
Total token count: 1849
Generated sample at index 169
Generated sample at index 567
Total token count: 1403
Generated sample at index 149
Generated sample at index 672
Total token count: 2728
Generated sample at index 468
Generated sample at index 344
Total token count: 1404
Generated sample at index 376
Generated sample at index 556
Total token count: 1405
Generated sample at index 295
Generated sample at index 94
Total token count: 956
Generated sample at index 385
Generated sample at index 387
Total token count: 1842
Generated sample at index 231
Generated sample at index 582
Total token count: 1842
Generated sample at index 286
Generated sample at index 234
Total token count: 1398
Generated sample at index 589
Generated sample at index 48
Total token count: 1404
Generated sample at index 584
Generated sample at index 194
Total token count: 953
Generated sample at index 202
Generated sample at index 220
Total token count: 1402
Generated sample at index 257
Generated sample at index 438
Total token count: 2727
Generated sample at index 398
Generated sample at index 130
Total token count: 1401
Generated sample at index 296
Generated sample at index 66
Total token count: 950
Generated sample at index 173
Generated sample at index 287
Total token count: 2728
Generated sample at index 645
Generated sample at index 28
Total token count: 1403
Generated sample at index 210
Generated sample at index 685
Total token count: 1840
Generated sample at index 5
Generated sample at index 547
Total token count: 1845
Generated sample at index 625
Generated sample at index 532
Total token count: 1403
Generated sample at index 101
Generated sample at index 710
Total token count: 1833
Generated sample at index 686
Generated sample at index 581
Total token count: 1852
Generated sample at index 99
Generated sample at index 253
Total token count: 2289
Generated sample at index 337
Generated sample at index 44
Total token count: 2302
Generated sample at index 123
Generated sample at index 479
Total token count: 1858
Generated sample at index 630
Generated sample at index 537
Total token count: 1844
Generated sample at index 203
Generated sample at index 739
Total token count: 948
Generated sample at index 279
Generated sample at index 663
Total token count: 2286
Generated sample at index 427
Generated sample at index 572
Total token count: 1402
Generated sample at index 439
Generated sample at index 215
Total token count: 1841
Generated sample at index 319
Generated sample at index 47
Total token count: 2731
Generated sample at index 9
Generated sample at index 391
Total token count: 965
Generated sample at index 666
Generated sample at index 568
Total token count: 1385
Generated sample at index 327
Generated sample at index 129
Total token count: 953
Generated sample at index 100
Generated sample at index 559
Total token count: 1407
Generated sample at index 477
Generated sample at index 613
Total token count: 2288
Generated sample at index 658
Generated sample at index 183
Total token count: 1842
Generated sample at index 145
Generated sample at index 7
Total token count: 1407
Generated sample at index 293
Generated sample at index 52
Total token count: 2285
Generated sample at index 627
Generated sample at index 358
Total token count: 1851
Generated sample at index 637
Generated sample at index 577
Total token count: 1403
Generated sample at index 301
Generated sample at index 98
Total token count: 2283
Generated sample at index 341
Generated sample at index 32
Total token count: 1402
Generated sample at index 284
Generated sample at index 176
Total token count: 1405
Generated sample at index 139
Generated sample at index 310
Total token count: 950
Generated sample at index 366
Generated sample at index 351
Total token count: 1853
Generated sample at index 6
Generated sample at index 328
Total token count: 1404
Generated sample at index 440
Generated sample at index 602
Total token count: 1387
Generated sample at index 616
Generated sample at index 269
Total token count: 1383
Generated sample at index 437
Generated sample at index 515
Total token count: 948
Generated sample at index 722
Generated sample at index 493
Total token count: 947
Generated sample at index 673
Generated sample at index 472
Total token count: 1406
Generated sample at index 620
Generated sample at index 716
Total token count: 1384
Generated sample at index 682
Generated sample at index 469
Total token count: 2285
Generated sample at index 445
Generated sample at index 563
Total token count: 1401
Generated sample at index 717
Generated sample at index 621
Total token count: 2725
Generated sample at index 578
Generated sample at index 78
Total token count: 1397
Generated sample at index 592
Generated sample at index 119
Total token count: 1404
Generated sample at index 528
Generated sample at index 449
Total token count: 1846
Generated sample at index 43
Generated sample at index 318
Total token count: 2288
Generated sample at index 711
Generated sample at index 476
Total token count: 1406
Generated sample at index 190
Generated sample at index 8
Total token count: 1401
Generated sample at index 382
Generated sample at index 692
Total token count: 1407
Generated sample at index 388
Generated sample at index 379
Total token count: 1848
Generated sample at index 553
Generated sample at index 76
Total token count: 1852
Generated sample at index 325
Generated sample at index 455
Total token count: 1842
Generated sample at index 252
Generated sample at index 110
Total token count: 1385
Generated sample at index 726
Generated sample at index 514
Total token count: 1402
Generated sample at index 646
Generated sample at index 444
Total token count: 1834
Generated sample at index 54
Generated sample at index 674
Total token count: 3175
Generated sample at index 280
Generated sample at index 10
Total token count: 2285
Generated sample at index 566
Generated sample at index 355
Total token count: 2283
Generated sample at index 172
Generated sample at index 442
Total token count: 950
Generated sample at index 13
Generated sample at index 151
Total token count: 2284
Generated sample at index 677
Generated sample at index 573
Total token count: 949
Computing metrics on evaluation batch...
{'eval_loss': '8.301', 'eval_token_accuracy': '0.000718', 'eval_runtime': '147.2', 'eval_samples_per_second': '1.019', 'eval_steps_per_second': '0.509', 'eval_entropy': '7.776', 'eval_num_tokens': '5.772e+05', 'eval_mean_token_accuracy': '0.03039', 'epoch': '0.6711'}
Generated sample at index 234

Ground truth description for sample 17:
Monumental serve is an ace.

Model output:
In this tennis clip, Roger Federer is serving the ball in a point. He serves the ball with a strong and precise shot, aiming for the baseline. Juan Martin Del Potro is positioned to receive the serve, preparing to return the ball. Del Potro takes the serve and returns it with a powerful shot, aiming to keep the point competitive. The rally continues, with both players exchanging shots, showcasing their skill and precision. Ultimately, the point is won by Federer, who successfully returns the ball and wins the point.

ROUGE score: {'rouge1': np.float64(0.0425531914893617), 'rouge2': np.float64(0.0), 'rougeL': np.float64(0.0425531914893617), 'rougeLsum': np.float64(0.0425531914893617)}
Generated sample at index 94

Ground truth description for sample 11:
Good serve aimed at T, Delpotro only reaches to it.

Model output:
In the tennis clip, Roger Federer and Juan Martin Del Potro are engaged in a point on the clay court. Federer is seen preparing to return a shot, likely a serve, while Del Potro is positioned to receive the return. The point is in progress, with Federer appearing to be in a strong position to win the point. The sequence captures the moment just before Federer's return, possibly indicating a crucial moment in the game. The outcome of the point is not explicitly detailed in the clip, but the context suggests that Federer is likely to have a successful return, potentially leading to a win for him.

ROUGE score: {'rouge1': np.float64(0.03389830508474576), 'rouge2': np.float64(0.0), 'rougeL': np.float64(0.03389830508474576), 'rougeLsum': np.float64(0.03389830508474576)}
Generated sample at index 439

Ground truth description for sample 58:
Fine serve, Williams returns a backhand return, rally, Zvonareva forehand miss-hit doesn't land in the court.

Model output:
The tennis clip captures a point between Serena Williams and Vera Zvonareva on a Wimbledon-style court. Serena, in a red and black outfit, is preparing to serve. She takes a deep breath and swings her racket, sending the ball into the air. The ball travels towards the baseline, where Vera, in a blue outfit, is positioned to return. Serena's serve is powerful, and Vera manages to return it with a strong backhand. The point continues with Serena's aggressive play, but Vera manages to keep the rally alive. However, Serena's serve is not as effective, and the point ends with Vera winning the rally.

ROUGE score: {'rouge1': np.float64(0.16), 'rouge2': np.float64(0.0), 'rougeL': np.float64(0.08), 'rougeLsum': np.float64(0.08)}
Generated sample at index 145

Ground truth description for sample 74:
Huge serve wide is an ace.

Model output:
In this tennis clip, Roger Federer is seen on the baseline, preparing to return a serve. The serve is well-executed, and Federer successfully returns the ball with a precise backhand. The point is won by Federer, as he successfully returns the ball to the opponent, who is now on the receiving end of the point. The score is now 4-1 in favor of Federer.

ROUGE score: {'rouge1': np.float64(0.05555555555555555), 'rouge2': np.float64(0.0), 'rougeL': np.float64(0.05555555555555555), 'rougeLsum': np.float64(0.05555555555555555)}
Generated sample at index 584

Ground truth description for sample 20:
Quick serve out wide is an ace.

Model output:
The tennis clip shows a point between Serena Williams and Maria Sharapova. Serena Williams is on the baseline, preparing to serve. She serves the ball with a powerful swing, sending it into the opponent's court. Maria Sharapova, positioned on the other side, returns the serve with a strong backhand. The ball is then played across the net, with Serena Williams attempting to return the ball with a forehand. However, the ball is not returned properly, and it falls to the ground. The point is won by Maria Sharapova, who successfully returns the ball with a forehand. The rally continues, with both players exchanging shots. Ultimately, the point is won by Serena Williams, who successfully returns the ball with a forehand. The rally concludes with Serena Williams winning the point.

ROUGE score: {'rouge1': np.float64(0.029197080291970805), 'rouge2': np.float64(0.0), 'rougeL': np.float64(0.029197080291970805), 'rougeLsum': np.float64(0.029197080291970805)}
Generated sample at index 215

Ground truth description for sample 59:
Good serve aimed at T, Federer miss-hits a backhand wide of the court.

Model output:
In this tennis clip, Roger Federer is serving the ball, and Juan Martin Del Potro is returning it. Federer hits the ball with a forehand, and Del Potro responds with a backhand. However, the ball is not properly served, and Federer successfully returns the ball. The point is won by Federer, and the score is now 40-40.

ROUGE score: {'rouge1': np.float64(0.1388888888888889), 'rouge2': np.float64(0.02857142857142857), 'rougeL': np.float64(0.1388888888888889), 'rougeLsum': np.float64(0.1388888888888889)}
Generated sample at index 438

Ground truth description for sample 25:
Good serve in the middle, Williams returns a quick backhand return, good rally, Zvonareva forehand doesn't make it over the net.

Model output:
In this tennis clip, Serena Williams is serving the ball, and Vera Zvonareva is preparing to return. The ball is served with a forehand, and Serena Williams is positioned to receive the return. Vera Zvonareva is in the process of returning the ball with a forehand. The ball is then hit back by Serena Williams, and Vera Zvonareva is in the process of returning the ball with a forehand. The ball is then hit back by Serena Williams, and Vera Zvonareva is in the process of returning the ball with a forehand. The ball is then hit back by Serena Williams, and Vera Zvonareva is in the process of returning the ball with a forehand. The ball is then hit back by Serena Williams, and Vera Zvonareva is in the process of returning the ball with a forehand. The ball is then hit back by Serena Williams, and Vera Zvonareva is in the process of returning the ball with a forehand. The ball is then hit back by Serena Williams, and Vera Zvonareva is in the process of returning the ball with a forehand. The ball is then hit back by Serena Williams, and Vera Zvonareva is in the process of returning

ROUGE score: {'rouge1': np.float64(0.07142857142857144), 'rouge2': np.float64(0.009009009009009009), 'rougeL': np.float64(0.06250000000000001), 'rougeLsum': np.float64(0.06250000000000001)}
Generated sample at index 269

Ground truth description for sample 97:
 Double Fault.

Model output:
In this tennis clip, Roger Federer is serving the ball. He is positioned on the baseline, preparing to serve. The point is in progress, with Federer in the process of serving. The ball is in the air, and the serve is in the process of being executed. The point is being played with both players actively engaged. The serve is being executed with precision, and the ball is in the air, indicating the point is in progress. The point is being played with both players actively engaged. The serve is being executed with precision, and the ball is in the air, indicating the point is in progress. The point is being played with both players actively engaged. The serve is being executed with precision, and the ball is in the air, indicating the point is in progress. The point is being played with both players actively engaged. The serve is being executed with precision, and the ball is in the air, indicating the point is in progress. The point is being played with both players actively engaged. The serve is being executed with precision, and the ball is in the air, indicating the point is in progress. The point is being played with both players actively engaged. The serve is being executed with precision, and the ball is in the air, indicating the

ROUGE score: {'rouge1': np.float64(0.0), 'rouge2': np.float64(0.0), 'rougeL': np.float64(0.0), 'rougeLsum': np.float64(0.0)}
Generated sample at index 613

Ground truth description for sample 71:
Fine serve placed at T, Sharapova returns a quick backhand return, couple of shots exchanged, Serena cross-court fails to clear the net in the middle.

Model output:
In the tennis clip, Serena Williams and Maria Sharapova are engaged in a point on the Wimbledon court. Serena Williams is on the serve, and Maria Sharapova is returning the serve. Serena Williams is in the process of hitting the ball, and Maria Sharapova is in the process of returning the ball. The point ends with Serena Williams winning the point.

ROUGE score: {'rouge1': np.float64(0.20689655172413793), 'rouge2': np.float64(0.02352941176470588), 'rougeL': np.float64(0.13793103448275862), 'rougeLsum': np.float64(0.13793103448275862)}
Generated sample at index 528

Ground truth description for sample 116:
Tsonga hits a slice serve, Djokovic returns a quick forehand return, Tsonga cross-court forehand lands wide of the court.

Model output:
In this tennis clip, Jo-Wilfried Tsonga is serving from the baseline, while Novak Djokovic is on the receiving end. Tsonga serves the ball, and Djokovic returns it with a forehand. Djokovic then proceeds to return the serve with a backhand, and Tsonga responds with a forehand. The point is won by Djokovic, who then returns the serve with a forehand. Tsonga then plays the next return with a forehand, but Djokovic manages to return it with a backhand. The point is won by Djokovic, who then returns the serve with a forehand. Tsonga then plays the next return with a forehand, but Djokovic manages to return it with a backhand. The point is won by Djokovic, who then returns the serve with a forehand. Tsonga then plays the next return with a forehand, but Djokovic manages to return it with a backhand. The point is won by Djokovic, who then returns the serve with a forehand. Tsonga then plays the next return with a forehand, but Djokovic manages to return it with a backhand. The point is won by Djokovic, who then

ROUGE score: {'rouge1': np.float64(0.10837438423645321), 'rouge2': np.float64(0.009950248756218905), 'rougeL': np.float64(0.10837438423645321), 'rougeLsum': np.float64(0.10837438423645321)}
Average ROUGE score: {'rouge1': np.float64(0.08467925286996852), 'rouge2': np.float64(0.007106009810136237), 'rougeL': np.float64(0.06888984400297346), 'rougeLsum': np.float64(0.06888984400297346)}
Generated sample at index 522
Total token count: 1849
Generated sample at index 184
Total token count: 1400
Generated sample at index 701
Total token count: 2283
Generated sample at index 218
Total token count: 968
Generated sample at index 626
Total token count: 949
Generated sample at index 273
Total token count: 2726
Generated sample at index 216
Total token count: 941
Generated sample at index 270
Total token count: 2295
Emptied CUDA cache
{'loss': '8.3', 'grad_norm': '4.531', 'learning_rate': '9.045e-05', 'entropy': '7.777', 'num_tokens': '5.897e+05', 'mean_token_accuracy': '0.03133', 'epoch': '0.6846'}
Generated sample at index 334
Total token count: 2724
Generated sample at index 502
Total token count: 1409
Generated sample at index 713
Total token count: 1839
Generated sample at index 384
Total token count: 943
Generated sample at index 338
Total token count: 1844
Generated sample at index 423
Total token count: 1400
Generated sample at index 454
Total token count: 961
Generated sample at index 214
Total token count: 1843
Emptied CUDA cache
{'loss': '8.224', 'grad_norm': '4.063', 'learning_rate': '9.004e-05', 'entropy': '7.894', 'num_tokens': '6.031e+05', 'mean_token_accuracy': '0.02989', 'epoch': '0.698'}
Generated sample at index 519
Total token count: 1401
Generated sample at index 249
Total token count: 2730
Generated sample at index 256
Total token count: 1405
Generated sample at index 622
Total token count: 1404
Generated sample at index 669
Total token count: 1843
Generated sample at index 49
Total token count: 1845
Generated sample at index 470
Total token count: 949
Generated sample at index 23
Total token count: 2283
Emptied CUDA cache
{'loss': '8.167', 'grad_norm': '3.489', 'learning_rate': '8.961e-05', 'entropy': '8.012', 'num_tokens': '6.165e+05', 'mean_token_accuracy': '0.02958', 'epoch': '0.7114'}
Generated sample at index 530
Total token count: 1404
Generated sample at index 121
Total token count: 1398
Generated sample at index 56
Total token count: 1841
Generated sample at index 506
Total token count: 945
Generated sample at index 333
Total token count: 1850
Generated sample at index 451
Total token count: 943
Generated sample at index 199
Total token count: 2286
Generated sample at index 58
Total token count: 1839
Emptied CUDA cache
{'loss': '8.104', 'grad_norm': '3.133', 'learning_rate': '8.918e-05', 'entropy': '8.092', 'num_tokens': '6.295e+05', 'mean_token_accuracy': '0.02898', 'epoch': '0.7248'}
Generated sample at index 237
Total token count: 950
Generated sample at index 2
Total token count: 2283
Generated sample at index 247
Total token count: 1841
Generated sample at index 436
Total token count: 945
Generated sample at index 606
Total token count: 1402
Generated sample at index 262
Total token count: 1405
Generated sample at index 435
Total token count: 1400
Generated sample at index 340
Total token count: 1845
Emptied CUDA cache
{'loss': '8.033', 'grad_norm': '2.736', 'learning_rate': '8.875e-05', 'entropy': '8.102', 'num_tokens': '6.415e+05', 'mean_token_accuracy': '0.03005', 'epoch': '0.7383'}
Generated sample at index 93
Total token count: 956
Generated sample at index 37
Total token count: 953
Generated sample at index 89
Total token count: 1397
Generated sample at index 490
Total token count: 965
Generated sample at index 459
Total token count: 1850
Generated sample at index 569
Total token count: 1402
Generated sample at index 181
Total token count: 953
Generated sample at index 335
Total token count: 941
Emptied CUDA cache
{'loss': '7.92', 'grad_norm': '2.399', 'learning_rate': '8.83e-05', 'entropy': '8.038', 'num_tokens': '6.519e+05', 'mean_token_accuracy': '0.03466', 'epoch': '0.7517'}
Generated sample at index 353
Total token count: 1411
Generated sample at index 546
Total token count: 1847
Generated sample at index 534
Total token count: 1412
Generated sample at index 628
Total token count: 1843
Generated sample at index 138
Total token count: 1401
Generated sample at index 681
Total token count: 1391
Generated sample at index 402
Total token count: 1396
Generated sample at index 509
Total token count: 1846
Emptied CUDA cache
{'loss': '7.923', 'grad_norm': '2.197', 'learning_rate': '8.785e-05', 'entropy': '8.111', 'num_tokens': '6.635e+05', 'mean_token_accuracy': '0.03088', 'epoch': '0.7651'}
Generated sample at index 285
Total token count: 1402
Generated sample at index 41
Total token count: 2289
Generated sample at index 564
Total token count: 1846
Generated sample at index 638
Total token count: 954
Generated sample at index 543
Total token count: 950
Generated sample at index 452
Total token count: 1408
Generated sample at index 180
Total token count: 944
Generated sample at index 593
Total token count: 1402
Emptied CUDA cache
{'loss': '7.87', 'grad_norm': '1.868', 'learning_rate': '8.739e-05', 'entropy': '8.067', 'num_tokens': '6.751e+05', 'mean_token_accuracy': '0.03268', 'epoch': '0.7785'}
Generated sample at index 124
Total token count: 942
Generated sample at index 82
Total token count: 954
Generated sample at index 294
Total token count: 955
Generated sample at index 687
Total token count: 2727
Generated sample at index 609
Total token count: 2277
Generated sample at index 457
Total token count: 1857
Generated sample at index 426
Total token count: 1406
Generated sample at index 312
Total token count: 957
Emptied CUDA cache
{'loss': '7.852', 'grad_norm': '1.628', 'learning_rate': '8.692e-05', 'entropy': '8.061', 'num_tokens': '6.877e+05', 'mean_token_accuracy': '0.0305', 'epoch': '0.7919'}
Generated sample at index 545
Total token count: 1402
Generated sample at index 727
Total token count: 1842
Generated sample at index 212
Total token count: 1404
Generated sample at index 419
Total token count: 2284
Generated sample at index 531
Total token count: 1397
Generated sample at index 585
Total token count: 1841
Generated sample at index 576
Total token count: 1399
Generated sample at index 232
Total token count: 1393
Emptied CUDA cache
{'loss': '7.826', 'grad_norm': '1.488', 'learning_rate': '8.645e-05', 'entropy': '8.038', 'num_tokens': '7.002e+05', 'mean_token_accuracy': '0.03141', 'epoch': '0.8054'}
Generated sample at index 298
Generated sample at index 84
Total token count: 1849
Generated sample at index 169
Generated sample at index 567
Total token count: 1403
Generated sample at index 149
Generated sample at index 672
Total token count: 2728
Generated sample at index 468
Generated sample at index 344
Total token count: 1404
Generated sample at index 376
Generated sample at index 556
Total token count: 1405
Generated sample at index 295
Generated sample at index 94
Total token count: 956
Generated sample at index 385
Generated sample at index 387
Total token count: 1842
Generated sample at index 231
Generated sample at index 582
Total token count: 1842
Generated sample at index 286
Generated sample at index 234
Total token count: 1398
Generated sample at index 589
Generated sample at index 48
Total token count: 1404
Generated sample at index 584
Generated sample at index 194
Total token count: 953
Generated sample at index 202
Generated sample at index 220
Total token count: 1402
Generated sample at index 257
Generated sample at index 438
Total token count: 2727
Generated sample at index 398
Generated sample at index 130
Total token count: 1401
Generated sample at index 296
Generated sample at index 66
Total token count: 950
Generated sample at index 173
Generated sample at index 287
Total token count: 2728
Generated sample at index 645
Generated sample at index 28
Total token count: 1403
Generated sample at index 210
Generated sample at index 685
Total token count: 1840
Generated sample at index 5
Generated sample at index 547
Total token count: 1845
Generated sample at index 625
Generated sample at index 532
Total token count: 1403
Generated sample at index 101
Generated sample at index 710
Total token count: 1833
Generated sample at index 686
Generated sample at index 581
Total token count: 1852
Generated sample at index 99
Generated sample at index 253
Total token count: 2289
Generated sample at index 337
Generated sample at index 44
Total token count: 2302
Generated sample at index 123
Generated sample at index 479
Total token count: 1858
Generated sample at index 630
Generated sample at index 537
Total token count: 1844
Generated sample at index 203
Generated sample at index 739
Total token count: 948
Generated sample at index 279
Generated sample at index 663
Total token count: 2286
Generated sample at index 427
Generated sample at index 572
Total token count: 1402
Generated sample at index 439
Generated sample at index 215
Total token count: 1841
Generated sample at index 319
Generated sample at index 47
Total token count: 2731
Generated sample at index 9
Generated sample at index 391
Total token count: 965
Generated sample at index 666
Generated sample at index 568
Total token count: 1385
Generated sample at index 327
Generated sample at index 129
Total token count: 953
Generated sample at index 100
Generated sample at index 559
Total token count: 1407
Generated sample at index 477
Generated sample at index 613
Total token count: 2288
Generated sample at index 658
Generated sample at index 183
Total token count: 1842
Generated sample at index 145
Generated sample at index 7
Total token count: 1407
Generated sample at index 293
Generated sample at index 52
Total token count: 2285
Generated sample at index 627
Generated sample at index 358
Total token count: 1851
Generated sample at index 637
Generated sample at index 577
Total token count: 1403
Generated sample at index 301
Generated sample at index 98
Total token count: 2283
Generated sample at index 341
Generated sample at index 32
Total token count: 1402
Generated sample at index 284
Generated sample at index 176
Total token count: 1405
Generated sample at index 139
Generated sample at index 310
Total token count: 950
Generated sample at index 366
Generated sample at index 351
Total token count: 1853
Generated sample at index 6
Generated sample at index 328
Total token count: 1404
Generated sample at index 440
Generated sample at index 602
Total token count: 1387
Generated sample at index 616
Generated sample at index 269
Total token count: 1383
Generated sample at index 437
Generated sample at index 515
Total token count: 948
Generated sample at index 722
Generated sample at index 493
Total token count: 947
Generated sample at index 673
Generated sample at index 472
Total token count: 1406
Generated sample at index 620
Generated sample at index 716
Total token count: 1384
Generated sample at index 682
Generated sample at index 469
Total token count: 2285
Generated sample at index 445
Generated sample at index 563
Total token count: 1401
Generated sample at index 717
Generated sample at index 621
Total token count: 2725
Generated sample at index 578
Generated sample at index 78
Total token count: 1397
Generated sample at index 592
Generated sample at index 119
Total token count: 1404
Generated sample at index 528
Generated sample at index 449
Total token count: 1846
Generated sample at index 43
Generated sample at index 318
Total token count: 2288
Generated sample at index 711
Generated sample at index 476
Total token count: 1406
Generated sample at index 190
Generated sample at index 8
Total token count: 1401
Generated sample at index 382
Generated sample at index 692
Total token count: 1407
Generated sample at index 388
Generated sample at index 379
Total token count: 1848
Generated sample at index 553
Generated sample at index 76
Total token count: 1852
Generated sample at index 325
Generated sample at index 455
Total token count: 1842
Generated sample at index 252
Generated sample at index 110
Total token count: 1385
Generated sample at index 726
Generated sample at index 514
Total token count: 1402
Generated sample at index 646
Generated sample at index 444
Total token count: 1834
Generated sample at index 54
Generated sample at index 674
Total token count: 3175
Generated sample at index 280
Generated sample at index 10
Total token count: 2285
Generated sample at index 566
Generated sample at index 355
Total token count: 2283
Generated sample at index 172
Generated sample at index 442
Total token count: 950
Generated sample at index 13
Generated sample at index 151
Total token count: 2284
Generated sample at index 677
Generated sample at index 573
Total token count: 949
Computing metrics on evaluation batch...
{'eval_loss': '7.794', 'eval_token_accuracy': '3.35e-05', 'eval_runtime': '147.5', 'eval_samples_per_second': '1.017', 'eval_steps_per_second': '0.508', 'eval_entropy': '8.005', 'eval_num_tokens': '7.002e+05', 'eval_mean_token_accuracy': '0.03176', 'epoch': '0.8054'}
Generated sample at index 328

Ground truth description for sample 93:
Quick serve out wide, Delpotro crafts a backhand return, couple of shots exchanged, Delpotro whips a forehand cross-court winner.

Model output:
The tennis clip shows a point between Roger Federer and Juan Martin Del Potro. Federer is serving, and Del Potro is returning. Federer is in the middle of the court, and Del Potro is in the back of the court. Federer hits the ball, and Del Potro returns it. Federer is in the middle of the court, and Del Potro is in the back of the court. Federer hits the ball, and Del Potro returns it. Federer is in the middle of the court, and Del Potro is in the back of the court. Federer hits the ball, and Del Potro returns it. Federer is in the middle of the court, and Del Potro is in the back of the court. Federer hits the ball, and Del Potro returns it. Federer is in the middle of the court, and Del Potro is in the back of the court. Federer hits the ball, and Del Potro returns it. Federer is in the middle of the court, and Del Potro is in the back of the court. Federer hits the ball, and Del Potro returns it. Federer is in the middle of the court, and Del Potro is in the

ROUGE score: {'rouge1': np.float64(0.027522935779816512), 'rouge2': np.float64(0.0), 'rougeL': np.float64(0.027522935779816512), 'rougeLsum': np.float64(0.027522935779816512)}
Generated sample at index 710

Ground truth description for sample 41:
Good serve in the middle, Williams returns a forehand return, rally, Serena strokes a backhand cross-court winner.

Model output:
The tennis clip shows a point between Victoria Azarenka and Serena Williams. Victoria Azarenka is serving, and Serena Williams is returning the serve. The point ends with Serena Williams winning the point.

ROUGE score: {'rouge1': np.float64(0.19999999999999998), 'rouge2': np.float64(0.0), 'rougeL': np.float64(0.12000000000000002), 'rougeLsum': np.float64(0.12000000000000002)}
Generated sample at index 440

Ground truth description for sample 94:
Zvonareva hits a slice serve, Williams hammers a forehand return winner cross-court.

Model output:
In the tennis clip, Serena Williams is serving the ball while Vera Zvonareva is on the receiving end. The ball is served with a strong, aggressive stroke, and Zvonareva is positioned to return it. The point is contested with both players demonstrating excellent technique and precision. The serve is well-placed, and Zvonareva is able to return it with a strong, controlled shot. The point is ultimately won by Serena Williams, who successfully converts the point with a powerful, accurate shot. The rally is intense, with both players demonstrating their skill and composure under pressure. The point is concluded with a decisive shot from Serena, who successfully returns the ball to the baseline, putting the opponent in a difficult position. The score is 0-40, and the point is won by Serena Williams.

ROUGE score: {'rouge1': np.float64(0.0821917808219178), 'rouge2': np.float64(0.0), 'rougeL': np.float64(0.0684931506849315), 'rougeLsum': np.float64(0.0684931506849315)}
Generated sample at index 366

Ground truth description for sample 90:
Good serve in the middle, Serena returns a backhand return, short rally, Serena thumps a backhand cross-court winner.

Model output:
In the tennis clip, Serena Williams is on the baseline, preparing to serve. She tosses the ball and serves it to Vera Zvonareva. Vera Zvonareva returns the serve with a powerful backhand, sending it into the net. Serena Williams then moves to the baseline and hits a forehand, which is a strong shot. Vera Zvonareva responds with a backhand, but Serena Williams is able to return the point with a forehand, winning the point. The score is now 0-15.

ROUGE score: {'rouge1': np.float64(0.22222222222222227), 'rouge2': np.float64(0.041237113402061855), 'rougeL': np.float64(0.18181818181818182), 'rougeLsum': np.float64(0.18181818181818182)}
Generated sample at index 739

Ground truth description for sample 53:
Quick out-wide serve is an ace.

Model output:
In this tennis clip, Victoria Azarenka is serving the ball during a point. The ball is in the air, and Azarenka is preparing to return the serve. The point is then contested, and Azarenka is seen returning the serve. The ball is then in the air, and Azarenka is preparing to return the serve. The point is then contested, and Azarenka is seen returning the serve. The ball is then in the air, and Azarenka is preparing to return the serve. The point is then contested, and Azarenka is seen returning the serve. The ball is then in the air, and Azarenka is preparing to return the serve. The point is then contested, and Azarenka is seen returning the serve. The ball is then in the air, and Azarenka is preparing to return the serve. The point is then contested, and Azarenka is seen returning the serve. The ball is then in the air, and Azarenka is preparing to return the serve. The point is then contested, and Azarenka is seen returning the serve. The ball is then in the air, and Azarenka is preparing to return the serve. The point is then contested, and Azarenka is

ROUGE score: {'rouge1': np.float64(0.0196078431372549), 'rouge2': np.float64(0.0), 'rougeL': np.float64(0.0196078431372549), 'rougeLsum': np.float64(0.0196078431372549)}
Generated sample at index 100

Ground truth description for sample 68:
Fine serve, Federer delivers a backhand return, Delpotro backhand flies outside the court.

Model output:
In the tennis clip, the point begins with Juan Martin Del Potro serving. He successfully returns the serve, but Federer then hits a backhand. Del Potro responds with a forehand, but Federer is able to return the shot. The point ends with Federer winning the point.

ROUGE score: {'rouge1': np.float64(0.20338983050847456), 'rouge2': np.float64(0.03508771929824561), 'rougeL': np.float64(0.20338983050847456), 'rougeLsum': np.float64(0.20338983050847456)}
Generated sample at index 589

Ground truth description for sample 18:
Heavy serve out wide, Williams returns a quick forehand return, short rally, Sharapova strokes a backhand cross-court winner which clips the net.

Model output:
In the tennis clip, the score is 40-30, indicating that the point is in the middle of a tiebreak. The player who is serving has a chance to win the point. The player who is serving is not in the frame, but the point is still being played. The player who is serving is likely to make a good return, but the player who is receiving the serve is likely to make a strong return. The player who is serving is likely to win the point, but the player who is receiving the serve is likely to make a strong return. The point is likely to be won by the player who is serving.

ROUGE score: {'rouge1': np.float64(0.07246376811594203), 'rouge2': np.float64(0.0), 'rougeL': np.float64(0.07246376811594203), 'rougeLsum': np.float64(0.07246376811594203)}
Generated sample at index 581

Ground truth description for sample 43:
Williams hits a good serve, Sharapova struggles with it, before hitting a backhand into the net.

Model output:
In the tennis clip, the point is played with Serena Williams and Maria Sharapova. Serena Williams is serving the ball, and Maria Sharapova is returning it. The point is won by Serena Williams, who hits the ball with a forehand. The ball is then returned by Maria Sharapova, who hits the ball with a backhand. The point is then won by Serena Williams, who hits the ball with a forehand. The ball is then returned by Maria Sharapova, who hits the ball with a backhand. The point is then won by Serena Williams, who hits the ball with a forehand. The ball is then returned by Maria Sharapova, who hits the ball with a backhand. The point is then won by Serena Williams, who hits the ball with a forehand. The ball is then returned by Maria Sharapova, who hits the ball with a backhand. The point is then won by Serena Williams, who hits the ball with a forehand. The ball is then returned by Maria Sharapova, who hits the ball with a backhand. The point is then won by Serena Williams, who hits the ball with a forehand. The ball is then returned by Maria Sharapova, who hits the ball

ROUGE score: {'rouge1': np.float64(0.08256880733944953), 'rouge2': np.float64(0.009259259259259259), 'rougeL': np.float64(0.07339449541284403), 'rougeLsum': np.float64(0.07339449541284403)}
Generated sample at index 646

Ground truth description for sample 136:
Fine serve, Williams works a forehand return, brief rally, Serena rushes to net and smashes a forehand winner.

Model output:
In this tennis clip, Serena Williams and Maria Sharapova are engaged in a point on the court. Serena Williams is in the process of serving, and Maria Sharapova is preparing to return the serve. The point is played on a hard court, and both players are in a focused state, with Serena Williams being the one who is currently serving. The serve is well-executed, and Maria Sharapova is ready to respond. The point is then contested, and the outcome is decided by the players' skills and strategy. The point is won by Serena Williams, and the score is Game.

ROUGE score: {'rouge1': np.float64(0.13559322033898308), 'rouge2': np.float64(0.0), 'rougeL': np.float64(0.10169491525423728), 'rougeLsum': np.float64(0.10169491525423728)}
Generated sample at index 9

Ground truth description for sample 62:
Federer arrows a good out wide, Delpotro is unable to return it over the net.

Model output:
The point is a tiebreak. The player who wins the tiebreak will win the game. The player who wins the tiebreak will win the game. The player who wins the tiebreak will win the game. The player who wins the tiebreak will win the game. The player who wins the tiebreak will win the game. The player who wins the tiebreak will win the game. The player who wins the tiebreak will win the game. The player who wins the tiebreak will win the game. The player who wins the tiebreak will win the game. The player who wins the tiebreak will win the game. The player who wins the tiebreak will win the game. The player who wins the tiebreak will win the game. The player who wins the tiebreak will win the game. The player who wins the tiebreak will win the game. The player who wins the tiebreak will win the game. The player who wins the tiebreak will win the game. The player who wins the tiebreak will win the game. The player who wins the tiebreak will win the game. The player who wins the tiebreak will win the game. The player who wins the tiebreak will win the game. The player who wins the tiebreak will win

ROUGE score: {'rouge1': np.float64(0.02631578947368421), 'rouge2': np.float64(0.0), 'rougeL': np.float64(0.01754385964912281), 'rougeLsum': np.float64(0.01754385964912281)}
Average ROUGE score: {'rouge1': np.float64(0.10718761977377449), 'rouge2': np.float64(0.008558409195956674), 'rougeL': np.float64(0.08859289803608054), 'rougeLsum': np.float64(0.08859289803608054)}
Generated sample at index 83
Total token count: 944
Generated sample at index 400
Total token count: 1406
Generated sample at index 63
Total token count: 955
Generated sample at index 177
Total token count: 964
Generated sample at index 132
Total token count: 953
Generated sample at index 361
Total token count: 1405
Generated sample at index 399
Total token count: 1844
Generated sample at index 175
Total token count: 948
Emptied CUDA cache
{'loss': '7.749', 'grad_norm': '1.479', 'learning_rate': '8.597e-05', 'entropy': '7.939', 'num_tokens': '7.101e+05', 'mean_token_accuracy': '0.03425', 'epoch': '0.8188'}
Generated sample at index 205
Total token count: 950
Generated sample at index 643
Total token count: 935
Generated sample at index 16
Total token count: 949
Generated sample at index 599
Total token count: 1376
Generated sample at index 492
Total token count: 943
Generated sample at index 740
Total token count: 940
Generated sample at index 11
Total token count: 1412
Generated sample at index 160
Total token count: 1402
Emptied CUDA cache
{'loss': '7.739', 'grad_norm': '1.426', 'learning_rate': '8.548e-05', 'entropy': '7.943', 'num_tokens': '7.185e+05', 'mean_token_accuracy': '0.03274', 'epoch': '0.8322'}
Generated sample at index 741
Total token count: 1402
Generated sample at index 143
Total token count: 4494
Generated sample at index 678
Total token count: 944
Generated sample at index 736
Total token count: 1381
Generated sample at index 538
Total token count: 1849
Generated sample at index 167
Total token count: 2722
Generated sample at index 401
Total token count: 1401
Generated sample at index 27
Total token count: 1846
Emptied CUDA cache
{'loss': '7.782', 'grad_norm': '1.269', 'learning_rate': '8.498e-05', 'entropy': '8.04', 'num_tokens': '7.341e+05', 'mean_token_accuracy': '0.02917', 'epoch': '0.8456'}
Generated sample at index 22
Total token count: 1397
Generated sample at index 414
Total token count: 942
Generated sample at index 147
Total token count: 953
Generated sample at index 157
Total token count: 1839
Generated sample at index 200
Total token count: 3171
Generated sample at index 596
Total token count: 950
Generated sample at index 14
Total token count: 1402
Generated sample at index 591
Total token count: 1840
Emptied CUDA cache
{'loss': '7.724', 'grad_norm': '1.196', 'learning_rate': '8.448e-05', 'entropy': '7.969', 'num_tokens': '7.466e+05', 'mean_token_accuracy': '0.03154', 'epoch': '0.8591'}
Generated sample at index 408
Total token count: 1849
Generated sample at index 195
Total token count: 1404
Generated sample at index 105
Total token count: 949
Generated sample at index 655
Total token count: 936
Generated sample at index 104
Total token count: 943
Generated sample at index 653
Total token count: 939
Generated sample at index 153
Total token count: 1393
Generated sample at index 315
Total token count: 1399
Emptied CUDA cache
{'loss': '7.698', 'grad_norm': '1.195', 'learning_rate': '8.397e-05', 'entropy': '7.948', 'num_tokens': '7.569e+05', 'mean_token_accuracy': '0.03239', 'epoch': '0.8725'}
Generated sample at index 187
Total token count: 950
Generated sample at index 275
Total token count: 964
Generated sample at index 715
Total token count: 936
Generated sample at index 317
Total token count: 2292
Generated sample at index 24
Total token count: 1841
Generated sample at index 4
Total token count: 1404
Generated sample at index 349
Total token count: 2292
Generated sample at index 59
Total token count: 1402
Emptied CUDA cache
{'loss': '7.675', 'grad_norm': '1.083', 'learning_rate': '8.346e-05', 'entropy': '7.938', 'num_tokens': '7.689e+05', 'mean_token_accuracy': '0.03352', 'epoch': '0.8859'}
Generated sample at index 380
Total token count: 1839
Generated sample at index 527
Total token count: 946
Generated sample at index 539
Total token count: 1406
Generated sample at index 244
Total token count: 2291
Generated sample at index 188
Total token count: 1413
Generated sample at index 369
Total token count: 1397
Generated sample at index 260
Total token count: 1846
Generated sample at index 221
Total token count: 1405
Emptied CUDA cache
{'loss': '7.651', 'grad_norm': '0.8907', 'learning_rate': '8.293e-05', 'entropy': '7.913', 'num_tokens': '7.815e+05', 'mean_token_accuracy': '0.036', 'epoch': '0.8993'}
Generated sample at index 466
Total token count: 1413
Generated sample at index 697
Total token count: 1836
Generated sample at index 283
Total token count: 1403
Generated sample at index 26
Total token count: 1844
Generated sample at index 489
Total token count: 950
Generated sample at index 297
Total token count: 1399
Generated sample at index 680
Total token count: 1397
Generated sample at index 624
Total token count: 1395
Emptied CUDA cache
{'loss': '7.627', 'grad_norm': '0.8643', 'learning_rate': '8.241e-05', 'entropy': '7.888', 'num_tokens': '7.931e+05', 'mean_token_accuracy': '0.03531', 'epoch': '0.9128'}
Generated sample at index 378
Total token count: 1398
Generated sample at index 322
Total token count: 1844
Generated sample at index 370
Total token count: 1398
Generated sample at index 277
Total token count: 949
Generated sample at index 507
Total token count: 1845
Generated sample at index 288
Total token count: 1405
Generated sample at index 248
Total token count: 942
Generated sample at index 554
Total token count: 1415
Emptied CUDA cache
{'loss': '7.624', 'grad_norm': '0.8226', 'learning_rate': '8.187e-05', 'entropy': '7.87', 'num_tokens': '8.043e+05', 'mean_token_accuracy': '0.03454', 'epoch': '0.9262'}
Generated sample at index 193
Total token count: 1845
Generated sample at index 313
Total token count: 1407
Generated sample at index 112
Total token count: 945
Generated sample at index 263
Total token count: 945
Generated sample at index 483
Total token count: 954
Generated sample at index 251
Total token count: 1413
Generated sample at index 126
Total token count: 2291
Generated sample at index 208
Total token count: 1407
Emptied CUDA cache
{'loss': '7.565', 'grad_norm': '0.6926', 'learning_rate': '8.133e-05', 'entropy': '7.815', 'num_tokens': '8.155e+05', 'mean_token_accuracy': '0.03888', 'epoch': '0.9396'}
Generated sample at index 298
Generated sample at index 84
Total token count: 1849
Generated sample at index 169
Generated sample at index 567
Total token count: 1403
Generated sample at index 149
Generated sample at index 672
Total token count: 2728
Generated sample at index 468
Generated sample at index 344
Total token count: 1404
Generated sample at index 376
Generated sample at index 556
Total token count: 1405
Generated sample at index 295
Generated sample at index 94
Total token count: 956
Generated sample at index 385
Generated sample at index 387
Total token count: 1842
Generated sample at index 231
Generated sample at index 582
Total token count: 1842
Generated sample at index 286
Generated sample at index 234
Total token count: 1398
Generated sample at index 589
Generated sample at index 48
Total token count: 1404
Generated sample at index 584
Generated sample at index 194
Total token count: 953
Generated sample at index 202
Generated sample at index 220
Total token count: 1402
Generated sample at index 257
Generated sample at index 438
Total token count: 2727
Generated sample at index 398
Generated sample at index 130
Total token count: 1401
Generated sample at index 296
Generated sample at index 66
Total token count: 950
Generated sample at index 173
Generated sample at index 287
Total token count: 2728
Generated sample at index 645
Generated sample at index 28
Total token count: 1403
Generated sample at index 210
Generated sample at index 685
Total token count: 1840
Generated sample at index 5
Generated sample at index 547
Total token count: 1845
Generated sample at index 625
Generated sample at index 532
Total token count: 1403
Generated sample at index 101
Generated sample at index 710
Total token count: 1833
Generated sample at index 686
Generated sample at index 581
Total token count: 1852
Generated sample at index 99
Generated sample at index 253
Total token count: 2289
Generated sample at index 337
Generated sample at index 44
Total token count: 2302
Generated sample at index 123
Generated sample at index 479
Total token count: 1858
Generated sample at index 630
Generated sample at index 537
Total token count: 1844
Generated sample at index 203
Generated sample at index 739
Total token count: 948
Generated sample at index 279
Generated sample at index 663
Total token count: 2286
Generated sample at index 427
Generated sample at index 572
Total token count: 1402
Generated sample at index 439
Generated sample at index 215
Total token count: 1841
Generated sample at index 319
Generated sample at index 47
Total token count: 2731
Generated sample at index 9
Generated sample at index 391
Total token count: 965
Generated sample at index 666
Generated sample at index 568
Total token count: 1385
Generated sample at index 327
Generated sample at index 129
Total token count: 953
Generated sample at index 100
Generated sample at index 559
Total token count: 1407
Generated sample at index 477
Generated sample at index 613
Total token count: 2288
Generated sample at index 658
Generated sample at index 183
Total token count: 1842
Generated sample at index 145
Generated sample at index 7
Total token count: 1407
Generated sample at index 293
Generated sample at index 52
Total token count: 2285
Generated sample at index 627
Generated sample at index 358
Total token count: 1851
Generated sample at index 637
Generated sample at index 577
Total token count: 1403
Generated sample at index 301
Generated sample at index 98
Total token count: 2283
Generated sample at index 341
Generated sample at index 32
Total token count: 1402
Generated sample at index 284
Generated sample at index 176
Total token count: 1405
Generated sample at index 139
Generated sample at index 310
Total token count: 950
Generated sample at index 366
Generated sample at index 351
Total token count: 1853
Generated sample at index 6
Generated sample at index 328
Total token count: 1404
Generated sample at index 440
Generated sample at index 602
Total token count: 1387
Generated sample at index 616
Generated sample at index 269
Total token count: 1383
Generated sample at index 437
Generated sample at index 515
Total token count: 948
Generated sample at index 722
Generated sample at index 493
Total token count: 947
Generated sample at index 673
Generated sample at index 472
Total token count: 1406
Generated sample at index 620
Generated sample at index 716
Total token count: 1384
Generated sample at index 682
Generated sample at index 469
Total token count: 2285
Generated sample at index 445
Generated sample at index 563
Total token count: 1401
Generated sample at index 717
Generated sample at index 621
Total token count: 2725
Generated sample at index 578
Generated sample at index 78
Total token count: 1397
Generated sample at index 592
Generated sample at index 119
Total token count: 1404
Generated sample at index 528
Generated sample at index 449
Total token count: 1846
Generated sample at index 43
Generated sample at index 318
Total token count: 2288
Generated sample at index 711
Generated sample at index 476
Total token count: 1406
Generated sample at index 190
Generated sample at index 8
Total token count: 1401
Generated sample at index 382
Generated sample at index 692
Total token count: 1407
Generated sample at index 388
Generated sample at index 379
Total token count: 1848
Generated sample at index 553
Generated sample at index 76
Total token count: 1852
Generated sample at index 325
Generated sample at index 455
Total token count: 1842
Generated sample at index 252
Generated sample at index 110
Total token count: 1385
Generated sample at index 726
Generated sample at index 514
Total token count: 1402
Generated sample at index 646
Generated sample at index 444
Total token count: 1834
Generated sample at index 54
Generated sample at index 674
Total token count: 3175
Generated sample at index 280
Generated sample at index 10
Total token count: 2285
Generated sample at index 566
Generated sample at index 355
Total token count: 2283
Generated sample at index 172
Generated sample at index 442
Total token count: 950
Generated sample at index 13
Generated sample at index 151
Total token count: 2284
Generated sample at index 677
Generated sample at index 573
Total token count: 949
Computing metrics on evaluation batch...
{'eval_loss': '7.595', 'eval_token_accuracy': '0', 'eval_runtime': '147.5', 'eval_samples_per_second': '1.017', 'eval_steps_per_second': '0.509', 'eval_entropy': '7.842', 'eval_num_tokens': '8.155e+05', 'eval_mean_token_accuracy': '0.03563', 'epoch': '0.9396'}
Generated sample at index 710

Ground truth description for sample 41:
Good serve in the middle, Williams returns a forehand return, rally, Serena strokes a backhand cross-court winner.

Model output:
Victoria Azarenka is serving the ball. Serena Williams is returning the serve. Azarenka is hitting the ball with the backhand. Williams is hitting the ball with the forehand. Azarenka is hitting the ball with the backhand. Williams is hitting the ball with the forehand. Azarenka is hitting the ball with the backhand. Williams is hitting the ball with the forehand. Azarenka is hitting the ball with the backhand. Williams is hitting the ball with the forehand. Azarenka is hitting the ball with the backhand. Williams is hitting the ball with the forehand. Azarenka is hitting the ball with the backhand. Williams is hitting the ball with the forehand. Azarenka is hitting the ball with the backhand. Williams is hitting the ball with the forehand. Azarenka is hitting the ball with the backhand. Williams is hitting the ball with the forehand. Azarenka is hitting the ball with the backhand. Williams is hitting the ball with the forehand. Azarenka is hitting the ball with the backhand. Williams is hitting the ball with the forehand. Azarenka is hitting the ball with the backhand. Williams is hitting the ball with the fore

ROUGE score: {'rouge1': np.float64(0.058252427184466014), 'rouge2': np.float64(0.0), 'rougeL': np.float64(0.04854368932038835), 'rougeLsum': np.float64(0.04854368932038835)}
Generated sample at index 43

Ground truth description for sample 118:
Heavy serve aimed out wide, Delpotro delivers a forehand return, Federer cross-court backhand is not able to clear the net.

Model output:
The player in the blue shirt, Juan Martin Del Potro, hits a forehand winner. The player in the red shirt, Roger Federer, returns the serve with a backhand. The player in the blue shirt, Juan Martin Del Potro, hits a forehand winner. The player in the red shirt, Roger Federer, returns the serve with a backhand. The player in the blue shirt, Juan Martin Del Potro, hits a forehand winner. The player in the red shirt, Roger Federer, returns the serve with a backhand. The player in the blue shirt, Juan Martin Del Potro, hits a forehand winner. The player in the red shirt, Roger Federer, returns the serve with a backhand. The player in the blue shirt, Juan Martin Del Potro, hits a forehand winner. The player in the red shirt, Roger Federer, returns the serve with a backhand. The player in the blue shirt, Juan Martin Del Potro, hits a forehand winner. The player in the red shirt, Roger Federer, returns the serve with a backhand. The player in the blue shirt, Juan Martin Del Potro, hits a forehand winner. The player in the red shirt, Roger Feder

ROUGE score: {'rouge1': np.float64(0.056872037914691954), 'rouge2': np.float64(0.009569377990430622), 'rougeL': np.float64(0.056872037914691954), 'rougeLsum': np.float64(0.056872037914691954)}
Generated sample at index 269

Ground truth description for sample 97:
 Double Fault.

Model output:
Roger Federer serves the ball, Juan Martin Del Potro returns it with a backhand. The ball is in the middle of the court. Del Potro is playing a backhand, and the ball is in the middle of the court. Federer is playing a backhand, and the ball is in the middle of the court. Del Potro is playing a backhand, and the ball is in the middle of the court. Federer is playing a backhand, and the ball is in the middle of the court. Del Potro is playing a backhand, and the ball is in the middle of the court. Federer is playing a backhand, and the ball is in the middle of the court. Del Potro is playing a backhand, and the ball is in the middle of the court. Federer is playing a backhand, and the ball is in the middle of the court. Del Potro is playing a backhand, and the ball is in the middle of the court. Federer is playing a backhand, and the ball is in the middle of the court. Del Potro is playing a backhand, and the ball is in the middle of the court. Federer is playing a backhand, and the ball is

ROUGE score: {'rouge1': np.float64(0.0), 'rouge2': np.float64(0.0), 'rougeL': np.float64(0.0), 'rougeLsum': np.float64(0.0)}
Generated sample at index 559

Ground truth description for sample 69:
Good serve in the middle, Tsonga crafts a backhand return, short rally, Tsonga cross-court forehand fails to land inside the court.

Model output:
Tsonga serves, Djokovic returns, Tsonga hits a backhand, Djokovic returns, Tsonga hits a backhand, Djokovic returns, Tsonga hits a backhand, Djokovic returns, Tsonga hits a backhand, Djokovic returns, Tsonga hits a backhand, Djokovic returns, Tsonga hits a backhand, Djokovic returns, Tsonga hits a backhand, Djokovic returns, Tsonga hits a backhand, Djokovic returns, Tsonga hits a backhand, Djokovic returns, Tsonga hits a backhand, Djokovic returns, Tsonga hits a backhand, Djokovic returns, Tsonga hits a backhand, Djokovic returns, Tsonga hits a backhand, Djokovic returns, Tsonga hits a backhand, Djokovic returns, Tsonga hits a backhand, Djokovic returns, Tsonga hits a backhand, Djokovic returns, Tsonga hits a backhand, Djokovic returns, Tsonga hits a backhand, Djokovic returns, Tsonga hits a backhand, Djokovic returns, Tsonga hits a backhand, Djokovic returns, Tsonga hits a backhand

ROUGE score: {'rouge1': np.float64(0.05333333333333334), 'rouge2': np.float64(0.013513513513513513), 'rougeL': np.float64(0.05333333333333334), 'rougeLsum': np.float64(0.05333333333333334)}
Generated sample at index 566

Ground truth description for sample 142:
Tsonga serves a high kick serve, Djokovic works a backhand return, rally, Djokovic rushes to net and punches a forehand volley winner.

Model output:
Jo-Wilfried Tsonga hits a forehand, but Djokovic returns it with a backhand, sending it wide. Tsonga then hits a forehand, but Djokovic returns it with a backhand, sending it wide. Tsonga then hits a forehand, but Djokovic returns it with a backhand, sending it wide. Tsonga then hits a forehand, but Djokovic returns it with a backhand, sending it wide. Tsonga then hits a forehand, but Djokovic returns it with a backhand, sending it wide. Tsonga then hits a forehand, but Djokovic returns it with a backhand, sending it wide. Tsonga then hits a forehand, but Djokovic returns it with a backhand, sending it wide. Tsonga then hits a forehand, but Djokovic returns it with a backhand, sending it wide. Tsonga then hits a forehand, but Djokovic returns it with a backhand, sending it wide. Tsonga then hits a forehand, but Djokovic returns it with a backhand, sending it wide. Tsonga then hits a forehand, but Djokovic returns it with a backhand, sending it wide.

ROUGE score: {'rouge1': np.float64(0.08510638297872342), 'rouge2': np.float64(0.021505376344086023), 'rougeL': np.float64(0.08510638297872342), 'rougeLsum': np.float64(0.08510638297872342)}
Generated sample at index 427

Ground truth description for sample 56:
Good serve in the middle, Williams returns a backhand return, Zvonareva forehand down the line lands out-side the court.

Model output:
Vera Zvonareva serves the ball, and Serena Williams returns it with a backhand. Serena Williams then hits the ball with a backhand, and Vera Zvonareva returns it with a backhand. The point ends with a rally, and Serena Williams wins the point.

ROUGE score: {'rouge1': np.float64(0.25806451612903225), 'rouge2': np.float64(0.06666666666666667), 'rougeL': np.float64(0.25806451612903225), 'rougeLsum': np.float64(0.25806451612903225)}
Generated sample at index 98

Ground truth description for sample 83:
Delpotro serves a good one, Federer works a backhand return, short rally, Delpotro hits a forehand but fails to clear the net.

Model output:
The point is played with the following sequence: 1. Federer hits the ball to Del Potro. 2. Del Potro returns the ball to Federer. 3. Federer hits the ball to Del Potro. 4. Del Potro returns the ball to Federer. 5. Federer hits the ball to Del Potro. 6. Del Potro returns the ball to Federer. 7. Federer hits the ball to Del Potro. 8. Del Potro returns the ball to Federer. 9. Federer hits the ball to Del Potro. 10. Del Potro returns the ball to Federer. 11. Federer hits the ball to Del Potro. 12. Del Potro returns the ball to Federer. 13. Federer hits the ball to Del Potro. 14. Del Potro returns the ball to Federer. 15. Federer hits the ball to Del Potro. 16. Del Potro returns the ball to Federer. 17. Federer hits the ball to Del Potro. 18. Del Potro returns the ball to Federer. 19.

ROUGE score: {'rouge1': np.float64(0.04571428571428572), 'rouge2': np.float64(0.0), 'rougeL': np.float64(0.04571428571428572), 'rougeLsum': np.float64(0.04571428571428572)}
Generated sample at index 231

Ground truth description for sample 14:
Fine serve, Federer delivers a backhand return, brief rally, Federer attempts a forehand cross-court but it lands wide.

Model output:
Roger Federer hits a backhand to the baseline, Juan Martin Del Potro returns with a backhand. Federer then hits a backhand to the baseline, Del Potro returns with a backhand. Federer then hits a backhand to the baseline, Del Potro returns with a backhand. Federer then hits a backhand to the baseline, Del Potro returns with a backhand. Federer then hits a backhand to the baseline, Del Potro returns with a backhand. Federer then hits a backhand to the baseline, Del Potro returns with a backhand. Federer then hits a backhand to the baseline, Del Potro returns with a backhand. Federer then hits a backhand to the baseline, Del Potro returns with a backhand. Federer then hits a backhand to the baseline, Del Potro returns with a backhand. Federer then hits a backhand to the baseline, Del Potro returns with a backhand. Federer then hits a backhand to the baseline, Del Potro returns with a backhand. Federer then hits a backhand to the baseline, Del Potro returns with a backhand. Federer then hits a backhand to the baseline, Del Potro

ROUGE score: {'rouge1': np.float64(0.05025125628140703), 'rouge2': np.float64(0.010152284263959392), 'rougeL': np.float64(0.05025125628140703), 'rougeLsum': np.float64(0.05025125628140703)}
Generated sample at index 439

Ground truth description for sample 58:
Fine serve, Williams returns a backhand return, rally, Zvonareva forehand miss-hit doesn't land in the court.

Model output:
Serena Williams is serving the ball to Vera Zvonareva. Zvonareva returns the serve and hits a wide backhand. Williams hits a wide forehand. Zvonareva returns the serve and hits a wide backhand. Williams hits a wide forehand. Zvonareva returns the serve and hits a wide backhand. Williams hits a wide forehand. Zvonareva returns the serve and hits a wide backhand. Williams hits a wide forehand. Zvonareva returns the serve and hits a wide backhand. Williams hits a wide forehand. Zvonareva returns the serve and hits a wide backhand. Williams hits a wide forehand. Zvonareva returns the serve and hits a wide backhand. Williams hits a wide forehand. Zvonareva returns the serve and hits a wide backhand. Williams hits a wide forehand. Zvonareva returns the serve and hits a wide backhand. Williams hits a wide forehand. Zvonareva returns the serve and hits a wide backhand. Williams hits a wide forehand. Zvonareva returns the serve and hits a wide backhand. Williams hits a wide forehand. Zvonareva returns the serve and hits a wide

ROUGE score: {'rouge1': np.float64(0.08465608465608465), 'rouge2': np.float64(0.0), 'rougeL': np.float64(0.08465608465608465), 'rougeLsum': np.float64(0.08465608465608465)}
Generated sample at index 376

Ground truth description for sample 8:
Great serve down the T is an ace.

Model output:
In the tennis clip, Serena Williams is serving the ball while Vera Zvonareva is returning the serve. The ball is in play and is in the middle of the court. After the point, Serena Williams is now serving again while Vera Zvonareva is returning the serve. The point is won by Serena Williams.

ROUGE score: {'rouge1': np.float64(0.09836065573770493), 'rouge2': np.float64(0.0), 'rougeL': np.float64(0.09836065573770493), 'rougeLsum': np.float64(0.09836065573770493)}
Average ROUGE score: {'rouge1': np.float64(0.07906109799297292), 'rouge2': np.float64(0.01214072187786562), 'rougeL': np.float64(0.07809022420656517), 'rougeLsum': np.float64(0.07809022420656517)}
Generated sample at index 171
Total token count: 2278
Generated sample at index 411
Total token count: 1401
Generated sample at index 117
Total token count: 1401
Generated sample at index 671
Total token count: 1395
Generated sample at index 50
Total token count: 955
Generated sample at index 608
Total token count: 932
Generated sample at index 590
Total token count: 942
Generated sample at index 441
Total token count: 1397
Emptied CUDA cache
{'loss': '7.587', 'grad_norm': '0.6675', 'learning_rate': '8.078e-05', 'entropy': '7.83', 'num_tokens': '8.262e+05', 'mean_token_accuracy': '0.0374', 'epoch': '0.953'}
Generated sample at index 207
Total token count: 1847
Generated sample at index 523
Total token count: 1850
Generated sample at index 533
Total token count: 1410
Generated sample at index 165
Total token count: 1387
Generated sample at index 700
Total token count: 1403
Generated sample at index 163
Total token count: 1394
Generated sample at index 377
Total token count: 2278
Generated sample at index 475
Total token count: 1409
Emptied CUDA cache
{'loss': '7.609', 'grad_norm': '0.7091', 'learning_rate': '8.023e-05', 'entropy': '7.857', 'num_tokens': '8.392e+05', 'mean_token_accuracy': '0.03395', 'epoch': '0.9664'}
Generated sample at index 125
Total token count: 944
Generated sample at index 107
Total token count: 1409
Generated sample at index 131
Total token count: 960
Generated sample at index 709
Total token count: 1388
Generated sample at index 698
Total token count: 1405
Generated sample at index 614
Total token count: 1402
Generated sample at index 541
Total token count: 1852
Generated sample at index 29
Total token count: 1408
Emptied CUDA cache
{'loss': '7.538', 'grad_norm': '0.6395', 'learning_rate': '7.967e-05', 'entropy': '7.774', 'num_tokens': '8.5e+05', 'mean_token_accuracy': '0.04045', 'epoch': '0.9799'}
Generated sample at index 164
Total token count: 1409
Generated sample at index 410
Total token count: 2281
Generated sample at index 416
Total token count: 1401
Generated sample at index 229
Total token count: 1401
Generated sample at index 503
Total token count: 1395
Generated sample at index 702
Total token count: 945
Generated sample at index 397
Total token count: 1383
Generated sample at index 238
Total token count: 949
Emptied CUDA cache
{'loss': '7.572', 'grad_norm': '0.6258', 'learning_rate': '7.911e-05', 'entropy': '7.805', 'num_tokens': '8.616e+05', 'mean_token_accuracy': '0.03612', 'epoch': '0.9933'}
Generated sample at index 354
Total token count: 1842
Generated sample at index 186
Total token count: 954
Generated sample at index 601
Total token count: 1395
Emptied CUDA cache
{'loss': '7.524', 'grad_norm': '0.5493', 'learning_rate': '7.854e-05', 'entropy': '7.745', 'num_tokens': '8.667e+05', 'mean_token_accuracy': '0.03937', 'epoch': '1'}
Generated sample at index 526
Total token count: 1398
Generated sample at index 519
Total token count: 1401
Generated sample at index 389
Total token count: 961
Generated sample at index 126
Total token count: 2291
Generated sample at index 223
Total token count: 1398
Generated sample at index 446
Total token count: 1402
Generated sample at index 554
Total token count: 1415
Generated sample at index 46
Total token count: 1400
Generated sample at index 396
Total token count: 936
Emptied CUDA cache
{'loss': '7.519', 'grad_norm': '0.5647', 'learning_rate': '7.796e-05', 'entropy': '7.744', 'num_tokens': '8.784e+05', 'mean_token_accuracy': '0.03967', 'epoch': '1.013'}
Generated sample at index 372
Total token count: 1845
Generated sample at index 19
Total token count: 4059
Generated sample at index 206
Total token count: 1401
Generated sample at index 18
Total token count: 1845
Generated sample at index 224
Total token count: 1404
Generated sample at index 510
Total token count: 1409
Generated sample at index 606
Total token count: 1402
Generated sample at index 467
Total token count: 1858
Emptied CUDA cache
{'loss': '7.556', 'grad_norm': '0.5497', 'learning_rate': '7.738e-05', 'entropy': '7.782', 'num_tokens': '8.927e+05', 'mean_token_accuracy': '0.03671', 'epoch': '1.027'}
Generated sample at index 359
Total token count: 1411
Generated sample at index 86
Total token count: 1401
Generated sample at index 314
Total token count: 1401
Generated sample at index 400
Total token count: 1406
Generated sample at index 113
Total token count: 1385
Generated sample at index 412
Total token count: 937
Generated sample at index 142
Total token count: 1404
Generated sample at index 254
Total token count: 945
Emptied CUDA cache
{'loss': '7.518', 'grad_norm': '0.4628', 'learning_rate': '7.679e-05', 'entropy': '7.741', 'num_tokens': '9.039e+05', 'mean_token_accuracy': '0.03835', 'epoch': '1.04'}
Generated sample at index 264
Total token count: 1416
Generated sample at index 360
Total token count: 938
Generated sample at index 70
Total token count: 2723
Generated sample at index 255
Total token count: 1851
Generated sample at index 662
Total token count: 1405
Generated sample at index 290
Total token count: 1849
Generated sample at index 405
Total token count: 1391
Generated sample at index 122
Total token count: 948
Emptied CUDA cache
{'loss': '7.528', 'grad_norm': '0.4726', 'learning_rate': '7.62e-05', 'entropy': '7.748', 'num_tokens': '9.164e+05', 'mean_token_accuracy': '0.03759', 'epoch': '1.054'}
Generated sample at index 492
Total token count: 943
Generated sample at index 22
Total token count: 1397
Generated sample at index 158
Total token count: 1404
Generated sample at index 703
Total token count: 1400
Generated sample at index 106
Total token count: 959
Generated sample at index 197
Total token count: 2725
Generated sample at index 623
Total token count: 1397
Generated sample at index 163
Total token count: 1394
Emptied CUDA cache
{'loss': '7.499', 'grad_norm': '0.4626', 'learning_rate': '7.56e-05', 'entropy': '7.715', 'num_tokens': '9.276e+05', 'mean_token_accuracy': '0.03959', 'epoch': '1.067'}
Generated sample at index 298
Generated sample at index 84
Total token count: 1849
Generated sample at index 169
Generated sample at index 567
Total token count: 1403
Generated sample at index 149
Generated sample at index 672
Total token count: 2728
Generated sample at index 468
Generated sample at index 344
Total token count: 1404
Generated sample at index 376
Generated sample at index 556
Total token count: 1405
Generated sample at index 295
Generated sample at index 94
Total token count: 956
Generated sample at index 385
Generated sample at index 387
Total token count: 1842
Generated sample at index 231
Generated sample at index 582
Total token count: 1842
Generated sample at index 286
Generated sample at index 234
Total token count: 1398
Generated sample at index 589
Generated sample at index 48
Total token count: 1404
Generated sample at index 584
Generated sample at index 194
Total token count: 953
Generated sample at index 202
Generated sample at index 220
Total token count: 1402
Generated sample at index 257
Generated sample at index 438
Total token count: 2727
Generated sample at index 398
Generated sample at index 130
Total token count: 1401
Generated sample at index 296
Generated sample at index 66
Total token count: 950
Generated sample at index 173
Generated sample at index 287
Total token count: 2728
Generated sample at index 645
Generated sample at index 28
Total token count: 1403
Generated sample at index 210
Generated sample at index 685
Total token count: 1840
Generated sample at index 5
Generated sample at index 547
Total token count: 1845
Generated sample at index 625
Generated sample at index 532
Total token count: 1403
Generated sample at index 101
Generated sample at index 710
Total token count: 1833
Generated sample at index 686
Generated sample at index 581
Total token count: 1852
Generated sample at index 99
Generated sample at index 253
Total token count: 2289
Generated sample at index 337
Generated sample at index 44
Total token count: 2302
Generated sample at index 123
Generated sample at index 479
Total token count: 1858
Generated sample at index 630
Generated sample at index 537
Total token count: 1844
Generated sample at index 203
Generated sample at index 739
Total token count: 948
Generated sample at index 279
Generated sample at index 663
Total token count: 2286
Generated sample at index 427
Generated sample at index 572
Total token count: 1402
Generated sample at index 439
Generated sample at index 215
Total token count: 1841
Generated sample at index 319
Generated sample at index 47
Total token count: 2731
Generated sample at index 9
Generated sample at index 391
Total token count: 965
Generated sample at index 666
Generated sample at index 568
Total token count: 1385
Generated sample at index 327
Generated sample at index 129
Total token count: 953
Generated sample at index 100
Generated sample at index 559
Total token count: 1407
Generated sample at index 477
Generated sample at index 613
Total token count: 2288
Generated sample at index 658
Generated sample at index 183
Total token count: 1842
Generated sample at index 145
Generated sample at index 7
Total token count: 1407
Generated sample at index 293
Generated sample at index 52
Total token count: 2285
Generated sample at index 627
Generated sample at index 358
Total token count: 1851
Generated sample at index 637
Generated sample at index 577
Total token count: 1403
Generated sample at index 301
Generated sample at index 98
Total token count: 2283
Generated sample at index 341
Generated sample at index 32
Total token count: 1402
Generated sample at index 284
Generated sample at index 176
Total token count: 1405
Generated sample at index 139
Generated sample at index 310
Total token count: 950
Generated sample at index 366
Generated sample at index 351
Total token count: 1853
Generated sample at index 6
Generated sample at index 328
Total token count: 1404
Generated sample at index 440
Generated sample at index 602
Total token count: 1387
Generated sample at index 616
Generated sample at index 269
Total token count: 1383
Generated sample at index 437
Generated sample at index 515
Total token count: 948
Generated sample at index 722
Generated sample at index 493
Total token count: 947
Generated sample at index 673
Generated sample at index 472
Total token count: 1406
Generated sample at index 620
Generated sample at index 716
Total token count: 1384
Generated sample at index 682
Generated sample at index 469
Total token count: 2285
Generated sample at index 445
Generated sample at index 563
Total token count: 1401
Generated sample at index 717
Generated sample at index 621
Total token count: 2725
Generated sample at index 578
Generated sample at index 78
Total token count: 1397
Generated sample at index 592
Generated sample at index 119
Total token count: 1404
Generated sample at index 528
Generated sample at index 449
Total token count: 1846
Generated sample at index 43
Generated sample at index 318
Total token count: 2288
Generated sample at index 711
Generated sample at index 476
Total token count: 1406
Generated sample at index 190
Generated sample at index 8
Total token count: 1401
Generated sample at index 382
Generated sample at index 692
Total token count: 1407
Generated sample at index 388
Generated sample at index 379
Total token count: 1848
Generated sample at index 553
Generated sample at index 76
Total token count: 1852
Generated sample at index 325
Generated sample at index 455
Total token count: 1842
Generated sample at index 252
Generated sample at index 110
Total token count: 1385
Generated sample at index 726
Generated sample at index 514
Total token count: 1402
Generated sample at index 646
Generated sample at index 444
Total token count: 1834
Generated sample at index 54
Generated sample at index 674
Total token count: 3175
Generated sample at index 280
Generated sample at index 10
Total token count: 2285
Generated sample at index 566
Generated sample at index 355
Total token count: 2283
Generated sample at index 172
Generated sample at index 442
Total token count: 950
Generated sample at index 13
Generated sample at index 151
Total token count: 2284
Generated sample at index 677
Generated sample at index 573
Total token count: 949
Computing metrics on evaluation batch...
{'eval_loss': '7.507', 'eval_token_accuracy': '0', 'eval_runtime': '147.3', 'eval_samples_per_second': '1.018', 'eval_steps_per_second': '0.509', 'eval_entropy': '7.72', 'eval_num_tokens': '9.276e+05', 'eval_mean_token_accuracy': '0.03886', 'epoch': '1.067'}
Generated sample at index 637

Ground truth description for sample 80:
Williams serves a high kick serve, Sharapova delivers a high backhand return, Serena produces a forehand winner coming to net.

Model output:
Serena Williams serves. Maria Sharapova returns. Serena Williams hits a lob. Maria Sharapova returns. Serena Williams hits a lob. Maria Sharapova returns. Serena Williams hits a lob. Maria Sharapova returns. Serena Williams hits a lob. Maria Sharapova returns. Serena Williams hits a lob. Maria Sharapova returns. Serena Williams hits a lob. Maria Sharapova returns. Serena Williams hits a lob. Maria Sharapova returns. Serena Williams hits a lob. Maria Sharapova returns. Serena Williams hits a lob. Maria Sharapova returns. Serena Williams hits a lob. Maria Sharapova returns. Serena Williams hits a lob. Maria Sharapova returns. Serena Williams hits a lob. Maria Sharapova returns. Serena Williams hits a lob. Maria Sharapova returns. Serena Williams hits a lob. Maria Sharapova returns. Serena Williams hits a lob. Maria Sharapova returns. Serena Williams hits a lob. Maria Sharapova returns. Serena Williams hits a lob. Maria Sharapova returns. Serena Williams hits a lob. Maria Sharapova returns. Serena Williams hits a lob. Maria Sharapova returns. Serena Williams hits a lob. Maria Sharapova returns. Serena Williams hits a lob

ROUGE score: {'rouge1': np.float64(0.07329842931937172), 'rouge2': np.float64(0.010582010582010581), 'rougeL': np.float64(0.07329842931937172), 'rougeLsum': np.float64(0.07329842931937172)}
Generated sample at index 673

Ground truth description for sample 102:
Fine serve, Azarenka returns a forehand return, Serena hits a backhand winner down the line.

Model output:
Victoria Azarenka serves. Serena Williams returns. Azarenka hits a backhand winner.

ROUGE score: {'rouge1': np.float64(0.5384615384615385), 'rouge2': np.float64(0.25), 'rougeL': np.float64(0.4615384615384615), 'rougeLsum': np.float64(0.4615384615384615)}
Generated sample at index 100

Ground truth description for sample 68:
Fine serve, Federer delivers a backhand return, Delpotro backhand flies outside the court.

Model output:
Roger Federer serves the ball. Juan Martin Del Potro returns the serve. Federer hits a backhand. Del Potro returns the backhand. Federer hits a backhand. Del Potro returns the backhand. Federer hits a backhand. Del Potro returns the backhand. Federer hits a backhand. Del Potro returns the backhand. Federer hits a backhand. Del Potro returns the backhand. Federer hits a backhand. Del Potro returns the backhand. Federer hits a backhand. Del Potro returns the backhand. Federer hits a backhand. Del Potro returns the backhand. Federer hits a backhand. Del Potro returns the backhand. Federer hits a backhand. Del Potro returns the backhand. Federer hits a backhand. Del Potro returns the backhand. Federer hits a backhand. Del Potro returns the backhand. Federer hits a backhand. Del Potro returns the backhand. Federer hits a backhand. Del Potro returns the backhand. Federer hits a backhand. Del Potro returns the backhand. Federer hits a backhand. Del Potro returns the backhand.

ROUGE score: {'rouge1': np.float64(0.07100591715976332), 'rouge2': np.float64(0.023952095808383235), 'rougeL': np.float64(0.07100591715976332), 'rougeLsum': np.float64(0.07100591715976332)}
Generated sample at index 286

Ground truth description for sample 16:
Nice kick serve, Federer manages a backhand return, a few shots exchanged, Federer forehand lands long.

Model output:
Roger Federer serves the ball to Juan Martin Del Potro. Del Potro returns the serve and Federer hits a backhand.

ROUGE score: {'rouge1': np.float64(0.2777777777777778), 'rouge2': np.float64(0.058823529411764705), 'rougeL': np.float64(0.22222222222222224), 'rougeLsum': np.float64(0.22222222222222224)}
Generated sample at index 279

Ground truth description for sample 54:
Good serve aimed in the middle, Federer manages a backhand slice return, long rally, Federer backhand slice lands out of court.

Model output:
Roger Federer hits a backhand, and Juan Martin Del Potro returns the ball with a backhand. Federer hits a forehand, and Del Potro returns the ball with a backhand. Federer hits a forehand, and Del Potro returns the ball with a backhand. Federer hits a backhand, and Del Potro returns the ball with a backhand. Federer hits a backhand, and Del Potro returns the ball with a backhand. Federer hits a backhand, and Del Potro returns the ball with a backhand. Federer hits a backhand, and Del Potro returns the ball with a backhand. Federer hits a backhand, and Del Potro returns the ball with a backhand. Federer hits a backhand, and Del Potro returns the ball with a backhand. Federer hits a backhand, and Del Potro returns the ball with a backhand. Federer hits a backhand, and Del Potro returns the ball with a backhand. Federer hits a backhand, and Del Potro returns the ball with a backhand. Federer hits a backhand, and Del Potro returns the ball with a backhand. Federer hits a backhand

ROUGE score: {'rouge1': np.float64(0.06091370558375634), 'rouge2': np.float64(0.010256410256410256), 'rougeL': np.float64(0.06091370558375634), 'rougeLsum': np.float64(0.06091370558375634)}
Generated sample at index 442

Ground truth description for sample 145:
Slice serve, Tsonga fails to put it back.

Model output:
Tsonga serves. Djokovic returns the serve. Tsonga hits a backhand. Djokovic returns the backhand. Tsonga hits a backhand. Djokovic returns the backhand. Tsonga hits a backhand. Djokovic returns the backhand. Tsonga hits a backhand. Djokovic returns the backhand. Tsonga hits a backhand. Djokovic returns the backhand. Tsonga hits a backhand. Djokovic returns the backhand. Tsonga hits a backhand. Djokovic returns the backhand. Tsonga hits a backhand. Djokovic returns the backhand. Tsonga hits a backhand. Djokovic returns the backhand. Tsonga hits a backhand. Djokovic returns the backhand. Tsonga hits a backhand. Djokovic returns the backhand. Tsonga hits a backhand. Djokovic returns the backhand. Tsonga hits a backhand. Djokovic returns the backhand. Tsonga hits a backhand. Djokovic returns the backhand. Tsonga hits a backhand. Djokovic returns the backhand. Tsonga hits a backhand. Djokovic returns the backhand. Tsonga hits a

ROUGE score: {'rouge1': np.float64(0.027586206896551724), 'rouge2': np.float64(0.013986013986013986), 'rougeL': np.float64(0.027586206896551724), 'rougeLsum': np.float64(0.027586206896551724)}
Generated sample at index 637

Ground truth description for sample 80:
Williams serves a high kick serve, Sharapova delivers a high backhand return, Serena produces a forehand winner coming to net.

Model output:
SERENA WILLIAMS serves. SERENA WILLIAMS hits the ball. SERENA WILLIAMS hits the ball. SERENA WILLIAMS hits the ball. SERENA WILLIAMS hits the ball. SERENA WILLIAMS hits the ball. SERENA WILLIAMS hits the ball. SERENA WILLIAMS hits the ball. SERENA WILLIAMS hits the ball. SERENA WILLIAMS hits the ball. SERENA WILLIAMS hits the ball. SERENA WILLIAMS hits the ball. SERENA WILLIAMS hits the ball. SERENA WILLIAMS hits the ball. SERENA WILLIAMS hits the ball. SERENA WILLIAMS hits the ball. SERENA WILLIAMS hits the ball. SERENA WILLIAMS hits the ball. SERENA WILLIAMS hits the ball. SERENA WILLIAMS hits the ball. SERENA WILLIAMS hits the ball. SERENA WILLIAMS hits the ball. SERENA WILLIAMS hits the ball. SERENA WILLIAMS hits the ball. SERENA WILLIAMS hits the ball. SERENA WILLIAMS hits the ball. SERENA WILLIAMS hits the ball. SERENA WILLIAMS hits the ball. SERENA WILLIAMS hits

ROUGE score: {'rouge1': np.float64(0.037267080745341616), 'rouge2': np.float64(0.012578616352201257), 'rougeL': np.float64(0.037267080745341616), 'rougeLsum': np.float64(0.037267080745341616)}
Generated sample at index 279

Ground truth description for sample 54:
Good serve aimed in the middle, Federer manages a backhand slice return, long rally, Federer backhand slice lands out of court.

Model output:
Roger Federer serves the ball, and Juan Martin Del Potro returns the serve. Federer hits the ball with a forehand, and Del Potro returns the point with a forehand. Federer hits the ball with a forehand, and Del Potro returns the point with a forehand. Federer hits the ball with a forehand, and Del Potro returns the point with a forehand. Federer hits the ball with a forehand, and Del Potro returns the point with a forehand. Federer hits the ball with a forehand, and Del Potro returns the point with a forehand. Federer hits the ball with a forehand, and Del Potro returns the point with a forehand. Federer hits the ball with a forehand, and Del Potro returns the point with a forehand. Federer hits the ball with a forehand, and Del Potro returns the point with a forehand. Federer hits the ball with a forehand, and Del Potro returns the point with a forehand. Federer hits the ball with a forehand, and Del Potro returns the point with a forehand. Federer hits the ball with a forehand, and Del Potro returns the point with a

ROUGE score: {'rouge1': np.float64(0.04784688995215311), 'rouge2': np.float64(0.0), 'rougeL': np.float64(0.04784688995215311), 'rougeLsum': np.float64(0.04784688995215311)}
Generated sample at index 379

Ground truth description for sample 127:
Zvonareva serves a good one, Williams smashes a backhand return winner down the line.

Model output:
Serena Williams serves the ball. Vera Zvonareva returns the serve. Serena Williams hits the ball. Vera Zvonareva returns the ball.

ROUGE score: {'rouge1': np.float64(0.23529411764705882), 'rouge2': np.float64(0.0), 'rougeL': np.float64(0.1764705882352941), 'rougeLsum': np.float64(0.1764705882352941)}
Generated sample at index 493

Ground truth description for sample 101:
Fine serve, Djokovic shoots a backhand return winner.

Model output:
Tsonga serves, Djokovic returns. Djokovic hits a slice.

ROUGE score: {'rouge1': np.float64(0.25), 'rouge2': np.float64(0.0), 'rougeL': np.float64(0.25), 'rougeLsum': np.float64(0.25)}
Average ROUGE score: {'rouge1': np.float64(0.1619451663543313), 'rouge2': np.float64(0.0380178676396784), 'rougeL': np.float64(0.14281495016529158), 'rougeLsum': np.float64(0.14281495016529158)}
Generated sample at index 219
Total token count: 947
Generated sample at index 429
Total token count: 1847
Generated sample at index 607
Total token count: 2719
Generated sample at index 38
Total token count: 1396
Generated sample at index 491
Total token count: 2293
Generated sample at index 361
Total token count: 1405
Generated sample at index 77
Total token count: 1391
Generated sample at index 432
Total token count: 1835
Emptied CUDA cache
{'loss': '7.53', 'grad_norm': '0.4354', 'learning_rate': '7.5e-05', 'entropy': '7.748', 'num_tokens': '9.41e+05', 'mean_token_accuracy': '0.03714', 'epoch': '1.081'}
Generated sample at index 555
Total token count: 1417
Generated sample at index 148
Total token count: 1409
Generated sample at index 575
Total token count: 927
Generated sample at index 684
Total token count: 1841
Generated sample at index 733
Total token count: 948
Generated sample at index 394
Total token count: 944
Generated sample at index 699
Total token count: 1385
Generated sample at index 125
Total token count: 944
Emptied CUDA cache
{'loss': '7.507', 'grad_norm': '0.4137', 'learning_rate': '7.439e-05', 'entropy': '7.715', 'num_tokens': '9.517e+05', 'mean_token_accuracy': '0.03989', 'epoch': '1.094'}
Generated sample at index 549
Total token count: 1848
Generated sample at index 600
Total token count: 936
Generated sample at index 213
Total token count: 1404
Generated sample at index 530
Total token count: 1404
Generated sample at index 545
Total token count: 1402
Generated sample at index 719
Total token count: 1842
Generated sample at index 36
Total token count: 2731
Generated sample at index 95
Total token count: 950
Emptied CUDA cache
{'loss': '7.51', 'grad_norm': '0.4236', 'learning_rate': '7.378e-05', 'entropy': '7.717', 'num_tokens': '9.642e+05', 'mean_token_accuracy': '0.03778', 'epoch': '1.107'}
Generated sample at index 517
Total token count: 1404
Generated sample at index 698
Total token count: 1405
Generated sample at index 611
Total token count: 941
Generated sample at index 21
Total token count: 955
Generated sample at index 136
Total token count: 1390
Generated sample at index 207
Total token count: 1847
Generated sample at index 112
Total token count: 945
Generated sample at index 153
Total token count: 1393
Emptied CUDA cache
{'loss': '7.458', 'grad_norm': '0.4044', 'learning_rate': '7.316e-05', 'entropy': '7.654', 'num_tokens': '9.74e+05', 'mean_token_accuracy': '0.04289', 'epoch': '1.121'}
Generated sample at index 25
Total token count: 1399
Generated sample at index 17
Total token count: 946
Generated sample at index 518
Total token count: 956
Generated sample at index 483
Total token count: 954
Generated sample at index 0
Total token count: 955
Generated sample at index 708
Total token count: 1393
Generated sample at index 309
Total token count: 1409
Generated sample at index 371
Total token count: 1850
Emptied CUDA cache
{'loss': '7.425', 'grad_norm': '0.3851', 'learning_rate': '7.254e-05', 'entropy': '7.627', 'num_tokens': '9.834e+05', 'mean_token_accuracy': '0.04536', 'epoch': '1.134'}
Generated sample at index 4
Total token count: 1404
Generated sample at index 639
Total token count: 1394
Generated sample at index 187
Total token count: 950
Generated sample at index 370
Total token count: 1398
Generated sample at index 652
Total token count: 939
Generated sample at index 543
Total token count: 950
Generated sample at index 200
Total token count: 3171
Generated sample at index 418
Total token count: 1377
Emptied CUDA cache
{'loss': '7.481', 'grad_norm': '0.3783', 'learning_rate': '7.192e-05', 'entropy': '7.685', 'num_tokens': '9.955e+05', 'mean_token_accuracy': '0.03927', 'epoch': '1.148'}
Generated sample at index 118
Total token count: 2300
Generated sample at index 369
Total token count: 1397
Generated sample at index 669
Total token count: 1843
Generated sample at index 85
Total token count: 941
Generated sample at index 161
Total token count: 1847
Generated sample at index 626
Total token count: 949
Generated sample at index 569
Total token count: 1402
Generated sample at index 167
Total token count: 2722
Emptied CUDA cache
{'loss': '7.491', 'grad_norm': '0.3556', 'learning_rate': '7.129e-05', 'entropy': '7.696', 'num_tokens': '1.008e+06', 'mean_token_accuracy': '0.04071', 'epoch': '1.161'}
Generated sample at index 564
Total token count: 1846
Generated sample at index 380
Total token count: 1839
Generated sample at index 571
Total token count: 1401
Generated sample at index 352
Total token count: 940
Generated sample at index 441
Total token count: 1397
Generated sample at index 317
Total token count: 2292
Generated sample at index 332
Total token count: 1845
Generated sample at index 236
Total token count: 1855
Emptied CUDA cache
{'loss': '7.517', 'grad_norm': '0.3877', 'learning_rate': '7.066e-05', 'entropy': '7.724', 'num_tokens': '1.022e+06', 'mean_token_accuracy': '0.03853', 'epoch': '1.174'}
Generated sample at index 420
Total token count: 1830
Generated sample at index 162
Total token count: 1410
Generated sample at index 185
Total token count: 2729
Generated sample at index 525
Total token count: 1851
Generated sample at index 168
Total token count: 1852
Generated sample at index 283
Total token count: 1403
Generated sample at index 111
Total token count: 2732
Generated sample at index 482
Total token count: 950
Emptied CUDA cache
{'loss': '7.509', 'grad_norm': '0.3802', 'learning_rate': '7.002e-05', 'entropy': '7.725', 'num_tokens': '1.037e+06', 'mean_token_accuracy': '0.03866', 'epoch': '1.188'}
Generated sample at index 668
Total token count: 1400
Generated sample at index 691
Total token count: 1400
Generated sample at index 499
Total token count: 1409
Generated sample at index 452
Total token count: 1408
Generated sample at index 631
Total token count: 952
Generated sample at index 339
Total token count: 942
Generated sample at index 704
Total token count: 944
Generated sample at index 299
Total token count: 1407
Emptied CUDA cache
{'loss': '7.417', 'grad_norm': '0.3361', 'learning_rate': '6.938e-05', 'entropy': '7.61', 'num_tokens': '1.047e+06', 'mean_token_accuracy': '0.04822', 'epoch': '1.201'}
Generated sample at index 298
Generated sample at index 84
Total token count: 1849
Generated sample at index 169
Generated sample at index 567
Total token count: 1403
Generated sample at index 149
Generated sample at index 672
Total token count: 2728
Generated sample at index 468
Generated sample at index 344
Total token count: 1404
Generated sample at index 376
Generated sample at index 556
Total token count: 1405
Generated sample at index 295
Generated sample at index 94
Total token count: 956
Generated sample at index 385
Generated sample at index 387
Total token count: 1842
Generated sample at index 231
Generated sample at index 582
Total token count: 1842
Generated sample at index 286
Generated sample at index 234
Total token count: 1398
Generated sample at index 589
Generated sample at index 48
Total token count: 1404
Generated sample at index 584
Generated sample at index 194
Total token count: 953
Generated sample at index 202
Generated sample at index 220
Total token count: 1402
Generated sample at index 257
Generated sample at index 438
Total token count: 2727
Generated sample at index 398
Generated sample at index 130
Total token count: 1401
Generated sample at index 296
Generated sample at index 66
Total token count: 950
Generated sample at index 173
Generated sample at index 287
Total token count: 2728
Generated sample at index 645
Generated sample at index 28
Total token count: 1403
Generated sample at index 210
Generated sample at index 685
Total token count: 1840
Generated sample at index 5
Generated sample at index 547
Total token count: 1845
Generated sample at index 625
Generated sample at index 532
Total token count: 1403
Generated sample at index 101
Generated sample at index 710
Total token count: 1833
Generated sample at index 686
Generated sample at index 581
Total token count: 1852
Generated sample at index 99
Generated sample at index 253
Total token count: 2289
Generated sample at index 337
Generated sample at index 44
Total token count: 2302
Generated sample at index 123
Generated sample at index 479
Total token count: 1858
Generated sample at index 630
Generated sample at index 537
Total token count: 1844
Generated sample at index 203
Generated sample at index 739
Total token count: 948
Generated sample at index 279
Generated sample at index 663
Total token count: 2286
Generated sample at index 427
Generated sample at index 572
Total token count: 1402
Generated sample at index 439
Generated sample at index 215
Total token count: 1841
Generated sample at index 319
Generated sample at index 47
Total token count: 2731
Generated sample at index 9
Generated sample at index 391
Total token count: 965
Generated sample at index 666
Generated sample at index 568
Total token count: 1385
Generated sample at index 327
Generated sample at index 129
Total token count: 953
Generated sample at index 100
Generated sample at index 559
Total token count: 1407
Generated sample at index 477
Generated sample at index 613
Total token count: 2288
Generated sample at index 658
Generated sample at index 183
Total token count: 1842
Generated sample at index 145
Generated sample at index 7
Total token count: 1407
Generated sample at index 293
Generated sample at index 52
Total token count: 2285
Generated sample at index 627
Generated sample at index 358
Total token count: 1851
Generated sample at index 637
Generated sample at index 577
Total token count: 1403
Generated sample at index 301
Generated sample at index 98
Total token count: 2283
Generated sample at index 341
Generated sample at index 32
Total token count: 1402
Generated sample at index 284
Generated sample at index 176
Total token count: 1405
Generated sample at index 139
Generated sample at index 310
Total token count: 950
Generated sample at index 366
Generated sample at index 351
Total token count: 1853
Generated sample at index 6
Generated sample at index 328
Total token count: 1404
Generated sample at index 440
Generated sample at index 602
Total token count: 1387
Generated sample at index 616
Generated sample at index 269
Total token count: 1383
Generated sample at index 437
Generated sample at index 515
Total token count: 948
Generated sample at index 722
Generated sample at index 493
Total token count: 947
Generated sample at index 673
Generated sample at index 472
Total token count: 1406
Generated sample at index 620
Generated sample at index 716
Total token count: 1384
Generated sample at index 682
Generated sample at index 469
Total token count: 2285
Generated sample at index 445
Generated sample at index 563
Total token count: 1401
Generated sample at index 717
Generated sample at index 621
Total token count: 2725
Generated sample at index 578
Generated sample at index 78
Total token count: 1397
Generated sample at index 592
Generated sample at index 119
Total token count: 1404
Generated sample at index 528
Generated sample at index 449
Total token count: 1846
Generated sample at index 43
Generated sample at index 318
Total token count: 2288
Generated sample at index 711
Generated sample at index 476
Total token count: 1406
Generated sample at index 190
Generated sample at index 8
Total token count: 1401
Generated sample at index 382
Generated sample at index 692
Total token count: 1407
Generated sample at index 388
Generated sample at index 379
Total token count: 1848
Generated sample at index 553
Generated sample at index 76
Total token count: 1852
Generated sample at index 325
Generated sample at index 455
Total token count: 1842
Generated sample at index 252
Generated sample at index 110
Total token count: 1385
Generated sample at index 726
Generated sample at index 514
Total token count: 1402
Generated sample at index 646
Generated sample at index 444
Total token count: 1834
Generated sample at index 54
Generated sample at index 674
Total token count: 3175
Generated sample at index 280
Generated sample at index 10
Total token count: 2285
Generated sample at index 566
Generated sample at index 355
Total token count: 2283
Generated sample at index 172
Generated sample at index 442
Total token count: 950
Generated sample at index 13
Generated sample at index 151
Total token count: 2284
Generated sample at index 677
Generated sample at index 573
Total token count: 949
Computing metrics on evaluation batch...
{'eval_loss': '7.457', 'eval_token_accuracy': '0', 'eval_runtime': '147.3', 'eval_samples_per_second': '1.018', 'eval_steps_per_second': '0.509', 'eval_entropy': '7.657', 'eval_num_tokens': '1.047e+06', 'eval_mean_token_accuracy': '0.04423', 'epoch': '1.201'}
Generated sample at index 449

Ground truth description for sample 117:
Fine serve, Djokovic returns a quick backhand return, brief rally, Tsonga sprays a forehand outside the court.

Model output:
Tsonga serves, Djokovic returns the point. Djokovic wins the point.

ROUGE score: {'rouge1': np.float64(0.29629629629629634), 'rouge2': np.float64(0.08), 'rougeL': np.float64(0.22222222222222224), 'rougeLsum': np.float64(0.22222222222222224)}
Generated sample at index 5

Ground truth description for sample 36:
Good serve out wide, Delpotro stretching forehand return doesn't make it over the net.

Model output:
Federer serves the ball.

ROUGE score: {'rouge1': np.float64(0.10526315789473685), 'rouge2': np.float64(0.0), 'rougeL': np.float64(0.10526315789473685), 'rougeLsum': np.float64(0.10526315789473685)}
Generated sample at index 129

Ground truth description for sample 67:
Delpotro produces a bodyline serve, Federer is unable to return it.

Model output:
Roger Federer serves the ball. Juan Martin Del Potro returns the serve.

ROUGE score: {'rouge1': np.float64(0.17391304347826086), 'rouge2': np.float64(0.0), 'rougeL': np.float64(0.08695652173913043), 'rougeLsum': np.float64(0.08695652173913043)}
Generated sample at index 685

Ground truth description for sample 35:
Gigantic serve in the corner is an ace.

Model output:
Victoria Azarenka serves. Serena Williams returns the serve.

ROUGE score: {'rouge1': np.float64(0.25), 'rouge2': np.float64(0.0), 'rougeL': np.float64(0.125), 'rougeLsum': np.float64(0.125)}
Generated sample at index 391

Ground truth description for sample 63:
Zvonareva serves a good one, Williams crafts a backhand return, Zvonareva forehand fails to clear the net in the middle.

Model output:
SERENA WILMANS serves.

ROUGE score: {'rouge1': np.float64(0.08695652173913045), 'rouge2': np.float64(0.0), 'rougeL': np.float64(0.08695652173913045), 'rougeLsum': np.float64(0.08695652173913045)}
Generated sample at index 355

Ground truth description for sample 143:
Fine serve, Federer delivers a backhand return, good rally, Delpotro hits a forehand but it lands long.

Model output:
Federer serves, Del Potro returns. Federer hits a backhand, Del Potro returns. Federer hits a backhand, Del Potro returns. Federer hits a backhand, Del Potro returns. Federer hits a backhand, Del Potro returns. Federer hits a backhand, Del Potro returns. Federer hits a backhand, Del Potro returns. Federer hits a backhand, Del Potro returns. Federer hits a backhand, Del Potro returns. Federer hits a backhand, Del Potro returns. Federer hits a backhand, Del Potro returns. Federer hits a backhand, Del Potro returns. Federer hits a backhand, Del Potro returns. Federer hits a backhand, Del Potro returns. Federer hits a backhand, Del Potro returns. Federer hits a backhand, Del Potro returns. Federer hits a backhand, Del Potro returns. Federer hits a backhand, Del Potro returns. Federer hits a backhand, Del Potro returns. Federer hits a backhand, Del Potro returns. Federer hits a backhand, Del Potro returns. Federer hits a backhand

ROUGE score: {'rouge1': np.float64(0.06024096385542168), 'rouge2': np.float64(0.024390243902439025), 'rougeL': np.float64(0.06024096385542168), 'rougeLsum': np.float64(0.06024096385542168)}
Generated sample at index 444

Ground truth description for sample 137:
Gigantic serve out wide is an ace.

Model output:
Tsonga serves, Djokovic returns the serve.

ROUGE score: {'rouge1': np.float64(0.15384615384615383), 'rouge2': np.float64(0.0), 'rougeL': np.float64(0.15384615384615383), 'rougeLsum': np.float64(0.15384615384615383)}
Generated sample at index 129

Ground truth description for sample 67:
Delpotro produces a bodyline serve, Federer is unable to return it.

Model output:
Federer serves to Del Potro, who returns the serve. Federer hits the ball with a forehand.

ROUGE score: {'rouge1': np.float64(0.2962962962962963), 'rouge2': np.float64(0.08), 'rougeL': np.float64(0.14814814814814814), 'rougeLsum': np.float64(0.14814814814814814)}
Generated sample at index 573

Ground truth description for sample 149:
Williams aims a fine serve at T, Sharapova is unable to return it.

Model output:
Serena Williams serves. Maria Sharapova returns.

ROUGE score: {'rouge1': np.float64(0.21052631578947367), 'rouge2': np.float64(0.0), 'rougeL': np.float64(0.21052631578947367), 'rougeLsum': np.float64(0.21052631578947367)}
Generated sample at index 563

Ground truth description for sample 109:
Fine serve, Djokovic puts back a forehand return, Tsonga cross-court backhand catches the net.

Model output:
Tsonga serves the ball, Djokovic returns the serve with a backhand. Djokovic wins the point.

ROUGE score: {'rouge1': np.float64(0.4000000000000001), 'rouge2': np.float64(0.0), 'rougeL': np.float64(0.26666666666666666), 'rougeLsum': np.float64(0.26666666666666666)}
Average ROUGE score: {'rouge1': np.float64(0.203333874919577), 'rouge2': np.float64(0.0184390243902439), 'rougeL': np.float64(0.1465826671901084), 'rougeLsum': np.float64(0.1465826671901084)}
Generated sample at index 595
Total token count: 1395
Generated sample at index 305
Total token count: 1404
Generated sample at index 471
Total token count: 953
Generated sample at index 464
Total token count: 1415
Generated sample at index 2
Total token count: 2283
Generated sample at index 604
Total token count: 1398
Generated sample at index 235
Total token count: 1843
Generated sample at index 278
Total token count: 1400
Emptied CUDA cache
{'loss': '7.452', 'grad_norm': '0.3306', 'learning_rate': '6.873e-05', 'entropy': '7.65', 'num_tokens': '1.059e+06', 'mean_token_accuracy': '0.04471', 'epoch': '1.215'}
Generated sample at index 156
Total token count: 938
Generated sample at index 636
Total token count: 1391
Generated sample at index 617
Total token count: 1398
Generated sample at index 523
Total token count: 1850
Generated sample at index 423
Total token count: 1400
Generated sample at index 736
Total token count: 1381
Generated sample at index 712
Total token count: 1403
Generated sample at index 181
Total token count: 953
Emptied CUDA cache
{'loss': '7.464', 'grad_norm': '0.3505', 'learning_rate': '6.808e-05', 'entropy': '7.666', 'num_tokens': '1.07e+06', 'mean_token_accuracy': '0.04274', 'epoch': '1.228'}
Generated sample at index 560
Total token count: 962
Generated sample at index 349
Total token count: 2292
Generated sample at index 433
Total token count: 1844
Generated sample at index 160
Total token count: 1402
Generated sample at index 346
Total token count: 1406
Generated sample at index 16
Total token count: 949
Generated sample at index 414
Total token count: 942
Generated sample at index 330
Total token count: 1397
Emptied CUDA cache
{'loss': '7.413', 'grad_norm': '0.3472', 'learning_rate': '6.743e-05', 'entropy': '7.605', 'num_tokens': '1.081e+06', 'mean_token_accuracy': '0.04677', 'epoch': '1.242'}
Generated sample at index 73
Total token count: 948
Generated sample at index 171
Total token count: 2278
Generated sample at index 597
Total token count: 941
Generated sample at index 263
Total token count: 945
Generated sample at index 628
Total token count: 1843
Generated sample at index 596
Total token count: 950
Generated sample at index 408
Total token count: 1849
Generated sample at index 345
Total token count: 1407
Emptied CUDA cache
{'loss': '7.44', 'grad_norm': '0.3505', 'learning_rate': '6.677e-05', 'entropy': '7.636', 'num_tokens': '1.092e+06', 'mean_token_accuracy': '0.04523', 'epoch': '1.255'}
Generated sample at index 222
Total token count: 1409
Generated sample at index 695
Total token count: 1409
Generated sample at index 459
Total token count: 1850
Generated sample at index 271
Total token count: 1846
Generated sample at index 334
Total token count: 2724
Generated sample at index 550
Total token count: 1399
Generated sample at index 644
Total token count: 1846
Generated sample at index 609
Total token count: 2277
Emptied CUDA cache
{'loss': '7.465', 'grad_norm': '0.3149', 'learning_rate': '6.611e-05', 'entropy': '7.664', 'num_tokens': '1.106e+06', 'mean_token_accuracy': '0.04197', 'epoch': '1.268'}
Generated sample at index 679
Total token count: 1409
Generated sample at index 266
Total token count: 937
Generated sample at index 58
Total token count: 1839
Generated sample at index 258
Total token count: 954
Generated sample at index 53
Total token count: 943
Generated sample at index 655
Total token count: 936
Generated sample at index 428
Total token count: 1404
Generated sample at index 88
Total token count: 959
Emptied CUDA cache
{'loss': '7.429', 'grad_norm': '0.3055', 'learning_rate': '6.545e-05', 'entropy': '7.624', 'num_tokens': '1.117e+06', 'mean_token_accuracy': '0.04669', 'epoch': '1.282'}
Generated sample at index 212
Total token count: 1404
Generated sample at index 75
Total token count: 952
Generated sample at index 178
Total token count: 951
Generated sample at index 275
Total token count: 964
Generated sample at index 60
Total token count: 1406
Generated sample at index 114
Total token count: 940
Generated sample at index 292
Total token count: 943
Generated sample at index 350
Total token count: 1406
Emptied CUDA cache
{'loss': '7.35', 'grad_norm': '0.465', 'learning_rate': '6.479e-05', 'entropy': '7.546', 'num_tokens': '1.125e+06', 'mean_token_accuracy': '0.05498', 'epoch': '1.295'}
Generated sample at index 461
Total token count: 1409
Generated sample at index 694
Total token count: 946
Generated sample at index 521
Total token count: 953
Generated sample at index 127
Total token count: 938
Generated sample at index 27
Total token count: 1846
Generated sample at index 533
Total token count: 1410
Generated sample at index 529
Total token count: 1851
Generated sample at index 743
Total token count: 2282
Emptied CUDA cache
{'loss': '7.396', 'grad_norm': '0.3943', 'learning_rate': '6.412e-05', 'entropy': '7.588', 'num_tokens': '1.136e+06', 'mean_token_accuracy': '0.04987', 'epoch': '1.309'}
Generated sample at index 511
Total token count: 956
Generated sample at index 244
Total token count: 2291
Generated sample at index 462
Total token count: 951
Generated sample at index 365
Total token count: 2722
Generated sample at index 15
Total token count: 944
Generated sample at index 651
Total token count: 938
Generated sample at index 256
Total token count: 1405
Generated sample at index 89
Total token count: 1397
Emptied CUDA cache
{'loss': '7.43', 'grad_norm': '0.3071', 'learning_rate': '6.345e-05', 'entropy': '7.623', 'num_tokens': '1.148e+06', 'mean_token_accuracy': '0.04589', 'epoch': '1.322'}
Generated sample at index 653
Total token count: 939
Generated sample at index 82
Total token count: 954
Generated sample at index 237
Total token count: 950
Generated sample at index 230
Total token count: 950
Generated sample at index 701
Total token count: 2283
Generated sample at index 217
Total token count: 950
Generated sample at index 426
Total token count: 1406
Generated sample at index 635
Total token count: 932
Emptied CUDA cache
{'loss': '7.379', 'grad_norm': '0.3237', 'learning_rate': '6.277e-05', 'entropy': '7.575', 'num_tokens': '1.158e+06', 'mean_token_accuracy': '0.05206', 'epoch': '1.336'}
Generated sample at index 298
Generated sample at index 84
Total token count: 1849
Generated sample at index 169
Generated sample at index 567
Total token count: 1403
Generated sample at index 149
Generated sample at index 672
Total token count: 2728
Generated sample at index 468
Generated sample at index 344
Total token count: 1404
Generated sample at index 376
Generated sample at index 556
Total token count: 1405
Generated sample at index 295
Generated sample at index 94
Total token count: 956
Generated sample at index 385
Generated sample at index 387
Total token count: 1842
Generated sample at index 231
Generated sample at index 582
Total token count: 1842
Generated sample at index 286
Generated sample at index 234
Total token count: 1398
Generated sample at index 589
Generated sample at index 48
Total token count: 1404
Generated sample at index 584
Generated sample at index 194
Total token count: 953
Generated sample at index 202
Generated sample at index 220
Total token count: 1402
Generated sample at index 257
Generated sample at index 438
Total token count: 2727
Generated sample at index 398
Generated sample at index 130
Total token count: 1401
Generated sample at index 296
Generated sample at index 66
Total token count: 950
Generated sample at index 173
Generated sample at index 287
Total token count: 2728
Generated sample at index 645
Generated sample at index 28
Total token count: 1403
Generated sample at index 210
Generated sample at index 685
Total token count: 1840
Generated sample at index 5
Generated sample at index 547
Total token count: 1845
Generated sample at index 625
Generated sample at index 532
Total token count: 1403
Generated sample at index 101
Generated sample at index 710
Total token count: 1833
Generated sample at index 686
Generated sample at index 581
Total token count: 1852
Generated sample at index 99
Generated sample at index 253
Total token count: 2289
Generated sample at index 337
Generated sample at index 44
Total token count: 2302
Generated sample at index 123
Generated sample at index 479
Total token count: 1858
Generated sample at index 630
Generated sample at index 537
Total token count: 1844
Generated sample at index 203
Generated sample at index 739
Total token count: 948
Generated sample at index 279
Generated sample at index 663
Total token count: 2286
Generated sample at index 427
Generated sample at index 572
Total token count: 1402
Generated sample at index 439
Generated sample at index 215
Total token count: 1841
Generated sample at index 319
Generated sample at index 47
Total token count: 2731
Generated sample at index 9
Generated sample at index 391
Total token count: 965
Generated sample at index 666
Generated sample at index 568
Total token count: 1385
Generated sample at index 327
Generated sample at index 129
Total token count: 953
Generated sample at index 100
Generated sample at index 559
Total token count: 1407
Generated sample at index 477
Generated sample at index 613
Total token count: 2288
Generated sample at index 658
Generated sample at index 183
Total token count: 1842
Generated sample at index 145
Generated sample at index 7
Total token count: 1407
Generated sample at index 293
Generated sample at index 52
Total token count: 2285
Generated sample at index 627
Generated sample at index 358
Total token count: 1851
Generated sample at index 637
Generated sample at index 577
Total token count: 1403
Generated sample at index 301
Generated sample at index 98
Total token count: 2283
Generated sample at index 341
Generated sample at index 32
Total token count: 1402
Generated sample at index 284
Generated sample at index 176
Total token count: 1405
Generated sample at index 139
Generated sample at index 310
Total token count: 950
Generated sample at index 366
Generated sample at index 351
Total token count: 1853
Generated sample at index 6
Generated sample at index 328
Total token count: 1404
Generated sample at index 440
Generated sample at index 602
Total token count: 1387
Generated sample at index 616
Generated sample at index 269
Total token count: 1383
Generated sample at index 437
Generated sample at index 515
Total token count: 948
Generated sample at index 722
Generated sample at index 493
Total token count: 947
Generated sample at index 673
Generated sample at index 472
Total token count: 1406
Generated sample at index 620
Generated sample at index 716
Total token count: 1384
Generated sample at index 682
Generated sample at index 469
Total token count: 2285
Generated sample at index 445
Generated sample at index 563
Total token count: 1401
Generated sample at index 717
Generated sample at index 621
Total token count: 2725
Generated sample at index 578
Generated sample at index 78
Total token count: 1397
Generated sample at index 592
Generated sample at index 119
Total token count: 1404
Generated sample at index 528
Generated sample at index 449
Total token count: 1846
Generated sample at index 43
Generated sample at index 318
Total token count: 2288
Generated sample at index 711
Generated sample at index 476
Total token count: 1406
Generated sample at index 190
Generated sample at index 8
Total token count: 1401
Generated sample at index 382
Generated sample at index 692
Total token count: 1407
Generated sample at index 388
Generated sample at index 379
Total token count: 1848
Generated sample at index 553
Generated sample at index 76
Total token count: 1852
Generated sample at index 325
Generated sample at index 455
Total token count: 1842
Generated sample at index 252
Generated sample at index 110
Total token count: 1385
Generated sample at index 726
Generated sample at index 514
Total token count: 1402
Generated sample at index 646
Generated sample at index 444
Total token count: 1834
Generated sample at index 54
Generated sample at index 674
Total token count: 3175
Generated sample at index 280
Generated sample at index 10
Total token count: 2285
Generated sample at index 566
Generated sample at index 355
Total token count: 2283
Generated sample at index 172
Generated sample at index 442
Total token count: 950
Generated sample at index 13
Generated sample at index 151
Total token count: 2284
Generated sample at index 677
Generated sample at index 573
Total token count: 949
Computing metrics on evaluation batch...
{'eval_loss': '7.419', 'eval_token_accuracy': '0', 'eval_runtime': '148.3', 'eval_samples_per_second': '1.012', 'eval_steps_per_second': '0.506', 'eval_entropy': '7.618', 'eval_num_tokens': '1.158e+06', 'eval_mean_token_accuracy': '0.04641', 'epoch': '1.336'}
Generated sample at index 573

Ground truth description for sample 149:
Williams aims a fine serve at T, Sharapova is unable to return it.

Model output:
SERENA WILLIAMS serves. MARIA SHARAPOVA returns. SERENA WILLIAMS hits a serve. MARIA SHARAPOVA returns. SERENA WILLIAMS hits a serve. MARIA SHARAPOVA returns. SERENA WILLIAMS hits a serve. MARIA SHARAPOVA returns. SERENA WILLIAMS hits a serve. MARIA SHARAPOVA returns. SERENA WILLIAMS hits a serve. MARIA SHARAPOVA returns. SERENA WILLIAMS hits a serve. MARIA SHARAPOVA returns. SERENA WILLIAMS hits a serve. MARIA SHARAPOVA returns. SERENA WILLIAMS hits a serve. MARIA SHARAPOVA returns. SERENA WILLIAMS hits a serve. MARIA SHARAPOVA returns. SERENA WILLIAMS hits a serve. MARIA SHARAPOVA returns. SERENA WILLIAMS hits a serve. MARIA SHARAPOVA returns. SERENA WILLIAMS hits a serve. MARIA SHARAPOVA returns. SERENA WILLIAMS hits a serve. MARIA SHARAPOVA returns. SERENA WILLIAMS hits a serve. MARIA SHARAPOVA returns. SERENA WILL

ROUGE score: {'rouge1': np.float64(0.06015037593984962), 'rouge2': np.float64(0.0), 'rougeL': np.float64(0.06015037593984962), 'rougeLsum': np.float64(0.06015037593984962)}
Generated sample at index 673

Ground truth description for sample 102:
Fine serve, Azarenka returns a forehand return, Serena hits a backhand winner down the line.

Model output:
Victoria Azarenka serves, Serena Williams returns.

ROUGE score: {'rouge1': np.float64(0.28571428571428575), 'rouge2': np.float64(0.0), 'rougeL': np.float64(0.19047619047619044), 'rougeLsum': np.float64(0.19047619047619044)}
Generated sample at index 6

Ground truth description for sample 92:
Monumental serve in the corner is an ace.

Model output:
Federer serves, Del Potro returns. Federer wins the point.

ROUGE score: {'rouge1': np.float64(0.11764705882352941), 'rouge2': np.float64(0.0), 'rougeL': np.float64(0.11764705882352941), 'rougeLsum': np.float64(0.11764705882352941)}
Generated sample at index 427

Ground truth description for sample 56:
Good serve in the middle, Williams returns a backhand return, Zvonareva forehand down the line lands out-side the court.

Model output:
SERENA WILM. 2012, 2012, 2012, 2012, 2012, 2012, 2012, 2012, 2012, 2012, 2012, 2012, 2012, 2012, 2012, 2012, 2012, 2012, 2012, 2012, 2012, 2012, 2012, 2012, 2012, 2012, 2012, 2012, 2012, 2012, 2012, 2012, 2012, 2012, 2012, 2012, 2012, 2012, 2012, 2012, 2012, 201

ROUGE score: {'rouge1': np.float64(0.0), 'rouge2': np.float64(0.0), 'rougeL': np.float64(0.0), 'rougeLsum': np.float64(0.0)}
Generated sample at index 685

Ground truth description for sample 35:
Gigantic serve in the corner is an ace.

Model output:
Victoria Azarenka serves, Serena Williams returns.

ROUGE score: {'rouge1': np.float64(0.0), 'rouge2': np.float64(0.0), 'rougeL': np.float64(0.0), 'rougeLsum': np.float64(0.0)}
Generated sample at index 325

Ground truth description for sample 130:
Federer serves a good one, Delpotro delivers a forehand return, Federer hits a forehand down the line into the net.

Model output:
Federer serves, Del Potro returns, Federer returns, Del Potro returns, Federer returns, Del Potro returns, Federer returns, Del Potro returns, Federer returns, Del Potro returns, Federer returns, Del Potro returns, Federer returns, Del Potro returns, Federer returns, Del Potro returns, Federer returns, Del Potro returns, Federer returns, Del Potro returns, Federer returns, Del Potro returns, Federer returns, Del Potro returns, Federer returns, Del Potro returns, Federer returns, Del Potro returns, Federer returns, Del Potro returns, Federer returns, Del Potro returns, Federer returns, Del Potro returns, Federer returns, Del Potro returns, Federer returns, Del Potro returns, Federer returns, Del Potro returns, Federer returns, Del Potro returns, Federer returns, Del Potro returns, Federer returns, Del Potro returns, Federer returns, Del Potro returns, Federer returns, Del Potro returns, Federer returns, Del Potro returns, Federer returns, Del Potro returns, Federer returns, Del Potro returns, Federer returns

ROUGE score: {'rouge1': np.float64(0.037037037037037035), 'rouge2': np.float64(0.012499999999999999), 'rougeL': np.float64(0.037037037037037035), 'rougeLsum': np.float64(0.037037037037037035)}
Generated sample at index 388

Ground truth description for sample 126:
Zvonareva aims a serve down the T, Williams crafts a forehand return, couple of shots exchanged, Serena cross-court backhand lands out-side the court.

Model output:
SERENA WILMSA serves, ZVONAREVA returns. SERENA WILMSA hits a forehand winner.

ROUGE score: {'rouge1': np.float64(0.2222222222222222), 'rouge2': np.float64(0.058823529411764705), 'rougeL': np.float64(0.16666666666666666), 'rougeLsum': np.float64(0.16666666666666666)}
Generated sample at index 220

Ground truth description for sample 23:
Federer serves an ace wide.

Model output:
Federer serves, Del Potro returns, Federer wins the point.

ROUGE score: {'rouge1': np.float64(0.2857142857142857), 'rouge2': np.float64(0.16666666666666666), 'rougeL': np.float64(0.2857142857142857), 'rougeLsum': np.float64(0.2857142857142857)}
Generated sample at index 385

Ground truth description for sample 12:
Williams serves a good one, Zvonareva backhand return fails to make it over the net.

Model output:
SERENA WILLIAMS 15 20 15 15 20 15 15 20 15 20 15 20 15 20 15 20 15 20 15 20 15 20 15 20 15 20 15 20 15 20 15 20 15 20 15 20 15 20 15 20 15 20 15 20 15 20 15 20 15 20 15 20 15 20 15 20 15 20 15 20 15 20 15 20 15 20 15 20 15 20 15 20 15 20 15 20 15 20 15 20 15 20 15 2

ROUGE score: {'rouge1': np.float64(0.0198019801980198), 'rouge2': np.float64(0.0), 'rougeL': np.float64(0.0198019801980198), 'rougeLsum': np.float64(0.0198019801980198)}
Generated sample at index 296

Ground truth description for sample 28:
Good bodyline serve, Federer returns a forehand into the net.

Model output:
Federer serves. Del Potro returns. Federer hits a backhand winner.

ROUGE score: {'rouge1': np.float64(0.3), 'rouge2': np.float64(0.0), 'rougeL': np.float64(0.3), 'rougeLsum': np.float64(0.3)}
Average ROUGE score: {'rouge1': np.float64(0.13282872456492295), 'rouge2': np.float64(0.023799019607843135), 'rougeL': np.float64(0.11774935948555787), 'rougeLsum': np.float64(0.11774935948555787)}
Generated sample at index 470
Total token count: 949
Generated sample at index 311
Total token count: 948
Generated sample at index 640
Total token count: 1406
Generated sample at index 134
Total token count: 944
Generated sample at index 419
Total token count: 2284
Generated sample at index 192
Total token count: 2291
Generated sample at index 55
Total token count: 2287
Generated sample at index 497
Total token count: 1400
Emptied CUDA cache
{'loss': '7.426', 'grad_norm': '0.2919', 'learning_rate': '6.21e-05', 'entropy': '7.622', 'num_tokens': '1.17e+06', 'mean_token_accuracy': '0.0471', 'epoch': '1.349'}
Generated sample at index 478
Total token count: 958
Generated sample at index 738
Total token count: 942
Generated sample at index 233
Total token count: 1405
Generated sample at index 61
Total token count: 1402
Generated sample at index 247
Total token count: 1841
Generated sample at index 539
Total token count: 1406
Generated sample at index 689
Total token count: 949
Generated sample at index 503
Total token count: 1395
Emptied CUDA cache
{'loss': '7.376', 'grad_norm': '0.4335', 'learning_rate': '6.142e-05', 'entropy': '7.573', 'num_tokens': '1.181e+06', 'mean_token_accuracy': '0.05138', 'epoch': '1.362'}
Generated sample at index 490
Total token count: 965
Generated sample at index 329
Total token count: 949
Generated sample at index 605
Total token count: 947
Generated sample at index 486
Total token count: 2287
Generated sample at index 226
Total token count: 950
Generated sample at index 536
Total token count: 951
Generated sample at index 121
Total token count: 1398
Generated sample at index 342
Total token count: 945
Emptied CUDA cache
{'loss': '7.348', 'grad_norm': '0.3215', 'learning_rate': '6.074e-05', 'entropy': '7.544', 'num_tokens': '1.19e+06', 'mean_token_accuracy': '0.05515', 'epoch': '1.376'}
Generated sample at index 267
Total token count: 1846
Generated sample at index 205
Total token count: 950
Generated sample at index 745
Total token count: 937
Generated sample at index 661
Total token count: 1401
Generated sample at index 540
Total token count: 2291
Generated sample at index 466
Total token count: 1413
Generated sample at index 403
Total token count: 1835
Generated sample at index 248
Total token count: 942
Emptied CUDA cache
{'loss': '7.407', 'grad_norm': '0.3269', 'learning_rate': '6.005e-05', 'entropy': '7.604', 'num_tokens': '1.202e+06', 'mean_token_accuracy': '0.04825', 'epoch': '1.389'}
Generated sample at index 138
Total token count: 1401
Generated sample at index 681
Total token count: 1391
Generated sample at index 59
Total token count: 1402
Generated sample at index 259
Total token count: 2727
Generated sample at index 576
Total token count: 1399
Generated sample at index 383
Total token count: 2731
Generated sample at index 140
Total token count: 1395
Generated sample at index 29
Total token count: 1408
Emptied CUDA cache
{'loss': '7.438', 'grad_norm': '0.3097', 'learning_rate': '5.937e-05', 'entropy': '7.636', 'num_tokens': '1.215e+06', 'mean_token_accuracy': '0.0445', 'epoch': '1.403'}
Generated sample at index 707
Total token count: 1386
Generated sample at index 650
Total token count: 943
Generated sample at index 196
Total token count: 1841
Generated sample at index 128
Total token count: 946
Generated sample at index 31
Total token count: 952
Generated sample at index 83
Total token count: 944
Generated sample at index 211
Total token count: 1414
Generated sample at index 430
Total token count: 1837
Emptied CUDA cache
{'loss': '7.358', 'grad_norm': '0.3215', 'learning_rate': '5.868e-05', 'entropy': '7.561', 'num_tokens': '1.225e+06', 'mean_token_accuracy': '0.05299', 'epoch': '1.416'}
Generated sample at index 618
Total token count: 951
Generated sample at index 463
Total token count: 951
Generated sample at index 242
Total token count: 1405
Generated sample at index 143
Total token count: 4494
Generated sample at index 732
Total token count: 1383
Generated sample at index 312
Total token count: 957
Generated sample at index 307
Total token count: 3165
Generated sample at index 137
Total token count: 1841
Emptied CUDA cache
{'loss': '7.414', 'grad_norm': '0.3576', 'learning_rate': '5.799e-05', 'entropy': '7.612', 'num_tokens': '1.24e+06', 'mean_token_accuracy': '0.04635', 'epoch': '1.43'}
Generated sample at index 147
Total token count: 953
Generated sample at index 227
Total token count: 1403
Generated sample at index 721
Total token count: 1378
Generated sample at index 218
Total token count: 968
Generated sample at index 484
Total token count: 1403
Generated sample at index 649
Total token count: 2724
Generated sample at index 404
Total token count: 949
Generated sample at index 737
Total token count: 1388
Emptied CUDA cache
{'loss': '7.372', 'grad_norm': '0.2775', 'learning_rate': '5.73e-05', 'entropy': '7.567', 'num_tokens': '1.252e+06', 'mean_token_accuracy': '0.05079', 'epoch': '1.443'}
Generated sample at index 512
Total token count: 1403
Generated sample at index 243
Total token count: 1403
Generated sample at index 393
Total token count: 946
Generated sample at index 132
Total token count: 953
Generated sample at index 225
Total token count: 2728
Generated sample at index 475
Total token count: 1409
Generated sample at index 474
Total token count: 1404
Generated sample at index 434
Total token count: 1399
Emptied CUDA cache
{'loss': '7.375', 'grad_norm': '0.2777', 'learning_rate': '5.661e-05', 'entropy': '7.563', 'num_tokens': '1.264e+06', 'mean_token_accuracy': '0.05217', 'epoch': '1.456'}
Generated sample at index 208
Total token count: 1407
Generated sample at index 416
Total token count: 1401
Generated sample at index 164
Total token count: 1409
Generated sample at index 57
Total token count: 1850
Generated sample at index 20
Total token count: 949
Generated sample at index 69
Total token count: 1393
Generated sample at index 71
Total token count: 942
Generated sample at index 693
Total token count: 935
Emptied CUDA cache
{'loss': '7.365', 'grad_norm': '0.2953', 'learning_rate': '5.592e-05', 'entropy': '7.561', 'num_tokens': '1.274e+06', 'mean_token_accuracy': '0.05286', 'epoch': '1.47'}
Generated sample at index 298
Generated sample at index 84
Total token count: 1849
Generated sample at index 169
Generated sample at index 567
Total token count: 1403
Generated sample at index 149
Generated sample at index 672
Total token count: 2728
Generated sample at index 468
Generated sample at index 344
Total token count: 1404
Generated sample at index 376
Generated sample at index 556
Total token count: 1405
Generated sample at index 295
Generated sample at index 94
Total token count: 956
Generated sample at index 385
Generated sample at index 387
Total token count: 1842
Generated sample at index 231
Generated sample at index 582
Total token count: 1842
Generated sample at index 286
Generated sample at index 234
Total token count: 1398
Generated sample at index 589
Generated sample at index 48
Total token count: 1404
Generated sample at index 584
Generated sample at index 194
Total token count: 953
Generated sample at index 202
Generated sample at index 220
Total token count: 1402
Generated sample at index 257
Generated sample at index 438
Total token count: 2727
Generated sample at index 398
Generated sample at index 130
Total token count: 1401
Generated sample at index 296
Generated sample at index 66
Total token count: 950
Generated sample at index 173
Generated sample at index 287
Total token count: 2728
Generated sample at index 645
Generated sample at index 28
Total token count: 1403
Generated sample at index 210
Generated sample at index 685
Total token count: 1840
Generated sample at index 5
Generated sample at index 547
Total token count: 1845
Generated sample at index 625
Generated sample at index 532
Total token count: 1403
Generated sample at index 101
Generated sample at index 710
Total token count: 1833
Generated sample at index 686
Generated sample at index 581
Total token count: 1852
Generated sample at index 99
Generated sample at index 253
Total token count: 2289
Generated sample at index 337
Generated sample at index 44
Total token count: 2302
Generated sample at index 123
Generated sample at index 479
Total token count: 1858
Generated sample at index 630
Generated sample at index 537
Total token count: 1844
Generated sample at index 203
Generated sample at index 739
Total token count: 948
Generated sample at index 279
Generated sample at index 663
Total token count: 2286
Generated sample at index 427
Generated sample at index 572
Total token count: 1402
Generated sample at index 439
Generated sample at index 215
Total token count: 1841
Generated sample at index 319
Generated sample at index 47
Total token count: 2731
Generated sample at index 9
Generated sample at index 391
Total token count: 965
Generated sample at index 666
Generated sample at index 568
Total token count: 1385
Generated sample at index 327
Generated sample at index 129
Total token count: 953
Generated sample at index 100
Generated sample at index 559
Total token count: 1407
Generated sample at index 477
Generated sample at index 613
Total token count: 2288
Generated sample at index 658
Generated sample at index 183
Total token count: 1842
Generated sample at index 145
Generated sample at index 7
Total token count: 1407
Generated sample at index 293
Generated sample at index 52
Total token count: 2285
Generated sample at index 627
Generated sample at index 358
Total token count: 1851
Generated sample at index 637
Generated sample at index 577
Total token count: 1403
Generated sample at index 301
Generated sample at index 98
Total token count: 2283
Generated sample at index 341
Generated sample at index 32
Total token count: 1402
Generated sample at index 284
Generated sample at index 176
Total token count: 1405
Generated sample at index 139
Generated sample at index 310
Total token count: 950
Generated sample at index 366
Generated sample at index 351
Total token count: 1853
Generated sample at index 6
Generated sample at index 328
Total token count: 1404
Generated sample at index 440
Generated sample at index 602
Total token count: 1387
Generated sample at index 616
Generated sample at index 269
Total token count: 1383
Generated sample at index 437
Generated sample at index 515
Total token count: 948
Generated sample at index 722
Generated sample at index 493
Total token count: 947
Generated sample at index 673
Generated sample at index 472
Total token count: 1406
Generated sample at index 620
Generated sample at index 716
Total token count: 1384
Generated sample at index 682
Generated sample at index 469
Total token count: 2285
Generated sample at index 445
Generated sample at index 563
Total token count: 1401
Generated sample at index 717
Generated sample at index 621
Total token count: 2725
Generated sample at index 578
Generated sample at index 78
Total token count: 1397
Generated sample at index 592
Generated sample at index 119
Total token count: 1404
Generated sample at index 528
Generated sample at index 449
Total token count: 1846
Generated sample at index 43
Generated sample at index 318
Total token count: 2288
Generated sample at index 711
Generated sample at index 476
Total token count: 1406
Generated sample at index 190
Generated sample at index 8
Total token count: 1401
Generated sample at index 382
Generated sample at index 692
Total token count: 1407
Generated sample at index 388
Generated sample at index 379
Total token count: 1848
Generated sample at index 553
Generated sample at index 76
Total token count: 1852
Generated sample at index 325
Generated sample at index 455
Total token count: 1842
Generated sample at index 252
Generated sample at index 110
Total token count: 1385
Generated sample at index 726
Generated sample at index 514
Total token count: 1402
Generated sample at index 646
Generated sample at index 444
Total token count: 1834
Generated sample at index 54
Generated sample at index 674
Total token count: 3175
Generated sample at index 280
Generated sample at index 10
Total token count: 2285
Generated sample at index 566
Generated sample at index 355
Total token count: 2283
Generated sample at index 172
Generated sample at index 442
Total token count: 950
Generated sample at index 13
Generated sample at index 151
Total token count: 2284
Generated sample at index 677
Generated sample at index 573
Total token count: 949
Computing metrics on evaluation batch...
{'eval_loss': '7.385', 'eval_token_accuracy': '0', 'eval_runtime': '148.1', 'eval_samples_per_second': '1.013', 'eval_steps_per_second': '0.506', 'eval_entropy': '7.58', 'eval_num_tokens': '1.274e+06', 'eval_mean_token_accuracy': '0.05043', 'epoch': '1.47'}
Generated sample at index 532

Ground truth description for sample 39:
Sharp angled slice serve, Tsonga returns a forehand return, Djokovic whips a backhand cross-court winner.

Model output:
Djokovic serves, Tsonga returns. Djokovic returns, Tsonga returns. Djokovic returns, Tsonga returns. Djokovic returns, Tsonga returns. Djokovic returns, Tsonga returns. Djokovic returns, Tsonga returns. Djokovic returns, Tsonga returns. Djokovic returns, Tsonga returns. Djokovic returns, Tsonga returns. Djokovic returns, Tsonga returns. Djokovic returns, Tsonga returns. Djokovic returns, Tsonga returns. Djokovic returns, Tsonga returns. Djokovic returns, Tsonga returns. Djokovic returns, Tsonga returns. Djokovic returns, Tsonga returns. Djokovic returns, Tsonga returns. Djokovic returns, Tsonga returns. Djokovic returns, Tsonga returns. Djokovic returns, Tsonga returns. Djokovic returns, Tsonga returns. Djokovic returns, Tsonga returns. Djokovic returns, Tsonga returns. Djokovic returns, Tsonga returns. Djokovic returns, Tsonga returns. Djokovic returns, Tsonga returns. Djokovic returns, Tsonga returns. Djokovic returns, Tsonga returns. Djokovic

ROUGE score: {'rouge1': np.float64(0.046511627906976744), 'rouge2': np.float64(0.015748031496062992), 'rougeL': np.float64(0.046511627906976744), 'rougeLsum': np.float64(0.046511627906976744)}
Generated sample at index 101

Ground truth description for sample 40:
Delpotro aims a fine serve wide, Federer just manages a backhand slice return, Delpotro comes to net and hits a forehand winner.

Model output:
Federer serves, Del Potro returns. Federer hits a backhand winner.

ROUGE score: {'rouge1': np.float64(0.3125), 'rouge2': np.float64(0.13333333333333333), 'rougeL': np.float64(0.25000000000000006), 'rougeLsum': np.float64(0.25000000000000006)}
Generated sample at index 445

Ground truth description for sample 108:
High kick serve, Tsonga returns a quick backhand return, Djokovic kicks a backhand down the line out of the court.

Model output:
Tsonga serves. Djokovic returns the serve. Tsonga hits a backhand.

ROUGE score: {'rouge1': np.float64(0.4666666666666667), 'rouge2': np.float64(0.14285714285714285), 'rougeL': np.float64(0.26666666666666666), 'rougeLsum': np.float64(0.26666666666666666)}
Generated sample at index 286

Ground truth description for sample 16:
Nice kick serve, Federer manages a backhand return, a few shots exchanged, Federer forehand lands long.

Model output:
Federer serves to Del Potro, Del Potro returns the serve with a forehand winner.

ROUGE score: {'rouge1': np.float64(0.26666666666666666), 'rouge2': np.float64(0.0), 'rougeL': np.float64(0.19999999999999998), 'rougeLsum': np.float64(0.19999999999999998)}
Generated sample at index 437

Ground truth description for sample 98:
Fast serve, Zvonareva only manages to touch it.

Model output:
Serena Williams serves the ball, Vera Zvonareva returns the serve with a forehand backhand.

ROUGE score: {'rouge1': np.float64(0.18181818181818182), 'rouge2': np.float64(0.0), 'rougeL': np.float64(0.09090909090909091), 'rougeLsum': np.float64(0.09090909090909091)}
Generated sample at index 269

Ground truth description for sample 97:
 Double Fault.

Model output:
Federer serves, Del Potro returns, Federer wins the point.

ROUGE score: {'rouge1': np.float64(0.0), 'rouge2': np.float64(0.0), 'rougeL': np.float64(0.0), 'rougeLsum': np.float64(0.0)}
Generated sample at index 318

Ground truth description for sample 119:
High kick serve, Federer manages a backhand slice down the line, good rally, Federer backhand cross-court lob lands wide of the court.

Model output:
Federer serves, Del Potro returns, Federer hits a backhand winner.

ROUGE score: {'rouge1': np.float64(0.24242424242424243), 'rouge2': np.float64(0.06451612903225805), 'rougeL': np.float64(0.18181818181818182), 'rougeLsum': np.float64(0.18181818181818182)}
Generated sample at index 514

Ground truth description for sample 135:
Fine serve, Djokovic is unable to return it into court.

Model output:
Tsonga serves the ball. Djokovic returns the serve. Tsonga returns the serve. Djokovic returns the serve. Tsonga returns the serve. Djokovic returns the serve. Tsonga returns the serve. Djokovic returns the serve. Tsonga returns the serve. Djokovic returns the serve. Tsonga returns the serve. Djokovic returns the serve. Tsonga returns the serve. Djokovic returns the serve. Tsonga returns the serve. Djokovic returns the serve. Tsonga returns the serve. Djokovic returns the serve. Tsonga returns the serve. Djokovic returns the serve. Tsonga returns the serve. Djokovic returns the serve. Tsonga returns the serve. Djokovic returns the serve. Tsonga returns the serve. Djokovic returns the serve. Tsonga returns the serve. Djokovic returns the serve. Tsonga returns the serve. Djokovic returns the serve. Tsonga returns the serve. Djokovic returns the serve. Tsonga returns the serve. Djokovic returns the serve. Tsonga returns the serve. Djokovic returns the serve. Tsonga returns the serve. Djokovic returns the serve. Tsonga returns the serve. Djokovic

ROUGE score: {'rouge1': np.float64(0.023952095808383235), 'rouge2': np.float64(0.01212121212121212), 'rougeL': np.float64(0.023952095808383235), 'rougeLsum': np.float64(0.023952095808383235)}
Generated sample at index 666

Ground truth description for sample 64:
Fine serve, backhand return from Williams cross-court lands wide.

Model output:
Azarenka serves, Williams returns with a backhand winner.

ROUGE score: {'rouge1': np.float64(0.22222222222222224), 'rouge2': np.float64(0.0), 'rougeL': np.float64(0.11111111111111112), 'rougeLsum': np.float64(0.11111111111111112)}
Generated sample at index 10

Ground truth description for sample 141:
Quick serve, Federer returns a quick forehand return, couple of shots exchanged, Federer strokes a forehand cross-court winner at net.

Model output:
Federer serves. Del Potro returns. Federer hits a backhand. Del Potro returns. Federer hits a backhand. Del Potro returns. Federer hits a backhand. Del Potro returns. Federer hits a backhand. Del Potro returns. Federer hits a backhand. Del Potro returns. Federer hits a backhand. Del Potro returns. Federer hits a backhand. Del Potro returns. Federer hits a backhand. Del Potro returns. Federer hits a backhand. Del Potro returns. Federer hits a backhand. Del Potro returns. Federer hits a backhand. Del Potro returns. Federer hits a backhand. Del Potro returns. Federer hits a backhand. Del Potro returns. Federer hits a backhand. Del Potro returns. Federer hits a backhand. Del Potro returns. Federer hits a backhand. Del Potro returns. Federer hits a backhand. Del Potro returns. Federer hits a backhand. Del Potro returns. Federer hits a backhand. Del Potro returns. Federer hits a backhand. Del Potro returns. Federer hits a backhand

ROUGE score: {'rouge1': np.float64(0.0588235294117647), 'rouge2': np.float64(0.0), 'rougeL': np.float64(0.0588235294117647), 'rougeLsum': np.float64(0.0588235294117647)}
Average ROUGE score: {'rouge1': np.float64(0.18215852329251048), 'rouge2': np.float64(0.036857584884000934), 'rougeL': np.float64(0.12297923036321753), 'rougeLsum': np.float64(0.12297923036321753)}
Generated sample at index 481
Total token count: 1389
Generated sample at index 62
Total token count: 2279
Generated sample at index 647
Total token count: 1402
Generated sample at index 731
Total token count: 1399
Generated sample at index 415
Total token count: 1839
Generated sample at index 12
Total token count: 1394
Generated sample at index 535
Total token count: 1399
Generated sample at index 363
Total token count: 1848
Emptied CUDA cache
{'loss': '7.418', 'grad_norm': '0.3446', 'learning_rate': '5.523e-05', 'entropy': '7.611', 'num_tokens': '1.286e+06', 'mean_token_accuracy': '0.04682', 'epoch': '1.483'}
Generated sample at index 179
Total token count: 1847
Generated sample at index 409
Total token count: 1399
Generated sample at index 79
Total token count: 1394
Generated sample at index 367
Total token count: 1842
Generated sample at index 551
Total token count: 949
Generated sample at index 323
Total token count: 954
Generated sample at index 696
Total token count: 1845
Generated sample at index 92
Total token count: 1402
Emptied CUDA cache
{'loss': '7.386', 'grad_norm': '0.2545', 'learning_rate': '5.453e-05', 'entropy': '7.582', 'num_tokens': '1.299e+06', 'mean_token_accuracy': '0.05143', 'epoch': '1.497'}
Generated sample at index 425
Total token count: 1376
Generated sample at index 667
Total token count: 948
Generated sample at index 448
Total token count: 1847
Generated sample at index 42
Total token count: 944
Generated sample at index 184
Total token count: 1400
Generated sample at index 276
Total token count: 950
Generated sample at index 30
Total token count: 1399
Generated sample at index 104
Total token count: 943
Emptied CUDA cache
{'loss': '7.36', 'grad_norm': '0.277', 'learning_rate': '5.384e-05', 'entropy': '7.554', 'num_tokens': '1.309e+06', 'mean_token_accuracy': '0.05507', 'epoch': '1.51'}
Generated sample at index 629
Total token count: 1382
Generated sample at index 90
Total token count: 948
Generated sample at index 63
Total token count: 955
Generated sample at index 648
Total token count: 945
Generated sample at index 191
Total token count: 1393
Generated sample at index 221
Total token count: 1405
Generated sample at index 348
Total token count: 944
Generated sample at index 199
Total token count: 2286
Emptied CUDA cache
{'loss': '7.331', 'grad_norm': '0.2799', 'learning_rate': '5.314e-05', 'entropy': '7.523', 'num_tokens': '1.318e+06', 'mean_token_accuracy': '0.05785', 'epoch': '1.523'}
Generated sample at index 509
Total token count: 1846
Generated sample at index 246
Total token count: 1845
Generated sample at index 273
Total token count: 2726
Generated sample at index 664
Total token count: 1403
Generated sample at index 294
Total token count: 955
Generated sample at index 282
Total token count: 954
Generated sample at index 97
Total token count: 1385
Generated sample at index 417
Total token count: 1394
Emptied CUDA cache
{'loss': '7.386', 'grad_norm': '0.269', 'learning_rate': '5.244e-05', 'entropy': '7.587', 'num_tokens': '1.331e+06', 'mean_token_accuracy': '0.05148', 'epoch': '1.537'}
Generated sample at index 714
Total token count: 1396
Generated sample at index 120
Total token count: 1398
Generated sample at index 155
Total token count: 1405
Generated sample at index 495
Total token count: 1847
Generated sample at index 96
Total token count: 1402
Generated sample at index 109
Total token count: 948
Generated sample at index 435
Total token count: 1400
Generated sample at index 579
Total token count: 1399
Emptied CUDA cache
{'loss': '7.363', 'grad_norm': '0.3046', 'learning_rate': '5.174e-05', 'entropy': '7.564', 'num_tokens': '1.342e+06', 'mean_token_accuracy': '0.05425', 'epoch': '1.55'}
Generated sample at index 144
Total token count: 1844
Generated sample at index 72
Total token count: 2288
Generated sample at index 659
Total token count: 936
Generated sample at index 182
Total token count: 1398
Generated sample at index 68
Total token count: 3167
Generated sample at index 706
Total token count: 944
Generated sample at index 289
Total token count: 950
Generated sample at index 431
Total token count: 1835
Emptied CUDA cache
{'loss': '7.387', 'grad_norm': '0.2771', 'learning_rate': '5.105e-05', 'entropy': '7.585', 'num_tokens': '1.355e+06', 'mean_token_accuracy': '0.05129', 'epoch': '1.564'}
Generated sample at index 343
Total token count: 949
Generated sample at index 45
Total token count: 3176
Generated sample at index 531
Total token count: 1397
Generated sample at index 614
Total token count: 1402
Generated sample at index 460
Total token count: 963
Generated sample at index 638
Total token count: 954
Generated sample at index 544
Total token count: 948
Generated sample at index 270
Total token count: 2295
Emptied CUDA cache
{'loss': '7.33', 'grad_norm': '0.2579', 'learning_rate': '5.035e-05', 'entropy': '7.52', 'num_tokens': '1.367e+06', 'mean_token_accuracy': '0.05703', 'epoch': '1.577'}
Generated sample at index 117
Total token count: 1401
Generated sample at index 304
Total token count: 945
Generated sample at index 300
Total token count: 1838
Generated sample at index 615
Total token count: 941
Generated sample at index 456
Total token count: 944
Generated sample at index 285
Total token count: 1402
Generated sample at index 320
Total token count: 1844
Generated sample at index 313
Total token count: 1407
Emptied CUDA cache
{'loss': '7.368', 'grad_norm': '0.2323', 'learning_rate': '4.965e-05', 'entropy': '7.562', 'num_tokens': '1.378e+06', 'mean_token_accuracy': '0.05304', 'epoch': '1.591'}
Generated sample at index 1
Total token count: 4489
Generated sample at index 131
Total token count: 960
Generated sample at index 407
Total token count: 1395
Generated sample at index 335
Total token count: 941
Generated sample at index 643
Total token count: 935
Generated sample at index 250
Total token count: 1408
Generated sample at index 64
Total token count: 1405
Generated sample at index 594
Total token count: 1395
Emptied CUDA cache
{'loss': '7.34', 'grad_norm': '0.2791', 'learning_rate': '4.895e-05', 'entropy': '7.539', 'num_tokens': '1.391e+06', 'mean_token_accuracy': '0.05699', 'epoch': '1.604'}
Generated sample at index 298
Generated sample at index 84
Total token count: 1849
Generated sample at index 169
Generated sample at index 567
Total token count: 1403
Generated sample at index 149
Generated sample at index 672
Total token count: 2728
Generated sample at index 468
Generated sample at index 344
Total token count: 1404
Generated sample at index 376
Generated sample at index 556
Total token count: 1405
Generated sample at index 295
Generated sample at index 94
Total token count: 956
Generated sample at index 385
Generated sample at index 387
Total token count: 1842
Generated sample at index 231
Generated sample at index 582
Total token count: 1842
Generated sample at index 286
Generated sample at index 234
Total token count: 1398
Generated sample at index 589
Generated sample at index 48
Total token count: 1404
Generated sample at index 584
Generated sample at index 194
Total token count: 953
Generated sample at index 202
Generated sample at index 220
Total token count: 1402
Generated sample at index 257
Generated sample at index 438
Total token count: 2727
Generated sample at index 398
Generated sample at index 130
Total token count: 1401
Generated sample at index 296
Generated sample at index 66
Total token count: 950
Generated sample at index 173
Generated sample at index 287
Total token count: 2728
Generated sample at index 645
Generated sample at index 28
Total token count: 1403
Generated sample at index 210
Generated sample at index 685
Total token count: 1840
Generated sample at index 5
Generated sample at index 547
Total token count: 1845
Generated sample at index 625
Generated sample at index 532
Total token count: 1403
Generated sample at index 101
Generated sample at index 710
Total token count: 1833
Generated sample at index 686
Generated sample at index 581
Total token count: 1852
Generated sample at index 99
Generated sample at index 253
Total token count: 2289
Generated sample at index 337
Generated sample at index 44
Total token count: 2302
Generated sample at index 123
Generated sample at index 479
Total token count: 1858
Generated sample at index 630
Generated sample at index 537
Total token count: 1844
Generated sample at index 203
Generated sample at index 739
Total token count: 948
Generated sample at index 279
Generated sample at index 663
Total token count: 2286
Generated sample at index 427
Generated sample at index 572
Total token count: 1402
Generated sample at index 439
Generated sample at index 215
Total token count: 1841
Generated sample at index 319
Generated sample at index 47
Total token count: 2731
Generated sample at index 9
Generated sample at index 391
Total token count: 965
Generated sample at index 666
Generated sample at index 568
Total token count: 1385
Generated sample at index 327
Generated sample at index 129
Total token count: 953
Generated sample at index 100
Generated sample at index 559
Total token count: 1407
Generated sample at index 477
Generated sample at index 613
Total token count: 2288
Generated sample at index 658
Generated sample at index 183
Total token count: 1842
Generated sample at index 145
Generated sample at index 7
Total token count: 1407
Generated sample at index 293
Generated sample at index 52
Total token count: 2285
Generated sample at index 627
Generated sample at index 358
Total token count: 1851
Generated sample at index 637
Generated sample at index 577
Total token count: 1403
Generated sample at index 301
Generated sample at index 98
Total token count: 2283
Generated sample at index 341
Generated sample at index 32
Total token count: 1402
Generated sample at index 284
Generated sample at index 176
Total token count: 1405
Generated sample at index 139
Generated sample at index 310
Total token count: 950
Generated sample at index 366
Generated sample at index 351
Total token count: 1853
Generated sample at index 6
Generated sample at index 328
Total token count: 1404
Generated sample at index 440
Generated sample at index 602
Total token count: 1387
Generated sample at index 616
Generated sample at index 269
Total token count: 1383
Generated sample at index 437
Generated sample at index 515
Total token count: 948
Generated sample at index 722
Generated sample at index 493
Total token count: 947
Generated sample at index 673
Generated sample at index 472
Total token count: 1406
Generated sample at index 620
Generated sample at index 716
Total token count: 1384
Generated sample at index 682
Generated sample at index 469
Total token count: 2285
Generated sample at index 445
Generated sample at index 563
Total token count: 1401
Generated sample at index 717
Generated sample at index 621
Total token count: 2725
Generated sample at index 578
Generated sample at index 78
Total token count: 1397
Generated sample at index 592
Generated sample at index 119
Total token count: 1404
Generated sample at index 528
Generated sample at index 449
Total token count: 1846
Generated sample at index 43
Generated sample at index 318
Total token count: 2288
Generated sample at index 711
Generated sample at index 476
Total token count: 1406
Generated sample at index 190
Generated sample at index 8
Total token count: 1401
Generated sample at index 382
Generated sample at index 692
Total token count: 1407
Generated sample at index 388
Generated sample at index 379
Total token count: 1848
Generated sample at index 553
Generated sample at index 76
Total token count: 1852
Generated sample at index 325
Generated sample at index 455
Total token count: 1842
Generated sample at index 252
Generated sample at index 110
Total token count: 1385
Generated sample at index 726
Generated sample at index 514
Total token count: 1402
Generated sample at index 646
Generated sample at index 444
Total token count: 1834
Generated sample at index 54
Generated sample at index 674
Total token count: 3175
Generated sample at index 280
Generated sample at index 10
Total token count: 2285
Generated sample at index 566
Generated sample at index 355
Total token count: 2283
Generated sample at index 172
Generated sample at index 442
Total token count: 950
Generated sample at index 13
Generated sample at index 151
Total token count: 2284
Generated sample at index 677
Generated sample at index 573
Total token count: 949
Computing metrics on evaluation batch...
{'eval_loss': '7.361', 'eval_token_accuracy': '0', 'eval_runtime': '147.8', 'eval_samples_per_second': '1.015', 'eval_steps_per_second': '0.507', 'eval_entropy': '7.55', 'eval_num_tokens': '1.391e+06', 'eval_mean_token_accuracy': '0.05345', 'epoch': '1.604'}
Generated sample at index 169

Ground truth description for sample 2:
Delpotro arrows a good serve in the corner, Federer backhand slice hits the net.

Model output:
Federer serves, Del Potro returns. Federer hits a forehand winner.

ROUGE score: {'rouge1': np.float64(0.25), 'rouge2': np.float64(0.0), 'rougeL': np.float64(0.16666666666666666), 'rougeLsum': np.float64(0.16666666666666666)}
Generated sample at index 66

Ground truth description for sample 29:
Delpotro hits a fast serve out wide, Federer has no answer to it.

Model output:
Federer serves, Del Potro returns, Federer hits a backhand winner.

ROUGE score: {'rouge1': np.float64(0.2608695652173913), 'rouge2': np.float64(0.09523809523809525), 'rougeL': np.float64(0.17391304347826086), 'rougeLsum': np.float64(0.17391304347826086)}
Generated sample at index 444

Ground truth description for sample 137:
Gigantic serve out wide is an ace.

Model output:
Tsonga serves, Djokovic returns with a forehand.

ROUGE score: {'rouge1': np.float64(0.0), 'rouge2': np.float64(0.0), 'rougeL': np.float64(0.0), 'rougeLsum': np.float64(0.0)}
Generated sample at index 100

Ground truth description for sample 68:
Fine serve, Federer delivers a backhand return, Delpotro backhand flies outside the court.

Model output:
Federer serves the ball, Del Potro returns the point.

ROUGE score: {'rouge1': np.float64(0.18181818181818185), 'rouge2': np.float64(0.0), 'rougeL': np.float64(0.18181818181818185), 'rougeLsum': np.float64(0.18181818181818185)}
Generated sample at index 176

Ground truth description for sample 87:
Bodyline serve, Delpotro crafts a backhand return, a few shots exchanged, Delpotro forehand cross-court lands just long.

Model output:
Del Potro serves, Federer returns. Federer serves, Del Potro returns. Federer returns, Del Potro returns. Federer returns, Del Potro returns. Federer returns, Del Potro returns. Federer returns, Del Potro returns. Federer returns, Del Potro returns. Federer returns, Del Potro returns. Federer returns, Del Potro returns. Federer returns, Del Potro returns. Federer returns, Del Potro returns. Federer returns, Del Potro returns. Federer returns, Del Potro returns. Federer returns, Del Potro returns. Federer returns, Del Potro returns. Federer returns, Del Potro returns. Federer returns, Del Potro returns. Federer returns, Del Potro returns. Federer returns, Del Potro returns. Federer returns, Del Potro returns. Federer returns, Del Potro returns. Federer returns, Del Potro returns. Federer returns, Del Potro returns. Federer returns, Del Potro returns. Federer returns, Del Potro returns. Federer returns, Del Potro returns. Federer returns, Del Potro returns. Federer returns, Del Potro returns. Federer returns,

ROUGE score: {'rouge1': np.float64(0.0), 'rouge2': np.float64(0.0), 'rougeL': np.float64(0.0), 'rougeLsum': np.float64(0.0)}
Generated sample at index 296

Ground truth description for sample 28:
Good bodyline serve, Federer returns a forehand into the net.

Model output:
Del Potro serves. Federer returns the serve. Del Potro returns the serve.

ROUGE score: {'rouge1': np.float64(0.3636363636363636), 'rouge2': np.float64(0.09999999999999999), 'rougeL': np.float64(0.2727272727272727), 'rougeLsum': np.float64(0.2727272727272727)}
Generated sample at index 7

Ground truth description for sample 75:
Federer produces good wide serve, Delpotro just manages a forehand return, a few shots exchanged, Delpoto backhand hits the net.

Model output:
Del Potro serves, Federer returns the serve. Federer hits a backhand cross-court.

ROUGE score: {'rouge1': np.float64(0.3636363636363637), 'rouge2': np.float64(0.0), 'rougeL': np.float64(0.24242424242424246), 'rougeLsum': np.float64(0.24242424242424246)}
Generated sample at index 621

Ground truth description for sample 111:
Williams hits a good serve, Sharapova struggles with it, returning it long.

Model output:
Serena Williams serves, Maria Sharapova returns the serve.

ROUGE score: {'rouge1': np.float64(0.3), 'rouge2': np.float64(0.0), 'rougeL': np.float64(0.2), 'rougeLsum': np.float64(0.2)}
Generated sample at index 101

Ground truth description for sample 40:
Delpotro aims a fine serve wide, Federer just manages a backhand slice return, Delpotro comes to net and hits a forehand winner.

Model output:
Federer serves, Del Potro returns, Federer returns, Del Potro returns, Federer returns, Del Potro returns, Federer returns, Del Potro returns, Federer returns, Del Potro returns, Federer returns, Del Potro returns, Federer returns, Del Potro returns, Federer returns, Del Potro returns, Federer returns, Del Potro returns, Federer returns, Del Potro returns, Federer returns, Del Potro returns, Federer returns, Del Potro returns, Federer returns, Del Potro returns, Federer returns, Del Potro returns, Federer returns, Del Potro returns, Federer returns, Del Potro returns, Federer returns, Del Potro returns, Federer returns, Del Potro returns, Federer returns, Del Potro returns, Federer returns, Del Potro returns, Federer returns, Del Potro returns, Federer returns, Del Potro returns, Federer returns, Del Potro returns, Federer returns, Del Potro returns, Federer returns, Del Potro returns, Federer returns, Del Potro returns, Federer returns, Del Potro returns, Federer returns, Del Potro returns, Federer returns

ROUGE score: {'rouge1': np.float64(0.012195121951219514), 'rouge2': np.float64(0.0), 'rougeL': np.float64(0.012195121951219514), 'rougeLsum': np.float64(0.012195121951219514)}
Generated sample at index 528

Ground truth description for sample 116:
Tsonga hits a slice serve, Djokovic returns a quick forehand return, Tsonga cross-court forehand lands wide of the court.

Model output:
Tsonga serves, Djokovic returns, Tsonga wins the point.

ROUGE score: {'rouge1': np.float64(0.35714285714285715), 'rouge2': np.float64(0.07692307692307693), 'rougeL': np.float64(0.35714285714285715), 'rougeLsum': np.float64(0.35714285714285715)}
Average ROUGE score: {'rouge1': np.float64(0.20892984534023773), 'rouge2': np.float64(0.02721611721611722), 'rougeL': np.float64(0.16068873862087013), 'rougeLsum': np.float64(0.16068873862087013)}
Generated sample at index 124
Total token count: 942
Generated sample at index 590
Total token count: 942
Generated sample at index 608
Total token count: 932
Generated sample at index 166
Total token count: 1405
Generated sample at index 730
Total token count: 2285
Generated sample at index 188
Total token count: 1413
Generated sample at index 657
Total token count: 2721
Generated sample at index 321
Total token count: 949
Emptied CUDA cache
{'loss': '7.381', 'grad_norm': '0.2582', 'learning_rate': '4.826e-05', 'entropy': '7.565', 'num_tokens': '1.403e+06', 'mean_token_accuracy': '0.05169', 'epoch': '1.617'}
Generated sample at index 507
Total token count: 1845
Generated sample at index 265
Total token count: 938
Generated sample at index 619
Total token count: 1396
Generated sample at index 561
Total token count: 2288
Generated sample at index 676
Total token count: 943
Generated sample at index 40
Total token count: 941
Generated sample at index 297
Total token count: 1399
Generated sample at index 189
Total token count: 948
Emptied CUDA cache
{'loss': '7.349', 'grad_norm': '0.2701', 'learning_rate': '4.756e-05', 'entropy': '7.538', 'num_tokens': '1.414e+06', 'mean_token_accuracy': '0.05513', 'epoch': '1.631'}
Generated sample at index 450
Total token count: 1409
Generated sample at index 742
Total token count: 1842
Generated sample at index 115
Total token count: 950
Generated sample at index 574
Total token count: 945
Generated sample at index 50
Total token count: 955
Generated sample at index 675
Total token count: 1399
Generated sample at index 33
Total token count: 948
Generated sample at index 238
Total token count: 949
Emptied CUDA cache
{'loss': '7.292', 'grad_norm': '0.2345', 'learning_rate': '4.686e-05', 'entropy': '7.474', 'num_tokens': '1.424e+06', 'mean_token_accuracy': '0.0613', 'epoch': '1.644'}
Generated sample at index 457
Total token count: 1857
Generated sample at index 331
Total token count: 946
Generated sample at index 174
Total token count: 1851
Generated sample at index 204
Total token count: 1398
Generated sample at index 157
Total token count: 1839
Generated sample at index 91
Total token count: 1400
Generated sample at index 641
Total token count: 944
Generated sample at index 436
Total token count: 945
Emptied CUDA cache
{'loss': '7.341', 'grad_norm': '0.2287', 'learning_rate': '4.616e-05', 'entropy': '7.528', 'num_tokens': '1.435e+06', 'mean_token_accuracy': '0.05572', 'epoch': '1.658'}
Generated sample at index 612
Total token count: 949
Generated sample at index 333
Total token count: 1850
Generated sample at index 660
Total token count: 1396
Generated sample at index 633
Total token count: 1402
Generated sample at index 51
Total token count: 1844
Generated sample at index 498
Total token count: 951
Generated sample at index 159
Total token count: 948
Generated sample at index 39
Total token count: 938
Emptied CUDA cache
{'loss': '7.313', 'grad_norm': '0.272', 'learning_rate': '4.547e-05', 'entropy': '7.503', 'num_tokens': '1.445e+06', 'mean_token_accuracy': '0.0575', 'epoch': '1.671'}
Generated sample at index 249
Total token count: 2730
Generated sample at index 34
Total token count: 1839
Generated sample at index 26
Total token count: 1844
Generated sample at index 240
Total token count: 1845
Generated sample at index 565
Total token count: 948
Generated sample at index 542
Total token count: 1404
Generated sample at index 424
Total token count: 937
Generated sample at index 214
Total token count: 1843
Emptied CUDA cache
{'loss': '7.375', 'grad_norm': '0.3017', 'learning_rate': '4.477e-05', 'entropy': '7.561', 'num_tokens': '1.457e+06', 'mean_token_accuracy': '0.05191', 'epoch': '1.685'}
Generated sample at index 141
Total token count: 1405
Generated sample at index 713
Total token count: 1839
Generated sample at index 377
Total token count: 2278
Generated sample at index 734
Total token count: 950
Generated sample at index 338
Total token count: 1844
Generated sample at index 586
Total token count: 944
Generated sample at index 150
Total token count: 3176
Generated sample at index 411
Total token count: 1401
Emptied CUDA cache
{'loss': '7.396', 'grad_norm': '0.236', 'learning_rate': '4.408e-05', 'entropy': '7.582', 'num_tokens': '1.472e+06', 'mean_token_accuracy': '0.04805', 'epoch': '1.698'}
Generated sample at index 56
Total token count: 1841
Generated sample at index 697
Total token count: 1836
Generated sample at index 41
Total token count: 2289
Generated sample at index 546
Total token count: 1847
Generated sample at index 277
Total token count: 949
Generated sample at index 671
Total token count: 1395
Generated sample at index 357
Total token count: 2722
Generated sample at index 740
Total token count: 940
Emptied CUDA cache
{'loss': '7.403', 'grad_norm': '0.2234', 'learning_rate': '4.339e-05', 'entropy': '7.588', 'num_tokens': '1.486e+06', 'mean_token_accuracy': '0.0486', 'epoch': '1.711'}
Generated sample at index 443
Total token count: 951
Generated sample at index 505
Total token count: 951
Generated sample at index 177
Total token count: 964
Generated sample at index 670
Total token count: 1398
Generated sample at index 588
Total token count: 1400
Generated sample at index 146
Total token count: 1843
Generated sample at index 724
Total token count: 1845
Generated sample at index 634
Total token count: 959
Emptied CUDA cache
{'loss': '7.306', 'grad_norm': '0.2317', 'learning_rate': '4.27e-05', 'entropy': '7.491', 'num_tokens': '1.496e+06', 'mean_token_accuracy': '0.05898', 'epoch': '1.725'}
Generated sample at index 601
Total token count: 1395
Generated sample at index 688
Total token count: 941
Generated sample at index 362
Total token count: 2290
Generated sample at index 395
Total token count: 941
Generated sample at index 534
Total token count: 1412
Generated sample at index 24
Total token count: 1841
Generated sample at index 458
Total token count: 968
Generated sample at index 687
Total token count: 2727
Emptied CUDA cache
{'loss': '7.305', 'grad_norm': '0.2352', 'learning_rate': '4.201e-05', 'entropy': '7.485', 'num_tokens': '1.507e+06', 'mean_token_accuracy': '0.05831', 'epoch': '1.738'}
Generated sample at index 298
Generated sample at index 84
Total token count: 1849
Generated sample at index 169
Generated sample at index 567
Total token count: 1403
Generated sample at index 149
Generated sample at index 672
Total token count: 2728
Generated sample at index 468
Generated sample at index 344
Total token count: 1404
Generated sample at index 376
Generated sample at index 556
Total token count: 1405
Generated sample at index 295
Generated sample at index 94
Total token count: 956
Generated sample at index 385
Generated sample at index 387
Total token count: 1842
Generated sample at index 231
Generated sample at index 582
Total token count: 1842
Generated sample at index 286
Generated sample at index 234
Total token count: 1398
Generated sample at index 589
Generated sample at index 48
Total token count: 1404
Generated sample at index 584
Generated sample at index 194
Total token count: 953
Generated sample at index 202
Generated sample at index 220
Total token count: 1402
Generated sample at index 257
Generated sample at index 438
Total token count: 2727
Generated sample at index 398
Generated sample at index 130
Total token count: 1401
Generated sample at index 296
Generated sample at index 66
Total token count: 950
Generated sample at index 173
Generated sample at index 287
Total token count: 2728
Generated sample at index 645
Generated sample at index 28
Total token count: 1403
Generated sample at index 210
Generated sample at index 685
Total token count: 1840
Generated sample at index 5
Generated sample at index 547
Total token count: 1845
Generated sample at index 625
Generated sample at index 532
Total token count: 1403
Generated sample at index 101
Generated sample at index 710
Total token count: 1833
Generated sample at index 686
Generated sample at index 581
Total token count: 1852
Generated sample at index 99
Generated sample at index 253
Total token count: 2289
Generated sample at index 337
Generated sample at index 44
Total token count: 2302
Generated sample at index 123
Generated sample at index 479
Total token count: 1858
Generated sample at index 630
Generated sample at index 537
Total token count: 1844
Generated sample at index 203
Generated sample at index 739
Total token count: 948
Generated sample at index 279
Generated sample at index 663
Total token count: 2286
Generated sample at index 427
Generated sample at index 572
Total token count: 1402
Generated sample at index 439
Generated sample at index 215
Total token count: 1841
Generated sample at index 319
Generated sample at index 47
Total token count: 2731
Generated sample at index 9
Generated sample at index 391
Total token count: 965
Generated sample at index 666
Generated sample at index 568
Total token count: 1385
Generated sample at index 327
Generated sample at index 129
Total token count: 953
Generated sample at index 100
Generated sample at index 559
Total token count: 1407
Generated sample at index 477
Generated sample at index 613
Total token count: 2288
Generated sample at index 658
Generated sample at index 183
Total token count: 1842
Generated sample at index 145
Generated sample at index 7
Total token count: 1407
Generated sample at index 293
Generated sample at index 52
Total token count: 2285
Generated sample at index 627
Generated sample at index 358
Total token count: 1851
Generated sample at index 637
Generated sample at index 577
Total token count: 1403
Generated sample at index 301
Generated sample at index 98
Total token count: 2283
Generated sample at index 341
Generated sample at index 32
Total token count: 1402
Generated sample at index 284
Generated sample at index 176
Total token count: 1405
Generated sample at index 139
Generated sample at index 310
Total token count: 950
Generated sample at index 366
Generated sample at index 351
Total token count: 1853
Generated sample at index 6
Generated sample at index 328
Total token count: 1404
Generated sample at index 440
Generated sample at index 602
Total token count: 1387
Generated sample at index 616
Generated sample at index 269
Total token count: 1383
Generated sample at index 437
Generated sample at index 515
Total token count: 948
Generated sample at index 722
Generated sample at index 493
Total token count: 947
Generated sample at index 673
Generated sample at index 472
Total token count: 1406
Generated sample at index 620
Generated sample at index 716
Total token count: 1384
Generated sample at index 682
Generated sample at index 469
Total token count: 2285
Generated sample at index 445
Generated sample at index 563
Total token count: 1401
Generated sample at index 717
Generated sample at index 621
Total token count: 2725
Generated sample at index 578
Generated sample at index 78
Total token count: 1397
Generated sample at index 592
Generated sample at index 119
Total token count: 1404
Generated sample at index 528
Generated sample at index 449
Total token count: 1846
Generated sample at index 43
Generated sample at index 318
Total token count: 2288
Generated sample at index 711
Generated sample at index 476
Total token count: 1406
Generated sample at index 190
Generated sample at index 8
Total token count: 1401
Generated sample at index 382
Generated sample at index 692
Total token count: 1407
Generated sample at index 388
Generated sample at index 379
Total token count: 1848
Generated sample at index 553
Generated sample at index 76
Total token count: 1852
Generated sample at index 325
Generated sample at index 455
Total token count: 1842
Generated sample at index 252
Generated sample at index 110
Total token count: 1385
Generated sample at index 726
Generated sample at index 514
Total token count: 1402
Generated sample at index 646
Generated sample at index 444
Total token count: 1834
Generated sample at index 54
Generated sample at index 674
Total token count: 3175
Generated sample at index 280
Generated sample at index 10
Total token count: 2285
Generated sample at index 566
Generated sample at index 355
Total token count: 2283
Generated sample at index 172
Generated sample at index 442
Total token count: 950
Generated sample at index 13
Generated sample at index 151
Total token count: 2284
Generated sample at index 677
Generated sample at index 573
Total token count: 949
Computing metrics on evaluation batch...
{'eval_loss': '7.347', 'eval_token_accuracy': '0', 'eval_runtime': '147.8', 'eval_samples_per_second': '1.015', 'eval_steps_per_second': '0.507', 'eval_entropy': '7.529', 'eval_num_tokens': '1.507e+06', 'eval_mean_token_accuracy': '0.05427', 'epoch': '1.738'}
Generated sample at index 298

Ground truth description for sample 0:
Good serve in the middle, Federer returns a backhand return, brief rally, Federer nets a forehand on the run.

Model output:
Federer hits a backhand crosscourt. Del Potro returns with a backhand slice.

ROUGE score: {'rouge1': np.float64(0.3225806451612903), 'rouge2': np.float64(0.06896551724137931), 'rougeL': np.float64(0.2580645161290323), 'rougeLsum': np.float64(0.2580645161290323)}
Generated sample at index 129

Ground truth description for sample 67:
Delpotro produces a bodyline serve, Federer is unable to return it.

Model output:
Federer serves a long ball, Del Potro returns the ball with a slice.

ROUGE score: {'rouge1': np.float64(0.16666666666666669), 'rouge2': np.float64(0.0), 'rougeL': np.float64(0.08333333333333334), 'rougeLsum': np.float64(0.08333333333333334)}
Generated sample at index 553

Ground truth description for sample 128:
Good serve, Djokovic returns a forehand return, Tsonga fails to keep a forehand in the play.

Model output:
Tsonga serves, Djokovic returns the point.

ROUGE score: {'rouge1': np.float64(0.36363636363636365), 'rouge2': np.float64(0.1), 'rougeL': np.float64(0.2727272727272727), 'rougeLsum': np.float64(0.2727272727272727)}
Generated sample at index 253

Ground truth description for sample 45:
Good wide serve, Delpotro manages a forehand return, a few shots exchanged, Federer cross-court backhand just lands wide.

Model output:
Federer serves, Del Potro returns. Federer hits a backhand crosscourt winner.

ROUGE score: {'rouge1': np.float64(0.19999999999999998), 'rouge2': np.float64(0.0), 'rougeL': np.float64(0.13333333333333333), 'rougeLsum': np.float64(0.13333333333333333)}
Generated sample at index 76

Ground truth description for sample 129:
Delpotro serves a good one, Federer puts back a backhand return, good rally, Delpotro hits a backhand cross-court but it lands long.

Model output:
Federer hits a backhand crosscourt, Del Potro returns the backhand.

ROUGE score: {'rouge1': np.float64(0.30303030303030304), 'rouge2': np.float64(0.1290322580645161), 'rougeL': np.float64(0.24242424242424243), 'rougeLsum': np.float64(0.24242424242424243)}
Generated sample at index 130

Ground truth description for sample 27:
Good serve down T, Federer backhand return lands long of the court.

Model output:
Del Potro serves to Federer, who returns the serve. Federer hits a backhand cross-court.

ROUGE score: {'rouge1': np.float64(0.3703703703703704), 'rouge2': np.float64(0.0), 'rougeL': np.float64(0.2962962962962963), 'rougeLsum': np.float64(0.2962962962962963)}
Generated sample at index 293

Ground truth description for sample 76:
Federer arrows a good serve at T, Delpotro is unable to return it.

Model output:
Del Potro serves. Federer returns the serve with a backhand. Del Potro wins the point.

ROUGE score: {'rouge1': np.float64(0.21428571428571427), 'rouge2': np.float64(0.0), 'rougeL': np.float64(0.14285714285714288), 'rougeLsum': np.float64(0.14285714285714288)}
Generated sample at index 76

Ground truth description for sample 129:
Delpotro serves a good one, Federer puts back a backhand return, good rally, Delpotro hits a backhand cross-court but it lands long.

Model output:
Federer serves to Del Potro, Del Potro returns the serve with a backhand, Federer returns the serve with a backhand, Del Potro returns the serve with a backhand, Federer returns the serve with a backhand, Del Potro returns the serve with a backhand, Federer returns the serve with a backhand, Del Potro returns the serve with a backhand, Federer returns the serve with a backhand, Del Potro returns the serve with a backhand, Federer returns the serve with a backhand, Del Potro returns the serve with a backhand, Federer returns the serve with a backhand, Del Potro returns the serve with a backhand, Federer returns the serve with a backhand, Del Potro returns the serve with a backhand, Federer returns the serve with a backhand, Del Potro returns the serve with a backhand, Federer returns the serve with a backhand, Del Potro returns the serve with a backhand, Federer returns the serve with a backhand, Del Potro returns the serve with a backhand, Federer returns the serve with a backhand, Del Potro returns the serve with a backhand, Federer returns the serve

ROUGE score: {'rouge1': np.float64(0.06829268292682927), 'rouge2': np.float64(0.019704433497536943), 'rougeL': np.float64(0.06829268292682927), 'rougeLsum': np.float64(0.06829268292682927)}
Generated sample at index 630

Ground truth description for sample 50:
Williams serves a high kick serve, Sharapova returns a forehand return, Serena fails to keep a cross-court backhand in the play.

Model output:
SERENA Serves. Maria Sharapova Returns. SERENA Makes a Backhand Return.

ROUGE score: {'rouge1': np.float64(0.4375), 'rouge2': np.float64(0.06666666666666667), 'rougeL': np.float64(0.37499999999999994), 'rougeLsum': np.float64(0.37499999999999994)}
Generated sample at index 532

Ground truth description for sample 39:
Sharp angled slice serve, Tsonga returns a forehand return, Djokovic whips a backhand cross-court winner.

Model output:
Tsonga serves, Djokovic returns. Djokovic hits a backhand return, Tsonga wins the point.

ROUGE score: {'rouge1': np.float64(0.41379310344827586), 'rouge2': np.float64(0.07407407407407407), 'rougeL': np.float64(0.3448275862068966), 'rougeLsum': np.float64(0.3448275862068966)}
Average ROUGE score: {'rouge1': np.float64(0.2860155849525813), 'rouge2': np.float64(0.04584429495441731), 'rougeL': np.float64(0.22171564062343788), 'rougeLsum': np.float64(0.22171564062343788)}
Generated sample at index 306
Total token count: 941
Generated sample at index 587
Total token count: 1842
Generated sample at index 725
Total token count: 943
Generated sample at index 354
Total token count: 1842
Generated sample at index 193
Total token count: 1845
Generated sample at index 308
Total token count: 945
Generated sample at index 506
Total token count: 945
Generated sample at index 580
Total token count: 2723
Emptied CUDA cache
{'loss': '7.351', 'grad_norm': '0.2229', 'learning_rate': '4.132e-05', 'entropy': '7.539', 'num_tokens': '1.519e+06', 'mean_token_accuracy': '0.05355', 'epoch': '1.752'}
Generated sample at index 11
Total token count: 1412
Generated sample at index 245
Total token count: 1846
Generated sample at index 291
Total token count: 963
Generated sample at index 513
Total token count: 1847
Generated sample at index 591
Total token count: 1840
Generated sample at index 336
Total token count: 1851
Generated sample at index 288
Total token count: 1405
Generated sample at index 353
Total token count: 1411
Emptied CUDA cache
{'loss': '7.366', 'grad_norm': '0.2304', 'learning_rate': '4.063e-05', 'entropy': '7.55', 'num_tokens': '1.533e+06', 'mean_token_accuracy': '0.05144', 'epoch': '1.765'}
Generated sample at index 347
Total token count: 2278
Generated sample at index 315
Total token count: 1399
Generated sample at index 548
Total token count: 2290
Generated sample at index 81
Total token count: 2291
Generated sample at index 116
Total token count: 954
Generated sample at index 274
Total token count: 2285
Generated sample at index 241
Total token count: 1843
Generated sample at index 135
Total token count: 1403
Emptied CUDA cache
{'loss': '7.387', 'grad_norm': '0.2167', 'learning_rate': '3.995e-05', 'entropy': '7.572', 'num_tokens': '1.548e+06', 'mean_token_accuracy': '0.04993', 'epoch': '1.779'}
Generated sample at index 201
Total token count: 954
Generated sample at index 373
Total token count: 942
Generated sample at index 683
Total token count: 1837
Generated sample at index 557
Total token count: 960
Generated sample at index 80
Total token count: 1403
Generated sample at index 501
Total token count: 952
Generated sample at index 465
Total token count: 957
Generated sample at index 516
Total token count: 954
Emptied CUDA cache
{'loss': '7.262', 'grad_norm': '0.211', 'learning_rate': '3.926e-05', 'entropy': '7.44', 'num_tokens': '1.557e+06', 'mean_token_accuracy': '0.06375', 'epoch': '1.792'}
Generated sample at index 473
Total token count: 1397
Generated sample at index 103
Total token count: 1406
Generated sample at index 152
Total token count: 938
Generated sample at index 642
Total token count: 1375
Generated sample at index 700
Total token count: 1403
Generated sample at index 384
Total token count: 943
Generated sample at index 488
Total token count: 1412
Generated sample at index 392
Total token count: 1397
Emptied CUDA cache
{'loss': '7.317', 'grad_norm': '0.2083', 'learning_rate': '3.858e-05', 'entropy': '7.491', 'num_tokens': '1.567e+06', 'mean_token_accuracy': '0.05807', 'epoch': '1.805'}
Generated sample at index 378
Total token count: 1398
Generated sample at index 260
Total token count: 1846
Generated sample at index 261
Total token count: 2290
Generated sample at index 340
Total token count: 1845
Generated sample at index 93
Total token count: 956
Generated sample at index 180
Total token count: 944
Generated sample at index 599
Total token count: 1376
Generated sample at index 422
Total token count: 951
Emptied CUDA cache
{'loss': '7.348', 'grad_norm': '0.2004', 'learning_rate': '3.79e-05', 'entropy': '7.536', 'num_tokens': '1.579e+06', 'mean_token_accuracy': '0.05487', 'epoch': '1.819'}
Generated sample at index 665
Total token count: 942
Generated sample at index 198
Total token count: 1840
Generated sample at index 74
Total token count: 1848
Generated sample at index 324
Total token count: 1409
Generated sample at index 727
Total token count: 1842
Generated sample at index 14
Total token count: 1402
Generated sample at index 680
Total token count: 1397
Generated sample at index 421
Total token count: 940
Emptied CUDA cache
{'loss': '7.343', 'grad_norm': '0.1957', 'learning_rate': '3.723e-05', 'entropy': '7.52', 'num_tokens': '1.591e+06', 'mean_token_accuracy': '0.05482', 'epoch': '1.832'}
Generated sample at index 364
Total token count: 959
Generated sample at index 175
Total token count: 948
Generated sample at index 690
Total token count: 940
Generated sample at index 538
Total token count: 1849
Generated sample at index 562
Total token count: 954
Generated sample at index 453
Total token count: 1412
Generated sample at index 316
Total token count: 1846
Generated sample at index 165
Total token count: 1387
Emptied CUDA cache
{'loss': '7.281', 'grad_norm': '0.208', 'learning_rate': '3.655e-05', 'entropy': '7.458', 'num_tokens': '1.601e+06', 'mean_token_accuracy': '0.06288', 'epoch': '1.846'}
Generated sample at index 447
Total token count: 956
Generated sample at index 368
Total token count: 1841
Generated sample at index 107
Total token count: 1409
Generated sample at index 527
Total token count: 946
Generated sample at index 322
Total token count: 1844
Generated sample at index 570
Total token count: 944
Generated sample at index 87
Total token count: 1843
Generated sample at index 381
Total token count: 1396
Emptied CUDA cache
{'loss': '7.327', 'grad_norm': '0.1911', 'learning_rate': '3.588e-05', 'entropy': '7.505', 'num_tokens': '1.612e+06', 'mean_token_accuracy': '0.0571', 'epoch': '1.859'}
Generated sample at index 232
Total token count: 1393
Generated sample at index 302
Total token count: 1392
Generated sample at index 216
Total token count: 941
Generated sample at index 494
Total token count: 964
Generated sample at index 585
Total token count: 1841
Generated sample at index 496
Total token count: 961
Generated sample at index 410
Total token count: 2281
Generated sample at index 718
Total token count: 2278
Emptied CUDA cache
{'loss': '7.315', 'grad_norm': '0.1918', 'learning_rate': '3.521e-05', 'entropy': '7.495', 'num_tokens': '1.623e+06', 'mean_token_accuracy': '0.05756', 'epoch': '1.872'}
Generated sample at index 298
Generated sample at index 84
Total token count: 1849
Generated sample at index 169
Generated sample at index 567
Total token count: 1403
Generated sample at index 149
Generated sample at index 672
Total token count: 2728
Generated sample at index 468
Generated sample at index 344
Total token count: 1404
Generated sample at index 376
Generated sample at index 556
Total token count: 1405
Generated sample at index 295
Generated sample at index 94
Total token count: 956
Generated sample at index 385
Generated sample at index 387
Total token count: 1842
Generated sample at index 231
Generated sample at index 582
Total token count: 1842
Generated sample at index 286
Generated sample at index 234
Total token count: 1398
Generated sample at index 589
Generated sample at index 48
Total token count: 1404
Generated sample at index 584
Generated sample at index 194
Total token count: 953
Generated sample at index 202
Generated sample at index 220
Total token count: 1402
Generated sample at index 257
Generated sample at index 438
Total token count: 2727
Generated sample at index 398
Generated sample at index 130
Total token count: 1401
Generated sample at index 296
Generated sample at index 66
Total token count: 950
Generated sample at index 173
Generated sample at index 287
Total token count: 2728
Generated sample at index 645
Generated sample at index 28
Total token count: 1403
Generated sample at index 210
Generated sample at index 685
Total token count: 1840
Generated sample at index 5
Generated sample at index 547
Total token count: 1845
Generated sample at index 625
Generated sample at index 532
Total token count: 1403
Generated sample at index 101
Generated sample at index 710
Total token count: 1833
Generated sample at index 686
Generated sample at index 581
Total token count: 1852
Generated sample at index 99
Generated sample at index 253
Total token count: 2289
Generated sample at index 337
Generated sample at index 44
Total token count: 2302
Generated sample at index 123
Generated sample at index 479
Total token count: 1858
Generated sample at index 630
Generated sample at index 537
Total token count: 1844
Generated sample at index 203
Generated sample at index 739
Total token count: 948
Generated sample at index 279
Generated sample at index 663
Total token count: 2286
Generated sample at index 427
Generated sample at index 572
Total token count: 1402
Generated sample at index 439
Generated sample at index 215
Total token count: 1841
Generated sample at index 319
Generated sample at index 47
Total token count: 2731
Generated sample at index 9
Generated sample at index 391
Total token count: 965
Generated sample at index 666
Generated sample at index 568
Total token count: 1385
Generated sample at index 327
Generated sample at index 129
Total token count: 953
Generated sample at index 100
Generated sample at index 559
Total token count: 1407
Generated sample at index 477
Generated sample at index 613
Total token count: 2288
Generated sample at index 658
Generated sample at index 183
Total token count: 1842
Generated sample at index 145
Generated sample at index 7
Total token count: 1407
Generated sample at index 293
Generated sample at index 52
Total token count: 2285
Generated sample at index 627
Generated sample at index 358
Total token count: 1851
Generated sample at index 637
Generated sample at index 577
Total token count: 1403
Generated sample at index 301
Generated sample at index 98
Total token count: 2283
Generated sample at index 341
Generated sample at index 32
Total token count: 1402
Generated sample at index 284
Generated sample at index 176
Total token count: 1405
Generated sample at index 139
Generated sample at index 310
Total token count: 950
Generated sample at index 366
Generated sample at index 351
Total token count: 1853
Generated sample at index 6
Generated sample at index 328
Total token count: 1404
Generated sample at index 440
Generated sample at index 602
Total token count: 1387
Generated sample at index 616
Generated sample at index 269
Total token count: 1383
Generated sample at index 437
Generated sample at index 515
Total token count: 948
Generated sample at index 722
Generated sample at index 493
Total token count: 947
Generated sample at index 673
Generated sample at index 472
Total token count: 1406
Generated sample at index 620
Generated sample at index 716
Total token count: 1384
Generated sample at index 682
Generated sample at index 469
Total token count: 2285
Generated sample at index 445
Generated sample at index 563
Total token count: 1401
Generated sample at index 717
Generated sample at index 621
Total token count: 2725
Generated sample at index 578
Generated sample at index 78
Total token count: 1397
Generated sample at index 592
Generated sample at index 119
Total token count: 1404
Generated sample at index 528
Generated sample at index 449
Total token count: 1846
Generated sample at index 43
Generated sample at index 318
Total token count: 2288
Generated sample at index 711
Generated sample at index 476
Total token count: 1406
Generated sample at index 190
Generated sample at index 8
Total token count: 1401
Generated sample at index 382
Generated sample at index 692
Total token count: 1407
Generated sample at index 388
Generated sample at index 379
Total token count: 1848
Generated sample at index 553
Generated sample at index 76
Total token count: 1852
Generated sample at index 325
Generated sample at index 455
Total token count: 1842
Generated sample at index 252
Generated sample at index 110
Total token count: 1385
Generated sample at index 726
Generated sample at index 514
Total token count: 1402
Generated sample at index 646
Generated sample at index 444
Total token count: 1834
Generated sample at index 54
Generated sample at index 674
Total token count: 3175
Generated sample at index 280
Generated sample at index 10
Total token count: 2285
Generated sample at index 566
Generated sample at index 355
Total token count: 2283
Generated sample at index 172
Generated sample at index 442
Total token count: 950
Generated sample at index 13
Generated sample at index 151
Total token count: 2284
Generated sample at index 677
Generated sample at index 573
Total token count: 949
Computing metrics on evaluation batch...
{'eval_loss': '7.337', 'eval_token_accuracy': '0', 'eval_runtime': '147.3', 'eval_samples_per_second': '1.019', 'eval_steps_per_second': '0.509', 'eval_entropy': '7.517', 'eval_num_tokens': '1.623e+06', 'eval_mean_token_accuracy': '0.05569', 'epoch': '1.872'}
Generated sample at index 602

Ground truth description for sample 95:
Sharapova serves a heavy serve down the middle which Williams returns long.

Model output:
Williams serves the ball, Sharapova returns the point with a backhand.

ROUGE score: {'rouge1': np.float64(0.5217391304347826), 'rouge2': np.float64(0.0), 'rougeL': np.float64(0.2608695652173913), 'rougeLsum': np.float64(0.2608695652173913)}
Generated sample at index 710

Ground truth description for sample 41:
Good serve in the middle, Williams returns a forehand return, rally, Serena strokes a backhand cross-court winner.

Model output:
Williams serves, Azarenka returns with a backhand cross-court. Williams returns with a backhand cross-court.

ROUGE score: {'rouge1': np.float64(0.411764705882353), 'rouge2': np.float64(0.25), 'rougeL': np.float64(0.411764705882353), 'rougeLsum': np.float64(0.411764705882353)}
Generated sample at index 54

Ground truth description for sample 138:
Good serve in the middle, Delpotro crafts a backhand return, short rally, Delpotro produces a forehand cross-court winner.

Model output:
Federer serves a backhand cross court, Del Potro returns with a forehand return.

ROUGE score: {'rouge1': np.float64(0.4375), 'rouge2': np.float64(0.2), 'rougeL': np.float64(0.25), 'rougeLsum': np.float64(0.25)}
Generated sample at index 514

Ground truth description for sample 135:
Fine serve, Djokovic is unable to return it into court.

Model output:
Tsonga serves a backhand cross-court. Djokovic returns the serve with a backhand cross-court.

ROUGE score: {'rouge1': np.float64(0.24), 'rouge2': np.float64(0.0), 'rougeL': np.float64(0.16), 'rougeLsum': np.float64(0.16)}
Generated sample at index 298

Ground truth description for sample 0:
Good serve in the middle, Federer returns a backhand return, brief rally, Federer nets a forehand on the run.

Model output:
Federer serves the ball, Del Potro returns the point with a forehand backhand.

ROUGE score: {'rouge1': np.float64(0.4375), 'rouge2': np.float64(0.06666666666666667), 'rougeL': np.float64(0.25), 'rougeLsum': np.float64(0.25)}
Generated sample at index 301

Ground truth description for sample 82:
High kick serve, Delpotro returns a forehand return, long rally, Federer overcooks a forehand long.

Model output:
Federer serves the ball. Del Potro returns the serve with a backhand lob. Federer hits the ball with a backhand lob.

ROUGE score: {'rouge1': np.float64(0.2777777777777778), 'rouge2': np.float64(0.0), 'rougeL': np.float64(0.2222222222222222), 'rougeLsum': np.float64(0.2222222222222222)}
Generated sample at index 692

Ground truth description for sample 125:
Fine serve, Azarenka shoots a forehand return winner.

Model output:
Azarenka serves, Williams returns with a lob.

ROUGE score: {'rouge1': np.float64(0.26666666666666666), 'rouge2': np.float64(0.0), 'rougeL': np.float64(0.26666666666666666), 'rougeLsum': np.float64(0.26666666666666666)}
Generated sample at index 149

Ground truth description for sample 4:
Good serve in the middle, Delpotro returns a backhand return, good rally, Federer comes in quickly and volleys a backhand winner.

Model output:
Federer serves the ball, Del Potro returns the serve with a forehand return, Federer hits the ball, Del Potro returns the ball with a backhand cross-court return.

ROUGE score: {'rouge1': np.float64(0.32653061224489793), 'rouge2': np.float64(0.0425531914893617), 'rougeL': np.float64(0.28571428571428575), 'rougeLsum': np.float64(0.28571428571428575)}
Generated sample at index 296

Ground truth description for sample 28:
Good bodyline serve, Federer returns a forehand into the net.

Model output:
Federer serves a backhand cross-court winner.

ROUGE score: {'rouge1': np.float64(0.23529411764705882), 'rouge2': np.float64(0.0), 'rougeL': np.float64(0.23529411764705882), 'rougeLsum': np.float64(0.23529411764705882)}
Generated sample at index 6

Ground truth description for sample 92:
Monumental serve in the corner is an ace.

Model output:
Federer serves a cross court, Del Potro returns a backhand cross court.

ROUGE score: {'rouge1': np.float64(0.0), 'rouge2': np.float64(0.0), 'rougeL': np.float64(0.0), 'rougeLsum': np.float64(0.0)}
Average ROUGE score: {'rouge1': np.float64(0.31547730106535365), 'rouge2': np.float64(0.055921985815602836), 'rougeL': np.float64(0.23425315633499774), 'rougeLsum': np.float64(0.23425315633499774)}
Generated sample at index 508
Total token count: 956
Generated sample at index 239
Total token count: 1410
Generated sample at index 399
Total token count: 1844
Generated sample at index 281
Total token count: 947
Generated sample at index 108
Total token count: 943
Generated sample at index 451
Total token count: 943
Generated sample at index 272
Total token count: 2287
Generated sample at index 386
Total token count: 936
Emptied CUDA cache
{'loss': '7.322', 'grad_norm': '0.2036', 'learning_rate': '3.455e-05', 'entropy': '7.506', 'num_tokens': '1.634e+06', 'mean_token_accuracy': '0.0579', 'epoch': '1.886'}
Generated sample at index 480
Total token count: 948
Generated sample at index 720
Total token count: 941
Generated sample at index 622
Total token count: 1404
Generated sample at index 23
Total token count: 2283
Generated sample at index 520
Total token count: 950
Generated sample at index 406
Total token count: 1840
Generated sample at index 67
Total token count: 1404
Generated sample at index 49
Total token count: 1845
Emptied CUDA cache
{'loss': '7.327', 'grad_norm': '0.1987', 'learning_rate': '3.389e-05', 'entropy': '7.501', 'num_tokens': '1.645e+06', 'mean_token_accuracy': '0.05757', 'epoch': '1.899'}
Generated sample at index 133
Total token count: 959
Generated sample at index 229
Total token count: 1401
Generated sample at index 105
Total token count: 949
Generated sample at index 598
Total token count: 1404
Generated sample at index 541
Total token count: 1852
Generated sample at index 735
Total token count: 2285
Generated sample at index 3
Total token count: 2283
Generated sample at index 102
Total token count: 2729
Emptied CUDA cache
{'loss': '7.342', 'grad_norm': '0.1912', 'learning_rate': '3.323e-05', 'entropy': '7.52', 'num_tokens': '1.658e+06', 'mean_token_accuracy': '0.05614', 'epoch': '1.913'}
Generated sample at index 209
Total token count: 1405
Generated sample at index 65
Total token count: 1403
Generated sample at index 413
Total token count: 948
Generated sample at index 603
Total token count: 1395
Generated sample at index 709
Total token count: 1388
Generated sample at index 485
Total token count: 945
Generated sample at index 702
Total token count: 945
Generated sample at index 728
Total token count: 1394
Emptied CUDA cache
{'loss': '7.329', 'grad_norm': '0.1847', 'learning_rate': '3.257e-05', 'entropy': '7.503', 'num_tokens': '1.669e+06', 'mean_token_accuracy': '0.05596', 'epoch': '1.926'}
Generated sample at index 729
Total token count: 1841
Generated sample at index 489
Total token count: 950
Generated sample at index 154
Total token count: 953
Generated sample at index 397
Total token count: 1383
Generated sample at index 522
Total token count: 1849
Generated sample at index 262
Total token count: 1405
Generated sample at index 500
Total token count: 952
Generated sample at index 678
Total token count: 944
Emptied CUDA cache
{'loss': '7.305', 'grad_norm': '0.1719', 'learning_rate': '3.192e-05', 'entropy': '7.487', 'num_tokens': '1.68e+06', 'mean_token_accuracy': '0.05997', 'epoch': '1.94'}
Generated sample at index 583
Total token count: 2726
Generated sample at index 593
Total token count: 1402
Generated sample at index 326
Total token count: 948
Generated sample at index 723
Total token count: 939
Generated sample at index 303
Total token count: 951
Generated sample at index 624
Total token count: 1395
Generated sample at index 656
Total token count: 1392
Generated sample at index 502
Total token count: 1409
Emptied CUDA cache
{'loss': '7.313', 'grad_norm': '0.2373', 'learning_rate': '3.127e-05', 'entropy': '7.495', 'num_tokens': '1.691e+06', 'mean_token_accuracy': '0.05902', 'epoch': '1.953'}
Generated sample at index 504
Total token count: 1407
Generated sample at index 170
Total token count: 1409
Generated sample at index 487
Total token count: 1857
Generated sample at index 228
Total token count: 958
Generated sample at index 632
Total token count: 1406
Generated sample at index 186
Total token count: 954
Generated sample at index 390
Total token count: 1377
Generated sample at index 195
Total token count: 1404
Emptied CUDA cache
{'loss': '7.29', 'grad_norm': '0.1769', 'learning_rate': '3.062e-05', 'entropy': '7.467', 'num_tokens': '1.702e+06', 'mean_token_accuracy': '0.06191', 'epoch': '1.966'}
Generated sample at index 356
Total token count: 1401
Generated sample at index 715
Total token count: 936
Generated sample at index 268
Total token count: 1388
Generated sample at index 610
Total token count: 1835
Generated sample at index 524
Total token count: 1854
Generated sample at index 375
Total token count: 1399
Generated sample at index 37
Total token count: 953
Generated sample at index 401
Total token count: 1401
Emptied CUDA cache
{'loss': '7.331', 'grad_norm': '0.1873', 'learning_rate': '2.998e-05', 'entropy': '7.51', 'num_tokens': '1.713e+06', 'mean_token_accuracy': '0.05607', 'epoch': '1.98'}
Generated sample at index 741
Total token count: 1402
Generated sample at index 402
Total token count: 1396
Generated sample at index 654
Total token count: 956
Generated sample at index 744
Total token count: 2283
Generated sample at index 35
Total token count: 4498
Generated sample at index 552
Total token count: 1851
Generated sample at index 705
Total token count: 935
Generated sample at index 454
Total token count: 961
Emptied CUDA cache
{'loss': '7.361', 'grad_norm': '0.2286', 'learning_rate': '2.934e-05', 'entropy': '7.542', 'num_tokens': '1.727e+06', 'mean_token_accuracy': '0.05174', 'epoch': '1.993'}
Generated sample at index 251
Total token count: 1413
Generated sample at index 374
Total token count: 941
Generated sample at index 558
Total token count: 2734
Emptied CUDA cache
{'loss': '7.291', 'grad_norm': '0.192', 'learning_rate': '2.871e-05', 'entropy': '7.46', 'num_tokens': '1.733e+06', 'mean_token_accuracy': '0.06129', 'epoch': '2'}
Generated sample at index 298
Generated sample at index 84
Total token count: 1849
Generated sample at index 169
Generated sample at index 567
Total token count: 1403
Generated sample at index 149
Generated sample at index 672
Total token count: 2728
Generated sample at index 468
Generated sample at index 344
Total token count: 1404
Generated sample at index 376
Generated sample at index 556
Total token count: 1405
Generated sample at index 295
Generated sample at index 94
Total token count: 956
Generated sample at index 385
Generated sample at index 387
Total token count: 1842
Generated sample at index 231
Generated sample at index 582
Total token count: 1842
Generated sample at index 286
Generated sample at index 234
Total token count: 1398
Generated sample at index 589
Generated sample at index 48
Total token count: 1404
Generated sample at index 584
Generated sample at index 194
Total token count: 953
Generated sample at index 202
Generated sample at index 220
Total token count: 1402
Generated sample at index 257
Generated sample at index 438
Total token count: 2727
Generated sample at index 398
Generated sample at index 130
Total token count: 1401
Generated sample at index 296
Generated sample at index 66
Total token count: 950
Generated sample at index 173
Generated sample at index 287
Total token count: 2728
Generated sample at index 645
Generated sample at index 28
Total token count: 1403
Generated sample at index 210
Generated sample at index 685
Total token count: 1840
Generated sample at index 5
Generated sample at index 547
Total token count: 1845
Generated sample at index 625
Generated sample at index 532
Total token count: 1403
Generated sample at index 101
Generated sample at index 710
Total token count: 1833
Generated sample at index 686
Generated sample at index 581
Total token count: 1852
Generated sample at index 99
Generated sample at index 253
Total token count: 2289
Generated sample at index 337
Generated sample at index 44
Total token count: 2302
Generated sample at index 123
Generated sample at index 479
Total token count: 1858
Generated sample at index 630
Generated sample at index 537
Total token count: 1844
Generated sample at index 203
Generated sample at index 739
Total token count: 948
Generated sample at index 279
Generated sample at index 663
Total token count: 2286
Generated sample at index 427
Generated sample at index 572
Total token count: 1402
Generated sample at index 439
Generated sample at index 215
Total token count: 1841
Generated sample at index 319
Generated sample at index 47
Total token count: 2731
Generated sample at index 9
Generated sample at index 391
Total token count: 965
Generated sample at index 666
Generated sample at index 568
Total token count: 1385
Generated sample at index 327
Generated sample at index 129
Total token count: 953
Generated sample at index 100
Generated sample at index 559
Total token count: 1407
Generated sample at index 477
Generated sample at index 613
Total token count: 2288
Generated sample at index 658
Generated sample at index 183
Total token count: 1842
Generated sample at index 145
Generated sample at index 7
Total token count: 1407
Generated sample at index 293
Generated sample at index 52
Total token count: 2285
Generated sample at index 627
Generated sample at index 358
Total token count: 1851
Generated sample at index 637
Generated sample at index 577
Total token count: 1403
Generated sample at index 301
Generated sample at index 98
Total token count: 2283
Generated sample at index 341
Generated sample at index 32
Total token count: 1402
Generated sample at index 284
Generated sample at index 176
Total token count: 1405
Generated sample at index 139
Generated sample at index 310
Total token count: 950
Generated sample at index 366
Generated sample at index 351
Total token count: 1853
Generated sample at index 6
Generated sample at index 328
Total token count: 1404
Generated sample at index 440
Generated sample at index 602
Total token count: 1387
Generated sample at index 616
Generated sample at index 269
Total token count: 1383
Generated sample at index 437
Generated sample at index 515
Total token count: 948
Generated sample at index 722
Generated sample at index 493
Total token count: 947
Generated sample at index 673
Generated sample at index 472
Total token count: 1406
Generated sample at index 620
Generated sample at index 716
Total token count: 1384
Generated sample at index 682
Generated sample at index 469
Total token count: 2285
Generated sample at index 445
Generated sample at index 563
Total token count: 1401
Generated sample at index 717
Generated sample at index 621
Total token count: 2725
Generated sample at index 578
Generated sample at index 78
Total token count: 1397
Generated sample at index 592
Generated sample at index 119
Total token count: 1404
Generated sample at index 528
Generated sample at index 449
Total token count: 1846
Generated sample at index 43
Generated sample at index 318
Total token count: 2288
Generated sample at index 711
Generated sample at index 476
Total token count: 1406
Generated sample at index 190
Generated sample at index 8
Total token count: 1401
Generated sample at index 382
Generated sample at index 692
Total token count: 1407
Generated sample at index 388
Generated sample at index 379
Total token count: 1848
Generated sample at index 553
Generated sample at index 76
Total token count: 1852
Generated sample at index 325
Generated sample at index 455
Total token count: 1842
Generated sample at index 252
Generated sample at index 110
Total token count: 1385
Generated sample at index 726
Generated sample at index 514
Total token count: 1402
Generated sample at index 646
Generated sample at index 444
Total token count: 1834
Generated sample at index 54
Generated sample at index 674
Total token count: 3175
Generated sample at index 280
Generated sample at index 10
Total token count: 2285
Generated sample at index 566
Generated sample at index 355
Total token count: 2283
Generated sample at index 172
Generated sample at index 442
Total token count: 950
Generated sample at index 13
Generated sample at index 151
Total token count: 2284
Generated sample at index 677
Generated sample at index 573
Total token count: 949
Computing metrics on evaluation batch...
{'eval_loss': '7.33', 'eval_token_accuracy': '4.308e-05', 'eval_runtime': '147.4', 'eval_samples_per_second': '1.018', 'eval_steps_per_second': '0.509', 'eval_entropy': '7.507', 'eval_num_tokens': '1.733e+06', 'eval_mean_token_accuracy': '0.05653', 'epoch': '2'}
Generated sample at index 627

Ground truth description for sample 78:
Quick serve, Williams returns a quick backhand return, good rally, Sharapova whips a backhand cross-court winner.

Model output:
Serena serves to Maria, Maria returns the serve with a backhand lob.

ROUGE score: {'rouge1': np.float64(0.27586206896551724), 'rouge2': np.float64(0.07407407407407407), 'rougeL': np.float64(0.20689655172413793), 'rougeLsum': np.float64(0.20689655172413793)}
Generated sample at index 47

Ground truth description for sample 61:
Delpotro serves a high kick serve, Federer delivers a backhand return, intense rally, Federer sends a backhand cross-court out of the court.

Model output:
Federer hits a backhand cross court. Del Potro returns the backhand with a forehand.

ROUGE score: {'rouge1': np.float64(0.4324324324324324), 'rouge2': np.float64(0.1714285714285714), 'rougeL': np.float64(0.3243243243243243), 'rougeLsum': np.float64(0.3243243243243243)}
Generated sample at index 231

Ground truth description for sample 14:
Fine serve, Federer delivers a backhand return, brief rally, Federer attempts a forehand cross-court but it lands wide.

Model output:
Del Potro serves, Federer returns it, Del Potro returns it, Federer returns it, Del Potro returns it, Federer returns it, Del Potro returns it, Federer returns it, Del Potro returns it, Federer returns it, Del Potro returns it, Federer returns it, Del Potro returns it, Federer returns it, Del Potro returns it, Federer returns it, Del Potro returns it, Federer returns it, Del Potro returns it, Federer returns it, Del Potro returns it, Federer returns it, Del Potro returns it, Federer returns it, Del Potro returns it, Federer returns it, Del Potro returns it, Federer returns it, Del Potro returns it, Federer returns it, Del Potro returns it, Federer returns it, Del Potro returns it, Federer returns it, Del Potro returns it, Federer returns it, Del Potro returns it, Federer returns it, Del Potro returns it, Federer returns it, Del Potro returns it, Federer returns it, Del Potro returns it, Federer returns it, Del Potro returns it, Federer returns it, Del Potro returns

ROUGE score: {'rouge1': np.float64(0.03296703296703297), 'rouge2': np.float64(0.0), 'rougeL': np.float64(0.03296703296703297), 'rougeLsum': np.float64(0.03296703296703297)}
Generated sample at index 47

Ground truth description for sample 61:
Delpotro serves a high kick serve, Federer delivers a backhand return, intense rally, Federer sends a backhand cross-court out of the court.

Model output:
Federer serves the ball, Del Potro returns the serve with a backhand.

ROUGE score: {'rouge1': np.float64(0.3428571428571428), 'rouge2': np.float64(0.060606060606060615), 'rougeL': np.float64(0.22857142857142854), 'rougeLsum': np.float64(0.22857142857142854)}
Generated sample at index 442

Ground truth description for sample 145:
Slice serve, Tsonga fails to put it back.

Model output:
Tsonga serves a forehand cross-court, Djokovic returns a backhand cross-court, Tsonga hits a forehand winner.

ROUGE score: {'rouge1': np.float64(0.07999999999999999), 'rouge2': np.float64(0.0), 'rougeL': np.float64(0.07999999999999999), 'rougeLsum': np.float64(0.07999999999999999)}
Generated sample at index 584

Ground truth description for sample 20:
Quick serve out wide is an ace.

Model output:
Serena serves the ball, Maria returns the serve. Serena hits a backhand crosscourt.

ROUGE score: {'rouge1': np.float64(0.1), 'rouge2': np.float64(0.0), 'rougeL': np.float64(0.1), 'rougeLsum': np.float64(0.1)}
Generated sample at index 194

Ground truth description for sample 21:
Delpotro hits a bodyline serve, Federer has no answer to it.

Model output:
Federer serves to Del Potro. Del Potro returns the serve with a backhand.

ROUGE score: {'rouge1': np.float64(0.33333333333333337), 'rouge2': np.float64(0.0), 'rougeL': np.float64(0.16666666666666669), 'rougeLsum': np.float64(0.16666666666666669)}
Generated sample at index 382

Ground truth description for sample 124:
Williams hits a good serve, Zvonareva hits a backhand return, short rally, Zvonareva hits a backhand into the net in the middle.

Model output:
Williams serves a cross court backhand. Zvonareva returns the serve with a backhand.

ROUGE score: {'rouge1': np.float64(0.4571428571428572), 'rouge2': np.float64(0.060606060606060615), 'rougeL': np.float64(0.3428571428571428), 'rougeLsum': np.float64(0.3428571428571428)}
Generated sample at index 234

Ground truth description for sample 17:
Monumental serve is an ace.

Model output:
Federer hits a serve, Del Potro returns the point with a forehand.

ROUGE score: {'rouge1': np.float64(0.11764705882352941), 'rouge2': np.float64(0.0), 'rougeL': np.float64(0.11764705882352941), 'rougeLsum': np.float64(0.11764705882352941)}
Generated sample at index 646

Ground truth description for sample 136:
Fine serve, Williams works a forehand return, brief rally, Serena rushes to net and smashes a forehand winner.

Model output:
Sharapova serves, Williams returns the serve. Williams returns the serve, Sharapova returns the serve. Williams returns the serve, Sharapova returns the serve. Williams returns the serve, Sharapova returns the serve. Williams returns the serve, Sharapova returns the serve. Williams returns the serve, Sharapova returns the serve. Williams returns the serve, Sharapova returns the serve. Williams returns the serve, Sharapova returns the serve. Williams returns the serve, Sharapova returns the serve. Williams returns the serve, Sharapova returns the serve. Williams returns the serve, Sharapova returns the serve. Williams returns the serve, Sharapova returns the serve. Williams returns the serve, Sharapova returns the serve. Williams returns the serve, Sharapova returns the serve. Williams returns the serve, Sharapova returns the serve. Williams returns the serve, Sharapova returns the serve. Williams returns the serve, Sharapova returns the serve. Williams returns the serve, Sharapova returns the serve. Williams returns the serve, Sharapova returns the serve. Williams returns the serve, Sharapova returns the serve. Williams returns the serve, Sharapova returns the serve. Williams returns the serve, Shar

ROUGE score: {'rouge1': np.float64(0.021164021164021163), 'rouge2': np.float64(0.010695187165775402), 'rougeL': np.float64(0.021164021164021163), 'rougeLsum': np.float64(0.021164021164021163)}
Average ROUGE score: {'rouge1': np.float64(0.2193405947685866), 'rouge2': np.float64(0.03774099538805421), 'rougeL': np.float64(0.16210942270982837), 'rougeLsum': np.float64(0.16210942270982837)}
Generated sample at index 585
Total token count: 1841
Generated sample at index 256
Total token count: 1405
Generated sample at index 562
Total token count: 954
Generated sample at index 342
Total token count: 945
Generated sample at index 116
Total token count: 954
Generated sample at index 484
Total token count: 1403
Generated sample at index 409
Total token count: 1399
Generated sample at index 70
Total token count: 2723
Generated sample at index 142
Total token count: 1404
Emptied CUDA cache
{'loss': '7.31', 'grad_norm': '0.1711', 'learning_rate': '2.808e-05', 'entropy': '7.483', 'num_tokens': '1.745e+06', 'mean_token_accuracy': '0.05979', 'epoch': '2.013'}
Generated sample at index 454
Total token count: 961
Generated sample at index 723
Total token count: 939
Generated sample at index 647
Total token count: 1402
Generated sample at index 665
Total token count: 942
Generated sample at index 703
Total token count: 1400
Generated sample at index 743
Total token count: 2282
Generated sample at index 140
Total token count: 1395
Generated sample at index 177
Total token count: 964
Emptied CUDA cache
{'loss': '7.311', 'grad_norm': '0.2024', 'learning_rate': '2.746e-05', 'entropy': '7.486', 'num_tokens': '1.756e+06', 'mean_token_accuracy': '0.0594', 'epoch': '2.027'}
Generated sample at index 652
Total token count: 939
Generated sample at index 195
Total token count: 1404
Generated sample at index 426
Total token count: 1406
Generated sample at index 208
Total token count: 1407
Generated sample at index 383
Total token count: 2731
Generated sample at index 281
Total token count: 947
Generated sample at index 558
Total token count: 2734
Generated sample at index 258
Total token count: 954
Emptied CUDA cache
{'loss': '7.307', 'grad_norm': '0.1739', 'learning_rate': '2.684e-05', 'entropy': '7.49', 'num_tokens': '1.768e+06', 'mean_token_accuracy': '0.0594', 'epoch': '2.04'}
Generated sample at index 737
Total token count: 1388
Generated sample at index 570
Total token count: 944
Generated sample at index 540
Total token count: 2291
Generated sample at index 277
Total token count: 949
Generated sample at index 731
Total token count: 1399
Generated sample at index 689
Total token count: 949
Generated sample at index 2
Total token count: 2283
Generated sample at index 730
Total token count: 2285
Emptied CUDA cache
{'loss': '7.305', 'grad_norm': '0.2102', 'learning_rate': '2.622e-05', 'entropy': '7.481', 'num_tokens': '1.779e+06', 'mean_token_accuracy': '0.0599', 'epoch': '2.054'}
Generated sample at index 535
Total token count: 1399
Generated sample at index 306
Total token count: 941
Generated sample at index 219
Total token count: 947
Generated sample at index 356
Total token count: 1401
Generated sample at index 262
Total token count: 1405
Generated sample at index 350
Total token count: 1406
Generated sample at index 23
Total token count: 2283
Generated sample at index 678
Total token count: 944
Emptied CUDA cache
{'loss': '7.322', 'grad_norm': '0.208', 'learning_rate': '2.561e-05', 'entropy': '7.503', 'num_tokens': '1.792e+06', 'mean_token_accuracy': '0.05815', 'epoch': '2.067'}
Generated sample at index 399
Total token count: 1844
Generated sample at index 331
Total token count: 946
Generated sample at index 218
Total token count: 968
Generated sample at index 359
Total token count: 1411
Generated sample at index 111
Total token count: 2732
Generated sample at index 248
Total token count: 942
Generated sample at index 4
Total token count: 1404
Generated sample at index 636
Total token count: 1391
Emptied CUDA cache
{'loss': '7.288', 'grad_norm': '0.1776', 'learning_rate': '2.5e-05', 'entropy': '7.466', 'num_tokens': '1.803e+06', 'mean_token_accuracy': '0.06128', 'epoch': '2.081'}
Generated sample at index 715
Total token count: 936
Generated sample at index 339
Total token count: 942
Generated sample at index 276
Total token count: 950
Generated sample at index 115
Total token count: 950
Generated sample at index 197
Total token count: 2725
Generated sample at index 135
Total token count: 1403
Generated sample at index 187
Total token count: 950
Generated sample at index 403
Total token count: 1835
Emptied CUDA cache
{'loss': '7.294', 'grad_norm': '0.228', 'learning_rate': '2.44e-05', 'entropy': '7.467', 'num_tokens': '1.813e+06', 'mean_token_accuracy': '0.06171', 'epoch': '2.094'}
Generated sample at index 92
Total token count: 1402
Generated sample at index 270
Total token count: 2295
Generated sample at index 434
Total token count: 1399
Generated sample at index 168
Total token count: 1852
Generated sample at index 106
Total token count: 959
Generated sample at index 420
Total token count: 1830
Generated sample at index 494
Total token count: 964
Generated sample at index 516
Total token count: 954
Emptied CUDA cache
{'loss': '7.325', 'grad_norm': '0.2017', 'learning_rate': '2.38e-05', 'entropy': '7.502', 'num_tokens': '1.826e+06', 'mean_token_accuracy': '0.05777', 'epoch': '2.107'}
Generated sample at index 235
Total token count: 1843
Generated sample at index 471
Total token count: 953
Generated sample at index 103
Total token count: 1406
Generated sample at index 735
Total token count: 2285
Generated sample at index 102
Total token count: 2729
Generated sample at index 57
Total token count: 1850
Generated sample at index 134
Total token count: 944
Generated sample at index 164
Total token count: 1409
Emptied CUDA cache
{'loss': '7.331', 'grad_norm': '0.2019', 'learning_rate': '2.321e-05', 'entropy': '7.501', 'num_tokens': '1.838e+06', 'mean_token_accuracy': '0.0574', 'epoch': '2.121'}
Generated sample at index 662
Total token count: 1405
Generated sample at index 363
Total token count: 1848
Generated sample at index 73
Total token count: 948
Generated sample at index 501
Total token count: 952
Generated sample at index 59
Total token count: 1402
Generated sample at index 402
Total token count: 1396
Generated sample at index 413
Total token count: 948
Generated sample at index 605
Total token count: 947
Emptied CUDA cache
{'loss': '7.288', 'grad_norm': '0.1631', 'learning_rate': '2.262e-05', 'entropy': '7.456', 'num_tokens': '1.849e+06', 'mean_token_accuracy': '0.06171', 'epoch': '2.134'}
Generated sample at index 298
Generated sample at index 84
Total token count: 1849
Generated sample at index 169
Generated sample at index 567
Total token count: 1403
Generated sample at index 149
Generated sample at index 672
Total token count: 2728
Generated sample at index 468
Generated sample at index 344
Total token count: 1404
Generated sample at index 376
Generated sample at index 556
Total token count: 1405
Generated sample at index 295
Generated sample at index 94
Total token count: 956
Generated sample at index 385
Generated sample at index 387
Total token count: 1842
Generated sample at index 231
Generated sample at index 582
Total token count: 1842
Generated sample at index 286
Generated sample at index 234
Total token count: 1398
Generated sample at index 589
Generated sample at index 48
Total token count: 1404
Generated sample at index 584
Generated sample at index 194
Total token count: 953
Generated sample at index 202
Generated sample at index 220
Total token count: 1402
Generated sample at index 257
Generated sample at index 438
Total token count: 2727
Generated sample at index 398
Generated sample at index 130
Total token count: 1401
Generated sample at index 296
Generated sample at index 66
Total token count: 950
Generated sample at index 173
Generated sample at index 287
Total token count: 2728
Generated sample at index 645
Generated sample at index 28
Total token count: 1403
Generated sample at index 210
Generated sample at index 685
Total token count: 1840
Generated sample at index 5
Generated sample at index 547
Total token count: 1845
Generated sample at index 625
Generated sample at index 532
Total token count: 1403
Generated sample at index 101
Generated sample at index 710
Total token count: 1833
Generated sample at index 686
Generated sample at index 581
Total token count: 1852
Generated sample at index 99
Generated sample at index 253
Total token count: 2289
Generated sample at index 337
Generated sample at index 44
Total token count: 2302
Generated sample at index 123
Generated sample at index 479
Total token count: 1858
Generated sample at index 630
Generated sample at index 537
Total token count: 1844
Generated sample at index 203
Generated sample at index 739
Total token count: 948
Generated sample at index 279
Generated sample at index 663
Total token count: 2286
Generated sample at index 427
Generated sample at index 572
Total token count: 1402
Generated sample at index 439
Generated sample at index 215
Total token count: 1841
Generated sample at index 319
Generated sample at index 47
Total token count: 2731
Generated sample at index 9
Generated sample at index 391
Total token count: 965
Generated sample at index 666
Generated sample at index 568
Total token count: 1385
Generated sample at index 327
Generated sample at index 129
Total token count: 953
Generated sample at index 100
Generated sample at index 559
Total token count: 1407
Generated sample at index 477
Generated sample at index 613
Total token count: 2288
Generated sample at index 658
Generated sample at index 183
Total token count: 1842
Generated sample at index 145
Generated sample at index 7
Total token count: 1407
Generated sample at index 293
Generated sample at index 52
Total token count: 2285
Generated sample at index 627
Generated sample at index 358
Total token count: 1851
Generated sample at index 637
Generated sample at index 577
Total token count: 1403
Generated sample at index 301
Generated sample at index 98
Total token count: 2283
Generated sample at index 341
Generated sample at index 32
Total token count: 1402
Generated sample at index 284
Generated sample at index 176
Total token count: 1405
Generated sample at index 139
Generated sample at index 310
Total token count: 950
Generated sample at index 366
Generated sample at index 351
Total token count: 1853
Generated sample at index 6
Generated sample at index 328
Total token count: 1404
Generated sample at index 440
Generated sample at index 602
Total token count: 1387
Generated sample at index 616
Generated sample at index 269
Total token count: 1383
Generated sample at index 437
Generated sample at index 515
Total token count: 948
Generated sample at index 722
Generated sample at index 493
Total token count: 947
Generated sample at index 673
Generated sample at index 472
Total token count: 1406
Generated sample at index 620
Generated sample at index 716
Total token count: 1384
Generated sample at index 682
Generated sample at index 469
Total token count: 2285
Generated sample at index 445
Generated sample at index 563
Total token count: 1401
Generated sample at index 717
Generated sample at index 621
Total token count: 2725
Generated sample at index 578
Generated sample at index 78
Total token count: 1397
Generated sample at index 592
Generated sample at index 119
Total token count: 1404
Generated sample at index 528
Generated sample at index 449
Total token count: 1846
Generated sample at index 43
Generated sample at index 318
Total token count: 2288
Generated sample at index 711
Generated sample at index 476
Total token count: 1406
Generated sample at index 190
Generated sample at index 8
Total token count: 1401
Generated sample at index 382
Generated sample at index 692
Total token count: 1407
Generated sample at index 388
Generated sample at index 379
Total token count: 1848
Generated sample at index 553
Generated sample at index 76
Total token count: 1852
Generated sample at index 325
Generated sample at index 455
Total token count: 1842
Generated sample at index 252
Generated sample at index 110
Total token count: 1385
Generated sample at index 726
Generated sample at index 514
Total token count: 1402
Generated sample at index 646
Generated sample at index 444
Total token count: 1834
Generated sample at index 54
Generated sample at index 674
Total token count: 3175
Generated sample at index 280
Generated sample at index 10
Total token count: 2285
Generated sample at index 566
Generated sample at index 355
Total token count: 2283
Generated sample at index 172
Generated sample at index 442
Total token count: 950
Generated sample at index 13
Generated sample at index 151
Total token count: 2284
Generated sample at index 677
Generated sample at index 573
Total token count: 949
Computing metrics on evaluation batch...
{'eval_loss': '7.325', 'eval_token_accuracy': '5.744e-05', 'eval_runtime': '147.4', 'eval_samples_per_second': '1.018', 'eval_steps_per_second': '0.509', 'eval_entropy': '7.5', 'eval_num_tokens': '1.849e+06', 'eval_mean_token_accuracy': '0.0571', 'epoch': '2.134'}
Generated sample at index 645

Ground truth description for sample 32:
Sharapova arrows a bodyline serve, Williams struggles with it.

Model output:
Williams serves, Sharapova returns with a backhand lob.

ROUGE score: {'rouge1': np.float64(0.47058823529411764), 'rouge2': np.float64(0.0), 'rougeL': np.float64(0.23529411764705882), 'rougeLsum': np.float64(0.23529411764705882)}
Generated sample at index 645

Ground truth description for sample 32:
Sharapova arrows a bodyline serve, Williams struggles with it.

Model output:
Williams serves the ball, Sharapova returns the serve with a backhand cross-court.

ROUGE score: {'rouge1': np.float64(0.4545454545454546), 'rouge2': np.float64(0.0), 'rougeL': np.float64(0.27272727272727276), 'rougeLsum': np.float64(0.27272727272727276)}
Generated sample at index 476

Ground truth description for sample 121:
Tsonga serves a high kick serve, Djokovic returns a backhand return, Tsonga struggles to keep a cross-court forehand in a rally.

Model output:
Tsonga serves the ball. Djokovic returns the serve with a backhand cross-court.

ROUGE score: {'rouge1': np.float64(0.5142857142857142), 'rouge2': np.float64(0.24242424242424246), 'rougeL': np.float64(0.4571428571428572), 'rougeLsum': np.float64(0.4571428571428572)}
Generated sample at index 280

Ground truth description for sample 140:
Delpotro hits a flat serve at T, Federer hits a backhand return, brief rally, Federer forehand down the line goes into the net.

Model output:
Federer serves to the right, Del Potro returns the serve with a backhand cross-court.

ROUGE score: {'rouge1': np.float64(0.31578947368421056), 'rouge2': np.float64(0.05555555555555555), 'rougeL': np.float64(0.15789473684210528), 'rougeLsum': np.float64(0.15789473684210528)}
Generated sample at index 686

Ground truth description for sample 42:
Azarenka produces a bodyline serve, Williams crafts a backhand return, good rally, Azarenka comes to net, attempts a forehand volley but fails to make it over the net.

Model output:
Williams serves, Azarenka returns the serve with a cross-court backhand.

ROUGE score: {'rouge1': np.float64(0.30769230769230765), 'rouge2': np.float64(0.0), 'rougeL': np.float64(0.2051282051282051), 'rougeLsum': np.float64(0.2051282051282051)}
Generated sample at index 129

Ground truth description for sample 67:
Delpotro produces a bodyline serve, Federer is unable to return it.

Model output:
Federer serves a backhand, Del Potro returns the serve with a slice.

ROUGE score: {'rouge1': np.float64(0.2608695652173913), 'rouge2': np.float64(0.0), 'rougeL': np.float64(0.17391304347826086), 'rougeLsum': np.float64(0.17391304347826086)}
Generated sample at index 514

Ground truth description for sample 135:
Fine serve, Djokovic is unable to return it into court.

Model output:
Tsonga serves a wide forehand return. Djokovic returns the serve with a backhand cross-court.

ROUGE score: {'rouge1': np.float64(0.32), 'rouge2': np.float64(0.0), 'rougeL': np.float64(0.16), 'rougeLsum': np.float64(0.16)}
Generated sample at index 445

Ground truth description for sample 108:
High kick serve, Tsonga returns a quick backhand return, Djokovic kicks a backhand down the line out of the court.

Model output:
Tsonga serves the ball, Djokovic returns the serve with a backhand.

ROUGE score: {'rouge1': np.float64(0.5161290322580645), 'rouge2': np.float64(0.06896551724137931), 'rougeL': np.float64(0.25806451612903225), 'rougeLsum': np.float64(0.25806451612903225)}
Generated sample at index 279

Ground truth description for sample 54:
Good serve aimed in the middle, Federer manages a backhand slice return, long rally, Federer backhand slice lands out of court.

Model output:
Federer serves a long ball, Del Potro returns it with a backhand lob.

ROUGE score: {'rouge1': np.float64(0.23529411764705882), 'rouge2': np.float64(0.0625), 'rougeL': np.float64(0.23529411764705882), 'rougeLsum': np.float64(0.23529411764705882)}
Generated sample at index 54

Ground truth description for sample 138:
Good serve in the middle, Delpotro crafts a backhand return, short rally, Delpotro produces a forehand cross-court winner.

Model output:
Del Potro serves. Federer returns the serve with a backhand cross-court.

ROUGE score: {'rouge1': np.float64(0.3870967741935484), 'rouge2': np.float64(0.13793103448275862), 'rougeL': np.float64(0.3225806451612903), 'rougeLsum': np.float64(0.3225806451612903)}
Average ROUGE score: {'rouge1': np.float64(0.3782290674817868), 'rouge2': np.float64(0.056737634970393594), 'rougeL': np.float64(0.24780395119031415), 'rougeLsum': np.float64(0.24780395119031415)}
Generated sample at index 691
Total token count: 1400
Generated sample at index 688
Total token count: 941
Generated sample at index 268
Total token count: 1388
Generated sample at index 158
Total token count: 1404
Generated sample at index 214
Total token count: 1843
Generated sample at index 373
Total token count: 942
Generated sample at index 489
Total token count: 950
Generated sample at index 41
Total token count: 2289
Emptied CUDA cache
{'loss': '7.294', 'grad_norm': '0.2797', 'learning_rate': '2.204e-05', 'entropy': '7.469', 'num_tokens': '1.859e+06', 'mean_token_accuracy': '0.06129', 'epoch': '2.148'}
Generated sample at index 664
Total token count: 1403
Generated sample at index 404
Total token count: 949
Generated sample at index 551
Total token count: 949
Generated sample at index 639
Total token count: 1394
Generated sample at index 684
Total token count: 1841
Generated sample at index 34
Total token count: 1839
Generated sample at index 80
Total token count: 1403
Generated sample at index 246
Total token count: 1845
Emptied CUDA cache
{'loss': '7.329', 'grad_norm': '0.1824', 'learning_rate': '2.146e-05', 'entropy': '7.502', 'num_tokens': '1.871e+06', 'mean_token_accuracy': '0.05651', 'epoch': '2.161'}
Generated sample at index 642
Total token count: 1375
Generated sample at index 198
Total token count: 1840
Generated sample at index 157
Total token count: 1839
Generated sample at index 536
Total token count: 951
Generated sample at index 527
Total token count: 946
Generated sample at index 523
Total token count: 1850
Generated sample at index 237
Total token count: 950
Generated sample at index 223
Total token count: 1398
Emptied CUDA cache
{'loss': '7.331', 'grad_norm': '0.2163', 'learning_rate': '2.089e-05', 'entropy': '7.503', 'num_tokens': '1.882e+06', 'mean_token_accuracy': '0.05697', 'epoch': '2.174'}
Generated sample at index 543
Total token count: 950
Generated sample at index 349
Total token count: 2292
Generated sample at index 338
Total token count: 1844
Generated sample at index 88
Total token count: 959
Generated sample at index 550
Total token count: 1399
Generated sample at index 375
Total token count: 1399
Generated sample at index 464
Total token count: 1415
Generated sample at index 598
Total token count: 1404
Emptied CUDA cache
{'loss': '7.302', 'grad_norm': '0.175', 'learning_rate': '2.033e-05', 'entropy': '7.475', 'num_tokens': '1.894e+06', 'mean_token_accuracy': '0.06067', 'epoch': '2.188'}
Generated sample at index 654
Total token count: 956
Generated sample at index 87
Total token count: 1843
Generated sample at index 285
Total token count: 1402
Generated sample at index 676
Total token count: 943
Generated sample at index 410
Total token count: 2281
Generated sample at index 721
Total token count: 1378
Generated sample at index 255
Total token count: 1851
Generated sample at index 312
Total token count: 957
Emptied CUDA cache
{'loss': '7.337', 'grad_norm': '0.1705', 'learning_rate': '1.977e-05', 'entropy': '7.515', 'num_tokens': '1.906e+06', 'mean_token_accuracy': '0.05526', 'epoch': '2.201'}
Generated sample at index 713
Total token count: 1839
Generated sample at index 520
Total token count: 950
Generated sample at index 245
Total token count: 1846
Generated sample at index 240
Total token count: 1845
Generated sample at index 569
Total token count: 1402
Generated sample at index 364
Total token count: 959
Generated sample at index 618
Total token count: 951
Generated sample at index 491
Total token count: 2293
Emptied CUDA cache
{'loss': '7.278', 'grad_norm': '0.1939', 'learning_rate': '1.922e-05', 'entropy': '7.45', 'num_tokens': '1.917e+06', 'mean_token_accuracy': '0.06253', 'epoch': '2.215'}
Generated sample at index 650
Total token count: 943
Generated sample at index 675
Total token count: 1399
Generated sample at index 705
Total token count: 935
Generated sample at index 227
Total token count: 1403
Generated sample at index 29
Total token count: 1408
Generated sample at index 512
Total token count: 1403
Generated sample at index 431
Total token count: 1835
Generated sample at index 340
Total token count: 1845
Emptied CUDA cache
{'loss': '7.334', 'grad_norm': '0.1717', 'learning_rate': '1.867e-05', 'entropy': '7.504', 'num_tokens': '1.928e+06', 'mean_token_accuracy': '0.05644', 'epoch': '2.228'}
Generated sample at index 679
Total token count: 1409
Generated sample at index 576
Total token count: 1399
Generated sample at index 575
Total token count: 927
Generated sample at index 18
Total token count: 1845
Generated sample at index 107
Total token count: 1409
Generated sample at index 289
Total token count: 950
Generated sample at index 549
Total token count: 1848
Generated sample at index 132
Total token count: 953
Emptied CUDA cache
{'loss': '7.329', 'grad_norm': '0.2243', 'learning_rate': '1.813e-05', 'entropy': '7.502', 'num_tokens': '1.94e+06', 'mean_token_accuracy': '0.05636', 'epoch': '2.242'}
Generated sample at index 507
Total token count: 1845
Generated sample at index 114
Total token count: 940
Generated sample at index 609
Total token count: 2277
Generated sample at index 555
Total token count: 1417
Generated sample at index 728
Total token count: 1394
Generated sample at index 122
Total token count: 948
Generated sample at index 490
Total token count: 965
Generated sample at index 463
Total token count: 951
Emptied CUDA cache
{'loss': '7.276', 'grad_norm': '0.1792', 'learning_rate': '1.759e-05', 'entropy': '7.446', 'num_tokens': '1.951e+06', 'mean_token_accuracy': '0.0628', 'epoch': '2.255'}
Generated sample at index 170
Total token count: 1409
Generated sample at index 244
Total token count: 2291
Generated sample at index 201
Total token count: 954
Generated sample at index 624
Total token count: 1395
Generated sample at index 346
Total token count: 1406
Generated sample at index 89
Total token count: 1397
Generated sample at index 734
Total token count: 950
Generated sample at index 0
Total token count: 955
Emptied CUDA cache
{'loss': '7.29', 'grad_norm': '0.1793', 'learning_rate': '1.707e-05', 'entropy': '7.461', 'num_tokens': '1.961e+06', 'mean_token_accuracy': '0.06179', 'epoch': '2.268'}
Generated sample at index 298
Generated sample at index 84
Total token count: 1849
Generated sample at index 169
Generated sample at index 567
Total token count: 1403
Generated sample at index 149
Generated sample at index 672
Total token count: 2728
Generated sample at index 468
Generated sample at index 344
Total token count: 1404
Generated sample at index 376
Generated sample at index 556
Total token count: 1405
Generated sample at index 295
Generated sample at index 94
Total token count: 956
Generated sample at index 385
Generated sample at index 387
Total token count: 1842
Generated sample at index 231
Generated sample at index 582
Total token count: 1842
Generated sample at index 286
Generated sample at index 234
Total token count: 1398
Generated sample at index 589
Generated sample at index 48
Total token count: 1404
Generated sample at index 584
Generated sample at index 194
Total token count: 953
Generated sample at index 202
Generated sample at index 220
Total token count: 1402
Generated sample at index 257
Generated sample at index 438
Total token count: 2727
Generated sample at index 398
Generated sample at index 130
Total token count: 1401
Generated sample at index 296
Generated sample at index 66
Total token count: 950
Generated sample at index 173
Generated sample at index 287
Total token count: 2728
Generated sample at index 645
Generated sample at index 28
Total token count: 1403
Generated sample at index 210
Generated sample at index 685
Total token count: 1840
Generated sample at index 5
Generated sample at index 547
Total token count: 1845
Generated sample at index 625
Generated sample at index 532
Total token count: 1403
Generated sample at index 101
Generated sample at index 710
Total token count: 1833
Generated sample at index 686
Generated sample at index 581
Total token count: 1852
Generated sample at index 99
Generated sample at index 253
Total token count: 2289
Generated sample at index 337
Generated sample at index 44
Total token count: 2302
Generated sample at index 123
Generated sample at index 479
Total token count: 1858
Generated sample at index 630
Generated sample at index 537
Total token count: 1844
Generated sample at index 203
Generated sample at index 739
Total token count: 948
Generated sample at index 279
Generated sample at index 663
Total token count: 2286
Generated sample at index 427
Generated sample at index 572
Total token count: 1402
Generated sample at index 439
Generated sample at index 215
Total token count: 1841
Generated sample at index 319
Generated sample at index 47
Total token count: 2731
Generated sample at index 9
Generated sample at index 391
Total token count: 965
Generated sample at index 666
Generated sample at index 568
Total token count: 1385
Generated sample at index 327
Generated sample at index 129
Total token count: 953
Generated sample at index 100
Generated sample at index 559
Total token count: 1407
Generated sample at index 477
Generated sample at index 613
Total token count: 2288
Generated sample at index 658
Generated sample at index 183
Total token count: 1842
Generated sample at index 145
Generated sample at index 7
Total token count: 1407
Generated sample at index 293
Generated sample at index 52
Total token count: 2285
Generated sample at index 627
Generated sample at index 358
Total token count: 1851
Generated sample at index 637
Generated sample at index 577
Total token count: 1403
Generated sample at index 301
Generated sample at index 98
Total token count: 2283
Generated sample at index 341
Generated sample at index 32
Total token count: 1402
Generated sample at index 284
Generated sample at index 176
Total token count: 1405
Generated sample at index 139
Generated sample at index 310
Total token count: 950
Generated sample at index 366
Generated sample at index 351
Total token count: 1853
Generated sample at index 6
Generated sample at index 328
Total token count: 1404
Generated sample at index 440
Generated sample at index 602
Total token count: 1387
Generated sample at index 616
Generated sample at index 269
Total token count: 1383
Generated sample at index 437
Generated sample at index 515
Total token count: 948
Generated sample at index 722
Generated sample at index 493
Total token count: 947
Generated sample at index 673
Generated sample at index 472
Total token count: 1406
Generated sample at index 620
Generated sample at index 716
Total token count: 1384
Generated sample at index 682
Generated sample at index 469
Total token count: 2285
Generated sample at index 445
Generated sample at index 563
Total token count: 1401
Generated sample at index 717
Generated sample at index 621
Total token count: 2725
Generated sample at index 578
Generated sample at index 78
Total token count: 1397
Generated sample at index 592
Generated sample at index 119
Total token count: 1404
Generated sample at index 528
Generated sample at index 449
Total token count: 1846
Generated sample at index 43
Generated sample at index 318
Total token count: 2288
Generated sample at index 711
Generated sample at index 476
Total token count: 1406
Generated sample at index 190
Generated sample at index 8
Total token count: 1401
Generated sample at index 382
Generated sample at index 692
Total token count: 1407
Generated sample at index 388
Generated sample at index 379
Total token count: 1848
Generated sample at index 553
Generated sample at index 76
Total token count: 1852
Generated sample at index 325
Generated sample at index 455
Total token count: 1842
Generated sample at index 252
Generated sample at index 110
Total token count: 1385
Generated sample at index 726
Generated sample at index 514
Total token count: 1402
Generated sample at index 646
Generated sample at index 444
Total token count: 1834
Generated sample at index 54
Generated sample at index 674
Total token count: 3175
Generated sample at index 280
Generated sample at index 10
Total token count: 2285
Generated sample at index 566
Generated sample at index 355
Total token count: 2283
Generated sample at index 172
Generated sample at index 442
Total token count: 950
Generated sample at index 13
Generated sample at index 151
Total token count: 2284
Generated sample at index 677
Generated sample at index 573
Total token count: 949
Computing metrics on evaluation batch...
{'eval_loss': '7.321', 'eval_token_accuracy': '5.744e-05', 'eval_runtime': '147.6', 'eval_samples_per_second': '1.016', 'eval_steps_per_second': '0.508', 'eval_entropy': '7.495', 'eval_num_tokens': '1.961e+06', 'eval_mean_token_accuracy': '0.05727', 'epoch': '2.268'}
Generated sample at index 537

Ground truth description for sample 51:
Djokovic serves a good one, Tsonga works a forehand return, rally, Tsonga backhand slice goes wide of the court.

Model output:
Tsonga serves, Djokovic returns a backhand cross-court winner.

ROUGE score: {'rouge1': np.float64(0.42857142857142855), 'rouge2': np.float64(0.0), 'rougeL': np.float64(0.2857142857142857), 'rougeLsum': np.float64(0.2857142857142857)}
Generated sample at index 358

Ground truth description for sample 79:
Federer aims a high kick serve down the T, Delpotro hits a backhand return, brief rally, Delpotro cross-court forehand lands long.

Model output:
Federer serves the ball, Del Potro returns the serve with a backhand.

ROUGE score: {'rouge1': np.float64(0.29411764705882354), 'rouge2': np.float64(0.0625), 'rougeL': np.float64(0.23529411764705885), 'rougeLsum': np.float64(0.23529411764705885)}
Generated sample at index 673

Ground truth description for sample 102:
Fine serve, Azarenka returns a forehand return, Serena hits a backhand winner down the line.

Model output:
Williams serves the ball, Azarenka returns the serve, Williams sends a forehand backhand cross-court.

ROUGE score: {'rouge1': np.float64(0.4666666666666667), 'rouge2': np.float64(0.14285714285714285), 'rougeL': np.float64(0.3333333333333333), 'rougeLsum': np.float64(0.3333333333333333)}
Generated sample at index 602

Ground truth description for sample 95:
Sharapova serves a heavy serve down the middle which Williams returns long.

Model output:
Williams serves the ball to Sharapova, who returns the serve with a backhand winner.

ROUGE score: {'rouge1': np.float64(0.5384615384615384), 'rouge2': np.float64(0.0), 'rougeL': np.float64(0.23076923076923075), 'rougeLsum': np.float64(0.23076923076923075)}
Generated sample at index 578

Ground truth description for sample 112:
Sharapova serves a good one, Williams puts back a forehand return, good rally, Serena hits a forehand winner down the line.

Model output:
SERENA, in a serve, serves a ball that is not a return, and Maria, in a backhand, hits a return that is not a serve.

ROUGE score: {'rouge1': np.float64(0.30434782608695654), 'rouge2': np.float64(0.0909090909090909), 'rougeL': np.float64(0.2608695652173913), 'rougeLsum': np.float64(0.2608695652173913)}
Generated sample at index 252

Ground truth description for sample 132:
Bodyline serve, Delpotro has no answer to it.

Model output:
Del Potro serves the ball, Federer returns a backhand winner.

ROUGE score: {'rouge1': np.float64(0.0), 'rouge2': np.float64(0.0), 'rougeL': np.float64(0.0), 'rougeLsum': np.float64(0.0)}
Generated sample at index 119

Ground truth description for sample 115:
Good serve in the middle, Delpotro returns a quick forehand return, short rally, Federer miss-hits a forehand and it lands out.

Model output:
Federer serves the ball, Del Potro returns the point.

ROUGE score: {'rouge1': np.float64(0.1935483870967742), 'rouge2': np.float64(0.0), 'rougeL': np.float64(0.1290322580645161), 'rougeLsum': np.float64(0.1290322580645161)}
Generated sample at index 173

Ground truth description for sample 30:
Delpotro arrows a bodyline serve, Federer returns a cross-court backhand slice, good rally, Federer cross-court backhand lands just wide.

Model output:
Federer serves the ball, Del Potro returns the point. Federer hits a backhand, Del Potro returns the point.

ROUGE score: {'rouge1': np.float64(0.25641025641025644), 'rouge2': np.float64(0.0), 'rougeL': np.float64(0.20512820512820512), 'rougeLsum': np.float64(0.20512820512820512)}
Generated sample at index 391

Ground truth description for sample 63:
Zvonareva serves a good one, Williams crafts a backhand return, Zvonareva forehand fails to clear the net in the middle.

Model output:
Zvonareva serves to Williams, who returns the ball. Williams returns the ball to Zvonareva, who hits a backhand cross-court. Williams returns the ball to Zvonareva, who hits a backhand cross-court.

ROUGE score: {'rouge1': np.float64(0.38461538461538464), 'rouge2': np.float64(0.07999999999999999), 'rougeL': np.float64(0.23076923076923075), 'rougeLsum': np.float64(0.23076923076923075)}
Generated sample at index 572

Ground truth description for sample 57:
Williams a good serve, Sharapova is unable to return it.

Model output:
Williams serves a wide shot, Sharapova returns the serve with a forehand backhand.

ROUGE score: {'rouge1': np.float64(0.34782608695652173), 'rouge2': np.float64(0.0), 'rougeL': np.float64(0.2608695652173913), 'rougeLsum': np.float64(0.2608695652173913)}
Average ROUGE score: {'rouge1': np.float64(0.32145652219243515), 'rouge2': np.float64(0.03762662337662337), 'rougeL': np.float64(0.21717797918606432), 'rougeLsum': np.float64(0.21717797918606432)}
Generated sample at index 124
Total token count: 942
Generated sample at index 733
Total token count: 948
Generated sample at index 108
Total token count: 943
Generated sample at index 465
Total token count: 957
Generated sample at index 86
Total token count: 1401
Generated sample at index 695
Total token count: 1409
Generated sample at index 144
Total token count: 1844
Generated sample at index 740
Total token count: 940
Emptied CUDA cache
{'loss': '7.264', 'grad_norm': '0.196', 'learning_rate': '1.654e-05', 'entropy': '7.426', 'num_tokens': '1.971e+06', 'mean_token_accuracy': '0.06508', 'epoch': '2.282'}
Generated sample at index 146
Total token count: 1843
Generated sample at index 736
Total token count: 1381
Generated sample at index 641
Total token count: 944
Generated sample at index 128
Total token count: 946
Generated sample at index 714
Total token count: 1396
Generated sample at index 14
Total token count: 1402
Generated sample at index 200
Total token count: 3171
Generated sample at index 606
Total token count: 1402
Emptied CUDA cache
{'loss': '7.332', 'grad_norm': '0.1631', 'learning_rate': '1.603e-05', 'entropy': '7.506', 'num_tokens': '1.983e+06', 'mean_token_accuracy': '0.05604', 'epoch': '2.295'}
Generated sample at index 184
Total token count: 1400
Generated sample at index 360
Total token count: 938
Generated sample at index 126
Total token count: 2291
Generated sample at index 492
Total token count: 943
Generated sample at index 533
Total token count: 1410
Generated sample at index 56
Total token count: 1841
Generated sample at index 458
Total token count: 968
Generated sample at index 96
Total token count: 1402
Emptied CUDA cache
{'loss': '7.294', 'grad_norm': '0.1616', 'learning_rate': '1.552e-05', 'entropy': '7.463', 'num_tokens': '1.994e+06', 'mean_token_accuracy': '0.05992', 'epoch': '2.309'}
Generated sample at index 17
Total token count: 946
Generated sample at index 457
Total token count: 1857
Generated sample at index 626
Total token count: 949
Generated sample at index 459
Total token count: 1850
Generated sample at index 191
Total token count: 1393
Generated sample at index 571
Total token count: 1401
Generated sample at index 118
Total token count: 2300
Generated sample at index 529
Total token count: 1851
Emptied CUDA cache
{'loss': '7.319', 'grad_norm': '0.1821', 'learning_rate': '1.502e-05', 'entropy': '7.49', 'num_tokens': '2.006e+06', 'mean_token_accuracy': '0.05742', 'epoch': '2.322'}
Generated sample at index 291
Total token count: 963
Generated sample at index 497
Total token count: 1400
Generated sample at index 633
Total token count: 1402
Generated sample at index 738
Total token count: 942
Generated sample at index 352
Total token count: 940
Generated sample at index 357
Total token count: 2722
Generated sample at index 367
Total token count: 1842
Generated sample at index 143
Total token count: 4494
Emptied CUDA cache
{'loss': '7.319', 'grad_norm': '0.1677', 'learning_rate': '1.452e-05', 'entropy': '7.489', 'num_tokens': '2.018e+06', 'mean_token_accuracy': '0.05763', 'epoch': '2.336'}
Generated sample at index 632
Total token count: 1406
Generated sample at index 531
Total token count: 1397
Generated sample at index 154
Total token count: 953
Generated sample at index 25
Total token count: 1399
Generated sample at index 137
Total token count: 1841
Generated sample at index 643
Total token count: 935
Generated sample at index 275
Total token count: 964
Generated sample at index 712
Total token count: 1403
Emptied CUDA cache
{'loss': '7.309', 'grad_norm': '0.1864', 'learning_rate': '1.403e-05', 'entropy': '7.483', 'num_tokens': '2.032e+06', 'mean_token_accuracy': '0.0591', 'epoch': '2.349'}
Generated sample at index 708
Total token count: 1393
Generated sample at index 72
Total token count: 2288
Generated sample at index 443
Total token count: 951
Generated sample at index 62
Total token count: 2279
Generated sample at index 745
Total token count: 937
Generated sample at index 480
Total token count: 948
Generated sample at index 396
Total token count: 936
Generated sample at index 623
Total token count: 1397
Emptied CUDA cache
{'loss': '7.324', 'grad_norm': '0.2064', 'learning_rate': '1.355e-05', 'entropy': '7.491', 'num_tokens': '2.043e+06', 'mean_token_accuracy': '0.05738', 'epoch': '2.362'}
Generated sample at index 42
Total token count: 944
Generated sample at index 525
Total token count: 1851
Generated sample at index 141
Total token count: 1405
Generated sample at index 213
Total token count: 1404
Generated sample at index 236
Total token count: 1855
Generated sample at index 513
Total token count: 1847
Generated sample at index 179
Total token count: 1847
Generated sample at index 539
Total token count: 1406
Emptied CUDA cache
{'loss': '7.331', 'grad_norm': '0.1912', 'learning_rate': '1.308e-05', 'entropy': '7.504', 'num_tokens': '2.055e+06', 'mean_token_accuracy': '0.05575', 'epoch': '2.376'}
Generated sample at index 53
Total token count: 943
Generated sample at index 690
Total token count: 940
Generated sample at index 121
Total token count: 1398
Generated sample at index 247
Total token count: 1841
Generated sample at index 51
Total token count: 1844
Generated sample at index 419
Total token count: 2284
Generated sample at index 365
Total token count: 2722
Generated sample at index 46
Total token count: 1400
Emptied CUDA cache
{'loss': '7.358', 'grad_norm': '0.2465', 'learning_rate': '1.261e-05', 'entropy': '7.53', 'num_tokens': '2.069e+06', 'mean_token_accuracy': '0.05404', 'epoch': '2.389'}
Generated sample at index 332
Total token count: 1845
Generated sample at index 243
Total token count: 1403
Generated sample at index 447
Total token count: 956
Generated sample at index 546
Total token count: 1847
Generated sample at index 648
Total token count: 945
Generated sample at index 347
Total token count: 2278
Generated sample at index 473
Total token count: 1397
Generated sample at index 308
Total token count: 945
Emptied CUDA cache
{'loss': '7.321', 'grad_norm': '0.1691', 'learning_rate': '1.215e-05', 'entropy': '7.49', 'num_tokens': '2.081e+06', 'mean_token_accuracy': '0.05783', 'epoch': '2.403'}
Generated sample at index 298
Generated sample at index 84
Total token count: 1849
Generated sample at index 169
Generated sample at index 567
Total token count: 1403
Generated sample at index 149
Generated sample at index 672
Total token count: 2728
Generated sample at index 468
Generated sample at index 344
Total token count: 1404
Generated sample at index 376
Generated sample at index 556
Total token count: 1405
Generated sample at index 295
Generated sample at index 94
Total token count: 956
Generated sample at index 385
Generated sample at index 387
Total token count: 1842
Generated sample at index 231
Generated sample at index 582
Total token count: 1842
Generated sample at index 286
Generated sample at index 234
Total token count: 1398
Generated sample at index 589
Generated sample at index 48
Total token count: 1404
Generated sample at index 584
Generated sample at index 194
Total token count: 953
Generated sample at index 202
Generated sample at index 220
Total token count: 1402
Generated sample at index 257
Generated sample at index 438
Total token count: 2727
Generated sample at index 398
Generated sample at index 130
Total token count: 1401
Generated sample at index 296
Generated sample at index 66
Total token count: 950
Generated sample at index 173
Generated sample at index 287
Total token count: 2728
Generated sample at index 645
Generated sample at index 28
Total token count: 1403
Generated sample at index 210
Generated sample at index 685
Total token count: 1840
Generated sample at index 5
Generated sample at index 547
Total token count: 1845
Generated sample at index 625
Generated sample at index 532
Total token count: 1403
Generated sample at index 101
Generated sample at index 710
Total token count: 1833
Generated sample at index 686
Generated sample at index 581
Total token count: 1852
Generated sample at index 99
Generated sample at index 253
Total token count: 2289
Generated sample at index 337
Generated sample at index 44
Total token count: 2302
Generated sample at index 123
Generated sample at index 479
Total token count: 1858
Generated sample at index 630
Generated sample at index 537
Total token count: 1844
Generated sample at index 203
Generated sample at index 739
Total token count: 948
Generated sample at index 279
Generated sample at index 663
Total token count: 2286
Generated sample at index 427
Generated sample at index 572
Total token count: 1402
Generated sample at index 439
Generated sample at index 215
Total token count: 1841
Generated sample at index 319
Generated sample at index 47
Total token count: 2731
Generated sample at index 9
Generated sample at index 391
Total token count: 965
Generated sample at index 666
Generated sample at index 568
Total token count: 1385
Generated sample at index 327
Generated sample at index 129
Total token count: 953
Generated sample at index 100
Generated sample at index 559
Total token count: 1407
Generated sample at index 477
Generated sample at index 613
Total token count: 2288
Generated sample at index 658
Generated sample at index 183
Total token count: 1842
Generated sample at index 145
Generated sample at index 7
Total token count: 1407
Generated sample at index 293
Generated sample at index 52
Total token count: 2285
Generated sample at index 627
Generated sample at index 358
Total token count: 1851
Generated sample at index 637
Generated sample at index 577
Total token count: 1403
Generated sample at index 301
Generated sample at index 98
Total token count: 2283
Generated sample at index 341
Generated sample at index 32
Total token count: 1402
Generated sample at index 284
Generated sample at index 176
Total token count: 1405
Generated sample at index 139
Generated sample at index 310
Total token count: 950
Generated sample at index 366
Generated sample at index 351
Total token count: 1853
Generated sample at index 6
Generated sample at index 328
Total token count: 1404
Generated sample at index 440
Generated sample at index 602
Total token count: 1387
Generated sample at index 616
Generated sample at index 269
Total token count: 1383
Generated sample at index 437
Generated sample at index 515
Total token count: 948
Generated sample at index 722
Generated sample at index 493
Total token count: 947
Generated sample at index 673
Generated sample at index 472
Total token count: 1406
Generated sample at index 620
Generated sample at index 716
Total token count: 1384
Generated sample at index 682
Generated sample at index 469
Total token count: 2285
Generated sample at index 445
Generated sample at index 563
Total token count: 1401
Generated sample at index 717
Generated sample at index 621
Total token count: 2725
Generated sample at index 578
Generated sample at index 78
Total token count: 1397
Generated sample at index 592
Generated sample at index 119
Total token count: 1404
Generated sample at index 528
Generated sample at index 449
Total token count: 1846
Generated sample at index 43
Generated sample at index 318
Total token count: 2288
Generated sample at index 711
Generated sample at index 476
Total token count: 1406
Generated sample at index 190
Generated sample at index 8
Total token count: 1401
Generated sample at index 382
Generated sample at index 692
Total token count: 1407
Generated sample at index 388
Generated sample at index 379
Total token count: 1848
Generated sample at index 553
Generated sample at index 76
Total token count: 1852
Generated sample at index 325
Generated sample at index 455
Total token count: 1842
Generated sample at index 252
Generated sample at index 110
Total token count: 1385
Generated sample at index 726
Generated sample at index 514
Total token count: 1402
Generated sample at index 646
Generated sample at index 444
Total token count: 1834
Generated sample at index 54
Generated sample at index 674
Total token count: 3175
Generated sample at index 280
Generated sample at index 10
Total token count: 2285
Generated sample at index 566
Generated sample at index 355
Total token count: 2283
Generated sample at index 172
Generated sample at index 442
Total token count: 950
Generated sample at index 13
Generated sample at index 151
Total token count: 2284
Generated sample at index 677
Generated sample at index 573
Total token count: 949
Computing metrics on evaluation batch...
{'eval_loss': '7.319', 'eval_token_accuracy': '3.35e-05', 'eval_runtime': '147.4', 'eval_samples_per_second': '1.018', 'eval_steps_per_second': '0.509', 'eval_entropy': '7.491', 'eval_num_tokens': '2.081e+06', 'eval_mean_token_accuracy': '0.05771', 'epoch': '2.403'}
Generated sample at index 286

Ground truth description for sample 16:
Nice kick serve, Federer manages a backhand return, a few shots exchanged, Federer forehand lands long.

Model output:
Federer serves a backhand crosscourt, Del Potro returns a forehand winner.

ROUGE score: {'rouge1': np.float64(0.3703703703703703), 'rouge2': np.float64(0.08), 'rougeL': np.float64(0.3703703703703703), 'rougeLsum': np.float64(0.3703703703703703)}
Generated sample at index 284

Ground truth description for sample 86:
Good serve in the middle, Delpotro returns a backhand return, Federer hits a backhand drop-shot winner.

Model output:
Federer serves a wide forehand return. Del Potro returns the serve with a backhand return. Federer hits a forehand backhand.

ROUGE score: {'rouge1': np.float64(0.5405405405405405), 'rouge2': np.float64(0.2857142857142857), 'rougeL': np.float64(0.4324324324324324), 'rougeLsum': np.float64(0.4324324324324324)}
Generated sample at index 672

Ground truth description for sample 5:
Slice serve down the T, Azarenka with a backhand return, Serena hits a backhand into the net.

Model output:
A tennis player serves a wide ball, and the ball is a cross court serve, the return is a backhand cross court, and the ball is a high serve.

ROUGE score: {'rouge1': np.float64(0.3043478260869565), 'rouge2': np.float64(0.045454545454545456), 'rougeL': np.float64(0.2608695652173913), 'rougeLsum': np.float64(0.2608695652173913)}
Generated sample at index 10

Ground truth description for sample 141:
Quick serve, Federer returns a quick forehand return, couple of shots exchanged, Federer strokes a forehand cross-court winner at net.

Model output:
Federer serves the ball to the net, Del Potro returns the serve with a backhand winner.

ROUGE score: {'rouge1': np.float64(0.3243243243243243), 'rouge2': np.float64(0.0), 'rougeL': np.float64(0.2162162162162162), 'rougeLsum': np.float64(0.2162162162162162)}
Generated sample at index 439

Ground truth description for sample 58:
Fine serve, Williams returns a backhand return, rally, Zvonareva forehand miss-hit doesn't land in the court.

Model output:
Williams serves, Zvonareva returns a backhand return, Williams hits a lob.

ROUGE score: {'rouge1': np.float64(0.41379310344827586), 'rouge2': np.float64(0.22222222222222224), 'rougeL': np.float64(0.3448275862068966), 'rougeLsum': np.float64(0.3448275862068966)}
Generated sample at index 427

Ground truth description for sample 56:
Good serve in the middle, Williams returns a backhand return, Zvonareva forehand down the line lands out-side the court.

Model output:
Serena Williams serves a cross court shot, Zvonareva returns a backhand return.

ROUGE score: {'rouge1': np.float64(0.4375), 'rouge2': np.float64(0.19999999999999998), 'rougeL': np.float64(0.3125), 'rougeLsum': np.float64(0.3125)}
Generated sample at index 84

Ground truth description for sample 1:
Federer serves in the middle, Delpotro manages a forehand return, good rally, Delpotro blasts a forehand winner cross-court.

Model output:
Federer hits a backhand winner.

ROUGE score: {'rouge1': np.float64(0.25), 'rouge2': np.float64(0.0), 'rougeL': np.float64(0.25), 'rougeLsum': np.float64(0.25)}
Generated sample at index 589

Ground truth description for sample 18:
Heavy serve out wide, Williams returns a quick forehand return, short rally, Sharapova strokes a backhand cross-court winner which clips the net.

Model output:
Serena serves the ball. Maria returns the serve with a forehand backhand.

ROUGE score: {'rouge1': np.float64(0.3428571428571428), 'rouge2': np.float64(0.0), 'rougeL': np.float64(0.22857142857142854), 'rougeLsum': np.float64(0.22857142857142854)}
Generated sample at index 582

Ground truth description for sample 15:
Quick serve is an ace.

Model output:
Serving a backhand, Williams serves the ball to the net. Sharapova returns the ball with a backhand, but the ball goes out of bounds.

ROUGE score: {'rouge1': np.float64(0.0), 'rouge2': np.float64(0.0), 'rougeL': np.float64(0.0), 'rougeLsum': np.float64(0.0)}
Generated sample at index 439

Ground truth description for sample 58:
Fine serve, Williams returns a backhand return, rally, Zvonareva forehand miss-hit doesn't land in the court.

Model output:
SERENA RETURNS A SERVICE LACE TO A SERVING PLAYER, THE RETURN IS A LACE DRIVE, THE SERVING PLAYER RETURNS A LACE DRIVE TO A SERVING PLAYER, THE SERVING PLAYER RETURNS A LACE DRIVE TO A SERVING PLAYER, THE SERVING PLAYER RETURNS A LACE DRIVE TO A SERVING PLAYER, THE SERVING PLAYER RETURNS A LACE DRIVE TO A SERVING PLAYER, THE SERVING PLAYER RETURNS A LACE DRIVE TO A SERVING PLAYER, THE SERVING PLAYER RETURNS A LACE DRIVE TO A SERVING PLAYER, THE SERVING PLAYER RETURNS A LACE DRIVE TO A SERVING PLAYER, THE SERVING PLAYER RETURNS A LACE DRIVE TO A SERVING PLAYER, THE SERVING PLAYER RETURNS A LACE DRIVE TO A SERVING PLAYER, THE SERVING PLAYER RETURNS A LACE DRIVE TO A SERVING PLAYER, THE SERVING PLAYER RETURNS A LACE DRIVE TO A SERVING PLAYER, THE SERVING PLAYER RETURNS A LACE DRIVE TO A SERVING PLAYER, THE SERVING PLAYER RETURNS A LACE DRIVE TO A SERVING PLAYER, THE SERVING PLAYER RETURNS A LACE DRIVE TO A SER

ROUGE score: {'rouge1': np.float64(0.043010752688172046), 'rouge2': np.float64(0.010869565217391304), 'rougeL': np.float64(0.043010752688172046), 'rougeLsum': np.float64(0.043010752688172046)}
Average ROUGE score: {'rouge1': np.float64(0.30267440603157825), 'rouge2': np.float64(0.08442606186084448), 'rougeL': np.float64(0.24587983517029072), 'rougeLsum': np.float64(0.24587983517029072)}
Generated sample at index 629
Total token count: 1382
Generated sample at index 230
Total token count: 950
Generated sample at index 519
Total token count: 1401
Generated sample at index 401
Total token count: 1401
Generated sample at index 429
Total token count: 1847
Generated sample at index 61
Total token count: 1402
Generated sample at index 152
Total token count: 938
Generated sample at index 435
Total token count: 1400
Emptied CUDA cache
{'loss': '7.3', 'grad_norm': '0.1649', 'learning_rate': '1.17e-05', 'entropy': '7.472', 'num_tokens': '2.091e+06', 'mean_token_accuracy': '0.06061', 'epoch': '2.416'}
Generated sample at index 517
Total token count: 1404
Generated sample at index 272
Total token count: 2287
Generated sample at index 180
Total token count: 944
Generated sample at index 706
Total token count: 944
Generated sample at index 390
Total token count: 1377
Generated sample at index 274
Total token count: 2285
Generated sample at index 680
Total token count: 1397
Generated sample at index 155
Total token count: 1405
Emptied CUDA cache
{'loss': '7.338', 'grad_norm': '0.1888', 'learning_rate': '1.125e-05', 'entropy': '7.514', 'num_tokens': '2.103e+06', 'mean_token_accuracy': '0.05617', 'epoch': '2.43'}
Generated sample at index 500
Total token count: 952
Generated sample at index 557
Total token count: 960
Generated sample at index 389
Total token count: 961
Generated sample at index 619
Total token count: 1396
Generated sample at index 320
Total token count: 1844
Generated sample at index 655
Total token count: 936
Generated sample at index 85
Total token count: 941
Generated sample at index 45
Total token count: 3176
Emptied CUDA cache
{'loss': '7.257', 'grad_norm': '0.2585', 'learning_rate': '1.082e-05', 'entropy': '7.425', 'num_tokens': '2.112e+06', 'mean_token_accuracy': '0.06453', 'epoch': '2.443'}
Generated sample at index 394
Total token count: 944
Generated sample at index 69
Total token count: 1393
Generated sample at index 12
Total token count: 1394
Generated sample at index 671
Total token count: 1395
Generated sample at index 11
Total token count: 1412
Generated sample at index 372
Total token count: 1845
Generated sample at index 159
Total token count: 948
Generated sample at index 614
Total token count: 1402
Emptied CUDA cache
{'loss': '7.328', 'grad_norm': '0.1646', 'learning_rate': '1.039e-05', 'entropy': '7.499', 'num_tokens': '2.125e+06', 'mean_token_accuracy': '0.05664', 'epoch': '2.456'}
Generated sample at index 432
Total token count: 1835
Generated sample at index 498
Total token count: 951
Generated sample at index 38
Total token count: 1396
Generated sample at index 700
Total token count: 1403
Generated sample at index 303
Total token count: 951
Generated sample at index 741
Total token count: 1402
Generated sample at index 294
Total token count: 955
Generated sample at index 644
Total token count: 1846
Emptied CUDA cache
{'loss': '7.278', 'grad_norm': '0.1681', 'learning_rate': '9.963e-06', 'entropy': '7.449', 'num_tokens': '2.135e+06', 'mean_token_accuracy': '0.06282', 'epoch': '2.47'}
Generated sample at index 651
Total token count: 938
Generated sample at index 683
Total token count: 1837
Generated sample at index 304
Total token count: 945
Generated sample at index 238
Total token count: 949
Generated sample at index 580
Total token count: 2723
Generated sample at index 428
Total token count: 1404
Generated sample at index 260
Total token count: 1846
Generated sample at index 196
Total token count: 1841
Emptied CUDA cache
{'loss': '7.335', 'grad_norm': '0.1758', 'learning_rate': '9.549e-06', 'entropy': '7.506', 'num_tokens': '2.148e+06', 'mean_token_accuracy': '0.05636', 'epoch': '2.483'}
Generated sample at index 105
Total token count: 949
Generated sample at index 167
Total token count: 2722
Generated sample at index 315
Total token count: 1399
Generated sample at index 617
Total token count: 1398
Generated sample at index 541
Total token count: 1852
Generated sample at index 378
Total token count: 1398
Generated sample at index 709
Total token count: 1388
Generated sample at index 171
Total token count: 2278
Emptied CUDA cache
{'loss': '7.346', 'grad_norm': '0.1709', 'learning_rate': '9.143e-06', 'entropy': '7.519', 'num_tokens': '2.161e+06', 'mean_token_accuracy': '0.05466', 'epoch': '2.497'}
Generated sample at index 719
Total token count: 1842
Generated sample at index 405
Total token count: 1391
Generated sample at index 544
Total token count: 948
Generated sample at index 634
Total token count: 959
Generated sample at index 392
Total token count: 1397
Generated sample at index 178
Total token count: 951
Generated sample at index 564
Total token count: 1846
Generated sample at index 530
Total token count: 1404
Emptied CUDA cache
{'loss': '7.309', 'grad_norm': '0.1731', 'learning_rate': '8.744e-06', 'entropy': '7.478', 'num_tokens': '2.172e+06', 'mean_token_accuracy': '0.05906', 'epoch': '2.51'}
Generated sample at index 35
Total token count: 4498
Generated sample at index 16
Total token count: 949
Generated sample at index 361
Total token count: 1405
Generated sample at index 436
Total token count: 945
Generated sample at index 311
Total token count: 948
Generated sample at index 704
Total token count: 944
Generated sample at index 377
Total token count: 2278
Generated sample at index 667
Total token count: 948
Emptied CUDA cache
{'loss': '7.315', 'grad_norm': '0.2109', 'learning_rate': '8.354e-06', 'entropy': '7.483', 'num_tokens': '2.186e+06', 'mean_token_accuracy': '0.0576', 'epoch': '2.523'}
Generated sample at index 607
Total token count: 2719
Generated sample at index 345
Total token count: 1407
Generated sample at index 299
Total token count: 1407
Generated sample at index 724
Total token count: 1845
Generated sample at index 225
Total token count: 2728
Generated sample at index 460
Total token count: 963
Generated sample at index 534
Total token count: 1412
Generated sample at index 448
Total token count: 1847
Emptied CUDA cache
{'loss': '7.31', 'grad_norm': '0.1825', 'learning_rate': '7.972e-06', 'entropy': '7.484', 'num_tokens': '2.199e+06', 'mean_token_accuracy': '0.05786', 'epoch': '2.537'}
Generated sample at index 298
Generated sample at index 84
Total token count: 1849
Generated sample at index 169
Generated sample at index 567
Total token count: 1403
Generated sample at index 149
Generated sample at index 672
Total token count: 2728
Generated sample at index 468
Generated sample at index 344
Total token count: 1404
Generated sample at index 376
Generated sample at index 556
Total token count: 1405
Generated sample at index 295
Generated sample at index 94
Total token count: 956
Generated sample at index 385
Generated sample at index 387
Total token count: 1842
Generated sample at index 231
Generated sample at index 582
Total token count: 1842
Generated sample at index 286
Generated sample at index 234
Total token count: 1398
Generated sample at index 589
Generated sample at index 48
Total token count: 1404
Generated sample at index 584
Generated sample at index 194
Total token count: 953
Generated sample at index 202
Generated sample at index 220
Total token count: 1402
Generated sample at index 257
Generated sample at index 438
Total token count: 2727
Generated sample at index 398
Generated sample at index 130
Total token count: 1401
Generated sample at index 296
Generated sample at index 66
Total token count: 950
Generated sample at index 173
Generated sample at index 287
Total token count: 2728
Generated sample at index 645
Generated sample at index 28
Total token count: 1403
Generated sample at index 210
Generated sample at index 685
Total token count: 1840
Generated sample at index 5
Generated sample at index 547
Total token count: 1845
Generated sample at index 625
Generated sample at index 532
Total token count: 1403
Generated sample at index 101
Generated sample at index 710
Total token count: 1833
Generated sample at index 686
Generated sample at index 581
Total token count: 1852
Generated sample at index 99
Generated sample at index 253
Total token count: 2289
Generated sample at index 337
Generated sample at index 44
Total token count: 2302
Generated sample at index 123
Generated sample at index 479
Total token count: 1858
Generated sample at index 630
Generated sample at index 537
Total token count: 1844
Generated sample at index 203
Generated sample at index 739
Total token count: 948
Generated sample at index 279
Generated sample at index 663
Total token count: 2286
Generated sample at index 427
Generated sample at index 572
Total token count: 1402
Generated sample at index 439
Generated sample at index 215
Total token count: 1841
Generated sample at index 319
Generated sample at index 47
Total token count: 2731
Generated sample at index 9
Generated sample at index 391
Total token count: 965
Generated sample at index 666
Generated sample at index 568
Total token count: 1385
Generated sample at index 327
Generated sample at index 129
Total token count: 953
Generated sample at index 100
Generated sample at index 559
Total token count: 1407
Generated sample at index 477
Generated sample at index 613
Total token count: 2288
Generated sample at index 658
Generated sample at index 183
Total token count: 1842
Generated sample at index 145
Generated sample at index 7
Total token count: 1407
Generated sample at index 293
Generated sample at index 52
Total token count: 2285
Generated sample at index 627
Generated sample at index 358
Total token count: 1851
Generated sample at index 637
Generated sample at index 577
Total token count: 1403
Generated sample at index 301
Generated sample at index 98
Total token count: 2283
Generated sample at index 341
Generated sample at index 32
Total token count: 1402
Generated sample at index 284
Generated sample at index 176
Total token count: 1405
Generated sample at index 139
Generated sample at index 310
Total token count: 950
Generated sample at index 366
Generated sample at index 351
Total token count: 1853
Generated sample at index 6
Generated sample at index 328
Total token count: 1404
Generated sample at index 440
Generated sample at index 602
Total token count: 1387
Generated sample at index 616
Generated sample at index 269
Total token count: 1383
Generated sample at index 437
Generated sample at index 515
Total token count: 948
Generated sample at index 722
Generated sample at index 493
Total token count: 947
Generated sample at index 673
Generated sample at index 472
Total token count: 1406
Generated sample at index 620
Generated sample at index 716
Total token count: 1384
Generated sample at index 682
Generated sample at index 469
Total token count: 2285
Generated sample at index 445
Generated sample at index 563
Total token count: 1401
Generated sample at index 717
Generated sample at index 621
Total token count: 2725
Generated sample at index 578
Generated sample at index 78
Total token count: 1397
Generated sample at index 592
Generated sample at index 119
Total token count: 1404
Generated sample at index 528
Generated sample at index 449
Total token count: 1846
Generated sample at index 43
Generated sample at index 318
Total token count: 2288
Generated sample at index 711
Generated sample at index 476
Total token count: 1406
Generated sample at index 190
Generated sample at index 8
Total token count: 1401
Generated sample at index 382
Generated sample at index 692
Total token count: 1407
Generated sample at index 388
Generated sample at index 379
Total token count: 1848
Generated sample at index 553
Generated sample at index 76
Total token count: 1852
Generated sample at index 325
Generated sample at index 455
Total token count: 1842
Generated sample at index 252
Generated sample at index 110
Total token count: 1385
Generated sample at index 726
Generated sample at index 514
Total token count: 1402
Generated sample at index 646
Generated sample at index 444
Total token count: 1834
Generated sample at index 54
Generated sample at index 674
Total token count: 3175
Generated sample at index 280
Generated sample at index 10
Total token count: 2285
Generated sample at index 566
Generated sample at index 355
Total token count: 2283
Generated sample at index 172
Generated sample at index 442
Total token count: 950
Generated sample at index 13
Generated sample at index 151
Total token count: 2284
Generated sample at index 677
Generated sample at index 573
Total token count: 949
Computing metrics on evaluation batch...
{'eval_loss': '7.317', 'eval_token_accuracy': '3.829e-05', 'eval_runtime': '147.6', 'eval_samples_per_second': '1.016', 'eval_steps_per_second': '0.508', 'eval_entropy': '7.488', 'eval_num_tokens': '2.199e+06', 'eval_mean_token_accuracy': '0.05767', 'epoch': '2.537'}
Generated sample at index 234

Ground truth description for sample 17:
Monumental serve is an ace.

Model output:
Federer hits a backhand cross-court, Del Potro returns with a backhand lob.

ROUGE score: {'rouge1': np.float64(0.0), 'rouge2': np.float64(0.0), 'rougeL': np.float64(0.0), 'rougeLsum': np.float64(0.0)}
Generated sample at index 376

Ground truth description for sample 8:
Great serve down the T is an ace.

Model output:
Zvonareva serves a forehand, Williams returns a backhand, Zvonareva returns a backhand.

ROUGE score: {'rouge1': np.float64(0.0), 'rouge2': np.float64(0.0), 'rougeL': np.float64(0.0), 'rougeLsum': np.float64(0.0)}
Generated sample at index 341

Ground truth description for sample 84:
Good serve aimed in the corner, Delpotro only reaches to it.

Model output:
Federer serves a wide serve, Del Potro returns the serve with a forehand backhand return.

ROUGE score: {'rouge1': np.float64(0.15384615384615383), 'rouge2': np.float64(0.0), 'rougeL': np.float64(0.15384615384615383), 'rougeLsum': np.float64(0.15384615384615383)}
Generated sample at index 589

Ground truth description for sample 18:
Heavy serve out wide, Williams returns a quick forehand return, short rally, Sharapova strokes a backhand cross-court winner which clips the net.

Model output:
SERENA LOSES A SERVE, MARIA SHARAPOVA RETURNS A LACE BACKHAND.

ROUGE score: {'rouge1': np.float64(0.36363636363636365), 'rouge2': np.float64(0.06451612903225805), 'rougeL': np.float64(0.24242424242424243), 'rougeLsum': np.float64(0.24242424242424243)}
Generated sample at index 455

Ground truth description for sample 131:
Quick serve, Tsonga crafts a backhand return, rally, Djokovic produces a forehand cross-court winner.

Model output:
Tsonga serves the ball, Djokovic returns the serve with a backhand winner.

ROUGE score: {'rouge1': np.float64(0.4444444444444445), 'rouge2': np.float64(0.08), 'rougeL': np.float64(0.2962962962962963), 'rougeLsum': np.float64(0.2962962962962963)}
Generated sample at index 319

Ground truth description for sample 60:
Good serve in the middle, Federer returns a backhand, Delpotro hits a forehand winner.

Model output:
Federer serves a long ball, Del Potro returns the serve with a backhand slice.

ROUGE score: {'rouge1': np.float64(0.5), 'rouge2': np.float64(0.07692307692307693), 'rougeL': np.float64(0.2857142857142857), 'rougeLsum': np.float64(0.2857142857142857)}
Generated sample at index 613

Ground truth description for sample 71:
Fine serve placed at T, Sharapova returns a quick backhand return, couple of shots exchanged, Serena cross-court fails to clear the net in the middle.

Model output:
Maria Sharapova hits a backhand, Serena Williams returns the backhand, Maria Sharapova hits a backhand, Serena Williams returns the backhand, Maria Sharapova hits a backhand, Serena Williams returns the backhand, Maria Sharapova hits a backhand, Serena Williams returns the backhand, Maria Sharapova hits a backhand, Serena Williams returns the backhand, Maria Sharapova hits a backhand, Serena Williams returns the backhand, Maria Sharapova hits a backhand, Serena Williams returns the backhand, Maria Sharapova hits a backhand, Serena Williams returns the backhand, Maria Sharapova hits a backhand, Serena Williams returns the backhand, Maria Sharapova hits a backhand, Serena Williams returns the backhand, Maria Sharapova hits a backhand, Serena Williams returns the backhand, Maria Sharapova hits a backhand, Serena Williams returns the backhand, Maria Sharapova hits a backhand, Serena Williams returns the backhand, Maria Sharapova hits a backhand, Serena Williams returns the backhand, Maria Sharapova hits a backhand, Serena Williams returns the backhand, Maria Sharapova hits a backhand, Serena Williams returns the backhand,

ROUGE score: {'rouge1': np.float64(0.07526881720430106), 'rouge2': np.float64(0.0), 'rougeL': np.float64(0.07526881720430106), 'rougeLsum': np.float64(0.07526881720430106)}
Generated sample at index 382

Ground truth description for sample 124:
Williams hits a good serve, Zvonareva hits a backhand return, short rally, Zvonareva hits a backhand into the net in the middle.

Model output:
Williams serves, Zvonareva returns with a backhand slice.

ROUGE score: {'rouge1': np.float64(0.26666666666666666), 'rouge2': np.float64(0.07142857142857142), 'rougeL': np.float64(0.26666666666666666), 'rougeLsum': np.float64(0.26666666666666666)}
Generated sample at index 279

Ground truth description for sample 54:
Good serve aimed in the middle, Federer manages a backhand slice return, long rally, Federer backhand slice lands out of court.

Model output:
Federer serves a backhand cross court, Del Potro returns a cross court backhand.

ROUGE score: {'rouge1': np.float64(0.2941176470588235), 'rouge2': np.float64(0.0625), 'rougeL': np.float64(0.23529411764705882), 'rougeLsum': np.float64(0.23529411764705882)}
Generated sample at index 54

Ground truth description for sample 138:
Good serve in the middle, Delpotro crafts a backhand return, short rally, Delpotro produces a forehand cross-court winner.

Model output:
Federer serves the ball to Del Potro. Del Potro hits a backhand, Federer returns the point.

ROUGE score: {'rouge1': np.float64(0.17142857142857143), 'rouge2': np.float64(0.0606060606060606), 'rougeL': np.float64(0.17142857142857143), 'rougeLsum': np.float64(0.17142857142857143)}
Average ROUGE score: {'rouge1': np.float64(0.22694086642853245), 'rouge2': np.float64(0.041597383798996704), 'rougeL': np.float64(0.1726939151227576), 'rougeLsum': np.float64(0.1726939151227576)}
Generated sample at index 335
Total token count: 941
Generated sample at index 15
Total token count: 944
Generated sample at index 321
Total token count: 949
Generated sample at index 450
Total token count: 1409
Generated sample at index 508
Total token count: 956
Generated sample at index 732
Total token count: 1383
Generated sample at index 263
Total token count: 945
Generated sample at index 603
Total token count: 1395
Emptied CUDA cache
{'loss': '7.263', 'grad_norm': '0.2095', 'learning_rate': '7.598e-06', 'entropy': '7.43', 'num_tokens': '2.209e+06', 'mean_token_accuracy': '0.0649', 'epoch': '2.55'}
Generated sample at index 369
Total token count: 1397
Generated sample at index 499
Total token count: 1409
Generated sample at index 241
Total token count: 1843
Generated sample at index 192
Total token count: 2291
Generated sample at index 232
Total token count: 1393
Generated sample at index 30
Total token count: 1399
Generated sample at index 165
Total token count: 1387
Generated sample at index 156
Total token count: 938
Emptied CUDA cache
{'loss': '7.346', 'grad_norm': '0.1868', 'learning_rate': '7.232e-06', 'entropy': '7.516', 'num_tokens': '2.221e+06', 'mean_token_accuracy': '0.05459', 'epoch': '2.564'}
Generated sample at index 188
Total token count: 1413
Generated sample at index 720
Total token count: 941
Generated sample at index 104
Total token count: 943
Generated sample at index 189
Total token count: 948
Generated sample at index 583
Total token count: 2726
Generated sample at index 374
Total token count: 941
Generated sample at index 334
Total token count: 2724
Generated sample at index 482
Total token count: 950
Emptied CUDA cache
{'loss': '7.303', 'grad_norm': '0.1892', 'learning_rate': '6.874e-06', 'entropy': '7.473', 'num_tokens': '2.233e+06', 'mean_token_accuracy': '0.05969', 'epoch': '2.577'}
Generated sample at index 148
Total token count: 1409
Generated sample at index 380
Total token count: 1839
Generated sample at index 604
Total token count: 1398
Generated sample at index 640
Total token count: 1406
Generated sample at index 486
Total token count: 2287
Generated sample at index 660
Total token count: 1396
Generated sample at index 68
Total token count: 3167
Generated sample at index 511
Total token count: 956
Emptied CUDA cache
{'loss': '7.353', 'grad_norm': '0.1827', 'learning_rate': '6.525e-06', 'entropy': '7.524', 'num_tokens': '2.246e+06', 'mean_token_accuracy': '0.05347', 'epoch': '2.591'}
Generated sample at index 162
Total token count: 1410
Generated sample at index 424
Total token count: 937
Generated sample at index 622
Total token count: 1404
Generated sample at index 317
Total token count: 2292
Generated sample at index 131
Total token count: 960
Generated sample at index 670
Total token count: 1398
Generated sample at index 485
Total token count: 945
Generated sample at index 681
Total token count: 1391
Emptied CUDA cache
{'loss': '7.264', 'grad_norm': '0.2002', 'learning_rate': '6.185e-06', 'entropy': '7.437', 'num_tokens': '2.257e+06', 'mean_token_accuracy': '0.06295', 'epoch': '2.604'}
Generated sample at index 65
Total token count: 1403
Generated sample at index 381
Total token count: 1396
Generated sample at index 422
Total token count: 951
Generated sample at index 661
Total token count: 1401
Generated sample at index 725
Total token count: 943
Generated sample at index 186
Total token count: 954
Generated sample at index 561
Total token count: 2288
Generated sample at index 75
Total token count: 952
Emptied CUDA cache
{'loss': '7.294', 'grad_norm': '0.1631', 'learning_rate': '5.853e-06', 'entropy': '7.465', 'num_tokens': '2.267e+06', 'mean_token_accuracy': '0.06095', 'epoch': '2.617'}
Generated sample at index 542
Total token count: 1404
Generated sample at index 414
Total token count: 942
Generated sample at index 631
Total token count: 952
Generated sample at index 82
Total token count: 954
Generated sample at index 587
Total token count: 1842
Generated sample at index 452
Total token count: 1408
Generated sample at index 24
Total token count: 1841
Generated sample at index 283
Total token count: 1403
Emptied CUDA cache
{'loss': '7.276', 'grad_norm': '0.1697', 'learning_rate': '5.529e-06', 'entropy': '7.442', 'num_tokens': '2.278e+06', 'mean_token_accuracy': '0.06236', 'epoch': '2.631'}
Generated sample at index 593
Total token count: 1402
Generated sample at index 271
Total token count: 1846
Generated sample at index 60
Total token count: 1406
Generated sample at index 433
Total token count: 1844
Generated sample at index 371
Total token count: 1850
Generated sample at index 90
Total token count: 948
Generated sample at index 181
Total token count: 953
Generated sample at index 216
Total token count: 941
Emptied CUDA cache
{'loss': '7.303', 'grad_norm': '0.1778', 'learning_rate': '5.214e-06', 'entropy': '7.479', 'num_tokens': '2.289e+06', 'mean_token_accuracy': '0.05915', 'epoch': '2.644'}
Generated sample at index 669
Total token count: 1843
Generated sample at index 354
Total token count: 1842
Generated sample at index 322
Total token count: 1844
Generated sample at index 727
Total token count: 1842
Generated sample at index 3
Total token count: 2283
Generated sample at index 229
Total token count: 1401
Generated sample at index 362
Total token count: 2290
Generated sample at index 314
Total token count: 1401
Emptied CUDA cache
{'loss': '7.374', 'grad_norm': '0.2065', 'learning_rate': '4.908e-06', 'entropy': '7.55', 'num_tokens': '2.304e+06', 'mean_token_accuracy': '0.05026', 'epoch': '2.658'}
Generated sample at index 588
Total token count: 1400
Generated sample at index 635
Total token count: 932
Generated sample at index 415
Total token count: 1839
Generated sample at index 182
Total token count: 1398
Generated sample at index 26
Total token count: 1844
Generated sample at index 91
Total token count: 1400
Generated sample at index 74
Total token count: 1848
Generated sample at index 127
Total token count: 938
Emptied CUDA cache
{'loss': '7.343', 'grad_norm': '0.2103', 'learning_rate': '4.611e-06', 'entropy': '7.516', 'num_tokens': '2.316e+06', 'mean_token_accuracy': '0.05545', 'epoch': '2.671'}
Generated sample at index 298
Generated sample at index 84
Total token count: 1849
Generated sample at index 169
Generated sample at index 567
Total token count: 1403
Generated sample at index 149
Generated sample at index 672
Total token count: 2728
Generated sample at index 468
Generated sample at index 344
Total token count: 1404
Generated sample at index 376
Generated sample at index 556
Total token count: 1405
Generated sample at index 295
Generated sample at index 94
Total token count: 956
Generated sample at index 385
Generated sample at index 387
Total token count: 1842
Generated sample at index 231
Generated sample at index 582
Total token count: 1842
Generated sample at index 286
Generated sample at index 234
Total token count: 1398
Generated sample at index 589
Generated sample at index 48
Total token count: 1404
Generated sample at index 584
Generated sample at index 194
Total token count: 953
Generated sample at index 202
Generated sample at index 220
Total token count: 1402
Generated sample at index 257
Generated sample at index 438
Total token count: 2727
Generated sample at index 398
Generated sample at index 130
Total token count: 1401
Generated sample at index 296
Generated sample at index 66
Total token count: 950
Generated sample at index 173
Generated sample at index 287
Total token count: 2728
Generated sample at index 645
Generated sample at index 28
Total token count: 1403
Generated sample at index 210
Generated sample at index 685
Total token count: 1840
Generated sample at index 5
Generated sample at index 547
Total token count: 1845
Generated sample at index 625
Generated sample at index 532
Total token count: 1403
Generated sample at index 101
Generated sample at index 710
Total token count: 1833
Generated sample at index 686
Generated sample at index 581
Total token count: 1852
Generated sample at index 99
Generated sample at index 253
Total token count: 2289
Generated sample at index 337
Generated sample at index 44
Total token count: 2302
Generated sample at index 123
Generated sample at index 479
Total token count: 1858
Generated sample at index 630
Generated sample at index 537
Total token count: 1844
Generated sample at index 203
Generated sample at index 739
Total token count: 948
Generated sample at index 279
Generated sample at index 663
Total token count: 2286
Generated sample at index 427
Generated sample at index 572
Total token count: 1402
Generated sample at index 439
Generated sample at index 215
Total token count: 1841
Generated sample at index 319
Generated sample at index 47
Total token count: 2731
Generated sample at index 9
Generated sample at index 391
Total token count: 965
Generated sample at index 666
Generated sample at index 568
Total token count: 1385
Generated sample at index 327
Generated sample at index 129
Total token count: 953
Generated sample at index 100
Generated sample at index 559
Total token count: 1407
Generated sample at index 477
Generated sample at index 613
Total token count: 2288
Generated sample at index 658
Generated sample at index 183
Total token count: 1842
Generated sample at index 145
Generated sample at index 7
Total token count: 1407
Generated sample at index 293
Generated sample at index 52
Total token count: 2285
Generated sample at index 627
Generated sample at index 358
Total token count: 1851
Generated sample at index 637
Generated sample at index 577
Total token count: 1403
Generated sample at index 301
Generated sample at index 98
Total token count: 2283
Generated sample at index 341
Generated sample at index 32
Total token count: 1402
Generated sample at index 284
Generated sample at index 176
Total token count: 1405
Generated sample at index 139
Generated sample at index 310
Total token count: 950
Generated sample at index 366
Generated sample at index 351
Total token count: 1853
Generated sample at index 6
Generated sample at index 328
Total token count: 1404
Generated sample at index 440
Generated sample at index 602
Total token count: 1387
Generated sample at index 616
Generated sample at index 269
Total token count: 1383
Generated sample at index 437
Generated sample at index 515
Total token count: 948
Generated sample at index 722
Generated sample at index 493
Total token count: 947
Generated sample at index 673
Generated sample at index 472
Total token count: 1406
Generated sample at index 620
Generated sample at index 716
Total token count: 1384
Generated sample at index 682
Generated sample at index 469
Total token count: 2285
Generated sample at index 445
Generated sample at index 563
Total token count: 1401
Generated sample at index 717
Generated sample at index 621
Total token count: 2725
Generated sample at index 578
Generated sample at index 78
Total token count: 1397
Generated sample at index 592
Generated sample at index 119
Total token count: 1404
Generated sample at index 528
Generated sample at index 449
Total token count: 1846
Generated sample at index 43
Generated sample at index 318
Total token count: 2288
Generated sample at index 711
Generated sample at index 476
Total token count: 1406
Generated sample at index 190
Generated sample at index 8
Total token count: 1401
Generated sample at index 382
Generated sample at index 692
Total token count: 1407
Generated sample at index 388
Generated sample at index 379
Total token count: 1848
Generated sample at index 553
Generated sample at index 76
Total token count: 1852
Generated sample at index 325
Generated sample at index 455
Total token count: 1842
Generated sample at index 252
Generated sample at index 110
Total token count: 1385
Generated sample at index 726
Generated sample at index 514
Total token count: 1402
Generated sample at index 646
Generated sample at index 444
Total token count: 1834
Generated sample at index 54
Generated sample at index 674
Total token count: 3175
Generated sample at index 280
Generated sample at index 10
Total token count: 2285
Generated sample at index 566
Generated sample at index 355
Total token count: 2283
Generated sample at index 172
Generated sample at index 442
Total token count: 950
Generated sample at index 13
Generated sample at index 151
Total token count: 2284
Generated sample at index 677
Generated sample at index 573
Total token count: 949
Computing metrics on evaluation batch...
{'eval_loss': '7.316', 'eval_token_accuracy': '3.35e-05', 'eval_runtime': '147.3', 'eval_samples_per_second': '1.018', 'eval_steps_per_second': '0.509', 'eval_entropy': '7.487', 'eval_num_tokens': '2.316e+06', 'eval_mean_token_accuracy': '0.05788', 'epoch': '2.671'}
Generated sample at index 28

Ground truth description for sample 33:
Delpotro hits a flat serve at T, Federer backhand slice return, a few shots exchange, Federer forehand down the line lands long.

Model output:
Federer serves, Del Potro returns, Federer hits a forehand winner.

ROUGE score: {'rouge1': np.float64(0.3125), 'rouge2': np.float64(0.06666666666666667), 'rougeL': np.float64(0.18749999999999997), 'rougeLsum': np.float64(0.18749999999999997)}
Generated sample at index 13

Ground truth description for sample 146:
Delpotro hits a serve out wide, Federer has no answer to it.

Model output:
Federer serves the ball, Del Potro returns the serve with a backhand.

ROUGE score: {'rouge1': np.float64(0.25), 'rouge2': np.float64(0.0), 'rougeL': np.float64(0.08333333333333333), 'rougeLsum': np.float64(0.08333333333333333)}
Generated sample at index 151

Ground truth description for sample 147:
Quick serve, Federer returns a quick backhand return, good rally, Federer fails to keep a cross-court forehand in the play.

Model output:
Federer serves, Del Potro returns, Federer hits a long forehand winner.

ROUGE score: {'rouge1': np.float64(0.31249999999999994), 'rouge2': np.float64(0.0), 'rougeL': np.float64(0.31249999999999994), 'rougeLsum': np.float64(0.31249999999999994)}
Generated sample at index 476

Ground truth description for sample 121:
Tsonga serves a high kick serve, Djokovic returns a backhand return, Tsonga struggles to keep a cross-court forehand in a rally.

Model output:
Tsonga serves the ball, Djokovic returns the point with a backhand cross-court.

ROUGE score: {'rouge1': np.float64(0.4571428571428572), 'rouge2': np.float64(0.24242424242424246), 'rougeL': np.float64(0.4571428571428572), 'rougeLsum': np.float64(0.4571428571428572)}
Generated sample at index 9

Ground truth description for sample 62:
Federer arrows a good out wide, Delpotro is unable to return it over the net.

Model output:
Federer serves the ball, Del Potro returns a backhand winner.

ROUGE score: {'rouge1': np.float64(0.24), 'rouge2': np.float64(0.0), 'rougeL': np.float64(0.16), 'rougeLsum': np.float64(0.16)}
Generated sample at index 476

Ground truth description for sample 121:
Tsonga serves a high kick serve, Djokovic returns a backhand return, Tsonga struggles to keep a cross-court forehand in a rally.

Model output:
Tsonga serves the ball, Djokovic returns the point with a backhand cross court.

ROUGE score: {'rouge1': np.float64(0.4571428571428572), 'rouge2': np.float64(0.24242424242424246), 'rougeL': np.float64(0.4571428571428572), 'rougeLsum': np.float64(0.4571428571428572)}
Generated sample at index 620

Ground truth description for sample 104:
Sharapova serves, Serena replies by smashing a forehand winner down the line.

Model output:
SERENA serves the ball, Maria Sharapova returns the serve with a backhand winner.

ROUGE score: {'rouge1': np.float64(0.48000000000000004), 'rouge2': np.float64(0.0), 'rougeL': np.float64(0.24000000000000002), 'rougeLsum': np.float64(0.24000000000000002)}
Generated sample at index 123

Ground truth description for sample 48:
Good serve in the middle, Delpotro returns a backhand return, short rally, Federer pulls a forehand cross-court into the net.

Model output:
Federer hits a serve, Del Potro returns a backhand cross-court.

ROUGE score: {'rouge1': np.float64(0.5), 'rouge2': np.float64(0.2), 'rougeL': np.float64(0.37499999999999994), 'rougeLsum': np.float64(0.37499999999999994)}
Generated sample at index 257

Ground truth description for sample 24:
Delpotro serves a good one, Federer puts back a backhand return, well contensted rally, Delpotro moves upto the net and places a backhand volley winner.

Model output:
Federer serves to Del Potro. Del Potro returns the serve, Federer hits a long backhand cross-court. Del Potro hits a backhand cross-court, Federer hits a long backhand cross-court.

ROUGE score: {'rouge1': np.float64(0.2857142857142857), 'rouge2': np.float64(0.037037037037037035), 'rougeL': np.float64(0.21428571428571427), 'rougeLsum': np.float64(0.21428571428571427)}
Generated sample at index 257

Ground truth description for sample 24:
Delpotro serves a good one, Federer puts back a backhand return, well contensted rally, Delpotro moves upto the net and places a backhand volley winner.

Model output:
Federer hits a backhand cross-court, Del Potro returns the serve with a backhand cross-court, Federer returns the serve with a backhand cross-court.

ROUGE score: {'rouge1': np.float64(0.28), 'rouge2': np.float64(0.08333333333333333), 'rougeL': np.float64(0.24), 'rougeLsum': np.float64(0.24)}
Average ROUGE score: {'rouge1': np.float64(0.35750000000000004), 'rouge2': np.float64(0.0871885521885522), 'rougeL': np.float64(0.27269047619047615), 'rougeLsum': np.float64(0.27269047619047615)}
Generated sample at index 406
Total token count: 1840
Generated sample at index 313
Total token count: 1407
Generated sample at index 348
Total token count: 944
Generated sample at index 163
Total token count: 1394
Generated sample at index 153
Total token count: 1393
Generated sample at index 478
Total token count: 958
Generated sample at index 595
Total token count: 1395
Generated sample at index 590
Total token count: 942
Emptied CUDA cache
{'loss': '7.286', 'grad_norm': '0.1729', 'learning_rate': '4.323e-06', 'entropy': '7.457', 'num_tokens': '2.326e+06', 'mean_token_accuracy': '0.06166', 'epoch': '2.685'}
Generated sample at index 693
Total token count: 935
Generated sample at index 453
Total token count: 1412
Generated sample at index 504
Total token count: 1407
Generated sample at index 456
Total token count: 944
Generated sample at index 386
Total token count: 936
Generated sample at index 302
Total token count: 1392
Generated sample at index 175
Total token count: 948
Generated sample at index 744
Total token count: 2283
Emptied CUDA cache
{'loss': '7.269', 'grad_norm': '0.2303', 'learning_rate': '4.043e-06', 'entropy': '7.438', 'num_tokens': '2.335e+06', 'mean_token_accuracy': '0.06408', 'epoch': '2.698'}
Generated sample at index 393
Total token count: 946
Generated sample at index 521
Total token count: 953
Generated sample at index 333
Total token count: 1850
Generated sample at index 451
Total token count: 943
Generated sample at index 209
Total token count: 1405
Generated sample at index 49
Total token count: 1845
Generated sample at index 610
Total token count: 1835
Generated sample at index 120
Total token count: 1398
Emptied CUDA cache
{'loss': '7.319', 'grad_norm': '0.185', 'learning_rate': '3.773e-06', 'entropy': '7.492', 'num_tokens': '2.347e+06', 'mean_token_accuracy': '0.05706', 'epoch': '2.711'}
Generated sample at index 548
Total token count: 2290
Generated sample at index 330
Total token count: 1397
Generated sample at index 599
Total token count: 1376
Generated sample at index 33
Total token count: 948
Generated sample at index 63
Total token count: 955
Generated sample at index 416
Total token count: 1401
Generated sample at index 418
Total token count: 1377
Generated sample at index 638
Total token count: 954
Emptied CUDA cache
{'loss': '7.327', 'grad_norm': '0.1816', 'learning_rate': '3.511e-06', 'entropy': '7.491', 'num_tokens': '2.358e+06', 'mean_token_accuracy': '0.05779', 'epoch': '2.725'}
Generated sample at index 597
Total token count: 941
Generated sample at index 150
Total token count: 3176
Generated sample at index 251
Total token count: 1413
Generated sample at index 264
Total token count: 1416
Generated sample at index 239
Total token count: 1410
Generated sample at index 228
Total token count: 958
Generated sample at index 290
Total token count: 1849
Generated sample at index 31
Total token count: 952
Emptied CUDA cache
{'loss': '7.276', 'grad_norm': '0.1905', 'learning_rate': '3.259e-06', 'entropy': '7.447', 'num_tokens': '2.37e+06', 'mean_token_accuracy': '0.06277', 'epoch': '2.738'}
Generated sample at index 446
Total token count: 1402
Generated sample at index 224
Total token count: 1404
Generated sample at index 40
Total token count: 941
Generated sample at index 79
Total token count: 1394
Generated sample at index 466
Total token count: 1413
Generated sample at index 292
Total token count: 943
Generated sample at index 586
Total token count: 944
Generated sample at index 552
Total token count: 1851
Emptied CUDA cache
{'loss': '7.261', 'grad_norm': '0.1906', 'learning_rate': '3.015e-06', 'entropy': '7.431', 'num_tokens': '2.38e+06', 'mean_token_accuracy': '0.06436', 'epoch': '2.752'}
Generated sample at index 384
Total token count: 943
Generated sample at index 596
Total token count: 950
Generated sample at index 591
Total token count: 1840
Generated sample at index 324
Total token count: 1409
Generated sample at index 423
Total token count: 1400
Generated sample at index 462
Total token count: 951
Generated sample at index 474
Total token count: 1404
Generated sample at index 161
Total token count: 1847
Emptied CUDA cache
{'loss': '7.285', 'grad_norm': '0.1766', 'learning_rate': '2.781e-06', 'entropy': '7.452', 'num_tokens': '2.39e+06', 'mean_token_accuracy': '0.06229', 'epoch': '2.765'}
Generated sample at index 207
Total token count: 1847
Generated sample at index 518
Total token count: 956
Generated sample at index 222
Total token count: 1409
Generated sample at index 509
Total token count: 1846
Generated sample at index 612
Total token count: 949
Generated sample at index 226
Total token count: 950
Generated sample at index 481
Total token count: 1389
Generated sample at index 742
Total token count: 1842
Emptied CUDA cache
{'loss': '7.288', 'grad_norm': '0.177', 'learning_rate': '2.556e-06', 'entropy': '7.457', 'num_tokens': '2.402e+06', 'mean_token_accuracy': '0.0614', 'epoch': '2.779'}
Generated sample at index 37
Total token count: 953
Generated sample at index 718
Total token count: 2278
Generated sample at index 368
Total token count: 1841
Generated sample at index 22
Total token count: 1397
Generated sample at index 421
Total token count: 940
Generated sample at index 487
Total token count: 1857
Generated sample at index 242
Total token count: 1405
Generated sample at index 687
Total token count: 2727
Emptied CUDA cache
{'loss': '7.326', 'grad_norm': '0.1879', 'learning_rate': '2.34e-06', 'entropy': '7.497', 'num_tokens': '2.414e+06', 'mean_token_accuracy': '0.05644', 'epoch': '2.792'}
Generated sample at index 698
Total token count: 1405
Generated sample at index 300
Total token count: 1838
Generated sample at index 615
Total token count: 941
Generated sample at index 656
Total token count: 1392
Generated sample at index 133
Total token count: 959
Generated sample at index 343
Total token count: 949
Generated sample at index 565
Total token count: 948
Generated sample at index 653
Total token count: 939
Emptied CUDA cache
{'loss': '7.293', 'grad_norm': '0.1593', 'learning_rate': '2.134e-06', 'entropy': '7.463', 'num_tokens': '2.425e+06', 'mean_token_accuracy': '0.06039', 'epoch': '2.805'}
Generated sample at index 298
Generated sample at index 84
Total token count: 1849
Generated sample at index 169
Generated sample at index 567
Total token count: 1403
Generated sample at index 149
Generated sample at index 672
Total token count: 2728
Generated sample at index 468
Generated sample at index 344
Total token count: 1404
Generated sample at index 376
Generated sample at index 556
Total token count: 1405
Generated sample at index 295
Generated sample at index 94
Total token count: 956
Generated sample at index 385
Generated sample at index 387
Total token count: 1842
Generated sample at index 231
Generated sample at index 582
Total token count: 1842
Generated sample at index 286
Generated sample at index 234
Total token count: 1398
Generated sample at index 589
Generated sample at index 48
Total token count: 1404
Generated sample at index 584
Generated sample at index 194
Total token count: 953
Generated sample at index 202
Generated sample at index 220
Total token count: 1402
Generated sample at index 257
Generated sample at index 438
Total token count: 2727
Generated sample at index 398
Generated sample at index 130
Total token count: 1401
Generated sample at index 296
Generated sample at index 66
Total token count: 950
Generated sample at index 173
Generated sample at index 287
Total token count: 2728
Generated sample at index 645
Generated sample at index 28
Total token count: 1403
Generated sample at index 210
Generated sample at index 685
Total token count: 1840
Generated sample at index 5
Generated sample at index 547
Total token count: 1845
Generated sample at index 625
Generated sample at index 532
Total token count: 1403
Generated sample at index 101
Generated sample at index 710
Total token count: 1833
Generated sample at index 686
Generated sample at index 581
Total token count: 1852
Generated sample at index 99
Generated sample at index 253
Total token count: 2289
Generated sample at index 337
Generated sample at index 44
Total token count: 2302
Generated sample at index 123
Generated sample at index 479
Total token count: 1858
Generated sample at index 630
Generated sample at index 537
Total token count: 1844
Generated sample at index 203
Generated sample at index 739
Total token count: 948
Generated sample at index 279
Generated sample at index 663
Total token count: 2286
Generated sample at index 427
Generated sample at index 572
Total token count: 1402
Generated sample at index 439
Generated sample at index 215
Total token count: 1841
Generated sample at index 319
Generated sample at index 47
Total token count: 2731
Generated sample at index 9
Generated sample at index 391
Total token count: 965
Generated sample at index 666
Generated sample at index 568
Total token count: 1385
Generated sample at index 327
Generated sample at index 129
Total token count: 953
Generated sample at index 100
Generated sample at index 559
Total token count: 1407
Generated sample at index 477
Generated sample at index 613
Total token count: 2288
Generated sample at index 658
Generated sample at index 183
Total token count: 1842
Generated sample at index 145
Generated sample at index 7
Total token count: 1407
Generated sample at index 293
Generated sample at index 52
Total token count: 2285
Generated sample at index 627
Generated sample at index 358
Total token count: 1851
Generated sample at index 637
Generated sample at index 577
Total token count: 1403
Generated sample at index 301
Generated sample at index 98
Total token count: 2283
Generated sample at index 341
Generated sample at index 32
Total token count: 1402
Generated sample at index 284
Generated sample at index 176
Total token count: 1405
Generated sample at index 139
Generated sample at index 310
Total token count: 950
Generated sample at index 366
Generated sample at index 351
Total token count: 1853
Generated sample at index 6
Generated sample at index 328
Total token count: 1404
Generated sample at index 440
Generated sample at index 602
Total token count: 1387
Generated sample at index 616
Generated sample at index 269
Total token count: 1383
Generated sample at index 437
Generated sample at index 515
Total token count: 948
Generated sample at index 722
Generated sample at index 493
Total token count: 947
Generated sample at index 673
Generated sample at index 472
Total token count: 1406
Generated sample at index 620
Generated sample at index 716
Total token count: 1384
Generated sample at index 682
Generated sample at index 469
Total token count: 2285
Generated sample at index 445
Generated sample at index 563
Total token count: 1401
Generated sample at index 717
Generated sample at index 621
Total token count: 2725
Generated sample at index 578
Generated sample at index 78
Total token count: 1397
Generated sample at index 592
Generated sample at index 119
Total token count: 1404
Generated sample at index 528
Generated sample at index 449
Total token count: 1846
Generated sample at index 43
Generated sample at index 318
Total token count: 2288
Generated sample at index 711
Generated sample at index 476
Total token count: 1406
Generated sample at index 190
Generated sample at index 8
Total token count: 1401
Generated sample at index 382
Generated sample at index 692
Total token count: 1407
Generated sample at index 388
Generated sample at index 379
Total token count: 1848
Generated sample at index 553
Generated sample at index 76
Total token count: 1852
Generated sample at index 325
Generated sample at index 455
Total token count: 1842
Generated sample at index 252
Generated sample at index 110
Total token count: 1385
Generated sample at index 726
Generated sample at index 514
Total token count: 1402
Generated sample at index 646
Generated sample at index 444
Total token count: 1834
Generated sample at index 54
Generated sample at index 674
Total token count: 3175
Generated sample at index 280
Generated sample at index 10
Total token count: 2285
Generated sample at index 566
Generated sample at index 355
Total token count: 2283
Generated sample at index 172
Generated sample at index 442
Total token count: 950
Generated sample at index 13
Generated sample at index 151
Total token count: 2284
Generated sample at index 677
Generated sample at index 573
Total token count: 949
Computing metrics on evaluation batch...
{'eval_loss': '7.315', 'eval_token_accuracy': '3.829e-05', 'eval_runtime': '147.6', 'eval_samples_per_second': '1.017', 'eval_steps_per_second': '0.508', 'eval_entropy': '7.486', 'eval_num_tokens': '2.425e+06', 'eval_mean_token_accuracy': '0.058', 'epoch': '2.805'}
Generated sample at index 717

Ground truth description for sample 110:
Good serve in wide, Williams returns a backhand return, long rally, Azarenka sends a forehand down the line outside the court.

Model output:
Victoria serves, Serena returns with a backhand winner.

ROUGE score: {'rouge1': np.float64(0.20689655172413796), 'rouge2': np.float64(0.07407407407407408), 'rougeL': np.float64(0.20689655172413796), 'rougeLsum': np.float64(0.20689655172413796)}
Generated sample at index 366

Ground truth description for sample 90:
Good serve in the middle, Serena returns a backhand return, short rally, Serena thumps a backhand cross-court winner.

Model output:
Williams serves a backhand crosscourt, Zvonareva returns the serve with a slice.

ROUGE score: {'rouge1': np.float64(0.3870967741935484), 'rouge2': np.float64(0.06896551724137931), 'rougeL': np.float64(0.1935483870967742), 'rougeLsum': np.float64(0.1935483870967742)}
Generated sample at index 445

Ground truth description for sample 108:
High kick serve, Tsonga returns a quick backhand return, Djokovic kicks a backhand down the line out of the court.

Model output:
Tsonga serves a wide serve, Djokovic returns a slice backhand winner.

ROUGE score: {'rouge1': np.float64(0.45161290322580644), 'rouge2': np.float64(0.06896551724137931), 'rougeL': np.float64(0.3225806451612903), 'rougeLsum': np.float64(0.3225806451612903)}
Generated sample at index 716

Ground truth description for sample 105:
Sharp angled slice serve, Williams forehand return is long.

Model output:
Williams serves a serve, Azarenka returns the serve with a backhand lob.

ROUGE score: {'rouge1': np.float64(0.1904761904761905), 'rouge2': np.float64(0.0), 'rougeL': np.float64(0.09523809523809525), 'rougeLsum': np.float64(0.09523809523809525)}
Generated sample at index 318

Ground truth description for sample 119:
High kick serve, Federer manages a backhand slice down the line, good rally, Federer backhand cross-court lob lands wide of the court.

Model output:
Del Potro serves, Federer returns the serve with a cross-court backhand.

ROUGE score: {'rouge1': np.float64(0.4), 'rouge2': np.float64(0.060606060606060615), 'rougeL': np.float64(0.22857142857142854), 'rougeLsum': np.float64(0.22857142857142854)}
Generated sample at index 387

Ground truth description for sample 13:
Good serve in the middle, Williams crafts a forehand return, short rally, Serena cross-court forehand fails to land inside the court.

Model output:
Williams serves to Zvonareva. Zvonareva returns the serve. Williams hits a cross court backhand. Zvonareva returns the serve. Williams hits a cross court backhand. Zvonareva returns the serve.

ROUGE score: {'rouge1': np.float64(0.36000000000000004), 'rouge2': np.float64(0.041666666666666664), 'rougeL': np.float64(0.28), 'rougeLsum': np.float64(0.28)}
Generated sample at index 438

Ground truth description for sample 25:
Good serve in the middle, Williams returns a quick backhand return, good rally, Zvonareva forehand doesn't make it over the net.

Model output:
Zvonareva serves a wide forehand crosscourt. Williams returns the serve with a crosscourt backhand. Zvonareva returns the serve with a backhand. Williams returns the serve with a crosscourt backhand.

ROUGE score: {'rouge1': np.float64(0.35294117647058826), 'rouge2': np.float64(0.04081632653061224), 'rougeL': np.float64(0.23529411764705882), 'rougeLsum': np.float64(0.23529411764705882)}
Generated sample at index 582

Ground truth description for sample 15:
Quick serve is an ace.

Model output:
Williams serves a forehand cross-court winner, Sharapova returns the serve with a forehand backhand return.

ROUGE score: {'rouge1': np.float64(0.09523809523809523), 'rouge2': np.float64(0.0), 'rougeL': np.float64(0.09523809523809523), 'rougeLsum': np.float64(0.09523809523809523)}
Generated sample at index 472

Ground truth description for sample 103:
Tsonga serves a good one, Djokovic returns a quick forehand return, Tsonga struggles to keep a cross-court backhand in a rally.

Model output:
Tsonga serves the ball, Djokovic returns the point. Tsonga hits a backhand, Djokovic returns the point. Tsonga returns the point, Djokovic returns the point. Tsonga returns the point, Djokovic returns the point. Tsonga returns the point, Djokovic returns the point. Tsonga returns the point, Djokovic returns the point. Tsonga returns the point, Djokovic returns the point. Tsonga returns the point, Djokovic returns the point. Tsonga returns the point, Djokovic returns the point. Tsonga returns the point, Djokovic returns the point. Tsonga returns the point, Djokovic returns the point. Tsonga returns the point, Djokovic returns the point. Tsonga returns the point, Djokovic returns the point. Tsonga returns the point, Djokovic returns the point. Tsonga returns the point, Djokovic returns the point. Tsonga returns the point, Djokovic returns the point. Tsonga returns the point, Djokovic returns the point. Tsonga returns the point, Djokovic returns the point. Tsonga returns the point, Djokovic returns the point. Tsonga returns the point, Dj

ROUGE score: {'rouge1': np.float64(0.0782122905027933), 'rouge2': np.float64(0.02259887005649717), 'rougeL': np.float64(0.0782122905027933), 'rougeLsum': np.float64(0.0782122905027933)}
Generated sample at index 284

Ground truth description for sample 86:
Good serve in the middle, Delpotro returns a backhand return, Federer hits a backhand drop-shot winner.

Model output:
Federer serves a backhand cross court. Del Potro returns the serve with a forehand backhand. Federer hits a forehand winner.

ROUGE score: {'rouge1': np.float64(0.5405405405405405), 'rouge2': np.float64(0.17142857142857143), 'rougeL': np.float64(0.37837837837837834), 'rougeLsum': np.float64(0.37837837837837834)}
Average ROUGE score: {'rouge1': np.float64(0.30630145223717004), 'rouge2': np.float64(0.05491216038452409), 'rougeL': np.float64(0.2113957989558052), 'rougeLsum': np.float64(0.2113957989558052)}
Generated sample at index 95
Total token count: 950
Generated sample at index 522
Total token count: 1849
Generated sample at index 628
Total token count: 1843
Generated sample at index 694
Total token count: 946
Generated sample at index 288
Total token count: 1405
Generated sample at index 657
Total token count: 2721
Generated sample at index 204
Total token count: 1398
Generated sample at index 411
Total token count: 1401
Emptied CUDA cache
{'loss': '7.315', 'grad_norm': '0.1924', 'learning_rate': '1.937e-06', 'entropy': '7.488', 'num_tokens': '2.437e+06', 'mean_token_accuracy': '0.05845', 'epoch': '2.819'}
Generated sample at index 185
Total token count: 2729
Generated sample at index 649
Total token count: 2724
Generated sample at index 336
Total token count: 1851
Generated sample at index 265
Total token count: 938
Generated sample at index 309
Total token count: 1409
Generated sample at index 594
Total token count: 1395
Generated sample at index 400
Total token count: 1406
Generated sample at index 193
Total token count: 1845
Emptied CUDA cache
{'loss': '7.345', 'grad_norm': '0.236', 'learning_rate': '1.749e-06', 'entropy': '7.522', 'num_tokens': '2.451e+06', 'mean_token_accuracy': '0.0551', 'epoch': '2.832'}
Generated sample at index 109
Total token count: 948
Generated sample at index 305
Total token count: 1404
Generated sample at index 697
Total token count: 1836
Generated sample at index 19
Total token count: 4059
Generated sample at index 39
Total token count: 938
Generated sample at index 524
Total token count: 1854
Generated sample at index 729
Total token count: 1841
Generated sample at index 233
Total token count: 1405
Emptied CUDA cache
{'loss': '7.354', 'grad_norm': '0.2266', 'learning_rate': '1.571e-06', 'entropy': '7.525', 'num_tokens': '2.466e+06', 'mean_token_accuracy': '0.0524', 'epoch': '2.846'}
Generated sample at index 430
Total token count: 1837
Generated sample at index 267
Total token count: 1846
Generated sample at index 307
Total token count: 3165
Generated sample at index 601
Total token count: 1395
Generated sample at index 199
Total token count: 2286
Generated sample at index 600
Total token count: 936
Generated sample at index 397
Total token count: 1383
Generated sample at index 138
Total token count: 1401
Emptied CUDA cache
{'loss': '7.377', 'grad_norm': '0.2086', 'learning_rate': '1.402e-06', 'entropy': '7.551', 'num_tokens': '2.48e+06', 'mean_token_accuracy': '0.05027', 'epoch': '2.859'}
Generated sample at index 217
Total token count: 950
Generated sample at index 370
Total token count: 1398
Generated sample at index 316
Total token count: 1846
Generated sample at index 81
Total token count: 2291
Generated sample at index 71
Total token count: 942
Generated sample at index 211
Total token count: 1414
Generated sample at index 212
Total token count: 1404
Generated sample at index 278
Total token count: 1400
Emptied CUDA cache
{'loss': '7.304', 'grad_norm': '0.2006', 'learning_rate': '1.243e-06', 'entropy': '7.475', 'num_tokens': '2.492e+06', 'mean_token_accuracy': '0.05954', 'epoch': '2.872'}
Generated sample at index 611
Total token count: 941
Generated sample at index 20
Total token count: 949
Generated sample at index 579
Total token count: 1399
Generated sample at index 166
Total token count: 1405
Generated sample at index 125
Total token count: 944
Generated sample at index 266
Total token count: 937
Generated sample at index 254
Total token count: 945
Generated sample at index 50
Total token count: 955
Emptied CUDA cache
{'loss': '7.268', 'grad_norm': '0.1969', 'learning_rate': '1.093e-06', 'entropy': '7.433', 'num_tokens': '2.501e+06', 'mean_token_accuracy': '0.06492', 'epoch': '2.886'}
Generated sample at index 160
Total token count: 1402
Generated sample at index 545
Total token count: 1402
Generated sample at index 259
Total token count: 2727
Generated sample at index 113
Total token count: 1385
Generated sample at index 329
Total token count: 949
Generated sample at index 475
Total token count: 1409
Generated sample at index 58
Total token count: 1839
Generated sample at index 93
Total token count: 956
Emptied CUDA cache
{'loss': '7.31', 'grad_norm': '0.1625', 'learning_rate': '9.522e-07', 'entropy': '7.48', 'num_tokens': '2.513e+06', 'mean_token_accuracy': '0.05955', 'epoch': '2.899'}
Generated sample at index 297
Total token count: 1399
Generated sample at index 250
Total token count: 1408
Generated sample at index 282
Total token count: 954
Generated sample at index 502
Total token count: 1409
Generated sample at index 510
Total token count: 1409
Generated sample at index 506
Total token count: 945
Generated sample at index 273
Total token count: 2726
Generated sample at index 496
Total token count: 961
Emptied CUDA cache
{'loss': '7.268', 'grad_norm': '0.1772', 'learning_rate': '8.214e-07', 'entropy': '7.438', 'num_tokens': '2.524e+06', 'mean_token_accuracy': '0.06401', 'epoch': '2.913'}
Generated sample at index 261
Total token count: 2290
Generated sample at index 488
Total token count: 1412
Generated sample at index 699
Total token count: 1385
Generated sample at index 147
Total token count: 953
Generated sample at index 67
Total token count: 1404
Generated sample at index 470
Total token count: 949
Generated sample at index 206
Total token count: 1401
Generated sample at index 408
Total token count: 1849
Emptied CUDA cache
{'loss': '7.273', 'grad_norm': '0.1999', 'learning_rate': '7.002e-07', 'entropy': '7.44', 'num_tokens': '2.535e+06', 'mean_token_accuracy': '0.06343', 'epoch': '2.926'}
Generated sample at index 1
Total token count: 4489
Generated sample at index 323
Total token count: 954
Generated sample at index 505
Total token count: 951
Generated sample at index 21
Total token count: 955
Generated sample at index 526
Total token count: 1398
Generated sample at index 560
Total token count: 962
Generated sample at index 461
Total token count: 1409
Generated sample at index 503
Total token count: 1395
Emptied CUDA cache
{'loss': '7.266', 'grad_norm': '0.1808', 'learning_rate': '5.886e-07', 'entropy': '7.435', 'num_tokens': '2.548e+06', 'mean_token_accuracy': '0.06328', 'epoch': '2.94'}
Generated sample at index 298
Generated sample at index 84
Total token count: 1849
Generated sample at index 169
Generated sample at index 567
Total token count: 1403
Generated sample at index 149
Generated sample at index 672
Total token count: 2728
Generated sample at index 468
Generated sample at index 344
Total token count: 1404
Generated sample at index 376
Generated sample at index 556
Total token count: 1405
Generated sample at index 295
Generated sample at index 94
Total token count: 956
Generated sample at index 385
Generated sample at index 387
Total token count: 1842
Generated sample at index 231
Generated sample at index 582
Total token count: 1842
Generated sample at index 286
Generated sample at index 234
Total token count: 1398
Generated sample at index 589
Generated sample at index 48
Total token count: 1404
Generated sample at index 584
Generated sample at index 194
Total token count: 953
Generated sample at index 202
Generated sample at index 220
Total token count: 1402
Generated sample at index 257
Generated sample at index 438
Total token count: 2727
Generated sample at index 398
Generated sample at index 130
Total token count: 1401
Generated sample at index 296
Generated sample at index 66
Total token count: 950
Generated sample at index 173
Generated sample at index 287
Total token count: 2728
Generated sample at index 645
Generated sample at index 28
Total token count: 1403
Generated sample at index 210
Generated sample at index 685
Total token count: 1840
Generated sample at index 5
Generated sample at index 547
Total token count: 1845
Generated sample at index 625
Generated sample at index 532
Total token count: 1403
Generated sample at index 101
Generated sample at index 710
Total token count: 1833
Generated sample at index 686
Generated sample at index 581
Total token count: 1852
Generated sample at index 99
Generated sample at index 253
Total token count: 2289
Generated sample at index 337
Generated sample at index 44
Total token count: 2302
Generated sample at index 123
Generated sample at index 479
Total token count: 1858
Generated sample at index 630
Generated sample at index 537
Total token count: 1844
Generated sample at index 203
Generated sample at index 739
Total token count: 948
Generated sample at index 279
Generated sample at index 663
Total token count: 2286
Generated sample at index 427
Generated sample at index 572
Total token count: 1402
Generated sample at index 439
Generated sample at index 215
Total token count: 1841
Generated sample at index 319
Generated sample at index 47
Total token count: 2731
Generated sample at index 9
Generated sample at index 391
Total token count: 965
Generated sample at index 666
Generated sample at index 568
Total token count: 1385
Generated sample at index 327
Generated sample at index 129
Total token count: 953
Generated sample at index 100
Generated sample at index 559
Total token count: 1407
Generated sample at index 477
Generated sample at index 613
Total token count: 2288
Generated sample at index 658
Generated sample at index 183
Total token count: 1842
Generated sample at index 145
Generated sample at index 7
Total token count: 1407
Generated sample at index 293
Generated sample at index 52
Total token count: 2285
Generated sample at index 627
Generated sample at index 358
Total token count: 1851
Generated sample at index 637
Generated sample at index 577
Total token count: 1403
Generated sample at index 301
Generated sample at index 98
Total token count: 2283
Generated sample at index 341
Generated sample at index 32
Total token count: 1402
Generated sample at index 284
Generated sample at index 176
Total token count: 1405
Generated sample at index 139
Generated sample at index 310
Total token count: 950
Generated sample at index 366
Generated sample at index 351
Total token count: 1853
Generated sample at index 6
Generated sample at index 328
Total token count: 1404
Generated sample at index 440
Generated sample at index 602
Total token count: 1387
Generated sample at index 616
Generated sample at index 269
Total token count: 1383
Generated sample at index 437
Generated sample at index 515
Total token count: 948
Generated sample at index 722
Generated sample at index 493
Total token count: 947
Generated sample at index 673
Generated sample at index 472
Total token count: 1406
Generated sample at index 620
Generated sample at index 716
Total token count: 1384
Generated sample at index 682
Generated sample at index 469
Total token count: 2285
Generated sample at index 445
Generated sample at index 563
Total token count: 1401
Generated sample at index 717
Generated sample at index 621
Total token count: 2725
Generated sample at index 578
Generated sample at index 78
Total token count: 1397
Generated sample at index 592
Generated sample at index 119
Total token count: 1404
Generated sample at index 528
Generated sample at index 449
Total token count: 1846
Generated sample at index 43
Generated sample at index 318
Total token count: 2288
Generated sample at index 711
Generated sample at index 476
Total token count: 1406
Generated sample at index 190
Generated sample at index 8
Total token count: 1401
Generated sample at index 382
Generated sample at index 692
Total token count: 1407
Generated sample at index 388
Generated sample at index 379
Total token count: 1848
Generated sample at index 553
Generated sample at index 76
Total token count: 1852
Generated sample at index 325
Generated sample at index 455
Total token count: 1842
Generated sample at index 252
Generated sample at index 110
Total token count: 1385
Generated sample at index 726
Generated sample at index 514
Total token count: 1402
Generated sample at index 646
Generated sample at index 444
Total token count: 1834
Generated sample at index 54
Generated sample at index 674
Total token count: 3175
Generated sample at index 280
Generated sample at index 10
Total token count: 2285
Generated sample at index 566
Generated sample at index 355
Total token count: 2283
Generated sample at index 172
Generated sample at index 442
Total token count: 950
Generated sample at index 13
Generated sample at index 151
Total token count: 2284
Generated sample at index 677
Generated sample at index 573
Total token count: 949
Computing metrics on evaluation batch...
{'eval_loss': '7.315', 'eval_token_accuracy': '3.829e-05', 'eval_runtime': '147.4', 'eval_samples_per_second': '1.017', 'eval_steps_per_second': '0.509', 'eval_entropy': '7.486', 'eval_num_tokens': '2.548e+06', 'eval_mean_token_accuracy': '0.05799', 'epoch': '2.94'}
Generated sample at index 130

Ground truth description for sample 27:
Good serve down T, Federer backhand return lands long of the court.

Model output:
Federer serves a backhand return, Del Potro returns a serve with a backhand.

ROUGE score: {'rouge1': np.float64(0.32), 'rouge2': np.float64(0.08695652173913043), 'rougeL': np.float64(0.24000000000000002), 'rougeLsum': np.float64(0.24000000000000002)}
Generated sample at index 391

Ground truth description for sample 63:
Zvonareva serves a good one, Williams crafts a backhand return, Zvonareva forehand fails to clear the net in the middle.

Model output:
Williams serve, Zvonareva return, Williams topspin backhand serve, Zvonareva returns, Williams returns, Zvonareva returns, Williams returns, Zvonareva returns, Williams returns, Zvonareva returns, Williams returns, Zvonareva returns, Williams returns, Zvonareva returns, Williams returns, Zvonareva returns, Williams returns, Zvonareva returns, Williams returns, Zvonareva returns, Williams returns, Zvonareva returns, Williams returns, Zvonareva returns, Williams returns, Zvonareva returns, Williams returns, Zvonareva returns, Williams returns, Zvonareva returns, Williams returns, Zvonareva returns, Williams returns, Zvonareva returns, Williams returns, Zvonareva returns, Williams returns, Zvonareva returns, Williams returns, Zvonareva returns, Williams returns, Zvonareva returns, Williams returns, Zvonareva returns, Williams returns, Zvonareva returns, Williams returns, Zvonareva returns, Williams returns, Zvonareva returns, Williams returns, Zvonareva returns, Williams returns, Zvonareva returns, Williams returns, Zvonareva returns,

ROUGE score: {'rouge1': np.float64(0.07462686567164178), 'rouge2': np.float64(0.0), 'rougeL': np.float64(0.05970149253731343), 'rougeLsum': np.float64(0.05970149253731343)}
Generated sample at index 479

Ground truth description for sample 49:
Tsonga serves a acute angled slice serve, Djokovic crafts a forehand return, couple of shots exchanged, Djokovic hits a forehand down the line but fails to clear the net.

Model output:
Tsonga serves the ball. Djokovic returns the serve with a backhand cross-court.

ROUGE score: {'rouge1': np.float64(0.3333333333333333), 'rouge2': np.float64(0.05), 'rougeL': np.float64(0.1904761904761905), 'rougeLsum': np.float64(0.1904761904761905)}
Generated sample at index 123

Ground truth description for sample 48:
Good serve in the middle, Delpotro returns a backhand return, short rally, Federer pulls a forehand cross-court into the net.

Model output:
Del Potro serves, Federer returns a backhand return. Del Potro returns a forehand return.

ROUGE score: {'rouge1': np.float64(0.4), 'rouge2': np.float64(0.24242424242424246), 'rougeL': np.float64(0.34285714285714286), 'rougeLsum': np.float64(0.34285714285714286)}
Generated sample at index 444

Ground truth description for sample 137:
Gigantic serve out wide is an ace.

Model output:
Tsonga serves a wide serve, Djokovic returns the point with a forehand winner.

ROUGE score: {'rouge1': np.float64(0.2), 'rouge2': np.float64(0.0), 'rougeL': np.float64(0.1), 'rougeLsum': np.float64(0.1)}
Generated sample at index 592

Ground truth description for sample 114:
Good serve in the middle, Williams returns a quick forehand return, short rally, Serena cross-court fails to clear the net in the middle.

Model output:
Serena Williams serves the ball, Maria Sharapova returns the serve, the ball is in the net.

ROUGE score: {'rouge1': np.float64(0.45), 'rouge2': np.float64(0.10526315789473685), 'rougeL': np.float64(0.25), 'rougeLsum': np.float64(0.25)}
Generated sample at index 685

Ground truth description for sample 35:
Gigantic serve in the corner is an ace.

Model output:
Azarenka serves a cross court backhand winner.

ROUGE score: {'rouge1': np.float64(0.0), 'rouge2': np.float64(0.0), 'rougeL': np.float64(0.0), 'rougeLsum': np.float64(0.0)}
Generated sample at index 445

Ground truth description for sample 108:
High kick serve, Tsonga returns a quick backhand return, Djokovic kicks a backhand down the line out of the court.

Model output:
Tsonga serves the ball, Djokovic returns the serve with a backhand winner.

ROUGE score: {'rouge1': np.float64(0.5), 'rouge2': np.float64(0.06666666666666667), 'rougeL': np.float64(0.25), 'rougeLsum': np.float64(0.25)}
Generated sample at index 337

Ground truth description for sample 46:
Good serve aimed in the middle, Federer backhand return, good rally, Federer backhand down the line lands wide.

Model output:
Del Potro hits a backhand cross-court, Federer returns a cross-court backhand.

ROUGE score: {'rouge1': np.float64(0.1935483870967742), 'rouge2': np.float64(0.0), 'rougeL': np.float64(0.1935483870967742), 'rougeLsum': np.float64(0.1935483870967742)}
Generated sample at index 613

Ground truth description for sample 71:
Fine serve placed at T, Sharapova returns a quick backhand return, couple of shots exchanged, Serena cross-court fails to clear the net in the middle.

Model output:
Williams serves the ball, Sharapova returns the serve with a forehand backhand. Williams returns the ball with a backhand cross-court.

ROUGE score: {'rouge1': np.float64(0.3829787234042554), 'rouge2': np.float64(0.08888888888888889), 'rougeL': np.float64(0.25531914893617025), 'rougeLsum': np.float64(0.25531914893617025)}
Average ROUGE score: {'rouge1': np.float64(0.28544873095060047), 'rouge2': np.float64(0.06401994776136653), 'rougeL': np.float64(0.18819023619035913), 'rougeLsum': np.float64(0.18819023619035913)}
Generated sample at index 77
Total token count: 1391
Generated sample at index 174
Total token count: 1851
Generated sample at index 483
Total token count: 954
Generated sample at index 701
Total token count: 2283
Generated sample at index 55
Total token count: 2287
Generated sample at index 117
Total token count: 1401
Generated sample at index 136
Total token count: 1390
Generated sample at index 441
Total token count: 1397
Emptied CUDA cache
{'loss': '7.339', 'grad_norm': '0.2012', 'learning_rate': '4.866e-07', 'entropy': '7.509', 'num_tokens': '2.561e+06', 'mean_token_accuracy': '0.05489', 'epoch': '2.953'}
Generated sample at index 574
Total token count: 945
Generated sample at index 412
Total token count: 937
Generated sample at index 112
Total token count: 945
Generated sample at index 467
Total token count: 1858
Generated sample at index 538
Total token count: 1849
Generated sample at index 659
Total token count: 936
Generated sample at index 407
Total token count: 1395
Generated sample at index 64
Total token count: 1405
Emptied CUDA cache
{'loss': '7.301', 'grad_norm': '0.1735', 'learning_rate': '3.943e-07', 'entropy': '7.468', 'num_tokens': '2.571e+06', 'mean_token_accuracy': '0.06029', 'epoch': '2.966'}
Generated sample at index 668
Total token count: 1400
Generated sample at index 702
Total token count: 945
Generated sample at index 249
Total token count: 2730
Generated sample at index 36
Total token count: 2731
Generated sample at index 696
Total token count: 1845
Generated sample at index 97
Total token count: 1385
Generated sample at index 495
Total token count: 1847
Generated sample at index 205
Total token count: 950
Emptied CUDA cache
{'loss': '7.36', 'grad_norm': '0.1762', 'learning_rate': '3.116e-07', 'entropy': '7.534', 'num_tokens': '2.585e+06', 'mean_token_accuracy': '0.0515', 'epoch': '2.98'}
Generated sample at index 554
Total token count: 1415
Generated sample at index 417
Total token count: 1394
Generated sample at index 83
Total token count: 944
Generated sample at index 27
Total token count: 1846
Generated sample at index 221
Total token count: 1405
Generated sample at index 353
Total token count: 1411
Generated sample at index 326
Total token count: 948
Generated sample at index 608
Total token count: 932
Emptied CUDA cache
{'loss': '7.263', 'grad_norm': '0.1648', 'learning_rate': '2.386e-07', 'entropy': '7.432', 'num_tokens': '2.596e+06', 'mean_token_accuracy': '0.06441', 'epoch': '2.993'}
Generated sample at index 395
Total token count: 941
Generated sample at index 425
Total token count: 1376
Generated sample at index 707
Total token count: 1386
Emptied CUDA cache
{'loss': '7.335', 'grad_norm': '0.243', 'learning_rate': '1.754e-07', 'entropy': '7.508', 'num_tokens': '2.6e+06', 'mean_token_accuracy': '0.05614', 'epoch': '3'}
Generated sample at index 298
Generated sample at index 84
Total token count: 1849
Generated sample at index 169
Generated sample at index 567
Total token count: 1403
Generated sample at index 149
Generated sample at index 672
Total token count: 2728
Generated sample at index 468
Generated sample at index 344
Total token count: 1404
Generated sample at index 376
Generated sample at index 556
Total token count: 1405
Generated sample at index 295
Generated sample at index 94
Total token count: 956
Generated sample at index 385
Generated sample at index 387
Total token count: 1842
Generated sample at index 231
Generated sample at index 582
Total token count: 1842
Generated sample at index 286
Generated sample at index 234
Total token count: 1398
Generated sample at index 589
Generated sample at index 48
Total token count: 1404
Generated sample at index 584
Generated sample at index 194
Total token count: 953
Generated sample at index 202
Generated sample at index 220
Total token count: 1402
Generated sample at index 257
Generated sample at index 438
Total token count: 2727
Generated sample at index 398
Generated sample at index 130
Total token count: 1401
Generated sample at index 296
Generated sample at index 66
Total token count: 950
Generated sample at index 173
Generated sample at index 287
Total token count: 2728
Generated sample at index 645
Generated sample at index 28
Total token count: 1403
Generated sample at index 210
Generated sample at index 685
Total token count: 1840
Generated sample at index 5
Generated sample at index 547
Total token count: 1845
Generated sample at index 625
Generated sample at index 532
Total token count: 1403
Generated sample at index 101
Generated sample at index 710
Total token count: 1833
Generated sample at index 686
Generated sample at index 581
Total token count: 1852
Generated sample at index 99
Generated sample at index 253
Total token count: 2289
Generated sample at index 337
Generated sample at index 44
Total token count: 2302
Generated sample at index 123
Generated sample at index 479
Total token count: 1858
Generated sample at index 630
Generated sample at index 537
Total token count: 1844
Generated sample at index 203
Generated sample at index 739
Total token count: 948
Generated sample at index 279
Generated sample at index 663
Total token count: 2286
Generated sample at index 427
Generated sample at index 572
Total token count: 1402
Generated sample at index 439
Generated sample at index 215
Total token count: 1841
Generated sample at index 319
Generated sample at index 47
Total token count: 2731
Generated sample at index 9
Generated sample at index 391
Total token count: 965
Generated sample at index 666
Generated sample at index 568
Total token count: 1385
Generated sample at index 327
Generated sample at index 129
Total token count: 953
Generated sample at index 100
Generated sample at index 559
Total token count: 1407
Generated sample at index 477
Generated sample at index 613
Total token count: 2288
Generated sample at index 658
Generated sample at index 183
Total token count: 1842
Generated sample at index 145
Generated sample at index 7
Total token count: 1407
Generated sample at index 293
Generated sample at index 52
Total token count: 2285
Generated sample at index 627
Generated sample at index 358
Total token count: 1851
Generated sample at index 637
Generated sample at index 577
Total token count: 1403
Generated sample at index 301
Generated sample at index 98
Total token count: 2283
Generated sample at index 341
Generated sample at index 32
Total token count: 1402
Generated sample at index 284
Generated sample at index 176
Total token count: 1405
Generated sample at index 139
Generated sample at index 310
Total token count: 950
Generated sample at index 366
Generated sample at index 351
Total token count: 1853
Generated sample at index 6
Generated sample at index 328
Total token count: 1404
Generated sample at index 440
Generated sample at index 602
Total token count: 1387
Generated sample at index 616
Generated sample at index 269
Total token count: 1383
Generated sample at index 437
Generated sample at index 515
Total token count: 948
Generated sample at index 722
Generated sample at index 493
Total token count: 947
Generated sample at index 673
Generated sample at index 472
Total token count: 1406
Generated sample at index 620
Generated sample at index 716
Total token count: 1384
Generated sample at index 682
Generated sample at index 469
Total token count: 2285
Generated sample at index 445
Generated sample at index 563
Total token count: 1401
Generated sample at index 717
Generated sample at index 621
Total token count: 2725
Generated sample at index 578
Generated sample at index 78
Total token count: 1397
Generated sample at index 592
Generated sample at index 119
Total token count: 1404
Generated sample at index 528
Generated sample at index 449
Total token count: 1846
Generated sample at index 43
Generated sample at index 318
Total token count: 2288
Generated sample at index 711
Generated sample at index 476
Total token count: 1406
Generated sample at index 190
Generated sample at index 8
Total token count: 1401
Generated sample at index 382
Generated sample at index 692
Total token count: 1407
Generated sample at index 388
Generated sample at index 379
Total token count: 1848
Generated sample at index 553
Generated sample at index 76
Total token count: 1852
Generated sample at index 325
Generated sample at index 455
Total token count: 1842
Generated sample at index 252
Generated sample at index 110
Total token count: 1385
Generated sample at index 726
Generated sample at index 514
Total token count: 1402
Generated sample at index 646
Generated sample at index 444
Total token count: 1834
Generated sample at index 54
Generated sample at index 674
Total token count: 3175
Generated sample at index 280
Generated sample at index 10
Total token count: 2285
Generated sample at index 566
Generated sample at index 355
Total token count: 2283
Generated sample at index 172
Generated sample at index 442
Total token count: 950
Generated sample at index 13
Generated sample at index 151
Total token count: 2284
Generated sample at index 677
Generated sample at index 573
Total token count: 949
Computing metrics on evaluation batch...
{'eval_loss': '7.315', 'eval_token_accuracy': '3.829e-05', 'eval_runtime': '147.4', 'eval_samples_per_second': '1.018', 'eval_steps_per_second': '0.509', 'eval_entropy': '7.485', 'eval_num_tokens': '2.6e+06', 'eval_mean_token_accuracy': '0.05799', 'epoch': '3'}
Generated sample at index 43

Ground truth description for sample 118:
Heavy serve aimed out wide, Delpotro delivers a forehand return, Federer cross-court backhand is not able to clear the net.

Model output:
Federer serves a wide forehand, Del Potro returns the serve with a forehand.

ROUGE score: {'rouge1': np.float64(0.35294117647058826), 'rouge2': np.float64(0.0625), 'rougeL': np.float64(0.17647058823529413), 'rougeLsum': np.float64(0.17647058823529413)}
Generated sample at index 391

Ground truth description for sample 63:
Zvonareva serves a good one, Williams crafts a backhand return, Zvonareva forehand fails to clear the net in the middle.

Model output:
Williams serves a wide serve, Zvonareva returns the point with a backhand return, but the ball goes out.

ROUGE score: {'rouge1': np.float64(0.4736842105263158), 'rouge2': np.float64(0.16666666666666669), 'rougeL': np.float64(0.3157894736842105), 'rougeLsum': np.float64(0.3157894736842105)}
Generated sample at index 48

Ground truth description for sample 19:
Quick serve, Federer crafts a backhand return, Delpotro digs in a backhand winner down the line.

Model output:
Federer serves, Del Potro returns, Federer returns a forehand, Del Potro returns a forehand, Federer returns a forehand, Del Potro returns a forehand, Federer returns a forehand, Del Potro returns a forehand, Federer returns a forehand, Del Potro returns a forehand, Federer returns a forehand, Del Potro returns a forehand, Federer returns a forehand, Del Potro returns a forehand, Federer returns a forehand, Del Potro returns a forehand, Federer returns a forehand, Del Potro returns a forehand, Federer returns a forehand, Del Potro returns a forehand, Federer returns a forehand, Del Potro returns a forehand, Federer returns a forehand, Del Potro returns a forehand, Federer returns a forehand, Del Potro returns a forehand, Federer returns a forehand, Del Potro returns a forehand, Federer returns a forehand, Del Potro returns a forehand, Federer returns a forehand, Del Potro returns a forehand, Federer returns a forehand, Del Potro returns a forehand, Federer returns a forehand

ROUGE score: {'rouge1': np.float64(0.03550295857988166), 'rouge2': np.float64(0.0), 'rougeL': np.float64(0.03550295857988166), 'rougeLsum': np.float64(0.03550295857988166)}
Generated sample at index 78

Ground truth description for sample 113:
Great serve down the T is an ace.

Model output:
Federer serves a wide forehand return to the net, Del Potro fails to return the ball and the point ends in a fault.

ROUGE score: {'rouge1': np.float64(0.06451612903225806), 'rouge2': np.float64(0.0), 'rougeL': np.float64(0.06451612903225806), 'rougeLsum': np.float64(0.06451612903225806)}
Generated sample at index 280

Ground truth description for sample 140:
Delpotro hits a flat serve at T, Federer hits a backhand return, brief rally, Federer forehand down the line goes into the net.

Model output:
Federer serves a backhand cross-court, Del Potro returns the serve with a forehand winner.

ROUGE score: {'rouge1': np.float64(0.3684210526315789), 'rouge2': np.float64(0.05555555555555555), 'rougeL': np.float64(0.2105263157894737), 'rougeLsum': np.float64(0.2105263157894737)}
Generated sample at index 438

Ground truth description for sample 25:
Good serve in the middle, Williams returns a quick backhand return, good rally, Zvonareva forehand doesn't make it over the net.

Model output:
Williams serves a wide ball, Zvonareva returns the serve with a backhand cross-court winner.

ROUGE score: {'rouge1': np.float64(0.3783783783783784), 'rouge2': np.float64(0.0), 'rougeL': np.float64(0.21621621621621623), 'rougeLsum': np.float64(0.21621621621621623)}
Generated sample at index 385

Ground truth description for sample 12:
Williams serves a good one, Zvonareva backhand return fails to make it over the net.

Model output:
Williams serves a backhand cross-court. Zvonareva returns the serve with a backhand cross-court. Williams tops the serve with a forehand winner.

ROUGE score: {'rouge1': np.float64(0.31578947368421056), 'rouge2': np.float64(0.1111111111111111), 'rougeL': np.float64(0.31578947368421056), 'rougeLsum': np.float64(0.31578947368421056)}
Generated sample at index 54

Ground truth description for sample 138:
Good serve in the middle, Delpotro crafts a backhand return, short rally, Delpotro produces a forehand cross-court winner.

Model output:
Federer hits a serve, Del Potro returns the serve with a backhand.

ROUGE score: {'rouge1': np.float64(0.3225806451612903), 'rouge2': np.float64(0.06896551724137931), 'rougeL': np.float64(0.2580645161290323), 'rougeLsum': np.float64(0.2580645161290323)}
Generated sample at index 567

Ground truth description for sample 3:
Quick serve, Tsonga returns a quick forehand return, couple of shots exchanged, Tsonga forehand goes outside the court.

Model output:
Tsonga serves the ball, Djokovic returns it with a forehand winner.

ROUGE score: {'rouge1': np.float64(0.3448275862068966), 'rouge2': np.float64(0.0), 'rougeL': np.float64(0.27586206896551724), 'rougeLsum': np.float64(0.27586206896551724)}
Generated sample at index 220

Ground truth description for sample 23:
Federer serves an ace wide.

Model output:
Federer serves, Del Potro returns the point, Federer hits a backhand cross-court.

ROUGE score: {'rouge1': np.float64(0.2222222222222222), 'rouge2': np.float64(0.125), 'rougeL': np.float64(0.2222222222222222), 'rougeLsum': np.float64(0.2222222222222222)}
Average ROUGE score: {'rouge1': np.float64(0.28788638328936206), 'rouge2': np.float64(0.058979885057471274), 'rougeL': np.float64(0.20909599625383168), 'rougeLsum': np.float64(0.20909599625383168)}
{'train_runtime': '8662', 'train_samples_per_second': '0.206', 'train_steps_per_second': '0.026', 'train_loss': '9.271', 'epoch': '3'}
Job finished at: Wed Apr 29 03:19:14 PM EDT 2026
