Tue Apr 28 11:24:36 2026       
+-----------------------------------------------------------------------------------------+
| NVIDIA-SMI 570.169                Driver Version: 570.169        CUDA Version: 12.8     |
|-----------------------------------------+------------------------+----------------------+
| GPU  Name                 Persistence-M | Bus-Id          Disp.A | Volatile Uncorr. ECC |
| Fan  Temp   Perf          Pwr:Usage/Cap |           Memory-Usage | GPU-Util  Compute M. |
|                                         |                        |               MIG M. |
|=========================================+========================+======================|
|   0  NVIDIA TITAN RTX               On  |   00000000:1B:00.0 Off |                  N/A |
| 40%   30C    P8              9W /  280W |       1MiB /  24576MiB |      0%      Default |
|                                         |                        |                  N/A |
+-----------------------------------------+------------------------+----------------------+
                                                                                         
+-----------------------------------------------------------------------------------------+
| Processes:                                                                              |
|  GPU   GI   CI              PID   Type   Process name                        GPU Memory |
|        ID   ID                                                               Usage      |
|=========================================================================================|
|  No running processes found                                                             |
+-----------------------------------------------------------------------------------------+
Job ID: 19769
Running on node: gal-gpu1.charlotte.edu
Starting time: Tue Apr 28 11:24:36 AM EDT 2026
Working directory: /users/amorga94/final_project
no change     /users/amorga94/miniconda3/condabin/conda
no change     /users/amorga94/miniconda3/bin/conda
no change     /users/amorga94/miniconda3/bin/conda-env
no change     /users/amorga94/miniconda3/bin/activate
no change     /users/amorga94/miniconda3/bin/deactivate
no change     /users/amorga94/miniconda3/etc/profile.d/conda.sh
no change     /users/amorga94/miniconda3/etc/fish/conf.d/conda.fish
no change     /users/amorga94/miniconda3/shell/condabin/Conda.psm1
no change     /users/amorga94/miniconda3/shell/condabin/conda-hook.ps1
no change     /users/amorga94/miniconda3/lib/python3.13/site-packages/xontrib/conda.xsh
no change     /users/amorga94/miniconda3/etc/profile.d/conda.csh
no change     /users/amorga94/.bashrc
No action taken.
Total dataset size: 746
Training dataset size: 738
Evaluation dataset size: 8
Settings: FPS: 0.5, train vision model: False, train only LM head: False
Generated sample at index 527
Number of frames in the debug video: 4
Using device: cuda
Number of trainable params: 2127532032
Number of trainable params in LoRA adapted model: 1605632
Generated sample at index 182
Generated sample at index 150
Generated sample at index 631
Total token count: 3176
Generated sample at index 332
Generated sample at index 232
Total token count: 1845
Generated sample at index 178
Generated sample at index 634
Total token count: 959
Generated sample at index 164
Generated sample at index 561
Total token count: 2288
Computing metrics on evaluation batch...
{'eval_loss': '23.44', 'eval_token_accuracy': '0', 'eval_runtime': '10.65', 'eval_samples_per_second': '0.751', 'eval_steps_per_second': '0.376', 'eval_entropy': '1.302', 'eval_num_tokens': '0', 'eval_mean_token_accuracy': '0.02991', 'epoch': 0}
Generated sample at index 631

Ground truth description for sample 1:
Good serve aimed at T, Sharapova only reaches to it, hitting the return long.

Model output:
In the tennis clip, Serena Williams and Maria Sharapova are competing in a match that is tied at 15-15. The scene captures a moment where Serena Williams is preparing to serve. She is positioned on the left side of the court, holding her racket and looking focused. Maria Sharapova is on the right side of the court, ready to receive the serve. The net is visible in the middle of the court, and the players are both dressed in athletic attire. As the serve is delivered, the ball is in mid-air, and the players are in motion. The serve is a powerful shot, and the ball is traveling towards the net. The ball is not hit hard enough to make the point, but it is still in the air. The players are both focused on the ball, and the tension is palpable. The serve is not a winning shot, but it is still a significant moment in the match. The players are both trying to make a move, and the game is still in progress. The point is not won by either player, but it is a close call. The players are both trying to make a move, and the game is still in progress. The point is not won by either player, but it is a close

ROUGE score: {'rouge1': np.float64(0.05128205128205128), 'rouge2': np.float64(0.0), 'rougeL': np.float64(0.04273504273504274), 'rougeLsum': np.float64(0.04273504273504274)}
Generated sample at index 150

Ground truth description for sample 0:
Delpotro serves a high kick serve, Federer delivers a backhand return, lengthy exchange between the players, Delpotro cross-court backhand fails to land inside the court.

Model output:
In this tennis clip, Roger Federer and Juan Martin Del Potro are engaged in a match on a grass court. The score is 4-6, indicating that Del Potro is leading the match. The sequence begins with Federer serving the ball. Del Potro is positioned on the opposite side of the court, preparing to receive the serve. The ball is served with a high arc, and Del Potro is ready to return it. He hits the ball with a powerful forehand, but the ball is not on the correct side of the court. The ball lands in the service box, and Del Potro has a chance to return the ball. He hits the ball with a strong forehand, but the ball is not on the correct side of the court. The ball lands in the service box, and Del Potro has a chance to return the ball. He hits the ball with a strong forehand, but the ball is not on the correct side of the court. The ball lands in the service box, and Del Potro has a chance to return the ball. He hits the ball with a strong forehand, but the ball is not on the correct side of the court. The ball lands in the service box, and Del Potro has a

ROUGE score: {'rouge1': np.float64(0.0909090909090909), 'rouge2': np.float64(0.016666666666666666), 'rougeL': np.float64(0.07438016528925619), 'rougeLsum': np.float64(0.07438016528925619)}
Generated sample at index 178

Ground truth description for sample 4:
Federer arrows a good serve at T, Delpotro backhand return just lands long.

Model output:
In the tennis clip, Roger Federer is seen on the court, preparing to serve. He is wearing a light blue shirt and a white headband, and his posture suggests he is focused and ready to begin the point. The opposing player, Juan Martin Del Potro, is on the other side of the net, dressed in a red shirt and white shorts, and is in a ready stance, anticipating Federer's serve.

As Federer serves, the ball is hit with a powerful swing, and the ball travels across the net, landing just beyond Del Potro's reach. Del Potro, in response, moves quickly to return the ball, but the serve is too strong, and the ball is not able to be returned effectively. The ball bounces off the ground and is caught by the opposing team, which results in a point being awarded to Federer.

The clip captures the intensity and skill of the players as they compete in the match. Federer's serve is precise and well-placed, while Del Potro's return is not strong enough to counter the serve effectively. The point is won by Federer, who is now in control of the game. The audience watches intently, anticipating the next move in the match.

ROUGE score: {'rouge1': np.float64(0.045454545454545456), 'rouge2': np.float64(0.0), 'rougeL': np.float64(0.03636363636363637), 'rougeLsum': np.float64(0.03636363636363637)}
Generated sample at index 232

Ground truth description for sample 3:
Delpotro aims a fine serve at T, Federer only manages to touch it.

Model output:
In this tennis clip, Roger Federer is on the left side of the court, preparing to serve. He stands in a ready position, holding his racket with both hands. He tosses the ball into the air, then swings his racket to hit the ball over the net. The ball travels over the net and lands on the other side of the court, where Juan Martin Del Potro is positioned. Del Potro, on the right side of the court, is in a ready stance, watching the ball as it comes down. He then swings his racket and hits the ball back over the net, sending it back to Federer. Federer returns the ball, and Del Potro wins the point with a successful return. The point is over, and the score is now 40-0.

ROUGE score: {'rouge1': np.float64(0.0684931506849315), 'rouge2': np.float64(0.0), 'rougeL': np.float64(0.0410958904109589), 'rougeLsum': np.float64(0.0410958904109589)}
Generated sample at index 232

Ground truth description for sample 3:
Delpotro aims a fine serve at T, Federer only manages to touch it.

Model output:
The tennis clip shows a point being played between Roger Federer and Juan Martin Del Potro on a grass court. Federer is on the right side of the court, wearing a light blue shirt and white shorts, while Del Potro is on the left side, wearing a red shirt and white shorts. The score is 40-0, indicating that Federer is leading in the game. 

In the clip, Federer is seen preparing to serve. He takes a few steps back and then swings his racket to serve the ball. The ball is hit with a strong serve, and it travels over the net. Del Potro is positioned on the other side of the net, ready to return the serve. He takes a few steps forward and swings his racket to return the ball. The ball is returned, but it is not a strong return, and it is not able to reach the other side of the court. The point is won by Federer, and he scores a point.

The clip shows a close-up of the ball as it is hit over the net. The ball is seen traveling over the net, and the net is visible in the background. The ball is then seen bouncing off the net and returning to Federer's side of the court. Feder

ROUGE score: {'rouge1': np.float64(0.04310344827586207), 'rouge2': np.float64(0.0), 'rougeL': np.float64(0.034482758620689655), 'rougeLsum': np.float64(0.04310344827586207)}
Generated sample at index 332

Ground truth description for sample 2:
Federer aims a fine serve in the middle, Delpotro crafts a backhand return, short rally, Delpotro backhand lob lands long.

Model output:
The clip begins with a close-up of Roger Federer, who is focused and ready to play. The scene then transitions to a wide shot of the tennis court, where Federer is seen in a red shirt and white shorts, preparing to serve. He tosses the ball into the air and serves it with a powerful swing. The ball travels across the net, and the opposing player, Juan Martin Del Potro, is seen in the background, ready to return the serve. The ball lands on the opponent's side of the court, and Del Potro is seen preparing to return the ball. The serve is successful, and the point is won by Federer. The players then continue to play, with Federer returning the ball with a strong shot. The ball is then returned by Del Potro, and the point is won by Del Potro. The players continue to play, with Federer returning the ball with a strong shot. The ball is then returned by Del Potro, and the point is won by Del Potro. The players continue to play, with Federer returning the ball with a strong shot. The ball is then returned by Del Potro, and the point is won by Del Potro. The players continue to play, with Federer returning

ROUGE score: {'rouge1': np.float64(0.06896551724137931), 'rouge2': np.float64(0.008695652173913045), 'rougeL': np.float64(0.0603448275862069), 'rougeLsum': np.float64(0.0603448275862069)}
Generated sample at index 631

Ground truth description for sample 1:
Good serve aimed at T, Sharapova only reaches to it, hitting the return long.

Model output:
In this tennis clip, Serena Williams and Maria Sharapova are engaged in a point at a grass court tennis match. The score is tied at 15-15. Serena Williams is positioned on the left side of the court, holding her racket and preparing for the next shot. She is seen in a ready stance, indicating her focus and anticipation for the upcoming play. Maria Sharapova, on the right side of the court, is in a similar stance, ready to return the ball. The net is visible in the center of the court, and the players are both focused on the ball. The ball is in the air, and Serena Williams is about to serve, but the serve is not visible in the frame. The players are likely to continue the point with their respective strategies. The outcome of the point will depend on the players' movements and the ball's trajectory.

ROUGE score: {'rouge1': np.float64(0.07272727272727272), 'rouge2': np.float64(0.0), 'rougeL': np.float64(0.048484848484848485), 'rougeLsum': np.float64(0.048484848484848485)}
Generated sample at index 631

Ground truth description for sample 1:
Good serve aimed at T, Sharapova only reaches to it, hitting the return long.

Model output:
The tennis clip shows a point between Serena Williams and Maria Sharapova. The score is 15-15. Serena Williams is on the left side of the court, and Maria Sharapova is on the right side. The ball is served by Serena Williams, and she hits it with a forehand. Maria Sharapova returns the ball with a backhand, and the ball goes into the net. Serena Williams then serves again, and Maria Sharapova returns the ball with a forehand. The ball goes into the net, and Serena Williams wins the point. The score is now 16-15.

ROUGE score: {'rouge1': np.float64(0.05454545454545454), 'rouge2': np.float64(0.0), 'rougeL': np.float64(0.05454545454545454), 'rougeLsum': np.float64(0.05454545454545454)}
Generated sample at index 164

Ground truth description for sample 6:
Federer aims a high kick serve, Delpotro returns a backhand return, a few shots exchanged, Delpotro cross-court backhand catches the net.

Model output:
In the tennis clip, Roger Federer, dressed in a red shirt and white shorts, is seen preparing to serve on a grass court. He stands at the baseline, focused and ready, with a tennis ball in his hand. As he prepares to serve, the crowd watches intently. The ball is tossed into the air, and Federer swings his racket, sending the ball flying over the net. The ball lands on the other side of the court, and the opposing player, Juan Martin Del Potro, is seen returning the ball with a powerful shot. The ball is returned and then caught by the opposing player, who is seen returning the ball with a strong shot. The point is won by the player who returns the ball successfully. The score is A-40, indicating that the player who won the point is currently at a 40-0 advantage. The game continues with both players showing their skills and determination.

ROUGE score: {'rouge1': np.float64(0.1005586592178771), 'rouge2': np.float64(0.011299435028248586), 'rougeL': np.float64(0.0782122905027933), 'rougeLsum': np.float64(0.0782122905027933)}
Generated sample at index 150

Ground truth description for sample 0:
Delpotro serves a high kick serve, Federer delivers a backhand return, lengthy exchange between the players, Delpotro cross-court backhand fails to land inside the court.

Model output:
The video captures a point in a tennis match between Roger Federer and Juan Martin Del Potro, with the score at 4-6. The scene begins with a close-up of Roger Federer, who is focused and preparing to serve. He then serves the ball, and the ball is seen traveling across the net, hitting the back of the net and bouncing off the court. The ball then travels to the other side of the court, where Juan Martin Del Potro is positioned to return the ball. Del Potro is seen moving quickly to return the ball, but the ball is not returned and instead goes into the court. The ball then travels to the other side of the court, where Federer is positioned to return the ball. Federer is seen moving quickly to return the ball, but the ball is not returned and instead goes into the court. The ball then travels to the other side of the court, where Del Potro is positioned to return the ball. Del Potro is seen moving quickly to return the ball, but the ball is not returned and instead goes into the court. The ball then travels to the other side of the court, where Federer is positioned to return the ball. Federer is seen moving quickly to return the ball, but the

ROUGE score: {'rouge1': np.float64(0.097165991902834), 'rouge2': np.float64(0.008163265306122448), 'rougeL': np.float64(0.0728744939271255), 'rougeLsum': np.float64(0.0728744939271255)}
Average ROUGE score: {'rouge1': np.float64(0.06932051822412989), 'rouge2': np.float64(0.0044825019174950746), 'rougeL': np.float64(0.05435194084660126), 'rougeLsum': np.float64(0.055214009812118506)}
Generated sample at index 516
Total token count: 954
Generated sample at index 574
Total token count: 945
Generated sample at index 80
Total token count: 1403
Generated sample at index 95
Total token count: 950
Generated sample at index 491
Total token count: 2293
Generated sample at index 295
Total token count: 956
Generated sample at index 677
Total token count: 936
Generated sample at index 571
Total token count: 1401
Generated sample at index 205
Total token count: 950
Emptied CUDA cache
{'loss': '23.16', 'grad_norm': '10.56', 'learning_rate': '0.0001', 'entropy': '1.334', 'num_tokens': '9838', 'mean_token_accuracy': '0.03381', 'epoch': '0.01084'}
Generated sample at index 31
Total token count: 952
Generated sample at index 277
Total token count: 949
Generated sample at index 75
Total token count: 952
Generated sample at index 114
Total token count: 940
Generated sample at index 542
Total token count: 1404
Generated sample at index 583
Total token count: 2726
Generated sample at index 393
Total token count: 946
Generated sample at index 507
Total token count: 1845
Emptied CUDA cache
{'loss': '22.8', 'grad_norm': '10.35', 'learning_rate': '0.0001', 'entropy': '1.369', 'num_tokens': '1.966e+04', 'mean_token_accuracy': '0.03393', 'epoch': '0.02168'}
Generated sample at index 361
Total token count: 1405
Generated sample at index 563
Total token count: 1401
Generated sample at index 400
Total token count: 1406
Generated sample at index 662
Total token count: 1405
Generated sample at index 638
Total token count: 954
Generated sample at index 172
Total token count: 950
Generated sample at index 462
Total token count: 951
Generated sample at index 409
Total token count: 1399
Emptied CUDA cache
{'loss': '22.65', 'grad_norm': '10.34', 'learning_rate': '9.999e-05', 'entropy': '1.452', 'num_tokens': '2.997e+04', 'mean_token_accuracy': '0.03447', 'epoch': '0.03252'}
Generated sample at index 643
Total token count: 935
Generated sample at index 674
Total token count: 3175
Generated sample at index 239
Total token count: 1410
Generated sample at index 439
Total token count: 1841
Generated sample at index 284
Total token count: 1396
Generated sample at index 680
Total token count: 1397
Generated sample at index 719
Total token count: 1842
Generated sample at index 158
Total token count: 1404
Emptied CUDA cache
{'loss': '22.56', 'grad_norm': '11.12', 'learning_rate': '9.997e-05', 'entropy': '1.468', 'num_tokens': '4.337e+04', 'mean_token_accuracy': '0.02831', 'epoch': '0.04336'}
Generated sample at index 89
Total token count: 1397
Generated sample at index 436
Total token count: 945
Generated sample at index 365
Total token count: 2722
Generated sample at index 534
Total token count: 1412
Generated sample at index 706
Total token count: 944
Generated sample at index 527
Total token count: 946
Generated sample at index 678
Total token count: 944
Generated sample at index 13
Total token count: 953
Emptied CUDA cache
{'loss': '22.06', 'grad_norm': '10.98', 'learning_rate': '9.995e-05', 'entropy': '1.527', 'num_tokens': '5.408e+04', 'mean_token_accuracy': '0.03267', 'epoch': '0.0542'}
Generated sample at index 293
Total token count: 955
Generated sample at index 623
Total token count: 1397
Generated sample at index 457
Total token count: 1857
Generated sample at index 73
Total token count: 948
Generated sample at index 741
Total token count: 1402
Generated sample at index 122
Total token count: 948
Generated sample at index 541
Total token count: 1852
Generated sample at index 531
Total token count: 1397
Emptied CUDA cache
{'loss': '21.52', 'grad_norm': '10.93', 'learning_rate': '9.992e-05', 'entropy': '1.63', 'num_tokens': '6.44e+04', 'mean_token_accuracy': '0.03308', 'epoch': '0.06504'}
Generated sample at index 21
Total token count: 955
Generated sample at index 140
Total token count: 1395
Generated sample at index 54
Total token count: 2288
Generated sample at index 241
Total token count: 1843
Generated sample at index 687
Total token count: 2727
Generated sample at index 240
Total token count: 1845
Generated sample at index 0
Total token count: 955
Generated sample at index 700
Total token count: 1403
Emptied CUDA cache
{'loss': '21.32', 'grad_norm': '11.48', 'learning_rate': '9.989e-05', 'entropy': '1.697', 'num_tokens': '7.78e+04', 'mean_token_accuracy': '0.03041', 'epoch': '0.07588'}
Generated sample at index 468
Total token count: 941
Generated sample at index 594
Total token count: 1395
Generated sample at index 60
Total token count: 1406
Generated sample at index 28
Total token count: 1403
Generated sample at index 705
Total token count: 935
Generated sample at index 69
Total token count: 1393
Generated sample at index 286
Total token count: 1398
Generated sample at index 478
Total token count: 958
Emptied CUDA cache
{'loss': '20.96', 'grad_norm': '11.37', 'learning_rate': '9.984e-05', 'entropy': '1.762', 'num_tokens': '8.807e+04', 'mean_token_accuracy': '0.03047', 'epoch': '0.08672'}
Generated sample at index 524
Total token count: 1854
Generated sample at index 128
Total token count: 946
Generated sample at index 132
Total token count: 953
Generated sample at index 329
Total token count: 949
Generated sample at index 129
Total token count: 953
Generated sample at index 270
Total token count: 2295
Generated sample at index 731
Total token count: 1399
Generated sample at index 98
Total token count: 1851
Emptied CUDA cache
{'loss': '20.39', 'grad_norm': '11.43', 'learning_rate': '9.98e-05', 'entropy': '1.85', 'num_tokens': '9.838e+04', 'mean_token_accuracy': '0.03465', 'epoch': '0.09756'}
Generated sample at index 308
Total token count: 945
Generated sample at index 379
Total token count: 955
Generated sample at index 142
Total token count: 1404
Generated sample at index 428
Total token count: 1404
Generated sample at index 622
Total token count: 1404
Generated sample at index 598
Total token count: 1404
Generated sample at index 702
Total token count: 945
Generated sample at index 305
Total token count: 1404
Emptied CUDA cache
{'loss': '20.19', 'grad_norm': '11.69', 'learning_rate': '9.974e-05', 'entropy': '1.924', 'num_tokens': '1.087e+05', 'mean_token_accuracy': '0.0347', 'epoch': '0.1084'}
Generated sample at index 150
Generated sample at index 631
Total token count: 3176
Generated sample at index 332
Generated sample at index 232
Total token count: 1845
Generated sample at index 178
Generated sample at index 634
Total token count: 959
Generated sample at index 164
Generated sample at index 561
Total token count: 2288
Computing metrics on evaluation batch...
{'eval_loss': '19.71', 'eval_token_accuracy': '0', 'eval_runtime': '9.755', 'eval_samples_per_second': '0.82', 'eval_steps_per_second': '0.41', 'eval_entropy': '2.058', 'eval_num_tokens': '1.087e+05', 'eval_mean_token_accuracy': '0.02977', 'epoch': '0.1084'}
Generated sample at index 150

Ground truth description for sample 0:
Delpotro serves a high kick serve, Federer delivers a backhand return, lengthy exchange between the players, Delpotro cross-court backhand fails to land inside the court.

Model output:
In the tennis clip, Roger Federer, dressed in a blue shirt and white headband, is seen preparing to return a serve from Juan Martin Del Potro. The match is taking place on a grass court, and the scoreboard indicates a score of 4-6, suggesting that Federer is leading in the match. Federer is seen hitting the ball with precision and power, aiming to keep the point going. Del Potro, wearing a red shirt and white shorts, is seen returning the serve with a strong shot, but Federer manages to return the ball with a well-timed volley. The ball lands on the opposite side of the court, and Del Potro is seen attempting to reach it, but Federer's return is strong enough to win the point. The match continues with Federer maintaining his lead, and the score remains 4-6.

ROUGE score: {'rouge1': np.float64(0.11904761904761905), 'rouge2': np.float64(0.012048192771084336), 'rougeL': np.float64(0.10714285714285712), 'rougeLsum': np.float64(0.10714285714285712)}
Generated sample at index 631

Ground truth description for sample 1:
Good serve aimed at T, Sharapova only reaches to it, hitting the return long.

Model output:
In this tennis clip, Serena Williams and Maria Sharapova are competing in a match on a grass court. The score is tied at 15-15. The player on the left side of the court, likely Serena Williams, is preparing to serve. She is in a ready stance, holding her racket and focusing on the ball. She then serves the ball, and the ball is in the air, traveling towards the opponent's side of the court. The opponent, Maria Sharapova, is positioned on the right side of the court, ready to return the serve. As the ball is served, Maria Sharapova prepares to receive it. The ball is then returned by Maria Sharapova, who is in a ready stance, anticipating the serve. The point is won by Serena Williams, who successfully returns the ball. The score is now 15-15, and the match continues.

ROUGE score: {'rouge1': np.float64(0.08860759493670886), 'rouge2': np.float64(0.0), 'rougeL': np.float64(0.06329113924050633), 'rougeLsum': np.float64(0.06329113924050633)}
Generated sample at index 232

Ground truth description for sample 3:
Delpotro aims a fine serve at T, Federer only manages to touch it.

Model output:
The clip captures a pivotal moment in a tennis match between Roger Federer and Juan Martin Del Potro, with the score at 40-0. The match is taking place on a grass court, which is characteristic of the Wimbledon tournament. The players are both in their prime, with Federer on the left side of the court and Del Potro on the right.

In the first frame, Federer is preparing to serve, standing in a ready position, with his racket raised. The ball is in the air, and Federer is in the process of serving. However, the ball is not hit properly, and it lands out of bounds. The umpire, who is not visible in the frame, signals a fault.

In the next frame, Federer is seen walking back on the court, looking down, possibly in disappointment or frustration. This suggests that the serve was not successful and the point was not won by Federer. Del Potro, on the other hand, is not visible in the frame, but his position suggests he is ready to receive the serve.

In the final frame, Federer is seen walking back on the court, possibly in disappointment or frustration. This suggests that the serve was not successful and the point was not won by Federer.

ROUGE score: {'rouge1': np.float64(0.05381165919282511), 'rouge2': np.float64(0.0), 'rougeL': np.float64(0.044843049327354265), 'rougeLsum': np.float64(0.05381165919282511)}
Generated sample at index 232

Ground truth description for sample 3:
Delpotro aims a fine serve at T, Federer only manages to touch it.

Model output:
In this tennis clip, the score is 40-0, indicating that the player on the left, Roger Federer, is leading. Federer is seen preparing to serve, with his racket raised and his body poised in a ready stance. The opponent, Juan Martin Del Potro, is positioned on the opposite side of the net, ready to return the serve. The serve is then executed, with Federer sending the ball across the net with a powerful swing. The ball lands on the opponent's side of the court, and Del Potro returns it with a strong shot, but it is not enough to win the point. The point ends with Federer winning the point, as the ball is not returned to the opponent's side. The clip captures the intensity and precision of the game, showcasing the skill and athleticism of both players.

ROUGE score: {'rouge1': np.float64(0.06493506493506494), 'rouge2': np.float64(0.0), 'rougeL': np.float64(0.05194805194805195), 'rougeLsum': np.float64(0.05194805194805195)}
Generated sample at index 150

Ground truth description for sample 0:
Delpotro serves a high kick serve, Federer delivers a backhand return, lengthy exchange between the players, Delpotro cross-court backhand fails to land inside the court.

Model output:
In the tennis clip, the game is being played on a grass court, and the score is 4-6, indicating that Roger Federer is leading. The players are seen on the court, with Federer in the foreground and Del Potro in the background. Federer is seen preparing to serve, and Del Potro is ready to return the serve. The ball is then hit back and forth, with Federer making a strong return and Del Potro attempting to keep the point alive. However, Federer manages to return the ball and wins the point, advancing to the next set. The clip captures the intensity and skill of the players as they battle for the advantage.

ROUGE score: {'rouge1': np.float64(0.15827338129496402), 'rouge2': np.float64(0.029197080291970802), 'rougeL': np.float64(0.11510791366906475), 'rougeLsum': np.float64(0.11510791366906475)}
Generated sample at index 232

Ground truth description for sample 3:
Delpotro aims a fine serve at T, Federer only manages to touch it.

Model output:
The clip shows a tennis match between Roger Federer and Juan Martin Del Potro on a grass court. The score is 40-0, indicating that Federer is leading in the set. The player in the blue shirt, Roger Federer, is preparing to serve. He is standing on the right side of the court, with the net in front of him. The player in the red shirt, Juan Martin Del Potro, is positioned on the opposite side of the court, ready to receive the serve. The serve is a powerful and accurate shot, and the ball is sent over the net with a strong arc. The ball lands on the opponent's side of the court, and Del Potro is able to return the serve with a well-placed shot. The rally continues, with both players exchanging shots and trying to gain an advantage. The match is intense, with both players demonstrating their skills and determination. The final point is won by Federer, who successfully returns the serve and wins the point. The match is a testament to the players' skill and the competitive nature of the sport.

ROUGE score: {'rouge1': np.float64(0.04), 'rouge2': np.float64(0.0), 'rougeL': np.float64(0.04), 'rougeLsum': np.float64(0.04)}
Generated sample at index 164

Ground truth description for sample 6:
Federer aims a high kick serve, Delpotro returns a backhand return, a few shots exchanged, Delpotro cross-court backhand catches the net.

Model output:
In the tennis clip, Roger Federer, dressed in a red shirt and white shorts, is seen preparing to serve on a grass court. He stands in the ready position, focusing intently on the ball. The audience is seated in the background, watching the match. Federer serves the ball with a powerful swing, sending it flying across the net. The ball lands on the other side of the court, where Juan Martin Del Potro, wearing a dark shirt and white shorts, is positioned to return the serve. Del Potro reaches out with his racket, attempting to hit the ball back, but Federer's serve is well-placed and powerful, making it difficult for Del Potro to return. The ball is then returned to Federer, who successfully returns the ball with a strong shot. The point ends with Federer winning the point, as the ball lands in the opponent's court. The audience reacts with excitement, and the scoreboard shows the score as A-40, indicating a close match.

ROUGE score: {'rouge1': np.float64(0.10582010582010581), 'rouge2': np.float64(0.0106951871657754), 'rougeL': np.float64(0.08465608465608467), 'rougeLsum': np.float64(0.08465608465608467)}
Generated sample at index 232

Ground truth description for sample 3:
Delpotro aims a fine serve at T, Federer only manages to touch it.

Model output:
In this tennis clip, Roger Federer and Juan Martin Del Potro are competing on a grass court. The score is 40-0, indicating that Federer is leading the match. Federer is seen preparing to serve, standing on the baseline with his racket in hand. He takes a few steps back, then swings his racket to serve the ball. The ball is hit with force and accuracy, and it travels across the net. Del Potro is positioned on the other side of the net, ready to return the serve. The ball lands in the court, and Del Potro prepares to return the ball. The point is won by Federer, as he successfully returns the serve and wins the point. The match continues with the players focused and determined.

ROUGE score: {'rouge1': np.float64(0.07142857142857144), 'rouge2': np.float64(0.0), 'rougeL': np.float64(0.05714285714285714), 'rougeLsum': np.float64(0.05714285714285714)}
Generated sample at index 561

Ground truth description for sample 7:
Quick serve, Djokovic returns a backhand return, huge rally, Tsonga pulls a forehand cross-court lob long of the court.

Model output:
In this tennis clip, Jo-Wilfried Tsonga and Novak Djokovic are playing a match on a grass court. The score is 0-15, indicating that Djokovic is leading. Tsonga is on the left side of the court, and Djokovic is on the right side. 

The match begins with Tsonga serving. He serves the ball, and Djokovic returns it with a forehand. Tsonga then returns the ball with a backhand. The ball is hit back and forth between the two players, with Djokovic winning the point. 

After the point, Djokovic is seen walking towards the net, while Tsonga is seen walking away from the net. The match continues with the two players playing back and forth, with Djokovic winning the next point. 

Overall, the clip shows a competitive match between Tsonga and Djokovic, with Djokovic winning the point.

ROUGE score: {'rouge1': np.float64(0.14012738853503184), 'rouge2': np.float64(0.06451612903225806), 'rougeL': np.float64(0.08917197452229299), 'rougeLsum': np.float64(0.11464968152866244)}
Generated sample at index 178

Ground truth description for sample 4:
Federer arrows a good serve at T, Delpotro backhand return just lands long.

Model output:
The tennis clip shows a point in a match between Roger Federer and Juan Martin Del Potro. Federer is on the baseline, preparing to serve. The serve is a powerful and well-placed shot that lands on the opposite side of the court. Del Potro, on the other side, is ready to return the serve. He takes a step back and prepares to return the ball, but Federer's serve is too strong and lands on the opposite side of the court. Del Potro is unable to return the ball and the point is won by Federer. The crowd cheers as Federer celebrates his successful point.

ROUGE score: {'rouge1': np.float64(0.08403361344537816), 'rouge2': np.float64(0.0), 'rougeL': np.float64(0.08403361344537816), 'rougeLsum': np.float64(0.08403361344537816)}
Average ROUGE score: {'rouge1': np.float64(0.09260849986362693), 'rouge2': np.float64(0.01164565892610886), 'rougeL': np.float64(0.07373375410944474), 'rougeLsum': np.float64(0.07717838579662877)}
Generated sample at index 299
Total token count: 1407
Generated sample at index 216
Total token count: 941
Generated sample at index 486
Total token count: 2287
Generated sample at index 101
Total token count: 1405
Generated sample at index 420
Total token count: 1830
Generated sample at index 467
Total token count: 1858
Generated sample at index 271
Total token count: 1846
Generated sample at index 1
Total token count: 4489
Emptied CUDA cache
{'loss': '19.74', 'grad_norm': '12.01', 'learning_rate': '9.968e-05', 'entropy': '2.06', 'num_tokens': '1.217e+05', 'mean_token_accuracy': '0.0295', 'epoch': '0.1192'}
Generated sample at index 310
Total token count: 949
Generated sample at index 111
Total token count: 2732
Generated sample at index 249
Total token count: 2730
Generated sample at index 652
Total token count: 939
Generated sample at index 123
Total token count: 1843
Generated sample at index 564
Total token count: 1846
Generated sample at index 453
Total token count: 1412
Generated sample at index 366
Total token count: 1840
Emptied CUDA cache
{'loss': '19.54', 'grad_norm': '12.7', 'learning_rate': '9.962e-05', 'entropy': '2.161', 'num_tokens': '1.386e+05', 'mean_token_accuracy': '0.02729', 'epoch': '0.1301'}
Generated sample at index 130
Total token count: 1386
Generated sample at index 538
Total token count: 1849
Generated sample at index 322
Total token count: 1844
Generated sample at index 17
Total token count: 946
Generated sample at index 470
Total token count: 949
Generated sample at index 167
Total token count: 2722
Generated sample at index 593
Total token count: 1402
Generated sample at index 152
Total token count: 938
Emptied CUDA cache
{'loss': '19.19', 'grad_norm': '12.32', 'learning_rate': '9.954e-05', 'entropy': '2.245', 'num_tokens': '1.515e+05', 'mean_token_accuracy': '0.0294', 'epoch': '0.1409'}
Generated sample at index 416
Total token count: 1401
Generated sample at index 250
Total token count: 1408
Generated sample at index 92
Total token count: 1402
Generated sample at index 268
Total token count: 1388
Generated sample at index 155
Total token count: 1405
Generated sample at index 339
Total token count: 942
Generated sample at index 406
Total token count: 1840
Generated sample at index 445
Total token count: 966
Emptied CUDA cache
{'loss': '18.7', 'grad_norm': '12.38', 'learning_rate': '9.947e-05', 'entropy': '2.34', 'num_tokens': '1.623e+05', 'mean_token_accuracy': '0.0295', 'epoch': '0.1518'}
Generated sample at index 314
Total token count: 1401
Generated sample at index 480
Total token count: 948
Generated sample at index 369
Total token count: 1397
Generated sample at index 309
Total token count: 1409
Generated sample at index 171
Total token count: 2278
Generated sample at index 325
Total token count: 966
Generated sample at index 526
Total token count: 1398
Generated sample at index 555
Total token count: 1417
Emptied CUDA cache
{'loss': '17.94', 'grad_norm': '12.71', 'learning_rate': '9.938e-05', 'entropy': '2.564', 'num_tokens': '1.73e+05', 'mean_token_accuracy': '0.03533', 'epoch': '0.1626'}
Generated sample at index 567
Total token count: 1403
Generated sample at index 385
Total token count: 1395
Generated sample at index 136
Total token count: 1390
Generated sample at index 417
Total token count: 1394
Generated sample at index 86
Total token count: 1401
Generated sample at index 477
Total token count: 1406
Generated sample at index 204
Total token count: 1398
Generated sample at index 407
Total token count: 1395
Emptied CUDA cache
{'loss': '17.75', 'grad_norm': '12.6', 'learning_rate': '9.929e-05', 'entropy': '2.747', 'num_tokens': '1.842e+05', 'mean_token_accuracy': '0.03132', 'epoch': '0.1734'}
Generated sample at index 12
Total token count: 1394
Generated sample at index 380
Total token count: 1839
Generated sample at index 235
Total token count: 1843
Generated sample at index 429
Total token count: 1847
Generated sample at index 79
Total token count: 1394
Generated sample at index 278
Total token count: 1400
Generated sample at index 321
Total token count: 949
Generated sample at index 610
Total token count: 1835
Emptied CUDA cache
{'loss': '17.26', 'grad_norm': '12.99', 'learning_rate': '9.919e-05', 'entropy': '2.978', 'num_tokens': '1.963e+05', 'mean_token_accuracy': '0.02867', 'epoch': '0.1843'}
Generated sample at index 290
Total token count: 1849
Generated sample at index 540
Total token count: 2291
Generated sample at index 348
Total token count: 944
Generated sample at index 419
Total token count: 2284
Generated sample at index 315
Total token count: 1399
Generated sample at index 410
Total token count: 2281
Generated sample at index 287
Total token count: 2728
Generated sample at index 465
Total token count: 957
Emptied CUDA cache
{'loss': '16.87', 'grad_norm': '13', 'learning_rate': '9.909e-05', 'entropy': '3.254', 'num_tokens': '2.119e+05', 'mean_token_accuracy': '0.02647', 'epoch': '0.1951'}
Generated sample at index 442
Total token count: 948
Generated sample at index 331
Total token count: 946
Generated sample at index 288
Total token count: 1405
Generated sample at index 398
Total token count: 1401
Generated sample at index 688
Total token count: 941
Generated sample at index 326
Total token count: 948
Generated sample at index 244
Total token count: 2291
Generated sample at index 736
Total token count: 1381
Emptied CUDA cache
{'loss': '16.35', 'grad_norm': '11.85', 'learning_rate': '9.898e-05', 'entropy': '3.38', 'num_tokens': '2.217e+05', 'mean_token_accuracy': '0.03225', 'epoch': '0.206'}
Generated sample at index 613
Total token count: 2288
Generated sample at index 294
Total token count: 955
Generated sample at index 41
Total token count: 2289
Generated sample at index 281
Total token count: 947
Generated sample at index 558
Total token count: 2734
Generated sample at index 346
Total token count: 1406
Generated sample at index 260
Total token count: 1846
Generated sample at index 257
Total token count: 1855
Emptied CUDA cache
{'loss': '15.98', 'grad_norm': '11.88', 'learning_rate': '9.886e-05', 'entropy': '3.721', 'num_tokens': '2.356e+05', 'mean_token_accuracy': '0.02698', 'epoch': '0.2168'}
Generated sample at index 150
Generated sample at index 631
Total token count: 3176
Generated sample at index 332
Generated sample at index 232
Total token count: 1845
Generated sample at index 178
Generated sample at index 634
Total token count: 959
Generated sample at index 164
Generated sample at index 561
Total token count: 2288
Computing metrics on evaluation batch...
{'eval_loss': '15.41', 'eval_token_accuracy': '0.0005581', 'eval_runtime': '9.791', 'eval_samples_per_second': '0.817', 'eval_steps_per_second': '0.409', 'eval_entropy': '3.994', 'eval_num_tokens': '2.356e+05', 'eval_mean_token_accuracy': '0.02724', 'epoch': '0.2168'}
Generated sample at index 150

Ground truth description for sample 0:
Delpotro serves a high kick serve, Federer delivers a backhand return, lengthy exchange between the players, Delpotro cross-court backhand fails to land inside the court.

Model output:
In the tennis clip, the players are engaged in a point on a grass court. Roger Federer, dressed in a light blue shirt and white shorts, is on the right side of the court, while Juan Martin Del Potro, wearing a red shirt and white shorts, is on the left. The rally begins with Del Potro serving the ball, which Federer returns with a powerful shot. Federer then moves forward to return the ball, but it is a miss, and the ball lands near the baseline. Del Potro then returns the ball, but Federer manages to return it with a strong shot. The point ends with Federer winning the point, as the ball lands on the opponent's side of the court.

ROUGE score: {'rouge1': np.float64(0.13513513513513514), 'rouge2': np.float64(0.027397260273972605), 'rougeL': np.float64(0.10810810810810811), 'rougeLsum': np.float64(0.10810810810810811)}
Generated sample at index 332

Ground truth description for sample 2:
Federer aims a fine serve in the middle, Delpotro crafts a backhand return, short rally, Delpotro backhand lob lands long.

Model output:
In this tennis clip, the players are engaged in a point during a match on a grass court. The match is between Roger Federer and Juan Martin Del Potro, and the score is tied at Game. Federer, wearing a light blue shirt and a white headband, is seen preparing to serve. He takes a step back and tosses the ball into the air, then hits the ball with his racket. The ball travels over the net and lands on the opponent's side. The opponent, Del Potro, is in a ready stance, anticipating the return. Federer then returns the ball with a powerful serve, sending it into the opponent's court. The ball is then returned by Del Potro, who hits it back over the net. The ball lands on Federer's side, and Federer responds with a strong return, sending the ball back over the net. The point ends with Federer winning the point. The players continue their match, with Federer maintaining his advantage.

ROUGE score: {'rouge1': np.float64(0.08648648648648649), 'rouge2': np.float64(0.0), 'rougeL': np.float64(0.07567567567567568), 'rougeLsum': np.float64(0.07567567567567568)}
Generated sample at index 164

Ground truth description for sample 6:
Federer aims a high kick serve, Delpotro returns a backhand return, a few shots exchanged, Delpotro cross-court backhand catches the net.

Model output:
In the tennis clip, Roger Federer, dressed in a red shirt and white shorts, is seen preparing to return a serve. He is positioned on the baseline of the grass court, with the crowd watching intently. The opposing player, Juan Martin Del Potro, is also on the court, wearing a dark outfit. Federer takes a few steps forward, ready to receive the serve. As the ball is served, Federer swings his racket, making contact with the ball and sending it back towards Del Potro. Del Potro, anticipating the return, moves quickly to return the ball. However, Federer manages to return the ball with a powerful shot, causing Del Potro to lose his balance and fall to the ground. The point ends with Federer winning the rally, as he successfully returns the ball and secures the point. The crowd erupts in cheers, celebrating Federer's successful return.

ROUGE score: {'rouge1': np.float64(0.11904761904761904), 'rouge2': np.float64(0.024096385542168672), 'rougeL': np.float64(0.08333333333333331), 'rougeLsum': np.float64(0.08333333333333331)}
Generated sample at index 634

Ground truth description for sample 5:
Quick serve, Sharapova crafts a forehand return, Serena goes for a forehand down the line but catches the net.

Model output:
In this tennis clip, the score is 40-30, indicating that Serena Williams is leading the match. The players are on a grass court, and the match is taking place during the Wimbledon Championships, as evidenced by the distinctive grass court surface and the presence of the Olympic rings on the net. The players are both dressed in athletic attire, with Serena Williams wearing a red top and white skirt, and Maria Sharapova in a dark outfit.

The sequence begins with Serena Williams preparing to return a serve. She is positioned on the right side of the court, ready to react to the incoming ball. Maria Sharapova, on the left side of the court, is in a ready stance, anticipating the return. As the ball is served, Serena Williams is seen in motion, moving quickly across the court to return the ball. The ball is hit with force, and Serena Williams is seen in the process of executing a powerful backhand shot. The ball is then returned by Maria Sharapova, who is in a strong position to return the shot.

The point concludes with Maria Sharapova successfully returning the ball, and the score is now 40-30 in favor of Serena Williams. The players continue to engage in the match, with Serena Williams

ROUGE score: {'rouge1': np.float64(0.07758620689655173), 'rouge2': np.float64(0.008695652173913044), 'rougeL': np.float64(0.06896551724137932), 'rougeLsum': np.float64(0.07758620689655173)}
Generated sample at index 178

Ground truth description for sample 4:
Federer arrows a good serve at T, Delpotro backhand return just lands long.

Model output:
In this tennis clip, Roger Federer and Juan Martin Del Potro are competing in a match on a grass court. The players are positioned at the baseline, with Federer preparing to return a serve. Federer is wearing a light blue shirt and white shorts, while Del Potro is dressed in a red shirt and white shorts. The crowd is watching intently as the players prepare for the point.

Federer receives the serve and is in a ready stance, preparing to return the ball. He then executes a powerful backhand shot, sending the ball towards the opponent's side of the court. Del Potro is positioned to return the shot, but the ball is not well controlled, and he misses the return. The ball lands out of bounds, and Federer wins the point.

The point is won by Federer, who successfully returns the serve and wins the point. The crowd erupts in cheers as Federer celebrates his successful return. The players continue to play, with Federer maintaining his advantage and Del Potro struggling to keep up.

ROUGE score: {'rouge1': np.float64(0.07446808510638298), 'rouge2': np.float64(0.0), 'rougeL': np.float64(0.06382978723404255), 'rougeLsum': np.float64(0.07446808510638298)}
Generated sample at index 332

Ground truth description for sample 2:
Federer aims a fine serve in the middle, Delpotro crafts a backhand return, short rally, Delpotro backhand lob lands long.

Model output:
In this tennis clip, Roger Federer and Juan Martin Del Potro are playing a point on a grass court. Federer is seen preparing to serve, with his body poised and ready to launch the ball. He takes a deep breath and serves the ball with a powerful motion, sending it flying across the net. Del Potro, in response, is positioned to receive the serve, ready to react to the incoming ball. The ball is then hit back and forth, with Federer attempting to return the serve with a strong shot. However, Del Potro manages to return the ball with a well-timed and accurate shot, forcing Federer to adjust his stance and prepare for the next point. The point ends with Federer losing the point, as Del Potro successfully returns the ball and wins the point. The clip captures the intensity and skill of both players as they compete on the grass court.

ROUGE score: {'rouge1': np.float64(0.08092485549132948), 'rouge2': np.float64(0.0), 'rougeL': np.float64(0.08092485549132948), 'rougeLsum': np.float64(0.08092485549132948)}
Generated sample at index 232

Ground truth description for sample 3:
Delpotro aims a fine serve at T, Federer only manages to touch it.

Model output:
In this tennis clip, Roger Federer is on the baseline, preparing to return a serve. The serve is a powerful one, and Federer successfully returns it with a forehand. The point is won by Federer, who is now on the baseline and preparing to serve. The rally continues, with Federer returning the ball with a forehand, and the point is won by Federer. The rally continues, with Federer returning the ball with a forehand, and the point is won by Federer. The rally continues, with Federer returning the ball with a forehand, and the point is won by Federer. The rally continues, with Federer returning the ball with a forehand, and the point is won by Federer. The rally continues, with Federer returning the ball with a forehand, and the point is won by Federer. The rally continues, with Federer returning the ball with a forehand, and the point is won by Federer. The rally continues, with Federer returning the ball with a forehand, and the point is won by Federer. The rally continues, with Federer returning the ball with a forehand, and the point is won by Federer. The rally continues, with Federer returning

ROUGE score: {'rouge1': np.float64(0.04807692307692307), 'rouge2': np.float64(0.0), 'rougeL': np.float64(0.038461538461538464), 'rougeLsum': np.float64(0.038461538461538464)}
Generated sample at index 634

Ground truth description for sample 5:
Quick serve, Sharapova crafts a forehand return, Serena goes for a forehand down the line but catches the net.

Model output:
In this tennis clip, the score is 40-30, indicating that the game is in a close situation. Serena Williams is on the baseline, preparing to return a serve. Maria Sharapova, on the opposite side, is in the middle of her serve, aiming to put pressure on the point. The ball is served, and Serena Williams is seen preparing to return it. She then hits the ball with a powerful forehand, sending it towards the baseline. Maria Sharapova is in a ready position, anticipating the return. The ball is then returned by Serena Williams, who hits it with a powerful forehand, sending it towards the baseline. Maria Sharapova is in a ready position, anticipating the return. The ball is then returned by Serena Williams, who hits it with a powerful forehand, sending it towards the baseline. Maria Sharapova is in a ready position, anticipating the return. The ball is then returned by Serena Williams, who hits it with a powerful forehand, sending it towards the baseline. Maria Sharapova is in a ready position, anticipating the return. The ball is then returned by Serena Williams, who hits it with a powerful forehand, sending it towards the baseline. Maria Sharapova is in a ready

ROUGE score: {'rouge1': np.float64(0.09049773755656108), 'rouge2': np.float64(0.0), 'rougeL': np.float64(0.09049773755656108), 'rougeLsum': np.float64(0.09049773755656108)}
Generated sample at index 631

Ground truth description for sample 1:
Good serve aimed at T, Sharapova only reaches to it, hitting the return long.

Model output:
The tennis clip captures a point between Serena Williams and Maria Sharapova during a match on a grass court. The score is tied at 15-15. Serena Williams is on the baseline, preparing to serve, while Maria Sharapova stands ready on the opposite side of the court. Serena serves the ball, and it is returned by Maria. The point is won by Maria Sharapova, who successfully returns the serve. The rally ends with Maria winning the point.

ROUGE score: {'rouge1': np.float64(0.13186813186813187), 'rouge2': np.float64(0.0), 'rougeL': np.float64(0.08791208791208792), 'rougeLsum': np.float64(0.08791208791208792)}
Generated sample at index 631

Ground truth description for sample 1:
Good serve aimed at T, Sharapova only reaches to it, hitting the return long.

Model output:
In this tennis clip, the point is played on a grass court with the score at 15-15. The player on the left, wearing a red top and white skirt, is Serena Williams, and the player on the right, wearing a dark outfit, is Maria Sharapova. Serena Williams is serving the ball, but the ball is not in the air. The ball is hit back by Maria Sharapova, who is returning the serve. The ball is then hit back again by Serena Williams, who is now on the receiving end of the return. The point is won by Maria Sharapova, who is able to return the ball and win the point.

ROUGE score: {'rouge1': np.float64(0.096), 'rouge2': np.float64(0.016260162601626015), 'rougeL': np.float64(0.064), 'rougeLsum': np.float64(0.064)}
Average ROUGE score: {'rouge1': np.float64(0.09400911806651209), 'rouge2': np.float64(0.007644946059168034), 'rougeL': np.float64(0.07617086410140558), 'rougeLsum': np.float64(0.07809676285415687)}
Generated sample at index 306
Total token count: 941
Generated sample at index 328
Total token count: 1404
Generated sample at index 364
Total token count: 959
Generated sample at index 126
Total token count: 2291
Generated sample at index 78
Total token count: 944
Generated sample at index 389
Total token count: 961
Generated sample at index 698
Total token count: 1405
Generated sample at index 595
Total token count: 1395
Emptied CUDA cache
{'loss': '15.68', 'grad_norm': '11.61', 'learning_rate': '9.874e-05', 'entropy': '3.719', 'num_tokens': '2.464e+05', 'mean_token_accuracy': '0.03063', 'epoch': '0.2276'}
Generated sample at index 170
Total token count: 1409
Generated sample at index 15
Total token count: 944
Generated sample at index 181
Total token count: 953
Generated sample at index 511
Total token count: 956
Generated sample at index 367
Total token count: 1842
Generated sample at index 729
Total token count: 1841
Generated sample at index 217
Total token count: 950
Generated sample at index 74
Total token count: 1848
Emptied CUDA cache
{'loss': '15.1', 'grad_norm': '10.78', 'learning_rate': '9.861e-05', 'entropy': '4.092', 'num_tokens': '2.566e+05', 'mean_token_accuracy': '0.0306', 'epoch': '0.2385'}
Generated sample at index 626
Total token count: 949
Generated sample at index 363
Total token count: 1848
Generated sample at index 718
Total token count: 2278
Generated sample at index 64
Total token count: 1405
Generated sample at index 18
Total token count: 1845
Generated sample at index 377
Total token count: 2278
Generated sample at index 388
Total token count: 1848
Generated sample at index 685
Total token count: 940
Emptied CUDA cache
{'loss': '14.83', 'grad_norm': '11.43', 'learning_rate': '9.847e-05', 'entropy': '4.544', 'num_tokens': '2.709e+05', 'mean_token_accuracy': '0.02588', 'epoch': '0.2493'}
Generated sample at index 451
Total token count: 943
Generated sample at index 539
Total token count: 1406
Generated sample at index 146
Total token count: 1843
Generated sample at index 495
Total token count: 1847
Generated sample at index 206
Total token count: 1401
Generated sample at index 589
Total token count: 1404
Generated sample at index 403
Total token count: 1835
Generated sample at index 440
Total token count: 953
Emptied CUDA cache
{'loss': '14.41', 'grad_norm': '11.35', 'learning_rate': '9.833e-05', 'entropy': '4.791', 'num_tokens': '2.826e+05', 'mean_token_accuracy': '0.02744', 'epoch': '0.2602'}
Generated sample at index 354
Total token count: 1842
Generated sample at index 214
Total token count: 1843
Generated sample at index 156
Total token count: 938
Generated sample at index 91
Total token count: 1400
Generated sample at index 10
Total token count: 2285
Generated sample at index 65
Total token count: 1403
Generated sample at index 637
Total token count: 956
Generated sample at index 642
Total token count: 1375
Emptied CUDA cache
{'loss': '14.1', 'grad_norm': '11.64', 'learning_rate': '9.819e-05', 'entropy': '4.854', 'num_tokens': '2.942e+05', 'mean_token_accuracy': '0.02733', 'epoch': '0.271'}
Generated sample at index 143
Total token count: 4494
Generated sample at index 5
Total token count: 955
Generated sample at index 395
Total token count: 941
Generated sample at index 265
Total token count: 938
Generated sample at index 256
Total token count: 1405
Generated sample at index 200
Total token count: 3171
Generated sample at index 93
Total token count: 956
Generated sample at index 572
Total token count: 946
Emptied CUDA cache
{'loss': '13.9', 'grad_norm': '12.96', 'learning_rate': '9.803e-05', 'entropy': '5.144', 'num_tokens': '3.084e+05', 'mean_token_accuracy': '0.02554', 'epoch': '0.2818'}
Generated sample at index 81
Total token count: 2291
Generated sample at index 548
Total token count: 2290
Generated sample at index 723
Total token count: 939
Generated sample at index 296
Total token count: 949
Generated sample at index 597
Total token count: 941
Generated sample at index 352
Total token count: 940
Generated sample at index 654
Total token count: 956
Generated sample at index 532
Total token count: 1403
Emptied CUDA cache
{'loss': '13.43', 'grad_norm': '13.95', 'learning_rate': '9.787e-05', 'entropy': '5.444', 'num_tokens': '3.187e+05', 'mean_token_accuracy': '0.02883', 'epoch': '0.2927'}
Generated sample at index 629
Total token count: 1382
Generated sample at index 454
Total token count: 961
Generated sample at index 569
Total token count: 1402
Generated sample at index 280
Total token count: 1845
Generated sample at index 90
Total token count: 948
Generated sample at index 566
Total token count: 1848
Generated sample at index 282
Total token count: 954
Generated sample at index 663
Total token count: 950
Emptied CUDA cache
{'loss': '13.05', 'grad_norm': '15.28', 'learning_rate': '9.771e-05', 'entropy': '5.868', 'num_tokens': '3.294e+05', 'mean_token_accuracy': '0.02884', 'epoch': '0.3035'}
Generated sample at index 189
Total token count: 948
Generated sample at index 187
Total token count: 950
Generated sample at index 160
Total token count: 1402
Generated sample at index 350
Total token count: 1406
Generated sample at index 661
Total token count: 1401
Generated sample at index 738
Total token count: 942
Generated sample at index 716
Total token count: 1384
Generated sample at index 225
Total token count: 2728
Emptied CUDA cache
{'loss': '12.73', 'grad_norm': '14.19', 'learning_rate': '9.754e-05', 'entropy': '6.042', 'num_tokens': '3.388e+05', 'mean_token_accuracy': '0.02827', 'epoch': '0.3144'}
Generated sample at index 604
Total token count: 1398
Generated sample at index 48
Total token count: 1399
Generated sample at index 446
Total token count: 1402
Generated sample at index 272
Total token count: 2287
Generated sample at index 208
Total token count: 1407
Generated sample at index 721
Total token count: 1378
Generated sample at index 587
Total token count: 1842
Generated sample at index 456
Total token count: 944
Emptied CUDA cache
{'loss': '12.4', 'grad_norm': '16.72', 'learning_rate': '9.736e-05', 'entropy': '6.809', 'num_tokens': '3.526e+05', 'mean_token_accuracy': '0.02517', 'epoch': '0.3252'}
Generated sample at index 150
Generated sample at index 631
Total token count: 3176
Generated sample at index 332
Generated sample at index 232
Total token count: 1845
Generated sample at index 178
Generated sample at index 634
Total token count: 959
Generated sample at index 164
Generated sample at index 561
Total token count: 2288
Computing metrics on evaluation batch...
{'eval_loss': '11.83', 'eval_token_accuracy': '0.0007973', 'eval_runtime': '9.743', 'eval_samples_per_second': '0.821', 'eval_steps_per_second': '0.411', 'eval_entropy': '7.178', 'eval_num_tokens': '3.526e+05', 'eval_mean_token_accuracy': '0.02618', 'epoch': '0.3252'}
Generated sample at index 164

Ground truth description for sample 6:
Federer aims a high kick serve, Delpotro returns a backhand return, a few shots exchanged, Delpotro cross-court backhand catches the net.

Model output:
In the tennis clip, Roger Federer is seen on the baseline, preparing to serve. He tosses the ball into the air and strikes it with a powerful forehand. The ball travels across the net, and Juan Martin Del Potro, positioned on the opposite side, returns the serve with a forehand. Federer follows through with his swing, but the ball is not in the expected direction. Del Potro, anticipating the return, hits the ball back, but Federer manages to return it with a strong backhand. The rally continues, with both players showcasing their skills and precision. The point ends with Federer winning the point, as he successfully returns the ball with a forehand. The crowd watches intently, captivated by the intense competition.

ROUGE score: {'rouge1': np.float64(0.13986013986013984), 'rouge2': np.float64(0.014184397163120567), 'rougeL': np.float64(0.11188811188811189), 'rougeLsum': np.float64(0.11188811188811189)}
Generated sample at index 631

Ground truth description for sample 1:
Good serve aimed at T, Sharapova only reaches to it, hitting the return long.

Model output:
In this tennis clip, Serena Williams is on the baseline preparing to serve, while Maria Sharapova is positioned on the opposite side of the court. Serena serves the ball, and Maria returns it. The ball is hit back and forth, with Serena successfully returning the serve. Maria then hits a forehand return, and Serena responds with a forehand. The rally continues, with both players exchanging shots. Eventually, Maria hits a forehand, and Serena responds with a forehand. The point ends with Maria winning the point, as she successfully returns the serve and wins the rally.

ROUGE score: {'rouge1': np.float64(0.11009174311926605), 'rouge2': np.float64(0.0), 'rougeL': np.float64(0.09174311926605504), 'rougeLsum': np.float64(0.09174311926605504)}
Generated sample at index 634

Ground truth description for sample 5:
Quick serve, Sharapova crafts a forehand return, Serena goes for a forehand down the line but catches the net.

Model output:
In this tennis clip, Serena Williams and Maria Sharapova are engaged in a point during a match on a grass court. The score is 40-30, indicating that Serena Williams is leading the game. Serena Williams is in the process of serving, preparing to return the ball. She is positioned on the right side of the court, ready to receive the serve. Maria Sharapova is on the left side of the court, preparing to return the serve. As the ball is served, Serena Williams returns the ball with a forehand, sending it into the net. Maria Sharapova is positioned to return the ball, but Serena Williams is able to hit the ball back into the court. The point ends with Serena Williams winning the point.

ROUGE score: {'rouge1': np.float64(0.15277777777777776), 'rouge2': np.float64(0.028169014084507043), 'rougeL': np.float64(0.125), 'rougeLsum': np.float64(0.125)}
Generated sample at index 634

Ground truth description for sample 5:
Quick serve, Sharapova crafts a forehand return, Serena goes for a forehand down the line but catches the net.

Model output:
In this tennis clip, Serena Williams and Maria Sharapova are playing a point on a grass court. Serena is on the right side of the court, and Maria is on the left. The score is 40-30, indicating that Serena is leading. Serena is preparing to serve, and Maria is ready to receive the ball. The ball is served, and Serena returns it with a powerful shot. Maria is able to return the ball, but Serena is able to reach the ball and win the point. The point is won by Serena Williams.

ROUGE score: {'rouge1': np.float64(0.16071428571428573), 'rouge2': np.float64(0.0), 'rougeL': np.float64(0.125), 'rougeLsum': np.float64(0.125)}
Generated sample at index 178

Ground truth description for sample 4:
Federer arrows a good serve at T, Delpotro backhand return just lands long.

Model output:
In this tennis clip, the point is played on a grass court, and the players are Roger Federer and Juan Martin Del Potro. Federer is serving, and Del Potro is returning. Federer hits a powerful forehand, and Del Potro returns with a strong backhand. The ball is in the air, and Federer is able to return it with a forehand. The ball lands on the baseline, and Del Potro is able to return it with a forehand. The point is won by Federer, and the score is now 3-1 in favor of Federer.

ROUGE score: {'rouge1': np.float64(0.09345794392523364), 'rouge2': np.float64(0.0), 'rougeL': np.float64(0.09345794392523364), 'rougeLsum': np.float64(0.09345794392523364)}
Generated sample at index 150

Ground truth description for sample 0:
Delpotro serves a high kick serve, Federer delivers a backhand return, lengthy exchange between the players, Delpotro cross-court backhand fails to land inside the court.

Model output:
In the tennis clip, Roger Federer and Juan Martin Del Potro are engaged in a point on a grass court. Federer is positioned on the left side of the court, while Del Potro is on the right. The rally begins with Federer hitting the ball, and it is returned by Del Potro. Federer then returns the ball, and it is again returned by Del Potro. The rally continues with Federer hitting the ball, and it is returned by Del Potro. Federer then returns the ball, and it is again returned by Del Potro. The rally continues with Federer hitting the ball, and it is returned by Del Potro. Federer then returns the ball, and it is again returned by Del Potro. The rally continues with Federer hitting the ball, and it is returned by Del Potro. Federer then returns the ball, and it is again returned by Del Potro. The rally continues with Federer hitting the ball, and it is returned by Del Potro. Federer then returns the ball, and it is again returned by Del Potro. The rally continues with Federer hitting the ball, and it is returned by Del Potro. Federer then returns the ball, and it is again returned

ROUGE score: {'rouge1': np.float64(0.061403508771929835), 'rouge2': np.float64(0.008849557522123894), 'rougeL': np.float64(0.04385964912280702), 'rougeLsum': np.float64(0.04385964912280702)}
Generated sample at index 561

Ground truth description for sample 7:
Quick serve, Djokovic returns a backhand return, huge rally, Tsonga pulls a forehand cross-court lob long of the court.

Model output:
In the tennis clip, Jo-Wilfried Tsonga and Novak Djokovic are playing a point on a grass court. Tsonga is on the baseline, preparing to return a shot. He swings his racket and hits the ball with a forehand. Djokovic, positioned on the opposite side of the court, is ready to receive the return. He moves to the net and hits a backhand return. The ball is then sent back to Tsonga, who is now on the baseline. Tsonga continues to move forward, preparing to return the ball. The point ends with Djokovic winning the point.

ROUGE score: {'rouge1': np.float64(0.18965517241379307), 'rouge2': np.float64(0.08771929824561403), 'rougeL': np.float64(0.13793103448275862), 'rougeLsum': np.float64(0.13793103448275862)}
Generated sample at index 631

Ground truth description for sample 1:
Good serve aimed at T, Sharapova only reaches to it, hitting the return long.

Model output:
In this tennis clip, the score is 15-15, and the point is decided by a serve. The player on the left, Serena Williams, is preparing to serve. She is in a ready stance, holding her racket, and is about to execute her serve. The player on the right, Maria Sharapova, is positioned to receive the serve. As the serve is completed, the player on the right, Maria Sharapova, is seen returning the serve. The serve is not a winner for either player, and the point is decided by the serve. The serve is not a winner for either player, and the point is decided by the serve.

ROUGE score: {'rouge1': np.float64(0.06557377049180328), 'rouge2': np.float64(0.0), 'rougeL': np.float64(0.06557377049180328), 'rougeLsum': np.float64(0.06557377049180328)}
Generated sample at index 164

Ground truth description for sample 6:
Federer aims a high kick serve, Delpotro returns a backhand return, a few shots exchanged, Delpotro cross-court backhand catches the net.

Model output:
In this tennis clip, Roger Federer and Juan Martin Del Potro are engaged in a point on the grass court. Federer, dressed in a red shirt and white shorts, is seen preparing to return the ball after a shot. He takes a few steps forward and then swings his racket, hitting the ball with precision. The ball is then seen traveling across the court, and Federer is seen reacting to the shot, possibly adjusting his stance or preparing for the next move. The point is then concluded, and the players are seen on the court, with Federer having successfully returned the ball. The clip captures the intensity and skill involved in the match, showcasing the players' movements and the dynamic nature of the game.

ROUGE score: {'rouge1': np.float64(0.1095890410958904), 'rouge2': np.float64(0.013888888888888888), 'rougeL': np.float64(0.1095890410958904), 'rougeLsum': np.float64(0.1095890410958904)}
Generated sample at index 631

Ground truth description for sample 1:
Good serve aimed at T, Sharapova only reaches to it, hitting the return long.

Model output:
In this tennis clip, the point is being played between Serena Williams and Maria Sharapova on a grass court. The score is 15-15, indicating that the players are at a deuce. Serena Williams is on the baseline, preparing to serve. She tosses the ball into the air and hits a forehand stroke, sending the ball into the court. Maria Sharapova is on the opposite side of the baseline, ready to return the serve. The ball lands in the court, and Maria Sharapova returns the serve with a forehand stroke. Serena Williams is on the baseline, ready to return the serve. She tosses the ball into the air and hits a forehand stroke, sending the ball into the court. Maria Sharapova is on the opposite side of the baseline, ready to return the serve. The ball lands in the court, and Serena Williams returns the serve with a forehand stroke. The point ends with Maria Sharapova winning the point.

ROUGE score: {'rouge1': np.float64(0.06936416184971098), 'rouge2': np.float64(0.0), 'rougeL': np.float64(0.057803468208092484), 'rougeLsum': np.float64(0.057803468208092484)}
Average ROUGE score: {'rouge1': np.float64(0.11524875450198306), 'rouge2': np.float64(0.015281115590425443), 'rougeL': np.float64(0.09618461384807524), 'rougeLsum': np.float64(0.09618461384807524)}
Generated sample at index 728
Total token count: 1394
Generated sample at index 368
Total token count: 1841
Generated sample at index 47
Total token count: 2731
Generated sample at index 210
Total token count: 1840
Generated sample at index 492
Total token count: 943
Generated sample at index 242
Total token count: 1405
Generated sample at index 730
Total token count: 2285
Generated sample at index 547
Total token count: 1845
Emptied CUDA cache
{'loss': '11.95', 'grad_norm': '14.02', 'learning_rate': '9.717e-05', 'entropy': '7.102', 'num_tokens': '3.66e+05', 'mean_token_accuracy': '0.02595', 'epoch': '0.336'}
Generated sample at index 362
Total token count: 2290
Generated sample at index 510
Total token count: 1409
Generated sample at index 455
Total token count: 1842
Generated sample at index 63
Total token count: 955
Generated sample at index 61
Total token count: 1402
Generated sample at index 229
Total token count: 1401
Generated sample at index 675
Total token count: 1399
Generated sample at index 592
Total token count: 1398
Emptied CUDA cache
{'loss': '11.58', 'grad_norm': '11.62', 'learning_rate': '9.698e-05', 'entropy': '7.403', 'num_tokens': '3.786e+05', 'mean_token_accuracy': '0.02783', 'epoch': '0.3469'}
Generated sample at index 435
Total token count: 1400
Generated sample at index 202
Total token count: 1402
Generated sample at index 717
Total token count: 2725
Generated sample at index 100
Total token count: 1397
Generated sample at index 543
Total token count: 950
Generated sample at index 460
Total token count: 963
Generated sample at index 664
Total token count: 1403
Generated sample at index 234
Total token count: 938
Emptied CUDA cache
{'loss': '11.2', 'grad_norm': '10.27', 'learning_rate': '9.679e-05', 'entropy': '7.587', 'num_tokens': '3.902e+05', 'mean_token_accuracy': '0.03167', 'epoch': '0.3577'}
Generated sample at index 219
Total token count: 947
Generated sample at index 26
Total token count: 1844
Generated sample at index 259
Total token count: 2727
Generated sample at index 590
Total token count: 942
Generated sample at index 304
Total token count: 945
Generated sample at index 498
Total token count: 951
Generated sample at index 402
Total token count: 1396
Generated sample at index 500
Total token count: 952
Emptied CUDA cache
{'loss': '10.96', 'grad_norm': '9.522', 'learning_rate': '9.659e-05', 'entropy': '7.681', 'num_tokens': '4.009e+05', 'mean_token_accuracy': '0.02836', 'epoch': '0.3686'}
Generated sample at index 679
Total token count: 1409
Generated sample at index 188
Total token count: 1413
Generated sample at index 360
Total token count: 938
Generated sample at index 34
Total token count: 1839
Generated sample at index 112
Total token count: 945
Generated sample at index 394
Total token count: 944
Generated sample at index 578
Total token count: 1397
Generated sample at index 648
Total token count: 945
Emptied CUDA cache
{'loss': '10.68', 'grad_norm': '9.511', 'learning_rate': '9.638e-05', 'entropy': '7.591', 'num_tokens': '4.107e+05', 'mean_token_accuracy': '0.03046', 'epoch': '0.3794'}
Generated sample at index 51
Total token count: 1844
Generated sample at index 7
Total token count: 1407
Generated sample at index 356
Total token count: 1401
Generated sample at index 386
Total token count: 936
Generated sample at index 514
Total token count: 952
Generated sample at index 153
Total token count: 1393
Generated sample at index 463
Total token count: 951
Generated sample at index 401
Total token count: 1401
Emptied CUDA cache
{'loss': '10.41', 'grad_norm': '8.889', 'learning_rate': '9.617e-05', 'entropy': '7.973', 'num_tokens': '4.206e+05', 'mean_token_accuracy': '0.03106', 'epoch': '0.3902'}
Generated sample at index 113
Total token count: 1385
Generated sample at index 110
Total token count: 1385
Generated sample at index 405
Total token count: 1391
Generated sample at index 311
Total token count: 948
Generated sample at index 739
Total token count: 940
Generated sample at index 472
Total token count: 1406
Generated sample at index 599
Total token count: 1376
Generated sample at index 399
Total token count: 1844
Emptied CUDA cache
{'loss': '10.21', 'grad_norm': '8.537', 'learning_rate': '9.595e-05', 'entropy': '8.107', 'num_tokens': '4.308e+05', 'mean_token_accuracy': '0.0273', 'epoch': '0.4011'}
Generated sample at index 99
Total token count: 2289
Generated sample at index 432
Total token count: 1835
Generated sample at index 121
Total token count: 1398
Generated sample at index 148
Total token count: 1409
Generated sample at index 646
Total token count: 1834
Generated sample at index 673
Total token count: 1395
Generated sample at index 602
Total token count: 1387
Generated sample at index 263
Total token count: 945
Emptied CUDA cache
{'loss': '9.987', 'grad_norm': '8.415', 'learning_rate': '9.572e-05', 'entropy': '8.279', 'num_tokens': '4.442e+05', 'mean_token_accuracy': '0.02623', 'epoch': '0.4119'}
Generated sample at index 298
Total token count: 1842
Generated sample at index 212
Total token count: 1404
Generated sample at index 670
Total token count: 1398
Generated sample at index 341
Total token count: 950
Generated sample at index 444
Total token count: 947
Generated sample at index 4
Total token count: 1404
Generated sample at index 632
Total token count: 1406
Generated sample at index 464
Total token count: 1415
Emptied CUDA cache
{'loss': '9.72', 'grad_norm': '8.598', 'learning_rate': '9.549e-05', 'entropy': '8.016', 'num_tokens': '4.545e+05', 'mean_token_accuracy': '0.02982', 'epoch': '0.4228'}
Generated sample at index 568
Total token count: 946
Generated sample at index 173
Total token count: 2285
Generated sample at index 312
Total token count: 957
Generated sample at index 274
Total token count: 2285
Generated sample at index 614
Total token count: 1402
Generated sample at index 672
Total token count: 1396
Generated sample at index 301
Total token count: 2283
Generated sample at index 490
Total token count: 965
Emptied CUDA cache
{'loss': '9.529', 'grad_norm': '7.826', 'learning_rate': '9.526e-05', 'entropy': '8.244', 'num_tokens': '4.674e+05', 'mean_token_accuracy': '0.0295', 'epoch': '0.4336'}
Generated sample at index 150
Generated sample at index 631
Total token count: 3176
Generated sample at index 332
Generated sample at index 232
Total token count: 1845
Generated sample at index 178
Generated sample at index 634
Total token count: 959
Generated sample at index 164
Generated sample at index 561
Total token count: 2288
Computing metrics on evaluation batch...
{'eval_loss': '9.357', 'eval_token_accuracy': '0.0006379', 'eval_runtime': '9.759', 'eval_samples_per_second': '0.82', 'eval_steps_per_second': '0.41', 'eval_entropy': '8.093', 'eval_num_tokens': '4.674e+05', 'eval_mean_token_accuracy': '0.0281', 'epoch': '0.4336'}
Generated sample at index 178

Ground truth description for sample 4:
Federer arrows a good serve at T, Delpotro backhand return just lands long.

Model output:
In this tennis clip, Roger Federer is preparing to serve the ball, while Juan Martin Del Potro is positioned on the opposite side of the court, ready to receive. Federer serves the ball, and Del Potro returns it with a forehand. The ball is then hit back and forth between the two players, with Federer ultimately winning the point.

ROUGE score: {'rouge1': np.float64(0.08333333333333333), 'rouge2': np.float64(0.0), 'rougeL': np.float64(0.05555555555555555), 'rougeLsum': np.float64(0.05555555555555555)}
Generated sample at index 634

Ground truth description for sample 5:
Quick serve, Sharapova crafts a forehand return, Serena goes for a forehand down the line but catches the net.

Model output:
In this tennis clip, the point is played with Serena Williams and Maria Sharapova. The score is 40-30, indicating that Serena Williams is leading. The player in the foreground is Serena Williams, who is in the process of serving. The player in the background is Maria Sharapova, who is in the process of returning the ball. The ball is in the air, and Serena Williams is in the process of hitting the ball. The point is won by Serena Williams, who successfully returns the ball. The score is now 40-30, with Serena Williams leading.

ROUGE score: {'rouge1': np.float64(0.06956521739130435), 'rouge2': np.float64(0.0), 'rougeL': np.float64(0.06956521739130435), 'rougeLsum': np.float64(0.06956521739130435)}
Generated sample at index 232

Ground truth description for sample 3:
Delpotro aims a fine serve at T, Federer only manages to touch it.

Model output:
In the tennis clip, Roger Federer is seen on the baseline, preparing to serve. He takes a deep breath and tosses the ball into the air, then swings his racket with precision, sending the ball over the net. The ball lands on the opponent's side of the court, and Federer follows through with his swing, showcasing his powerful serve. The point concludes with Federer winning the point, as he successfully returns the ball to the opponent's side, completing the rally with a solid shot. The opponent, Juan Martin Del Potro, is seen on the baseline, ready to respond to the serve.

ROUGE score: {'rouge1': np.float64(0.06896551724137931), 'rouge2': np.float64(0.0), 'rougeL': np.float64(0.06896551724137931), 'rougeLsum': np.float64(0.06896551724137931)}
Generated sample at index 631

Ground truth description for sample 1:
Good serve aimed at T, Sharapova only reaches to it, hitting the return long.

Model output:
In this tennis clip, Serena Williams is preparing to serve, with Maria Sharapova positioned on the opposite side of the court. The serve is executed with precision, and the ball is sent towards the baseline. As the ball approaches the net, Sharapova is in a ready position, anticipating the return. The ball is then returned to the baseline, where Williams is ready to receive the serve. The point concludes with Williams successfully returning the ball, resulting in a successful point for her.

ROUGE score: {'rouge1': np.float64(0.10416666666666667), 'rouge2': np.float64(0.02127659574468085), 'rougeL': np.float64(0.08333333333333334), 'rougeLsum': np.float64(0.08333333333333334)}
Generated sample at index 150

Ground truth description for sample 0:
Delpotro serves a high kick serve, Federer delivers a backhand return, lengthy exchange between the players, Delpotro cross-court backhand fails to land inside the court.

Model output:
In this tennis clip, Roger Federer and Juan Martin Del Potro are engaged in a point on a Wimbledon-style court. Federer, positioned on the left side of the court, is preparing to return a shot. The ball is in the air, and Federer is seen making a precise movement to return the serve. He then proceeds to hit the ball with a powerful forehand, showcasing his skill and control. The ball travels across the court and lands on the opponent's side, where Del Potro is positioned. The ball is then returned by Federer, who is seen in motion, ready to respond to the next shot. The point concludes with Federer successfully hitting the ball, resulting in a point for him. The overall sequence highlights the intensity and precision of the match, with both players demonstrating their abilities on the court.

ROUGE score: {'rouge1': np.float64(0.13095238095238096), 'rouge2': np.float64(0.012048192771084336), 'rougeL': np.float64(0.10714285714285712), 'rougeLsum': np.float64(0.10714285714285712)}
Generated sample at index 232

Ground truth description for sample 3:
Delpotro aims a fine serve at T, Federer only manages to touch it.

Model output:
In the tennis clip, Roger Federer and Juan Martin Del Potro are engaged in a point on the Wimbledon grass court. Federer, wearing a light blue shirt and white shorts, is positioned on the baseline, preparing to return a shot. He receives a serve from Del Potro, who is wearing a red shirt and white shorts. Federer swiftly returns the serve with a forehand, sending the ball across the net. Del Potro then attempts to return the shot but misses, allowing Federer to win the point. The point concludes with Federer securing the advantage, as he successfully returns the serve and wins the point.

ROUGE score: {'rouge1': np.float64(0.06837606837606838), 'rouge2': np.float64(0.0), 'rougeL': np.float64(0.06837606837606838), 'rougeLsum': np.float64(0.06837606837606838)}
Generated sample at index 178

Ground truth description for sample 4:
Federer arrows a good serve at T, Delpotro backhand return just lands long.

Model output:
In the tennis clip, Roger Federer is preparing to serve the ball, while Juan Martin Del Potro is positioned to return. Federer serves the ball, and Del Potro is ready to receive it. The ball is in the air, and Del Potro is positioned to return the serve. The ball is in the air, and Del Potro is positioned to return the serve. The ball is in the air, and Del Potro is positioned to return the serve. The ball is in the air, and Del Potro is positioned to return the serve. The ball is in the air, and Del Potro is positioned to return the serve. The ball is in the air, and Del Potro is positioned to return the serve. The ball is in the air, and Del Potro is positioned to return the serve. The ball is in the air, and Del Potro is positioned to return the serve. The ball is in the air, and Del Potro is positioned to return the serve. The ball is in the air, and Del Potro is positioned to return the serve. The ball is in the air, and Del Potro is positioned to return the serve. The ball is in the air, and Del Potro is positioned to return the

ROUGE score: {'rouge1': np.float64(0.026666666666666665), 'rouge2': np.float64(0.0), 'rougeL': np.float64(0.026666666666666665), 'rougeLsum': np.float64(0.026666666666666665)}
Generated sample at index 631

Ground truth description for sample 1:
Good serve aimed at T, Sharapova only reaches to it, hitting the return long.

Model output:
In this tennis clip, Serena Williams and Maria Sharapova are engaged in a point during a match on a grass court. The score is tied at 15-15. Serena Williams, positioned on the left side of the court, is preparing to return a serve. She is wearing a red top and white shorts, and is in a ready stance, indicating she is anticipating the ball's trajectory. Maria Sharapova, on the right side of the court, is also in a ready stance, preparing to receive the serve. The serve is executed with precision, and the ball is seen in motion, indicating the start of the point. Serena Williams then executes a powerful backhand, sending the ball over the net. Maria Sharapova responds with a strong return, but the ball is not on the intended path. The point concludes with Serena Williams winning the point, as she successfully returns the ball and secures the point. The match continues with the score now at 16-15, with Serena Williams leading.

ROUGE score: {'rouge1': np.float64(0.06593406593406594), 'rouge2': np.float64(0.0), 'rougeL': np.float64(0.054945054945054944), 'rougeLsum': np.float64(0.054945054945054944)}
Generated sample at index 232

Ground truth description for sample 3:
Delpotro aims a fine serve at T, Federer only manages to touch it.

Model output:
In this tennis clip, the point is played between Roger Federer and Juan Martin Del Potro. Federer is on the baseline, preparing to return the serve. He receives the serve and hits a powerful return, sending the ball into the opponent's court. The ball is then returned by Del Potro, who is positioned on the baseline. Federer is able to return the ball with a strong shot, but it is not a successful return. The point ends with Federer winning the point.

ROUGE score: {'rouge1': np.float64(0.10416666666666667), 'rouge2': np.float64(0.0), 'rougeL': np.float64(0.08333333333333334), 'rougeLsum': np.float64(0.08333333333333334)}
Generated sample at index 631

Ground truth description for sample 1:
Good serve aimed at T, Sharapova only reaches to it, hitting the return long.

Model output:
In this tennis clip, the point is being played between Serena Williams and Maria Sharapova. The score is 15-15, indicating that both players have reached a deuce point. Serena Williams is serving, and she is positioned on the baseline. She is in the process of serving, and the ball is in the air. Maria Sharapova is positioned on the other side of the baseline, ready to receive the serve. The ball is in the air, and Serena Williams is in the process of serving. The ball is in the air, and Maria Sharapova is in the process of receiving the serve. The ball is in the air, and Serena Williams is in the process of serving. The ball is in the air, and Maria Sharapova is in the process of receiving the serve. The ball is in the air, and Serena Williams is in the process of serving. The ball is in the air, and Maria Sharapova is in the process of receiving the serve. The ball is in the air, and Serena Williams is in the process of serving. The ball is in the air, and Maria Sharapova is in the process of receiving the serve. The ball is in the air, and Serena Williams is in the process of

ROUGE score: {'rouge1': np.float64(0.035398230088495575), 'rouge2': np.float64(0.0), 'rougeL': np.float64(0.02654867256637168), 'rougeLsum': np.float64(0.02654867256637168)}
Average ROUGE score: {'rouge1': np.float64(0.07575248133170279), 'rouge2': np.float64(0.0033324788515765188), 'rougeL': np.float64(0.06444322765519248), 'rougeLsum': np.float64(0.06444322765519248)}
Generated sample at index 157
Total token count: 1839
Generated sample at index 151
Total token count: 2284
Generated sample at index 647
Total token count: 1402
Generated sample at index 483
Total token count: 954
Generated sample at index 521
Total token count: 953
Generated sample at index 696
Total token count: 1845
Generated sample at index 2
Total token count: 2283
Generated sample at index 584
Total token count: 936
Emptied CUDA cache
{'loss': '9.323', 'grad_norm': '8.83', 'learning_rate': '9.501e-05', 'entropy': '8.102', 'num_tokens': '4.8e+05', 'mean_token_accuracy': '0.03136', 'epoch': '0.4444'}
Generated sample at index 276
Total token count: 950
Generated sample at index 120
Total token count: 1398
Generated sample at index 619
Total token count: 1396
Generated sample at index 248
Total token count: 942
Generated sample at index 616
Total token count: 1383
Generated sample at index 223
Total token count: 1398
Generated sample at index 727
Total token count: 1842
Generated sample at index 56
Total token count: 1841
Emptied CUDA cache
{'loss': '9.202', 'grad_norm': '7.781', 'learning_rate': '9.477e-05', 'entropy': '8.138', 'num_tokens': '4.902e+05', 'mean_token_accuracy': '0.02767', 'epoch': '0.4553'}
Generated sample at index 292
Total token count: 943
Generated sample at index 694
Total token count: 946
Generated sample at index 62
Total token count: 2279
Generated sample at index 243
Total token count: 1403
Generated sample at index 192
Total token count: 2291
Generated sample at index 109
Total token count: 948
Generated sample at index 285
Total token count: 1402
Generated sample at index 546
Total token count: 1847
Emptied CUDA cache
{'loss': '9.024', 'grad_norm': '6.676', 'learning_rate': '9.451e-05', 'entropy': '8.221', 'num_tokens': '5.023e+05', 'mean_token_accuracy': '0.0291', 'epoch': '0.4661'}
Generated sample at index 699
Total token count: 1385
Generated sample at index 70
Total token count: 2723
Generated sample at index 640
Total token count: 1406
Generated sample at index 645
Total token count: 947
Generated sample at index 639
Total token count: 1394
Generated sample at index 24
Total token count: 1841
Generated sample at index 452
Total token count: 1408
Generated sample at index 197
Total token count: 2725
Emptied CUDA cache
{'loss': '8.895', 'grad_norm': '6.366', 'learning_rate': '9.425e-05', 'entropy': '8.258', 'num_tokens': '5.152e+05', 'mean_token_accuracy': '0.02816', 'epoch': '0.477'}
Generated sample at index 743
Total token count: 2282
Generated sample at index 423
Total token count: 1400
Generated sample at index 236
Total token count: 1855
Generated sample at index 649
Total token count: 2724
Generated sample at index 458
Total token count: 968
Generated sample at index 340
Total token count: 1845
Generated sample at index 658
Total token count: 1839
Generated sample at index 8
Total token count: 938
Emptied CUDA cache
{'loss': '8.788', 'grad_norm': '5.79', 'learning_rate': '9.399e-05', 'entropy': '8.163', 'num_tokens': '5.309e+05', 'mean_token_accuracy': '0.02789', 'epoch': '0.4878'}
Generated sample at index 38
Total token count: 1396
Generated sample at index 213
Total token count: 1404
Generated sample at index 431
Total token count: 1835
Generated sample at index 682
Total token count: 2285
Generated sample at index 708
Total token count: 1393
Generated sample at index 496
Total token count: 961
Generated sample at index 484
Total token count: 1403
Generated sample at index 421
Total token count: 940
Emptied CUDA cache
{'loss': '8.611', 'grad_norm': '5.481', 'learning_rate': '9.372e-05', 'entropy': '8.131', 'num_tokens': '5.425e+05', 'mean_token_accuracy': '0.03132', 'epoch': '0.4986'}
Generated sample at index 165
Total token count: 1387
Generated sample at index 636
Total token count: 1391
Generated sample at index 374
Total token count: 941
Generated sample at index 342
Total token count: 945
Generated sample at index 476
Total token count: 1406
Generated sample at index 633
Total token count: 1402
Generated sample at index 275
Total token count: 964
Generated sample at index 115
Total token count: 950
Emptied CUDA cache
{'loss': '8.492', 'grad_norm': '5.204', 'learning_rate': '9.344e-05', 'entropy': '7.99', 'num_tokens': '5.518e+05', 'mean_token_accuracy': '0.03134', 'epoch': '0.5095'}
Generated sample at index 351
Total token count: 1853
Generated sample at index 580
Total token count: 2723
Generated sample at index 190
Total token count: 1401
Generated sample at index 42
Total token count: 944
Generated sample at index 735
Total token count: 2285
Generated sample at index 233
Total token count: 1405
Generated sample at index 443
Total token count: 951
Generated sample at index 659
Total token count: 936
Emptied CUDA cache
{'loss': '8.411', 'grad_norm': '4.643', 'learning_rate': '9.316e-05', 'entropy': '7.87', 'num_tokens': '5.644e+05', 'mean_token_accuracy': '0.0306', 'epoch': '0.5203'}
Generated sample at index 601
Total token count: 1395
Generated sample at index 83
Total token count: 944
Generated sample at index 713
Total token count: 1839
Generated sample at index 515
Total token count: 948
Generated sample at index 261
Total token count: 2290
Generated sample at index 72
Total token count: 2288
Generated sample at index 469
Total token count: 1404
Generated sample at index 742
Total token count: 1842
Emptied CUDA cache
{'loss': '8.343', 'grad_norm': '4.581', 'learning_rate': '9.287e-05', 'entropy': '7.798', 'num_tokens': '5.764e+05', 'mean_token_accuracy': '0.02865', 'epoch': '0.5312'}
Generated sample at index 391
Total token count: 965
Generated sample at index 359
Total token count: 1411
Generated sample at index 245
Total token count: 1846
Generated sample at index 459
Total token count: 1850
Generated sample at index 535
Total token count: 1399
Generated sample at index 537
Total token count: 1844
Generated sample at index 376
Total token count: 937
Generated sample at index 582
Total token count: 939
Emptied CUDA cache
{'loss': '8.237', 'grad_norm': '4.703', 'learning_rate': '9.258e-05', 'entropy': '7.759', 'num_tokens': '5.885e+05', 'mean_token_accuracy': '0.03168', 'epoch': '0.542'}
Generated sample at index 150
Generated sample at index 631
Total token count: 3176
Generated sample at index 332
Generated sample at index 232
Total token count: 1845
Generated sample at index 178
Generated sample at index 634
Total token count: 959
Generated sample at index 164
Generated sample at index 561
Total token count: 2288
Computing metrics on evaluation batch...
{'eval_loss': '8.185', 'eval_token_accuracy': '0.0006379', 'eval_runtime': '9.771', 'eval_samples_per_second': '0.819', 'eval_steps_per_second': '0.409', 'eval_entropy': '7.796', 'eval_num_tokens': '5.885e+05', 'eval_mean_token_accuracy': '0.02891', 'epoch': '0.542'}
Generated sample at index 164

Ground truth description for sample 6:
Federer aims a high kick serve, Delpotro returns a backhand return, a few shots exchanged, Delpotro cross-court backhand catches the net.

Model output:
In the tennis clip, Roger Federer is seen playing a point against Juan Martin Del Potro. Federer is positioned on the baseline, preparing to return a shot. He takes a step back, then swings his racket to hit the ball. The ball is then seen traveling across the court, landing in the opponent's half. The point is won by Federer, who successfully returns the ball. The score is now A-40.

ROUGE score: {'rouge1': np.float64(0.1702127659574468), 'rouge2': np.float64(0.021739130434782608), 'rougeL': np.float64(0.1276595744680851), 'rougeLsum': np.float64(0.1276595744680851)}
Generated sample at index 178

Ground truth description for sample 4:
Federer arrows a good serve at T, Delpotro backhand return just lands long.

Model output:
The tennis clip shows a point between Roger Federer and Juan Martin Del Potro. Federer is serving, and Del Potro is returning. Federer is in the process of serving, and Del Potro is preparing to return the serve. The point is then played, and Federer is able to return the serve. The point is then won by Federer.

ROUGE score: {'rouge1': np.float64(0.11267605633802817), 'rouge2': np.float64(0.0), 'rougeL': np.float64(0.08450704225352113), 'rougeLsum': np.float64(0.08450704225352113)}
Generated sample at index 561

Ground truth description for sample 7:
Quick serve, Djokovic returns a backhand return, huge rally, Tsonga pulls a forehand cross-court lob long of the court.

Model output:
In the tennis clip, Jo-Wilfried Tsonga and Novak Djokovic are playing a point on a hard court. Tsonga is in the process of serving the ball, and Djokovic is preparing to return the serve. Tsonga then hits the ball with a forehand, and Djokovic responds with a backhand. The ball is then returned by Tsonga, who is in the process of making a return. Djokovic then hits the ball with a forehand, and Tsonga responds with a backhand. The ball is then returned by Djokovic, who is in the process of making a return. The point is then won by Tsonga, who is in the process of making a return. The ball is then returned by Djokovic, who is in the process of making a return. The point is then won by Djokovic, who is in the process of making a return. The ball is then returned by Tsonga, who is in the process of making a return. The point is then won by Djokovic, who is in the process of making a return. The ball is then returned by Tsonga, who is in the process of making a return. The point is then won by Djokovic,

ROUGE score: {'rouge1': np.float64(0.10091743119266054), 'rouge2': np.float64(0.018518518518518517), 'rougeL': np.float64(0.08256880733944953), 'rougeLsum': np.float64(0.08256880733944953)}
Generated sample at index 634

Ground truth description for sample 5:
Quick serve, Sharapova crafts a forehand return, Serena goes for a forehand down the line but catches the net.

Model output:
The point is a tiebreak, and the score is 40-30. The player on the left, Serena Williams, is serving the ball. The player on the right, Maria Sharapova, is returning the serve. The player on the left, Serena Williams, is serving the ball. The player on the right, Maria Sharapova, is returning the serve. The player on the left, Serena Williams, is serving the ball. The player on the right, Maria Sharapova, is returning the serve. The player on the left, Serena Williams, is serving the ball. The player on the right, Maria Sharapova, is returning the serve. The player on the left, Serena Williams, is serving the ball. The player on the right, Maria Sharapova, is returning the serve. The player on the left, Serena Williams, is serving the ball. The player on the right, Maria Sharapova, is returning the serve. The player on the left, Serena Williams, is serving the ball. The player on the right, Maria Sharapova, is returning the serve. The player on the left, Serena Williams, is serving the ball. The player on the right, Maria Sharapova, is returning the

ROUGE score: {'rouge1': np.float64(0.05853658536585366), 'rouge2': np.float64(0.0), 'rougeL': np.float64(0.04878048780487806), 'rougeLsum': np.float64(0.04878048780487806)}
Generated sample at index 332

Ground truth description for sample 2:
Federer aims a fine serve in the middle, Delpotro crafts a backhand return, short rally, Delpotro backhand lob lands long.

Model output:
In this tennis clip, the point is played between Roger Federer and Juan Martin Del Potro. Federer is in the process of serving, and Del Potro is preparing to receive the serve. The serve is then returned by Del Potro, who is positioned to receive the serve. The point is then won by Federer, who is able to return the serve and win the point. The point is then played again, and Federer is able to return the serve and win the point. The point is then played again, and Federer is able to return the serve and win the point. The point is then played again, and Federer is able to return the serve and win the point. The point is then played again, and Federer is able to return the serve and win the point. The point is then played again, and Federer is able to return the serve and win the point. The point is then played again, and Federer is able to return the serve and win the point. The point is then played again, and Federer is able to return the serve and win the point. The point is then played again, and Federer is able to return the serve and win the point. The point is then played again, and Feder

ROUGE score: {'rouge1': np.float64(0.04219409282700422), 'rouge2': np.float64(0.00851063829787234), 'rougeL': np.float64(0.03375527426160337), 'rougeLsum': np.float64(0.03375527426160337)}
Generated sample at index 634

Ground truth description for sample 5:
Quick serve, Sharapova crafts a forehand return, Serena goes for a forehand down the line but catches the net.

Model output:
The tennis clip shows a point between Serena Williams and Maria Sharapova. In the sequence, Serena Williams is on the baseline, preparing to return a shot. The ball is in motion, and the point is in the middle of the court. The camera captures the action from a high angle, showing the players' positions and the ball's trajectory. The point is won by Serena Williams, as she successfully returns the ball. The score is 40-30, indicating that the point is being played in the context of a match. The clip is a snapshot of a moment during the match, highlighting the players' actions and the point outcome.

ROUGE score: {'rouge1': np.float64(0.10937500000000001), 'rouge2': np.float64(0.0), 'rougeL': np.float64(0.09375), 'rougeLsum': np.float64(0.09375)}
Generated sample at index 634

Ground truth description for sample 5:
Quick serve, Sharapova crafts a forehand return, Serena goes for a forehand down the line but catches the net.

Model output:
In this tennis clip, the point is contested between Serena Williams and Maria Sharapova. The score is 40-30, indicating that Serena is leading in the game. Serena is in the process of serving, and Maria is preparing to receive the serve. As the ball is in motion, Serena hits the ball with a powerful forehand, sending it into the opponent's backhand court. Maria is in a strong position to return the serve, but Serena manages to keep the ball in play and ultimately wins the point. The point is won by Serena, as she successfully returns the ball to the opponent's side, putting the game in her favor.

ROUGE score: {'rouge1': np.float64(0.15384615384615385), 'rouge2': np.float64(0.0), 'rougeL': np.float64(0.10769230769230768), 'rougeLsum': np.float64(0.10769230769230768)}
Generated sample at index 232

Ground truth description for sample 3:
Delpotro aims a fine serve at T, Federer only manages to touch it.

Model output:
In this tennis clip, Roger Federer and Juan Martin Del Potro are engaged in a point on the Wimbledon tennis court. The point begins with Federer serving the ball. Del Potro is positioned on the baseline, ready to receive the serve. As the ball is struck, Del Potro returns the ball with a forehand, but it is not a successful return. The ball is then hit back to Federer, who is now in a more advantageous position. Federer then hits the ball with a forehand, but it is not a successful return. The ball is then hit back to Federer, who is now in a more advantageous position. Federer then hits the ball with a forehand, but it is not a successful return. The ball is then hit back to Federer, who is now in a more advantageous position. Federer then hits the ball with a forehand, but it is not a successful return. The ball is then hit back to Federer, who is now in a more advantageous position. Federer then hits the ball with a forehand, but it is not a successful return. The ball is then hit back to Federer, who is now in a more advantageous position. Federer then hits the ball with a forehand

ROUGE score: {'rouge1': np.float64(0.04504504504504504), 'rouge2': np.float64(0.0), 'rougeL': np.float64(0.04504504504504504), 'rougeLsum': np.float64(0.04504504504504504)}
Generated sample at index 178

Ground truth description for sample 4:
Federer arrows a good serve at T, Delpotro backhand return just lands long.

Model output:
In this tennis clip, the point is played in a back-and-forth manner between Roger Federer and Juan Martin Del Potro. The key moment occurs when Federer, who is serving, is unable to return the ball effectively, resulting in a missed opportunity. The ball lands in the opponent's court, allowing Federer to take a point. This point is crucial as it sets the stage for the next phase of the match. The outcome of this point will influence the momentum of the game, potentially shifting the balance of power in favor of Federer. The sequence captures the intensity and precision required in a high-stakes match, highlighting the importance of each player's ability to adapt and respond under pressure.

ROUGE score: {'rouge1': np.float64(0.05925925925925927), 'rouge2': np.float64(0.0), 'rougeL': np.float64(0.04444444444444445), 'rougeLsum': np.float64(0.04444444444444445)}
Generated sample at index 631

Ground truth description for sample 1:
Good serve aimed at T, Sharapova only reaches to it, hitting the return long.

Model output:
In this tennis clip, the point is contested between Serena Williams and Maria Sharapova. The score is 15-15, indicating a tie in the set. Serena Williams, positioned on the baseline, is preparing to serve. As the point progresses, Serena takes a step back and serves the ball with a powerful swing. Maria Sharapova, standing on the opposite side of the court, is in a ready stance, anticipating the serve. The ball is struck with force, and the point is won by Serena Williams. The serve is accurate and well-executed, leading to a successful point. The rally continues with both players demonstrating their skills and strategies. The point is won by Serena Williams, advancing her in the match.

ROUGE score: {'rouge1': np.float64(0.06015037593984963), 'rouge2': np.float64(0.0), 'rougeL': np.float64(0.06015037593984963), 'rougeLsum': np.float64(0.06015037593984963)}
Average ROUGE score: {'rouge1': np.float64(0.09122127657713011), 'rouge2': np.float64(0.004876828725117346), 'rougeL': np.float64(0.07283533592491839), 'rougeLsum': np.float64(0.07283533592491839)}
Generated sample at index 201
Total token count: 954
Generated sample at index 320
Total token count: 1844
Generated sample at index 710
Total token count: 1833
Generated sample at index 247
Total token count: 1841
Generated sample at index 40
Total token count: 941
Generated sample at index 577
Total token count: 1403
Generated sample at index 447
Total token count: 956
Generated sample at index 605
Total token count: 947
Emptied CUDA cache
{'loss': '8.187', 'grad_norm': '4.276', 'learning_rate': '9.228e-05', 'entropy': '7.761', 'num_tokens': '5.992e+05', 'mean_token_accuracy': '0.0302', 'epoch': '0.5528'}
Generated sample at index 415
Total token count: 1839
Generated sample at index 238
Total token count: 949
Generated sample at index 108
Total token count: 943
Generated sample at index 29
Total token count: 1408
Generated sample at index 404
Total token count: 949
Generated sample at index 372
Total token count: 1845
Generated sample at index 606
Total token count: 1402
Generated sample at index 625
Total token count: 1394
Emptied CUDA cache
{'loss': '8.078', 'grad_norm': '3.718', 'learning_rate': '9.198e-05', 'entropy': '7.816', 'num_tokens': '6.095e+05', 'mean_token_accuracy': '0.03195', 'epoch': '0.5637'}
Generated sample at index 414
Total token count: 942
Generated sample at index 53
Total token count: 943
Generated sample at index 562
Total token count: 954
Generated sample at index 644
Total token count: 1846
Generated sample at index 737
Total token count: 1388
Generated sample at index 726
Total token count: 1402
Generated sample at index 430
Total token count: 1837
Generated sample at index 37
Total token count: 953
Emptied CUDA cache
{'loss': '8.043', 'grad_norm': '3.145', 'learning_rate': '9.167e-05', 'entropy': '7.888', 'num_tokens': '6.202e+05', 'mean_token_accuracy': '0.02972', 'epoch': '0.5745'}
Generated sample at index 525
Total token count: 1851
Generated sample at index 264
Total token count: 1416
Generated sample at index 300
Total token count: 1838
Generated sample at index 180
Total token count: 944
Generated sample at index 273
Total token count: 2726
Generated sample at index 618
Total token count: 951
Generated sample at index 262
Total token count: 1405
Generated sample at index 82
Total token count: 954
Emptied CUDA cache
{'loss': '7.961', 'grad_norm': '2.887', 'learning_rate': '9.136e-05', 'entropy': '7.906', 'num_tokens': '6.323e+05', 'mean_token_accuracy': '0.03186', 'epoch': '0.5854'}
Generated sample at index 489
Total token count: 950
Generated sample at index 411
Total token count: 1401
Generated sample at index 318
Total token count: 2288
Generated sample at index 441
Total token count: 1397
Generated sample at index 147
Total token count: 953
Generated sample at index 665
Total token count: 942
Generated sample at index 508
Total token count: 956
Generated sample at index 549
Total token count: 1848
Emptied CUDA cache
{'loss': '7.891', 'grad_norm': '2.334', 'learning_rate': '9.104e-05', 'entropy': '7.903', 'num_tokens': '6.421e+05', 'mean_token_accuracy': '0.03534', 'epoch': '0.5962'}
Generated sample at index 20
Total token count: 949
Generated sample at index 628
Total token count: 1843
Generated sample at index 506
Total token count: 945
Generated sample at index 630
Total token count: 1401
Generated sample at index 615
Total token count: 941
Generated sample at index 734
Total token count: 950
Generated sample at index 32
Total token count: 1402
Generated sample at index 97
Total token count: 1385
Emptied CUDA cache
{'loss': '7.88', 'grad_norm': '2.094', 'learning_rate': '9.071e-05', 'entropy': '7.957', 'num_tokens': '6.524e+05', 'mean_token_accuracy': '0.03096', 'epoch': '0.607'}
Generated sample at index 161
Total token count: 1847
Generated sample at index 237
Total token count: 950
Generated sample at index 690
Total token count: 940
Generated sample at index 107
Total token count: 1409
Generated sample at index 333
Total token count: 1850
Generated sample at index 422
Total token count: 951
Generated sample at index 330
Total token count: 1397
Generated sample at index 228
Total token count: 958
Emptied CUDA cache
{'loss': '7.849', 'grad_norm': '1.853', 'learning_rate': '9.038e-05', 'entropy': '7.993', 'num_tokens': '6.631e+05', 'mean_token_accuracy': '0.02962', 'epoch': '0.6179'}
Generated sample at index 55
Total token count: 2287
Generated sample at index 16
Total token count: 949
Generated sample at index 303
Total token count: 951
Generated sample at index 733
Total token count: 948
Generated sample at index 30
Total token count: 1399
Generated sample at index 183
Total token count: 1842
Generated sample at index 488
Total token count: 1412
Generated sample at index 725
Total token count: 943
Emptied CUDA cache
{'loss': '7.786', 'grad_norm': '1.628', 'learning_rate': '9.005e-05', 'entropy': '7.958', 'num_tokens': '6.739e+05', 'mean_token_accuracy': '0.03274', 'epoch': '0.6287'}
Generated sample at index 358
Total token count: 1851
Generated sample at index 27
Total token count: 1846
Generated sample at index 503
Total token count: 1395
Generated sample at index 182
Total token count: 1398
Generated sample at index 554
Total token count: 1415
Generated sample at index 144
Total token count: 1844
Generated sample at index 344
Total token count: 1404
Generated sample at index 57
Total token count: 1850
Emptied CUDA cache
{'loss': '7.782', 'grad_norm': '1.505', 'learning_rate': '8.971e-05', 'entropy': '7.986', 'num_tokens': '6.86e+05', 'mean_token_accuracy': '0.03111', 'epoch': '0.6396'}
Generated sample at index 424
Total token count: 937
Generated sample at index 203
Total token count: 948
Generated sample at index 289
Total token count: 950
Generated sample at index 695
Total token count: 1409
Generated sample at index 102
Total token count: 2729
Generated sample at index 45
Total token count: 3176
Generated sample at index 119
Total token count: 1404
Generated sample at index 612
Total token count: 949
Emptied CUDA cache
{'loss': '7.773', 'grad_norm': '1.293', 'learning_rate': '8.937e-05', 'entropy': '7.99', 'num_tokens': '6.994e+05', 'mean_token_accuracy': '0.02941', 'epoch': '0.6504'}
Generated sample at index 150
Generated sample at index 631
Total token count: 3176
Generated sample at index 332
Generated sample at index 232
Total token count: 1845
Generated sample at index 178
Generated sample at index 634
Total token count: 959
Generated sample at index 164
Generated sample at index 561
Total token count: 2288
Computing metrics on evaluation batch...
{'eval_loss': '7.745', 'eval_token_accuracy': '0.0003987', 'eval_runtime': '9.739', 'eval_samples_per_second': '0.821', 'eval_steps_per_second': '0.411', 'eval_entropy': '7.981', 'eval_num_tokens': '6.994e+05', 'eval_mean_token_accuracy': '0.03054', 'epoch': '0.6504'}
Generated sample at index 332

Ground truth description for sample 2:
Federer aims a fine serve in the middle, Delpotro crafts a backhand return, short rally, Delpotro backhand lob lands long.

Model output:
In this tennis clip, the point is won by Juan Martin Del Potro. The player, who is in the process of serving, is in a strong position on the court. He serves the ball with a powerful swing, and the ball lands on the opponent's side of the court. The opponent, who is in the process of returning the serve, is able to make a solid return, sending the ball back to the opponent's side. The opponent then successfully returns the ball, and the point is won by the opponent. The point is won by the opponent, who is in a strong position on the court. The opponent is able to make a solid return, and the point is won by the opponent. The point is won by the opponent, who is in a strong position on the court. The opponent is able to make a solid return, and the point is won by the opponent. The point is won by the opponent, who is in a strong position on the court. The opponent is able to make a solid return, and the point is won by the opponent. The point is won by the opponent, who is in a strong position on the court. The opponent is able to make a solid return, and the point is won by the opponent. The point

ROUGE score: {'rouge1': np.float64(0.05691056910569106), 'rouge2': np.float64(0.00819672131147541), 'rougeL': np.float64(0.04878048780487805), 'rougeLsum': np.float64(0.04878048780487805)}
Generated sample at index 232

Ground truth description for sample 3:
Delpotro aims a fine serve at T, Federer only manages to touch it.

Model output:
The tennis clip shows a point between Roger Federer and Juan Martin Del Potro. The score is 40-0. Federer, who is on the receiving end of the point, is seen serving the ball. He is positioned on the baseline, and the ball is in the air, indicating that he is preparing to serve. The point is then awarded to Federer, who is seen in the process of returning the ball. The point is then awarded to Federer, who is seen in the process of returning the ball. The point is then awarded to Federer, who is seen in the process of returning the ball. The point is then awarded to Federer, who is seen in the process of returning the ball. The point is then awarded to Federer, who is seen in the process of returning the ball. The point is then awarded to Federer, who is seen in the process of returning the ball. The point is then awarded to Federer, who is seen in the process of returning the ball. The point is then awarded to Federer, who is seen in the process of returning the ball. The point is then awarded to Federer, who is seen in the process of returning the ball. The point is then awarded to Federer

ROUGE score: {'rouge1': np.float64(0.035242290748898675), 'rouge2': np.float64(0.0), 'rougeL': np.float64(0.035242290748898675), 'rougeLsum': np.float64(0.035242290748898675)}
Generated sample at index 332

Ground truth description for sample 2:
Federer aims a fine serve in the middle, Delpotro crafts a backhand return, short rally, Delpotro backhand lob lands long.

Model output:
In the tennis clip, Juan Martin Del Potro is seen hitting a backhand, while Roger Federer is positioned to return the ball. The point is played with both players on the court, and the outcome is a win for Roger Federer. The game is then continued with the next point, where the players continue to play.

ROUGE score: {'rouge1': np.float64(0.18421052631578946), 'rouge2': np.float64(0.05405405405405405), 'rougeL': np.float64(0.13157894736842105), 'rougeLsum': np.float64(0.13157894736842105)}
Generated sample at index 561

Ground truth description for sample 7:
Quick serve, Djokovic returns a backhand return, huge rally, Tsonga pulls a forehand cross-court lob long of the court.

Model output:
The tennis clip features a point between Jo-Wilfried Tsonga and Novak Djokovic. Tsonga is serving the ball, and Djokovic is preparing to return. Djokovic hits the ball with a powerful swing, and Tsonga is able to return the ball with a strong shot. However, Djokovic is unable to keep up with the pace of the rally, and Tsonga wins the point. The point ends with Djokovic losing the point, and Tsonga winning the point.

ROUGE score: {'rouge1': np.float64(0.16842105263157894), 'rouge2': np.float64(0.021505376344086023), 'rougeL': np.float64(0.12631578947368421), 'rougeLsum': np.float64(0.12631578947368421)}
Generated sample at index 164

Ground truth description for sample 6:
Federer aims a high kick serve, Delpotro returns a backhand return, a few shots exchanged, Delpotro cross-court backhand catches the net.

Model output:
The point is won by Federer, who is serving. He successfully hits the ball into the opponent's zone, and the opponent fails to return the ball, resulting in a point for Federer.

ROUGE score: {'rouge1': np.float64(0.14545454545454545), 'rouge2': np.float64(0.0), 'rougeL': np.float64(0.10909090909090909), 'rougeLsum': np.float64(0.10909090909090909)}
Generated sample at index 178

Ground truth description for sample 4:
Federer arrows a good serve at T, Delpotro backhand return just lands long.

Model output:
In the tennis clip, Roger Federer is seen serving the ball, while Juan Martin Del Potro is positioned on the opposite side of the court. The ball is struck with a powerful swing, resulting in a successful return by Del Potro. The point concludes with Federer successfully returning the serve, showcasing his skill and precision. The game continues with both players demonstrating their prowess on the court.

ROUGE score: {'rouge1': np.float64(0.09999999999999999), 'rouge2': np.float64(0.0), 'rougeL': np.float64(0.075), 'rougeLsum': np.float64(0.075)}
Generated sample at index 232

Ground truth description for sample 3:
Delpotro aims a fine serve at T, Federer only manages to touch it.

Model output:
In the tennis clip, the score is 40-0, indicating that the player who has just won the point is at 40-0 in the game. The player who has just won the point is Roger Federer, who is on the baseline and preparing to serve. The player who has just won the point is Juan Martin Del Potro, who is on the baseline and preparing to return the serve. The player who has just won the point is Roger Federer, who is on the baseline and preparing to serve. The player who has just won the point is Juan Martin Del Potro, who is on the baseline and preparing to return the serve. The player who has just won the point is Roger Federer, who is on the baseline and preparing to serve. The player who has just won the point is Juan Martin Del Potro, who is on the baseline and preparing to return the serve. The player who has just won the point is Roger Federer, who is on the baseline and preparing to serve. The player who has just won the point is Juan Martin Del Potro, who is on the baseline and preparing to return the serve. The player who has just won the point is Roger Federer, who is on the baseline and preparing to

ROUGE score: {'rouge1': np.float64(0.03418803418803419), 'rouge2': np.float64(0.0), 'rougeL': np.float64(0.02564102564102564), 'rougeLsum': np.float64(0.02564102564102564)}
Generated sample at index 634

Ground truth description for sample 5:
Quick serve, Sharapova crafts a forehand return, Serena goes for a forehand down the line but catches the net.

Model output:
In this tennis clip, Serena Williams is serving the ball to Maria Sharapova. The score is 40-30, indicating that Serena is currently serving in a deuce situation. As the ball is served, Maria is preparing to return the serve. However, the ball is not properly served, and the point is not completed. The score remains 40-30, with the serve being completed. The point is not completed, and the score remains 40-30.

ROUGE score: {'rouge1': np.float64(0.15053763440860216), 'rouge2': np.float64(0.0), 'rougeL': np.float64(0.10752688172043011), 'rougeLsum': np.float64(0.10752688172043011)}
Generated sample at index 150

Ground truth description for sample 0:
Delpotro serves a high kick serve, Federer delivers a backhand return, lengthy exchange between the players, Delpotro cross-court backhand fails to land inside the court.

Model output:
In this tennis clip, the point is won by Juan Martin Del Potro. Del Potro is seen hitting the ball with his forehand, and the ball is returned by Federer. The point is won by Federer, who then returns the ball to Del Potro. The point is won by Del Potro, who then returns the ball to Federer. The point is won by Federer, who then returns the ball to Del Potro. The point is won by Del Potro, who then returns the ball to Federer. The point is won by Federer, who then returns the ball to Del Potro. The point is won by Del Potro, who then returns the ball to Federer. The point is won by Federer, who then returns the ball to Del Potro. The point is won by Del Potro, who then returns the ball to Federer. The point is won by Federer, who then returns the ball to Del Potro. The point is won by Del Potro, who then returns the ball to Federer. The point is won by Federer, who then returns the ball to Del Potro. The point is won by Del Potro, who then returns the ball to Federer. The point

ROUGE score: {'rouge1': np.float64(0.03539823008849558), 'rouge2': np.float64(0.0), 'rougeL': np.float64(0.03539823008849558), 'rougeLsum': np.float64(0.03539823008849558)}
Generated sample at index 232

Ground truth description for sample 3:
Delpotro aims a fine serve at T, Federer only manages to touch it.

Model output:
In the tennis clip, the score is 40-0, and the point is won by Juan Martin Del Potro. The player, who is on the receiving end of the point, is seen in a position to return the ball. The point is won by the player who is on the receiving end of the point. The player who is on the receiving end of the point is seen in a position to return the ball. The point is won by the player who is on the receiving end of the point. The player who is on the receiving end of the point is seen in a position to return the ball. The point is won by the player who is on the receiving end of the point. The player who is on the receiving end of the point is seen in a position to return the ball. The point is won by the player who is on the receiving end of the point. The player who is on the receiving end of the point is seen in a position to return the ball. The point is won by the player who is on the receiving end of the point. The player who is on the receiving end of the point is seen in a position to return the ball. The point is won by the player who is on the receiving end of the point.

ROUGE score: {'rouge1': np.float64(0.016129032258064516), 'rouge2': np.float64(0.0), 'rougeL': np.float64(0.016129032258064516), 'rougeLsum': np.float64(0.016129032258064516)}
Average ROUGE score: {'rouge1': np.float64(0.09264919151997), 'rouge2': np.float64(0.008375615170961548), 'rougeL': np.float64(0.0710703594194807), 'rougeLsum': np.float64(0.0710703594194807)}
Generated sample at index 195
Total token count: 1404
Generated sample at index 523
Total token count: 1850
Generated sample at index 530
Total token count: 1404
Generated sample at index 505
Total token count: 951
Generated sample at index 334
Total token count: 2724
Generated sample at index 220
Total token count: 938
Generated sample at index 624
Total token count: 1395
Generated sample at index 552
Total token count: 1851
Emptied CUDA cache
{'loss': '7.726', 'grad_norm': '1.162', 'learning_rate': '8.902e-05', 'entropy': '7.95', 'num_tokens': '7.11e+05', 'mean_token_accuracy': '0.03233', 'epoch': '0.6612'}
Generated sample at index 479
Total token count: 1858
Generated sample at index 517
Total token count: 1404
Generated sample at index 559
Total token count: 1407
Generated sample at index 370
Total token count: 1398
Generated sample at index 596
Total token count: 950
Generated sample at index 124
Total token count: 942
Generated sample at index 279
Total token count: 2286
Generated sample at index 166
Total token count: 1405
Emptied CUDA cache
{'loss': '7.711', 'grad_norm': '1.099', 'learning_rate': '8.866e-05', 'entropy': '7.941', 'num_tokens': '7.231e+05', 'mean_token_accuracy': '0.03231', 'epoch': '0.6721'}
Generated sample at index 722
Total token count: 942
Generated sample at index 209
Total token count: 1405
Generated sample at index 68
Total token count: 3167
Generated sample at index 103
Total token count: 1406
Generated sample at index 609
Total token count: 2277
Generated sample at index 617
Total token count: 1398
Generated sample at index 720
Total token count: 941
Generated sample at index 656
Total token count: 1392
Emptied CUDA cache
{'loss': '7.708', 'grad_norm': '1.03', 'learning_rate': '8.83e-05', 'entropy': '7.947', 'num_tokens': '7.36e+05', 'mean_token_accuracy': '0.03164', 'epoch': '0.6829'}
Generated sample at index 611
Total token count: 941
Generated sample at index 198
Total token count: 1840
Generated sample at index 570
Total token count: 944
Generated sample at index 434
Total token count: 1399
Generated sample at index 355
Total token count: 2283
Generated sample at index 724
Total token count: 1845
Generated sample at index 251
Total token count: 1413
Generated sample at index 307
Total token count: 3165
Emptied CUDA cache
{'loss': '7.678', 'grad_norm': '0.9542', 'learning_rate': '8.794e-05', 'entropy': '7.917', 'num_tokens': '7.481e+05', 'mean_token_accuracy': '0.03284', 'epoch': '0.6938'}
Generated sample at index 427
Total token count: 1402
Generated sample at index 693
Total token count: 935
Generated sample at index 134
Total token count: 944
Generated sample at index 655
Total token count: 936
Generated sample at index 553
Total token count: 962
Generated sample at index 641
Total token count: 944
Generated sample at index 485
Total token count: 945
Generated sample at index 141
Total token count: 1405
Emptied CUDA cache
{'loss': '7.642', 'grad_norm': '0.908', 'learning_rate': '8.757e-05', 'entropy': '7.856', 'num_tokens': '7.583e+05', 'mean_token_accuracy': '0.03442', 'epoch': '0.7046'}
Generated sample at index 324
Total token count: 1409
Generated sample at index 211
Total token count: 1414
Generated sample at index 373
Total token count: 942
Generated sample at index 715
Total token count: 936
Generated sample at index 581
Total token count: 1395
Generated sample at index 19
Total token count: 4059
Generated sample at index 185
Total token count: 2729
Generated sample at index 52
Total token count: 2285
Emptied CUDA cache
{'loss': '7.645', 'grad_norm': '0.7884', 'learning_rate': '8.719e-05', 'entropy': '7.88', 'num_tokens': '7.726e+05', 'mean_token_accuracy': '0.03233', 'epoch': '0.7154'}
Generated sample at index 345
Total token count: 1407
Generated sample at index 106
Total token count: 959
Generated sample at index 669
Total token count: 1843
Generated sample at index 50
Total token count: 955
Generated sample at index 169
Total token count: 956
Generated sample at index 35
Total token count: 4498
Generated sample at index 131
Total token count: 960
Generated sample at index 576
Total token count: 1399
Emptied CUDA cache
{'loss': '7.584', 'grad_norm': '0.7361', 'learning_rate': '8.682e-05', 'entropy': '7.82', 'num_tokens': '7.865e+05', 'mean_token_accuracy': '0.0375', 'epoch': '0.7263'}
Generated sample at index 635
Total token count: 932
Generated sample at index 378
Total token count: 1398
Generated sample at index 218
Total token count: 968
Generated sample at index 519
Total token count: 1401
Generated sample at index 433
Total token count: 1844
Generated sample at index 375
Total token count: 1399
Generated sample at index 23
Total token count: 2283
Generated sample at index 686
Total token count: 1852
Emptied CUDA cache
{'loss': '7.598', 'grad_norm': '0.674', 'learning_rate': '8.643e-05', 'entropy': '7.828', 'num_tokens': '7.981e+05', 'mean_token_accuracy': '0.03502', 'epoch': '0.7371'}
Generated sample at index 412
Total token count: 937
Generated sample at index 603
Total token count: 1395
Generated sample at index 387
Total token count: 1842
Generated sample at index 550
Total token count: 1399
Generated sample at index 371
Total token count: 1850
Generated sample at index 481
Total token count: 1389
Generated sample at index 620
Total token count: 945
Generated sample at index 707
Total token count: 1386
Emptied CUDA cache
{'loss': '7.611', 'grad_norm': '0.6448', 'learning_rate': '8.605e-05', 'entropy': '7.833', 'num_tokens': '8.097e+05', 'mean_token_accuracy': '0.03248', 'epoch': '0.748'}
Generated sample at index 714
Total token count: 1396
Generated sample at index 704
Total token count: 944
Generated sample at index 493
Total token count: 947
Generated sample at index 544
Total token count: 948
Generated sample at index 621
Total token count: 949
Generated sample at index 740
Total token count: 940
Generated sample at index 744
Total token count: 2283
Generated sample at index 9
Total token count: 952
Emptied CUDA cache
{'loss': '7.565', 'grad_norm': '0.5983', 'learning_rate': '8.565e-05', 'entropy': '7.784', 'num_tokens': '8.195e+05', 'mean_token_accuracy': '0.03746', 'epoch': '0.7588'}
Generated sample at index 150
Generated sample at index 631
Total token count: 3176
Generated sample at index 332
Generated sample at index 232
Total token count: 1845
Generated sample at index 178
Generated sample at index 634
Total token count: 959
Generated sample at index 164
Generated sample at index 561
Total token count: 2288
Computing metrics on evaluation batch...
{'eval_loss': '7.581', 'eval_token_accuracy': '0', 'eval_runtime': '9.79', 'eval_samples_per_second': '0.817', 'eval_steps_per_second': '0.409', 'eval_entropy': '7.81', 'eval_num_tokens': '8.195e+05', 'eval_mean_token_accuracy': '0.03458', 'epoch': '0.7588'}
Generated sample at index 150

Ground truth description for sample 0:
Delpotro serves a high kick serve, Federer delivers a backhand return, lengthy exchange between the players, Delpotro cross-court backhand fails to land inside the court.

Model output:
Roger Federer returns a lob with a backhand. Del Potro returns the lob with a backhand. Federer returns a lob with a backhand. Del Potro returns the lob with a backhand. Federer returns a lob with a backhand. Del Potro returns the lob with a backhand. Federer returns a lob with a backhand. Del Potro returns the lob with a backhand. Federer returns a lob with a backhand. Del Potro returns the lob with a backhand. Federer returns a lob with a backhand. Del Potro returns the lob with a backhand. Federer returns a lob with a backhand. Del Potro returns the lob with a backhand. Federer returns a lob with a backhand. Del Potro returns the lob with a backhand. Federer returns a lob with a backhand. Del Potro returns the lob with a backhand. Federer returns a lob with a backhand. Del Potro returns the lob with a backhand. Federer returns a lob with a backhand. Del Potro returns the lob with a backhand. Federer returns a lob with a backhand. Del Potro returns the lob with a backhand. Federer returns

ROUGE score: {'rouge1': np.float64(0.06698564593301436), 'rouge2': np.float64(0.009661835748792272), 'rougeL': np.float64(0.06698564593301436), 'rougeLsum': np.float64(0.06698564593301436)}
Generated sample at index 634

Ground truth description for sample 5:
Quick serve, Sharapova crafts a forehand return, Serena goes for a forehand down the line but catches the net.

Model output:
Maria Sharapova is serving. Serena Williams returns the serve. Maria Sharapova hits a backhand. Serena Williams returns the serve. Maria Sharapova hits a backhand. Serena Williams returns the serve. Maria Sharapova hits a backhand. Serena Williams returns the serve. Maria Sharapova hits a backhand. Serena Williams returns the serve. Maria Sharapova hits a backhand. Serena Williams returns the serve. Maria Sharapova hits a backhand. Serena Williams returns the serve. Maria Sharapova hits a backhand. Serena Williams returns the serve. Maria Sharapova hits a backhand. Serena Williams returns the serve. Maria Sharapova hits a backhand. Serena Williams returns the serve. Maria Sharapova hits a backhand. Serena Williams returns the serve. Maria Sharapova hits a backhand. Serena Williams returns the serve. Maria Sharapova hits a backhand. Serena Williams returns the serve. Maria Sharapova hits a backhand. Serena Williams returns the serve. Maria Sharapova hits a backhand. Serena Williams returns the serve. Maria Sharapova hits a backhand. Serena Williams returns the serve. Maria Sharapova hits a backhand. Serena Williams returns the serve. Maria Sharap

ROUGE score: {'rouge1': np.float64(0.07368421052631578), 'rouge2': np.float64(0.0), 'rougeL': np.float64(0.07368421052631578), 'rougeLsum': np.float64(0.07368421052631578)}
Generated sample at index 164

Ground truth description for sample 6:
Federer aims a high kick serve, Delpotro returns a backhand return, a few shots exchanged, Delpotro cross-court backhand catches the net.

Model output:
Roger Federer hits the ball to Juan Martin Del Potro, who returns it. The point ends with a Federer fault.

ROUGE score: {'rouge1': np.float64(0.1904761904761905), 'rouge2': np.float64(0.0), 'rougeL': np.float64(0.14285714285714282), 'rougeLsum': np.float64(0.14285714285714282)}
Generated sample at index 178

Ground truth description for sample 4:
Federer arrows a good serve at T, Delpotro backhand return just lands long.

Model output:
Juan Martin Del Potro serves the ball to Roger Federer, who returns the serve. Federer hits a forehand, but the ball is not in the correct position. The ball is in the backhand corner of the court. Federer takes a step back and hits a backhand, but the ball is not in the correct position. The ball is in the backhand corner of the court. Federer takes a step back and hits a backhand, but the ball is not in the correct position. The ball is in the backhand corner of the court. Federer takes a step back and hits a backhand, but the ball is not in the correct position. The ball is in the backhand corner of the court. Federer takes a step back and hits a backhand, but the ball is not in the correct position. The ball is in the backhand corner of the court. Federer takes a step back and hits a backhand, but the ball is not in the correct position. The ball is in the backhand corner of the court. Federer takes a step back and hits a backhand, but the ball is not in the correct position. The ball is in the backhand corner of the court. Federer takes a step

ROUGE score: {'rouge1': np.float64(0.036036036036036036), 'rouge2': np.float64(0.0), 'rougeL': np.float64(0.02702702702702703), 'rougeLsum': np.float64(0.02702702702702703)}
Generated sample at index 631

Ground truth description for sample 1:
Good serve aimed at T, Sharapova only reaches to it, hitting the return long.

Model output:
The point is won by Maria Sharapova.

ROUGE score: {'rouge1': np.float64(0.19047619047619047), 'rouge2': np.float64(0.0), 'rougeL': np.float64(0.09523809523809523), 'rougeLsum': np.float64(0.09523809523809523)}
Generated sample at index 232

Ground truth description for sample 3:
Delpotro aims a fine serve at T, Federer only manages to touch it.

Model output:
Roger Federer hits the ball, and Juan Martin Del Potro returns the point. The ball is hit by Juan Martin Del Potro, and Roger Federer returns the point. The ball is hit by Juan Martin Del Potro, and Roger Federer returns the point. The ball is hit by Juan Martin Del Potro, and Roger Federer returns the point. The ball is hit by Juan Martin Del Potro, and Roger Federer returns the point. The ball is hit by Juan Martin Del Potro, and Roger Federer returns the point. The ball is hit by Juan Martin Del Potro, and Roger Federer returns the point. The ball is hit by Juan Martin Del Potro, and Roger Federer returns the point. The ball is hit by Juan Martin Del Potro, and Roger Federer returns the point. The ball is hit by Juan Martin Del Potro, and Roger Federer returns the point. The ball is hit by Juan Martin Del Potro, and Roger Federer returns the point. The ball is hit by Juan Martin Del Potro, and Roger Federer returns the point. The ball is hit by Juan Martin Del Potro, and Roger Federer returns the point. The ball is hit by Juan Martin Del Potro,

ROUGE score: {'rouge1': np.float64(0.009302325581395349), 'rouge2': np.float64(0.0), 'rougeL': np.float64(0.009302325581395349), 'rougeLsum': np.float64(0.009302325581395349)}
Generated sample at index 634

Ground truth description for sample 5:
Quick serve, Sharapova crafts a forehand return, Serena goes for a forehand down the line but catches the net.

Model output:
The ball is in the middle of the court and the ball is in the middle of the court and the ball is in the middle of the court and the ball is in the middle of the court and the ball is in the middle of the court and the ball is in the middle of the court and the ball is in the middle of the court and the ball is in the middle of the court and the ball is in the middle of the court and the ball is in the middle of the court and the ball is in the middle of the court and the ball is in the middle of the court and the ball is in the middle of the court and the ball is in the middle of the court and the ball is in the middle of the court and the ball is in the middle of the court and the ball is in the middle of the court and the ball is in the middle of the court and the ball is in the middle of the court and the ball is in the middle of the court and the ball is in the middle of the court and the ball is in the middle of the court and the ball is in the middle of the court and the ball is in the middle of the court and the ball is in the middle of the court and the ball is in the middle

ROUGE score: {'rouge1': np.float64(0.014545454545454545), 'rouge2': np.float64(0.0), 'rougeL': np.float64(0.014545454545454545), 'rougeLsum': np.float64(0.014545454545454545)}
Generated sample at index 232

Ground truth description for sample 3:
Delpotro aims a fine serve at T, Federer only manages to touch it.

Model output:
Roger Federer serves the ball, and Juan Martin Del Potro returns it. Federer hits the ball, and Del Potro returns it. Federer hits the ball, and Del Potro returns it. Federer hits the ball, and Del Potro returns it. Federer hits the ball, and Del Potro returns it. Federer hits the ball, and Del Potro returns it. Federer hits the ball, and Del Potro returns it. Federer hits the ball, and Del Potro returns it. Federer hits the ball, and Del Potro returns it. Federer hits the ball, and Del Potro returns it. Federer hits the ball, and Del Potro returns it. Federer hits the ball, and Del Potro returns it. Federer hits the ball, and Del Potro returns it. Federer hits the ball, and Del Potro returns it. Federer hits the ball, and Del Potro returns it. Federer hits the ball, and Del Potro returns it. Federer hits the ball, and Del Potro returns it. Federer hits the ball, and Del Potro returns it. Federer hits the ball, and Del Potro returns it. Federer hits the ball,

ROUGE score: {'rouge1': np.float64(0.020942408376963352), 'rouge2': np.float64(0.0), 'rougeL': np.float64(0.020942408376963352), 'rougeLsum': np.float64(0.020942408376963352)}
Generated sample at index 561

Ground truth description for sample 7:
Quick serve, Djokovic returns a backhand return, huge rally, Tsonga pulls a forehand cross-court lob long of the court.

Model output:
Tsonga serves the ball to Djokovic. Djokovic returns the serve with a backhand. Tsonga returns the serve with a backhand. Djokovic returns the serve with a backhand. Tsonga returns the serve with a backhand. Djokovic returns the serve with a backhand. Tsonga returns the serve with a backhand. Djokovic returns the serve with a backhand. Tsonga returns the serve with a backhand. Djokovic returns the serve with a backhand. Tsonga returns the serve with a backhand. Djokovic returns the serve with a backhand. Tsonga returns the serve with a backhand. Djokovic returns the serve with a backhand. Tsonga returns the serve with a backhand. Djokovic returns the serve with a backhand. Tsonga returns the serve with a backhand. Djokovic returns the serve with a backhand. Tsonga returns the serve with a backhand. Djokovic returns the serve with a backhand. Tsonga returns the serve with a backhand. Djokovic returns the serve with a backhand. Tsonga returns the serve with a backhand. Djokovic returns the serve with a backhand. Tsonga returns

ROUGE score: {'rouge1': np.float64(0.08465608465608465), 'rouge2': np.float64(0.0213903743315508), 'rougeL': np.float64(0.08465608465608465), 'rougeLsum': np.float64(0.08465608465608465)}
Generated sample at index 164

Ground truth description for sample 6:
Federer aims a high kick serve, Delpotro returns a backhand return, a few shots exchanged, Delpotro cross-court backhand catches the net.

Model output:
The point is won by Federer, who is serving. Del Potro is serving. Federer is serving. Federer is serving. Del Potro is serving. Federer is serving. Del Potro is serving. Federer is serving. Del Potro is serving. Federer is serving. Del Potro is serving. Federer is serving. Del Potro is serving. Federer is serving. Del Potro is serving. Federer is serving. Del Potro is serving. Federer is serving. Del Potro is serving. Federer is serving. Del Potro is serving. Federer is serving. Del Potro is serving. Federer is serving. Del Potro is serving. Federer is serving. Del Potro is serving. Federer is serving. Del Potro is serving. Federer is serving. Del Potro is serving. Federer is serving. Del Potro is serving. Federer is serving. Del Potro is serving. Federer is serving. Del Potro is serving. Federer is serving. Del Potro is serving. Federer is serving. Del Potro is serving. Federer is serving. Del Potro is serving. Federer is serving. Del Potro is serving. Federer

ROUGE score: {'rouge1': np.float64(0.021505376344086023), 'rouge2': np.float64(0.0), 'rougeL': np.float64(0.010752688172043012), 'rougeLsum': np.float64(0.010752688172043012)}
Average ROUGE score: {'rouge1': np.float64(0.07086099229517309), 'rouge2': np.float64(0.003105221008034307), 'rougeL': np.float64(0.054599108291353615), 'rougeLsum': np.float64(0.054599108291353615)}
Generated sample at index 194
Total token count: 953
Generated sample at index 502
Total token count: 1409
Generated sample at index 14
Total token count: 1402
Generated sample at index 408
Total token count: 1849
Generated sample at index 579
Total token count: 1399
Generated sample at index 712
Total token count: 1403
Generated sample at index 319
Total token count: 1398
Generated sample at index 450
Total token count: 1409
Emptied CUDA cache
{'loss': '7.536', 'grad_norm': '0.5753', 'learning_rate': '8.526e-05', 'entropy': '7.764', 'num_tokens': '8.303e+05', 'mean_token_accuracy': '0.03846', 'epoch': '0.7696'}
Generated sample at index 591
Total token count: 1840
Generated sample at index 207
Total token count: 1847
Generated sample at index 418
Total token count: 1377
Generated sample at index 499
Total token count: 1409
Generated sample at index 94
Total token count: 948
Generated sample at index 116
Total token count: 954
Generated sample at index 159
Total token count: 948
Generated sample at index 85
Total token count: 941
Emptied CUDA cache
{'loss': '7.535', 'grad_norm': '0.5461', 'learning_rate': '8.485e-05', 'entropy': '7.762', 'num_tokens': '8.41e+05', 'mean_token_accuracy': '0.03782', 'epoch': '0.7805'}
Generated sample at index 556
Total token count: 1405
Generated sample at index 139
Total token count: 950
Generated sample at index 565
Total token count: 948
Generated sample at index 745
Total token count: 937
Generated sample at index 668
Total token count: 1400
Generated sample at index 184
Total token count: 1400
Generated sample at index 681
Total token count: 1391
Generated sample at index 254
Total token count: 945
Emptied CUDA cache
{'loss': '7.53', 'grad_norm': '0.5193', 'learning_rate': '8.445e-05', 'entropy': '7.75', 'num_tokens': '8.504e+05', 'mean_token_accuracy': '0.0395', 'epoch': '0.7913'}
Generated sample at index 231
Total token count: 1842
Generated sample at index 179
Total token count: 1847
Generated sample at index 513
Total token count: 1847
Generated sample at index 168
Total token count: 1852
Generated sample at index 671
Total token count: 1395
Generated sample at index 474
Total token count: 1404
Generated sample at index 425
Total token count: 1376
Generated sample at index 196
Total token count: 1841
Emptied CUDA cache
{'loss': '7.565', 'grad_norm': '0.5147', 'learning_rate': '8.404e-05', 'entropy': '7.796', 'num_tokens': '8.629e+05', 'mean_token_accuracy': '0.03486', 'epoch': '0.8022'}
Generated sample at index 246
Total token count: 1845
Generated sample at index 475
Total token count: 1409
Generated sample at index 191
Total token count: 1393
Generated sample at index 657
Total token count: 2721
Generated sample at index 227
Total token count: 1403
Generated sample at index 651
Total token count: 938
Generated sample at index 162
Total token count: 1410
Generated sample at index 520
Total token count: 950
Emptied CUDA cache
{'loss': '7.554', 'grad_norm': '0.4779', 'learning_rate': '8.362e-05', 'entropy': '7.784', 'num_tokens': '8.758e+05', 'mean_token_accuracy': '0.03567', 'epoch': '0.813'}
Generated sample at index 230
Total token count: 950
Generated sample at index 691
Total token count: 1400
Generated sample at index 84
Total token count: 1849
Generated sample at index 327
Total token count: 944
Generated sample at index 291
Total token count: 963
Generated sample at index 135
Total token count: 1403
Generated sample at index 487
Total token count: 1857
Generated sample at index 390
Total token count: 1377
Emptied CUDA cache
{'loss': '7.477', 'grad_norm': '0.4538', 'learning_rate': '8.32e-05', 'entropy': '7.696', 'num_tokens': '8.861e+05', 'mean_token_accuracy': '0.04059', 'epoch': '0.8238'}
Generated sample at index 67
Total token count: 1404
Generated sample at index 46
Total token count: 1400
Generated sample at index 96
Total token count: 1402
Generated sample at index 426
Total token count: 1406
Generated sample at index 297
Total token count: 1399
Generated sample at index 396
Total token count: 936
Generated sample at index 732
Total token count: 1383
Generated sample at index 437
Total token count: 942
Emptied CUDA cache
{'loss': '7.532', 'grad_norm': '0.4239', 'learning_rate': '8.278e-05', 'entropy': '7.751', 'num_tokens': '8.969e+05', 'mean_token_accuracy': '0.03649', 'epoch': '0.8347'}
Generated sample at index 222
Total token count: 1409
Generated sample at index 258
Total token count: 954
Generated sample at index 585
Total token count: 1841
Generated sample at index 497
Total token count: 1400
Generated sample at index 347
Total token count: 2278
Generated sample at index 466
Total token count: 1413
Generated sample at index 154
Total token count: 953
Generated sample at index 557
Total token count: 960
Emptied CUDA cache
{'loss': '7.483', 'grad_norm': '0.4048', 'learning_rate': '8.235e-05', 'entropy': '7.7', 'num_tokens': '9.08e+05', 'mean_token_accuracy': '0.0396', 'epoch': '0.8455'}
Generated sample at index 551
Total token count: 949
Generated sample at index 337
Total token count: 2283
Generated sample at index 383
Total token count: 2731
Generated sample at index 71
Total token count: 942
Generated sample at index 39
Total token count: 938
Generated sample at index 448
Total token count: 1847
Generated sample at index 343
Total token count: 949
Generated sample at index 413
Total token count: 948
Emptied CUDA cache
{'loss': '7.484', 'grad_norm': '0.4027', 'learning_rate': '8.192e-05', 'entropy': '7.697', 'num_tokens': '9.196e+05', 'mean_token_accuracy': '0.03952', 'epoch': '0.8564'}
Generated sample at index 627
Total token count: 1840
Generated sample at index 560
Total token count: 962
Generated sample at index 528
Total token count: 966
Generated sample at index 44
Total token count: 2302
Generated sample at index 199
Total token count: 2286
Generated sample at index 133
Total token count: 959
Generated sample at index 522
Total token count: 1849
Generated sample at index 118
Total token count: 2300
Emptied CUDA cache
{'loss': '7.458', 'grad_norm': '0.3794', 'learning_rate': '8.149e-05', 'entropy': '7.663', 'num_tokens': '9.318e+05', 'mean_token_accuracy': '0.04226', 'epoch': '0.8672'}
Generated sample at index 150
Generated sample at index 631
Total token count: 3176
Generated sample at index 332
Generated sample at index 232
Total token count: 1845
Generated sample at index 178
Generated sample at index 634
Total token count: 959
Generated sample at index 164
Generated sample at index 561
Total token count: 2288
Computing metrics on evaluation batch...
{'eval_loss': '7.508', 'eval_token_accuracy': '0', 'eval_runtime': '9.73', 'eval_samples_per_second': '0.822', 'eval_steps_per_second': '0.411', 'eval_entropy': '7.715', 'eval_num_tokens': '9.318e+05', 'eval_mean_token_accuracy': '0.03765', 'epoch': '0.8672'}
Generated sample at index 561

Ground truth description for sample 7:
Quick serve, Djokovic returns a backhand return, huge rally, Tsonga pulls a forehand cross-court lob long of the court.

Model output:
Tsonga serves the ball, Djokovic returns the serve with a backhand, Djokovic then returns the serve with a backhand, Djokovic then returns the serve with a backhand, Djokovic then returns the serve with a backhand, Djokovic then returns the serve with a backhand, Djokovic then returns the serve with a backhand, Djokovic then returns the serve with a backhand, Djokovic then returns the serve with a backhand, Djokovic then returns the serve with a backhand, Djokovic then returns the serve with a backhand, Djokovic then returns the serve with a backhand, Djokovic then returns the serve with a backhand, Djokovic then returns the serve with a backhand, Djokovic then returns the serve with a backhand, Djokovic then returns the serve with a backhand, Djokovic then returns the serve with a backhand, Djokovic then returns the serve with a backhand, Djokovic then returns the serve with a backhand, Djokovic then returns the serve with a backhand, Djokovic then returns the serve with a backhand, Djokovic then returns the serve with a back

ROUGE score: {'rouge1': np.float64(0.0837696335078534), 'rouge2': np.float64(0.021164021164021163), 'rougeL': np.float64(0.07329842931937172), 'rougeLsum': np.float64(0.07329842931937172)}
Generated sample at index 332

Ground truth description for sample 2:
Federer aims a fine serve in the middle, Delpotro crafts a backhand return, short rally, Delpotro backhand lob lands long.

Model output:
Roger Federer serves the ball, Juan Martin Del Potro returns the serve. Federer hits the ball with a forehand. Del Potro returns the ball with a forehand. Federer hits the ball with a forehand. Del Potro returns the ball with a forehand. Federer hits the ball with a forehand. Del Potro returns the ball with a forehand. Federer hits the ball with a forehand. Del Potro returns the ball with a forehand. Federer hits the ball with a forehand. Del Potro returns the ball with a forehand. Federer hits the ball with a forehand. Del Potro returns the ball with a forehand. Federer hits the ball with a forehand. Del Potro returns the ball with a forehand. Federer hits the ball with a forehand. Del Potro returns the ball with a forehand. Federer hits the ball with a forehand. Del Potro returns the ball with a forehand. Federer hits the ball with a forehand. Del Potro returns the ball with a forehand. Federer hits the ball with a forehand. Del Potro returns the ball with a forehand. Federer hits the ball with a forehand

ROUGE score: {'rouge1': np.float64(0.049019607843137254), 'rouge2': np.float64(0.0), 'rougeL': np.float64(0.0392156862745098), 'rougeLsum': np.float64(0.0392156862745098)}
Generated sample at index 178

Ground truth description for sample 4:
Federer arrows a good serve at T, Delpotro backhand return just lands long.

Model output:
Roger Federer serves the ball to Juan Martin Del Potro. Del Potro returns the serve with a backhand. Federer hits a backhand winner.

ROUGE score: {'rouge1': np.float64(0.2222222222222222), 'rouge2': np.float64(0.0), 'rougeL': np.float64(0.16666666666666669), 'rougeLsum': np.float64(0.16666666666666669)}
Generated sample at index 332

Ground truth description for sample 2:
Federer aims a fine serve in the middle, Delpotro crafts a backhand return, short rally, Delpotro backhand lob lands long.

Model output:
Del Potro hits a forehand winner, Federer returns the point.

ROUGE score: {'rouge1': np.float64(0.2), 'rouge2': np.float64(0.0), 'rougeL': np.float64(0.13333333333333333), 'rougeLsum': np.float64(0.13333333333333333)}
Generated sample at index 232

Ground truth description for sample 3:
Delpotro aims a fine serve at T, Federer only manages to touch it.

Model output:
Roger Federer serves the ball. Juan Martin Del Potro returns the ball. Federer hits the ball. Del Potro returns the ball. Federer hits the ball.

ROUGE score: {'rouge1': np.float64(0.052631578947368425), 'rouge2': np.float64(0.0), 'rougeL': np.float64(0.052631578947368425), 'rougeLsum': np.float64(0.052631578947368425)}
Generated sample at index 178

Ground truth description for sample 4:
Federer arrows a good serve at T, Delpotro backhand return just lands long.

Model output:
Federer serves, Del Potro returns. Federer hits a winner.

ROUGE score: {'rouge1': np.float64(0.18181818181818185), 'rouge2': np.float64(0.0), 'rougeL': np.float64(0.18181818181818185), 'rougeLsum': np.float64(0.18181818181818185)}
Generated sample at index 164

Ground truth description for sample 6:
Federer aims a high kick serve, Delpotro returns a backhand return, a few shots exchanged, Delpotro cross-court backhand catches the net.

Model output:
Federer serves. Del Potro returns the serve. Federer hits the ball. Del Potro returns the ball. Federer hits the ball. Del Potro returns the ball. Federer hits the ball. Del Potro returns the ball. Federer hits the ball. Del Potro returns the ball. Federer hits the ball. Del Potro returns the ball. Federer hits the ball. Del Potro returns the ball. Federer hits the ball. Del Potro returns the ball. Federer hits the ball. Del Potro returns the ball. Federer hits the ball. Del Potro returns the ball. Federer hits the ball. Del Potro returns the ball. Federer hits the ball. Del Potro returns the ball. Federer hits the ball. Del Potro returns the ball. Federer hits the ball. Del Potro returns the ball. Federer hits the ball. Del Potro returns the ball. Federer hits the ball. Del Potro returns the ball. Federer hits the ball. Del Potro returns the ball. Federer hits the ball. Del Potro returns the ball. Federer hits the ball. Del Potro returns the ball. Federer hits the ball. Del Potro returns

ROUGE score: {'rouge1': np.float64(0.0404040404040404), 'rouge2': np.float64(0.0), 'rougeL': np.float64(0.0404040404040404), 'rougeLsum': np.float64(0.0404040404040404)}
Generated sample at index 164

Ground truth description for sample 6:
Federer aims a high kick serve, Delpotro returns a backhand return, a few shots exchanged, Delpotro cross-court backhand catches the net.

Model output:
Roger Federer serves the ball, Juan Martin Del Potro returns the serve. Federer hits the ball, Del Potro returns the serve. Federer hits the ball, Del Potro returns the serve. Federer hits the ball, Del Potro returns the serve. Federer hits the ball, Del Potro returns the serve. Federer hits the ball, Del Potro returns the serve. Federer hits the ball, Del Potro returns the serve. Federer hits the ball, Del Potro returns the serve. Federer hits the ball, Del Potro returns the serve. Federer hits the ball, Del Potro returns the serve. Federer hits the ball, Del Potro returns the serve. Federer hits the ball, Del Potro returns the serve. Federer hits the ball, Del Potro returns the serve. Federer hits the ball, Del Potro returns the serve. Federer hits the ball, Del Potro returns the serve. Federer hits the ball, Del Potro returns the serve. Federer hits the ball, Del Potro returns the serve. Federer hits the ball, Del Potro returns the serve. Federer hits the ball, Del Potro returns the serve. Federer hits the ball,

ROUGE score: {'rouge1': np.float64(0.04), 'rouge2': np.float64(0.0), 'rougeL': np.float64(0.04), 'rougeLsum': np.float64(0.04)}
Generated sample at index 634

Ground truth description for sample 5:
Quick serve, Sharapova crafts a forehand return, Serena goes for a forehand down the line but catches the net.

Model output:
Serena Williams serves the ball to Maria Sharapova. Maria Sharapova returns the ball with a forehand.

ROUGE score: {'rouge1': np.float64(0.34285714285714286), 'rouge2': np.float64(0.0606060606060606), 'rougeL': np.float64(0.17142857142857143), 'rougeLsum': np.float64(0.17142857142857143)}
Generated sample at index 232

Ground truth description for sample 3:
Delpotro aims a fine serve at T, Federer only manages to touch it.

Model output:
Roger Federer serves the ball. Juan Martin Del Potro returns the serve. Federer hits the ball with the forehand. Del Potro returns the ball with the backhand. Federer hits the ball with the forehand.

ROUGE score: {'rouge1': np.float64(0.0851063829787234), 'rouge2': np.float64(0.0), 'rougeL': np.float64(0.0851063829787234), 'rougeLsum': np.float64(0.0851063829787234)}
Average ROUGE score: {'rouge1': np.float64(0.12978287905786698), 'rouge2': np.float64(0.008177008177008177), 'rougeL': np.float64(0.0983902871170767), 'rougeLsum': np.float64(0.0983902871170767)}
Generated sample at index 186
Total token count: 954
Generated sample at index 689
Total token count: 949
Generated sample at index 127
Total token count: 938
Generated sample at index 676
Total token count: 943
Generated sample at index 267
Total token count: 1846
Generated sample at index 711
Total token count: 944
Generated sample at index 588
Total token count: 1400
Generated sample at index 608
Total token count: 932
Emptied CUDA cache
{'loss': '7.466', 'grad_norm': '0.374', 'learning_rate': '8.105e-05', 'entropy': '7.674', 'num_tokens': '9.42e+05', 'mean_token_accuracy': '0.04087', 'epoch': '0.878'}
Generated sample at index 660
Total token count: 1396
Generated sample at index 176
Total token count: 1405
Generated sample at index 22
Total token count: 1397
Generated sample at index 653
Total token count: 939
Generated sample at index 193
Total token count: 1845
Generated sample at index 283
Total token count: 1403
Generated sample at index 667
Total token count: 948
Generated sample at index 177
Total token count: 964
Emptied CUDA cache
{'loss': '7.479', 'grad_norm': '0.3778', 'learning_rate': '8.061e-05', 'entropy': '7.687', 'num_tokens': '9.523e+05', 'mean_token_accuracy': '0.04023', 'epoch': '0.8889'}
Generated sample at index 317
Total token count: 2292
Generated sample at index 482
Total token count: 950
Generated sample at index 666
Total token count: 1385
Generated sample at index 174
Total token count: 1851
Generated sample at index 473
Total token count: 1397
Generated sample at index 226
Total token count: 950
Generated sample at index 381
Total token count: 1396
Generated sample at index 384
Total token count: 943
Emptied CUDA cache
{'loss': '7.461', 'grad_norm': '0.3472', 'learning_rate': '8.016e-05', 'entropy': '7.665', 'num_tokens': '9.635e+05', 'mean_token_accuracy': '0.04195', 'epoch': '0.8997'}
Generated sample at index 88
Total token count: 959
Generated sample at index 357
Total token count: 2722
Generated sample at index 529
Total token count: 1851
Generated sample at index 266
Total token count: 937
Generated sample at index 252
Total token count: 949
Generated sample at index 149
Total token count: 2728
Generated sample at index 349
Total token count: 2292
Generated sample at index 255
Total token count: 1851
Emptied CUDA cache
{'loss': '7.486', 'grad_norm': '0.3523', 'learning_rate': '7.971e-05', 'entropy': '7.696', 'num_tokens': '9.769e+05', 'mean_token_accuracy': '0.04014', 'epoch': '0.9106'}
Generated sample at index 518
Total token count: 956
Generated sample at index 323
Total token count: 954
Generated sample at index 504
Total token count: 1407
Generated sample at index 137
Total token count: 1841
Generated sample at index 392
Total token count: 1397
Generated sample at index 302
Total token count: 1392
Generated sample at index 105
Total token count: 949
Generated sample at index 449
Total token count: 1846
Emptied CUDA cache
{'loss': '7.434', 'grad_norm': '0.3353', 'learning_rate': '7.925e-05', 'entropy': '7.637', 'num_tokens': '9.876e+05', 'mean_token_accuracy': '0.04416', 'epoch': '0.9214'}
Generated sample at index 221
Total token count: 1405
Generated sample at index 575
Total token count: 927
Generated sample at index 215
Total token count: 952
Generated sample at index 59
Total token count: 1402
Generated sample at index 43
Total token count: 1405
Generated sample at index 145
Total token count: 941
Generated sample at index 533
Total token count: 1410
Generated sample at index 684
Total token count: 1841
Emptied CUDA cache
{'loss': '7.449', 'grad_norm': '0.331', 'learning_rate': '7.879e-05', 'entropy': '7.645', 'num_tokens': '9.979e+05', 'mean_token_accuracy': '0.04303', 'epoch': '0.9322'}
Generated sample at index 586
Total token count: 944
Generated sample at index 11
Total token count: 1412
Generated sample at index 683
Total token count: 1837
Generated sample at index 87
Total token count: 1843
Generated sample at index 701
Total token count: 2283
Generated sample at index 253
Total token count: 1404
Generated sample at index 175
Total token count: 948
Generated sample at index 33
Total token count: 948
Emptied CUDA cache
{'loss': '7.481', 'grad_norm': '0.3299', 'learning_rate': '7.833e-05', 'entropy': '7.682', 'num_tokens': '1.01e+06', 'mean_token_accuracy': '0.0399', 'epoch': '0.9431'}
Generated sample at index 494
Total token count: 964
Generated sample at index 36
Total token count: 2731
Generated sample at index 313
Total token count: 1407
Generated sample at index 600
Total token count: 936
Generated sample at index 397
Total token count: 1383
Generated sample at index 104
Total token count: 943
Generated sample at index 509
Total token count: 1846
Generated sample at index 461
Total token count: 1409
Emptied CUDA cache
{'loss': '7.444', 'grad_norm': '0.329', 'learning_rate': '7.787e-05', 'entropy': '7.64', 'num_tokens': '1.022e+06', 'mean_token_accuracy': '0.04304', 'epoch': '0.9539'}
Generated sample at index 573
Total token count: 949
Generated sample at index 471
Total token count: 953
Generated sample at index 224
Total token count: 1404
Generated sample at index 163
Total token count: 1394
Generated sample at index 336
Total token count: 1851
Generated sample at index 3
Total token count: 2283
Generated sample at index 338
Total token count: 1844
Generated sample at index 66
Total token count: 950
Emptied CUDA cache
{'loss': '7.445', 'grad_norm': '0.3061', 'learning_rate': '7.74e-05', 'entropy': '7.647', 'num_tokens': '1.034e+06', 'mean_token_accuracy': '0.04353', 'epoch': '0.9648'}
Generated sample at index 269
Total token count: 938
Generated sample at index 692
Total token count: 946
Generated sample at index 138
Total token count: 1401
Generated sample at index 697
Total token count: 1836
Generated sample at index 512
Total token count: 1403
Generated sample at index 49
Total token count: 1845
Generated sample at index 438
Total token count: 2727
Generated sample at index 607
Total token count: 2719
Emptied CUDA cache
{'loss': '7.454', 'grad_norm': '0.3067', 'learning_rate': '7.692e-05', 'entropy': '7.649', 'num_tokens': '1.046e+06', 'mean_token_accuracy': '0.04362', 'epoch': '0.9756'}
Generated sample at index 150
Generated sample at index 631
Total token count: 3176
Generated sample at index 332
Generated sample at index 232
Total token count: 1845
Generated sample at index 178
Generated sample at index 634
Total token count: 959
Generated sample at index 164
Generated sample at index 561
Total token count: 2288
Computing metrics on evaluation batch...
{'eval_loss': '7.463', 'eval_token_accuracy': '0', 'eval_runtime': '9.781', 'eval_samples_per_second': '0.818', 'eval_steps_per_second': '0.409', 'eval_entropy': '7.654', 'eval_num_tokens': '1.046e+06', 'eval_mean_token_accuracy': '0.04204', 'epoch': '0.9756'}
Generated sample at index 332

Ground truth description for sample 2:
Federer aims a fine serve in the middle, Delpotro crafts a backhand return, short rally, Delpotro backhand lob lands long.

Model output:
Federer serves. Del Potro returns. Federer hits a backhand winner.

ROUGE score: {'rouge1': np.float64(0.2), 'rouge2': np.float64(0.07142857142857142), 'rougeL': np.float64(0.2), 'rougeLsum': np.float64(0.2)}
Generated sample at index 561

Ground truth description for sample 7:
Quick serve, Djokovic returns a backhand return, huge rally, Tsonga pulls a forehand cross-court lob long of the court.

Model output:
Tsonga serves the ball, Djokovic returns the serve. Tsonga hits the ball, Djokovic returns the serve. Tsonga hits the ball, Djokovic returns the serve. Djokovic hits the ball, Tsonga returns the serve. Tsonga hits the ball, Djokovic returns the serve. Tsonga hits the ball, Djokovic returns the serve. Tsonga hits the ball, Djokovic returns the serve. Tsonga hits the ball, Djokovic returns the serve. Tsonga hits the ball, Djokovic returns the serve. Tsonga hits the ball, Djokovic returns the serve. Tsonga hits the ball, Djokovic returns the serve. Tsonga hits the ball, Djokovic returns the serve. Tsonga hits the ball, Djokovic returns the serve. Tsonga hits the ball, Djokovic returns the serve. Tsonga hits the ball, Djokovic returns the serve. Tsonga hits the ball, Djokovic returns the serve. Tsonga hits the ball, Djokovic returns the serve. Tsonga hits the ball, Djokovic returns the serve. Tsonga hits the ball, Djokovic returns the serve. Tsonga hits the ball, Djokovic

ROUGE score: {'rouge1': np.float64(0.05649717514124294), 'rouge2': np.float64(0.022857142857142857), 'rougeL': np.float64(0.05649717514124294), 'rougeLsum': np.float64(0.05649717514124294)}
Generated sample at index 631

Ground truth description for sample 1:
Good serve aimed at T, Sharapova only reaches to it, hitting the return long.

Model output:
SERENA WILLIAMS serves, Maria Sharapova returns.

ROUGE score: {'rouge1': np.float64(0.1), 'rouge2': np.float64(0.0), 'rougeL': np.float64(0.1), 'rougeLsum': np.float64(0.1)}
Generated sample at index 150

Ground truth description for sample 0:
Delpotro serves a high kick serve, Federer delivers a backhand return, lengthy exchange between the players, Delpotro cross-court backhand fails to land inside the court.

Model output:
Roger Federer returns the serve, and Del Potro fails to return the serve. Federer wins the first two points. Del Potro wins the next point. Federer wins the next point. Del Potro wins the next point. Federer wins the next point. Del Potro wins the next point. Federer wins the next point. Del Potro wins the next point. Federer wins the next point. Del Potro wins the next point. Federer wins the next point. Del Potro wins the next point. Federer wins the next point. Del Potro wins the next point. Federer wins the next point. Del Potro wins the next point. Federer wins the next point. Del Potro wins the next point. Federer wins the next point. Del Potro wins the next point. Federer wins the next point. Del Potro wins the next point. Federer wins the next point. Del Potro wins the next point. Federer wins the next point. Del Potro wins the next point. Federer wins the next point. Del Potro wins the next point. Federer wins the next point. Del Potro wins the next point. Federer wins the next point. Del Potro wins the next

ROUGE score: {'rouge1': np.float64(0.06511627906976743), 'rouge2': np.float64(0.018779342723004695), 'rougeL': np.float64(0.046511627906976744), 'rougeLsum': np.float64(0.046511627906976744)}
Generated sample at index 631

Ground truth description for sample 1:
Good serve aimed at T, Sharapova only reaches to it, hitting the return long.

Model output:
SERENA WILLIAMS serves. Maria Sharapova returns the serve.

ROUGE score: {'rouge1': np.float64(0.2727272727272727), 'rouge2': np.float64(0.0), 'rougeL': np.float64(0.18181818181818182), 'rougeLsum': np.float64(0.18181818181818182)}
Generated sample at index 332

Ground truth description for sample 2:
Federer aims a fine serve in the middle, Delpotro crafts a backhand return, short rally, Delpotro backhand lob lands long.

Model output:
Federer serves, Del Potro returns, Federer hits a winner.

ROUGE score: {'rouge1': np.float64(0.13793103448275865), 'rouge2': np.float64(0.0), 'rougeL': np.float64(0.13793103448275865), 'rougeLsum': np.float64(0.13793103448275865)}
Generated sample at index 332

Ground truth description for sample 2:
Federer aims a fine serve in the middle, Delpotro crafts a backhand return, short rally, Delpotro backhand lob lands long.

Model output:
Federer serves. Del Potro returns. Federer wins the point.

ROUGE score: {'rouge1': np.float64(0.13793103448275865), 'rouge2': np.float64(0.0), 'rougeL': np.float64(0.13793103448275865), 'rougeLsum': np.float64(0.13793103448275865)}
Generated sample at index 164

Ground truth description for sample 6:
Federer aims a high kick serve, Delpotro returns a backhand return, a few shots exchanged, Delpotro cross-court backhand catches the net.

Model output:
Federer serves. Del Potro returns the serve.

ROUGE score: {'rouge1': np.float64(0.27586206896551724), 'rouge2': np.float64(0.0), 'rougeL': np.float64(0.20689655172413793), 'rougeLsum': np.float64(0.20689655172413793)}
Generated sample at index 631

Ground truth description for sample 1:
Good serve aimed at T, Sharapova only reaches to it, hitting the return long.

Model output:
SERENA WILSON 2010 2010 2010 2010 2010 2010 2010 2010 2010 2010 2010 2010 2010 2010 2010 2010 2010 2010 2010 2010 2010 2010 2010 2010 2010 2010 2010 2010 2010 2010 2010 2010 2010 2010 2010 2010 2010 2010 2010 2010 2010 2010 2010 2010 2010 2010 2010 2010 2010 2010 

ROUGE score: {'rouge1': np.float64(0.0), 'rouge2': np.float64(0.0), 'rougeL': np.float64(0.0), 'rougeLsum': np.float64(0.0)}
Generated sample at index 164

Ground truth description for sample 6:
Federer aims a high kick serve, Delpotro returns a backhand return, a few shots exchanged, Delpotro cross-court backhand catches the net.

Model output:
Roger Federer serves, Juan Martin Del Potro returns.

ROUGE score: {'rouge1': np.float64(0.13333333333333333), 'rouge2': np.float64(0.0), 'rougeL': np.float64(0.13333333333333333), 'rougeLsum': np.float64(0.13333333333333333)}
Average ROUGE score: {'rouge1': np.float64(0.1379398198202651), 'rouge2': np.float64(0.011306505700871897), 'rougeL': np.float64(0.120091893888939), 'rougeLsum': np.float64(0.120091893888939)}
Generated sample at index 650
Total token count: 943
Generated sample at index 77
Total token count: 1391
Generated sample at index 335
Total token count: 941
Generated sample at index 536
Total token count: 951
Generated sample at index 545
Total token count: 1402
Generated sample at index 501
Total token count: 952
Generated sample at index 25
Total token count: 1399
Generated sample at index 6
Total token count: 945
Emptied CUDA cache
{'loss': '7.419', 'grad_norm': '0.315', 'learning_rate': '7.645e-05', 'entropy': '7.615', 'num_tokens': '1.056e+06', 'mean_token_accuracy': '0.04645', 'epoch': '0.9864'}
Generated sample at index 703
Total token count: 1400
Generated sample at index 382
Total token count: 1407
Generated sample at index 58
Total token count: 1839
Generated sample at index 709
Total token count: 1388
Generated sample at index 117
Total token count: 1401
Generated sample at index 316
Total token count: 1846
Generated sample at index 125
Total token count: 944
Generated sample at index 76
Total token count: 1852
Emptied CUDA cache
{'loss': '7.439', 'grad_norm': '0.2854', 'learning_rate': '7.597e-05', 'entropy': '7.634', 'num_tokens': '1.068e+06', 'mean_token_accuracy': '0.04492', 'epoch': '0.9973'}
Generated sample at index 353
Total token count: 1411
Emptied CUDA cache
{'loss': '7.423', 'grad_norm': '0.3312', 'learning_rate': '7.549e-05', 'entropy': '7.619', 'num_tokens': '1.071e+06', 'mean_token_accuracy': '0.04382', 'epoch': '1'}
Generated sample at index 551
Total token count: 949
Generated sample at index 572
Total token count: 946
Generated sample at index 533
Total token count: 1410
Generated sample at index 297
Total token count: 1399
Generated sample at index 655
Total token count: 936
Generated sample at index 37
Total token count: 953
Generated sample at index 125
Total token count: 944
Generated sample at index 156
Total token count: 938
Generated sample at index 3
Total token count: 2283
Emptied CUDA cache
{'loss': '7.376', 'grad_norm': '0.3397', 'learning_rate': '7.5e-05', 'entropy': '7.564', 'num_tokens': '1.079e+06', 'mean_token_accuracy': '0.05228', 'epoch': '1.011'}
Generated sample at index 369
Total token count: 1397
Generated sample at index 570
Total token count: 944
Generated sample at index 367
Total token count: 1842
Generated sample at index 373
Total token count: 942
Generated sample at index 444
Total token count: 947
Generated sample at index 635
Total token count: 932
Generated sample at index 430
Total token count: 1837
Generated sample at index 414
Total token count: 942
Emptied CUDA cache
{'loss': '7.442', 'grad_norm': '0.2997', 'learning_rate': '7.451e-05', 'entropy': '7.632', 'num_tokens': '1.09e+06', 'mean_token_accuracy': '0.04489', 'epoch': '1.022'}
Generated sample at index 465
Total token count: 957
Generated sample at index 384
Total token count: 943
Generated sample at index 401
Total token count: 1401
Generated sample at index 352
Total token count: 940
Generated sample at index 62
Total token count: 2279
Generated sample at index 157
Total token count: 1839
Generated sample at index 611
Total token count: 941
Generated sample at index 677
Total token count: 936
Emptied CUDA cache
{'loss': '7.417', 'grad_norm': '0.3166', 'learning_rate': '7.402e-05', 'entropy': '7.605', 'num_tokens': '1.101e+06', 'mean_token_accuracy': '0.04751', 'epoch': '1.033'}
Generated sample at index 351
Total token count: 1853
Generated sample at index 706
Total token count: 944
Generated sample at index 176
Total token count: 1405
Generated sample at index 426
Total token count: 1406
Generated sample at index 93
Total token count: 956
Generated sample at index 425
Total token count: 1376
Generated sample at index 243
Total token count: 1403
Generated sample at index 389
Total token count: 961
Emptied CUDA cache
{'loss': '7.407', 'grad_norm': '0.2911', 'learning_rate': '7.352e-05', 'entropy': '7.597', 'num_tokens': '1.111e+06', 'mean_token_accuracy': '0.04836', 'epoch': '1.043'}
Generated sample at index 325
Total token count: 966
Generated sample at index 653
Total token count: 939
Generated sample at index 623
Total token count: 1397
Generated sample at index 404
Total token count: 949
Generated sample at index 584
Total token count: 936
Generated sample at index 637
Total token count: 956
Generated sample at index 589
Total token count: 1404
Generated sample at index 146
Total token count: 1843
Emptied CUDA cache
{'loss': '7.342', 'grad_norm': '0.3219', 'learning_rate': '7.302e-05', 'entropy': '7.529', 'num_tokens': '1.119e+06', 'mean_token_accuracy': '0.05549', 'epoch': '1.054'}
Generated sample at index 651
Total token count: 938
Generated sample at index 558
Total token count: 2734
Generated sample at index 719
Total token count: 1842
Generated sample at index 69
Total token count: 1393
Generated sample at index 193
Total token count: 1845
Generated sample at index 89
Total token count: 1397
Generated sample at index 105
Total token count: 949
Generated sample at index 673
Total token count: 1395
Emptied CUDA cache
{'loss': '7.453', 'grad_norm': '0.2965', 'learning_rate': '7.252e-05', 'entropy': '7.645', 'num_tokens': '1.132e+06', 'mean_token_accuracy': '0.04281', 'epoch': '1.065'}
Generated sample at index 53
Total token count: 943
Generated sample at index 485
Total token count: 945
Generated sample at index 67
Total token count: 1404
Generated sample at index 704
Total token count: 944
Generated sample at index 302
Total token count: 1392
Generated sample at index 340
Total token count: 1845
Generated sample at index 455
Total token count: 1842
Generated sample at index 327
Total token count: 944
Emptied CUDA cache
{'loss': '7.409', 'grad_norm': '0.2777', 'learning_rate': '7.202e-05', 'entropy': '7.601', 'num_tokens': '1.143e+06', 'mean_token_accuracy': '0.04841', 'epoch': '1.076'}
Generated sample at index 150
Generated sample at index 631
Total token count: 3176
Generated sample at index 332
Generated sample at index 232
Total token count: 1845
Generated sample at index 178
Generated sample at index 634
Total token count: 959
Generated sample at index 164
Generated sample at index 561
Total token count: 2288
Computing metrics on evaluation batch...
{'eval_loss': '7.428', 'eval_token_accuracy': '0', 'eval_runtime': '9.739', 'eval_samples_per_second': '0.821', 'eval_steps_per_second': '0.411', 'eval_entropy': '7.617', 'eval_num_tokens': '1.143e+06', 'eval_mean_token_accuracy': '0.04511', 'epoch': '1.076'}
Generated sample at index 164

Ground truth description for sample 6:
Federer aims a high kick serve, Delpotro returns a backhand return, a few shots exchanged, Delpotro cross-court backhand catches the net.

Model output:
Federer serves. Del Potro returns. Federer hits a backhand.

ROUGE score: {'rouge1': np.float64(0.2580645161290322), 'rouge2': np.float64(0.06896551724137931), 'rougeL': np.float64(0.2580645161290322), 'rougeLsum': np.float64(0.2580645161290322)}
Generated sample at index 561

Ground truth description for sample 7:
Quick serve, Djokovic returns a backhand return, huge rally, Tsonga pulls a forehand cross-court lob long of the court.

Model output:
Tsonga serves the ball. Djokovic returns the serve. Djokovic hits a winner.

ROUGE score: {'rouge1': np.float64(0.37499999999999994), 'rouge2': np.float64(0.13333333333333333), 'rougeL': np.float64(0.18749999999999997), 'rougeLsum': np.float64(0.18749999999999997)}
Generated sample at index 178

Ground truth description for sample 4:
Federer arrows a good serve at T, Delpotro backhand return just lands long.

Model output:
Del Potro serves, Federer returns.

ROUGE score: {'rouge1': np.float64(0.1111111111111111), 'rouge2': np.float64(0.0), 'rougeL': np.float64(0.1111111111111111), 'rougeLsum': np.float64(0.1111111111111111)}
Generated sample at index 150

Ground truth description for sample 0:
Delpotro serves a high kick serve, Federer delivers a backhand return, lengthy exchange between the players, Delpotro cross-court backhand fails to land inside the court.

Model output:
Del Potro serves. Federer returns the serve. Del Potro wins the point.

ROUGE score: {'rouge1': np.float64(0.2631578947368421), 'rouge2': np.float64(0.0), 'rougeL': np.float64(0.21052631578947367), 'rougeLsum': np.float64(0.21052631578947367)}
Generated sample at index 631

Ground truth description for sample 1:
Good serve aimed at T, Sharapova only reaches to it, hitting the return long.

Model output:
SERENA WILLIAMS serves. MARIA SHARAPOVA returns.

ROUGE score: {'rouge1': np.float64(0.1), 'rouge2': np.float64(0.0), 'rougeL': np.float64(0.1), 'rougeLsum': np.float64(0.1)}
Generated sample at index 178

Ground truth description for sample 4:
Federer arrows a good serve at T, Delpotro backhand return just lands long.

Model output:
Federer serves a backhand winner to Del Potro.

ROUGE score: {'rouge1': np.float64(0.2857142857142857), 'rouge2': np.float64(0.0), 'rougeL': np.float64(0.2857142857142857), 'rougeLsum': np.float64(0.2857142857142857)}
Generated sample at index 634

Ground truth description for sample 5:
Quick serve, Sharapova crafts a forehand return, Serena goes for a forehand down the line but catches the net.

Model output:
SERENA WILLIAMS 15 15 15 15 15 15 15 15 15 15 15 15 15 15 15 15 15 15 15 15 15 15 15 15 15 15 15 15 15 15 15 15 15 15 15 15 15 15 15 15 15 15 15 15 15 15 15 15 15 15 15 15 15 15 15 15 15 15 15 15 15 15 15 15 15 15 15 15 15 15 15 15 15 15 15 15 15 15 15 15 15 15 15 1

ROUGE score: {'rouge1': np.float64(0.01904761904761905), 'rouge2': np.float64(0.0), 'rougeL': np.float64(0.01904761904761905), 'rougeLsum': np.float64(0.01904761904761905)}
Generated sample at index 631

Ground truth description for sample 1:
Good serve aimed at T, Sharapova only reaches to it, hitting the return long.

Model output:
SERENA WILLIAM'S DRIVE TO THE NET IS RETURNED TO THE SERVICE LINE BY MARIA SHARAPOVA.

ROUGE score: {'rouge1': np.float64(0.19999999999999998), 'rouge2': np.float64(0.0), 'rougeL': np.float64(0.13333333333333333), 'rougeLsum': np.float64(0.13333333333333333)}
Generated sample at index 178

Ground truth description for sample 4:
Federer arrows a good serve at T, Delpotro backhand return just lands long.

Model output:
Del Potro serves. Federer returns. Del Potro holds.

ROUGE score: {'rouge1': np.float64(0.09523809523809525), 'rouge2': np.float64(0.0), 'rougeL': np.float64(0.09523809523809525), 'rougeLsum': np.float64(0.09523809523809525)}
Generated sample at index 164

Ground truth description for sample 6:
Federer aims a high kick serve, Delpotro returns a backhand return, a few shots exchanged, Delpotro cross-court backhand catches the net.

Model output:
Del Potro serves, Federer returns.

ROUGE score: {'rouge1': np.float64(0.14814814814814814), 'rouge2': np.float64(0.0), 'rougeL': np.float64(0.14814814814814814), 'rougeLsum': np.float64(0.14814814814814814)}
Average ROUGE score: {'rouge1': np.float64(0.18554816701251337), 'rouge2': np.float64(0.020229885057471263), 'rougeL': np.float64(0.15486834245110986), 'rougeLsum': np.float64(0.15486834245110986)}
Generated sample at index 138
Total token count: 1401
Generated sample at index 725
Total token count: 943
Generated sample at index 629
Total token count: 1382
Generated sample at index 602
Total token count: 1387
Generated sample at index 372
Total token count: 1845
Generated sample at index 92
Total token count: 1402
Generated sample at index 730
Total token count: 2285
Generated sample at index 153
Total token count: 1393
Emptied CUDA cache
{'loss': '7.43', 'grad_norm': '0.2827', 'learning_rate': '7.151e-05', 'entropy': '7.625', 'num_tokens': '1.155e+06', 'mean_token_accuracy': '0.04461', 'epoch': '1.087'}
Generated sample at index 683
Total token count: 1837
Generated sample at index 436
Total token count: 945
Generated sample at index 221
Total token count: 1405
Generated sample at index 692
Total token count: 946
Generated sample at index 509
Total token count: 1846
Generated sample at index 159
Total token count: 948
Generated sample at index 695
Total token count: 1409
Generated sample at index 322
Total token count: 1844
Emptied CUDA cache
{'loss': '7.387', 'grad_norm': '0.2624', 'learning_rate': '7.1e-05', 'entropy': '7.576', 'num_tokens': '1.165e+06', 'mean_token_accuracy': '0.04972', 'epoch': '1.098'}
Generated sample at index 192
Total token count: 2291
Generated sample at index 605
Total token count: 947
Generated sample at index 566
Total token count: 1848
Generated sample at index 350
Total token count: 1406
Generated sample at index 155
Total token count: 1405
Generated sample at index 122
Total token count: 948
Generated sample at index 620
Total token count: 945
Generated sample at index 543
Total token count: 950
Emptied CUDA cache
{'loss': '7.392', 'grad_norm': '0.2664', 'learning_rate': '7.049e-05', 'entropy': '7.58', 'num_tokens': '1.177e+06', 'mean_token_accuracy': '0.04779', 'epoch': '1.108'}
Generated sample at index 654
Total token count: 956
Generated sample at index 716
Total token count: 1384
Generated sample at index 413
Total token count: 948
Generated sample at index 667
Total token count: 948
Generated sample at index 435
Total token count: 1400
Generated sample at index 354
Total token count: 1842
Generated sample at index 175
Total token count: 948
Generated sample at index 188
Total token count: 1413
Emptied CUDA cache
{'loss': '7.348', 'grad_norm': '0.3043', 'learning_rate': '6.998e-05', 'entropy': '7.54', 'num_tokens': '1.186e+06', 'mean_token_accuracy': '0.05371', 'epoch': '1.119'}
Generated sample at index 392
Total token count: 1397
Generated sample at index 578
Total token count: 1397
Generated sample at index 544
Total token count: 948
Generated sample at index 516
Total token count: 954
Generated sample at index 249
Total token count: 2730
Generated sample at index 14
Total token count: 1402
Generated sample at index 173
Total token count: 2285
Generated sample at index 70
Total token count: 2723
Emptied CUDA cache
{'loss': '7.388', 'grad_norm': '0.2807', 'learning_rate': '6.946e-05', 'entropy': '7.575', 'num_tokens': '1.199e+06', 'mean_token_accuracy': '0.04883', 'epoch': '1.13'}
Generated sample at index 54
Total token count: 2288
Generated sample at index 199
Total token count: 2286
Generated sample at index 333
Total token count: 1850
Generated sample at index 607
Total token count: 2719
Generated sample at index 617
Total token count: 1398
Generated sample at index 582
Total token count: 939
Generated sample at index 220
Total token count: 938
Generated sample at index 307
Total token count: 3165
Emptied CUDA cache
{'loss': '7.454', 'grad_norm': '0.2701', 'learning_rate': '6.894e-05', 'entropy': '7.649', 'num_tokens': '1.214e+06', 'mean_token_accuracy': '0.04127', 'epoch': '1.141'}
Generated sample at index 158
Total token count: 1404
Generated sample at index 547
Total token count: 1845
Generated sample at index 527
Total token count: 946
Generated sample at index 727
Total token count: 1842
Generated sample at index 649
Total token count: 2724
Generated sample at index 610
Total token count: 1835
Generated sample at index 265
Total token count: 938
Generated sample at index 151
Total token count: 2284
Emptied CUDA cache
{'loss': '7.442', 'grad_norm': '0.244', 'learning_rate': '6.842e-05', 'entropy': '7.633', 'num_tokens': '1.229e+06', 'mean_token_accuracy': '0.0421', 'epoch': '1.152'}
Generated sample at index 549
Total token count: 1848
Generated sample at index 86
Total token count: 1401
Generated sample at index 283
Total token count: 1403
Generated sample at index 498
Total token count: 951
Generated sample at index 512
Total token count: 1403
Generated sample at index 437
Total token count: 942
Generated sample at index 534
Total token count: 1412
Generated sample at index 378
Total token count: 1398
Emptied CUDA cache
{'loss': '7.372', 'grad_norm': '0.2683', 'learning_rate': '6.789e-05', 'entropy': '7.557', 'num_tokens': '1.24e+06', 'mean_token_accuracy': '0.04983', 'epoch': '1.163'}
Generated sample at index 128
Total token count: 946
Generated sample at index 405
Total token count: 1391
Generated sample at index 60
Total token count: 1406
Generated sample at index 294
Total token count: 955
Generated sample at index 126
Total token count: 2291
Generated sample at index 117
Total token count: 1401
Generated sample at index 639
Total token count: 1394
Generated sample at index 335
Total token count: 941
Emptied CUDA cache
{'loss': '7.361', 'grad_norm': '0.2606', 'learning_rate': '6.737e-05', 'entropy': '7.555', 'num_tokens': '1.252e+06', 'mean_token_accuracy': '0.05224', 'epoch': '1.173'}
Generated sample at index 154
Total token count: 953
Generated sample at index 438
Total token count: 2727
Generated sample at index 169
Total token count: 956
Generated sample at index 362
Total token count: 2290
Generated sample at index 34
Total token count: 1839
Generated sample at index 636
Total token count: 1391
Generated sample at index 643
Total token count: 935
Generated sample at index 353
Total token count: 1411
Emptied CUDA cache
{'loss': '7.376', 'grad_norm': '0.2506', 'learning_rate': '6.684e-05', 'entropy': '7.569', 'num_tokens': '1.264e+06', 'mean_token_accuracy': '0.05179', 'epoch': '1.184'}
Generated sample at index 150
Generated sample at index 631
Total token count: 3176
Generated sample at index 332
Generated sample at index 232
Total token count: 1845
Generated sample at index 178
Generated sample at index 634
Total token count: 959
Generated sample at index 164
Generated sample at index 561
Total token count: 2288
Computing metrics on evaluation batch...
{'eval_loss': '7.398', 'eval_token_accuracy': '0', 'eval_runtime': '9.72', 'eval_samples_per_second': '0.823', 'eval_steps_per_second': '0.412', 'eval_entropy': '7.579', 'eval_num_tokens': '1.264e+06', 'eval_mean_token_accuracy': '0.04845', 'epoch': '1.184'}
Generated sample at index 332

Ground truth description for sample 2:
Federer aims a fine serve in the middle, Delpotro crafts a backhand return, short rally, Delpotro backhand lob lands long.

Model output:
Federer serves a backhand. Del Potro returns with a forehand. Federer returns with a backhand.

ROUGE score: {'rouge1': np.float64(0.28571428571428575), 'rouge2': np.float64(0.06060606060606061), 'rougeL': np.float64(0.2285714285714286), 'rougeLsum': np.float64(0.2285714285714286)}
Generated sample at index 561

Ground truth description for sample 7:
Quick serve, Djokovic returns a backhand return, huge rally, Tsonga pulls a forehand cross-court lob long of the court.

Model output:
Djokovic serves. Tsonga returns the serve. Djokovic hits a backhand. Tsonga returns the serve. Djokovic hits a backhand. Tsonga returns the serve. Djokovic hits a backhand. Tsonga returns the serve. Djokovic hits a backhand. Tsonga returns the serve. Djokovic hits a backhand. Tsonga returns the serve. Djokovic hits a backhand. Tsonga returns the serve. Djokovic hits a backhand. Tsonga returns the serve. Djokovic hits a backhand. Tsonga returns the serve. Djokovic hits a backhand. Tsonga returns the serve. Djokovic hits a backhand. Tsonga returns the serve. Djokovic hits a backhand. Tsonga returns the serve. Djokovic hits a backhand. Tsonga returns the serve. Djokovic hits a backhand. Tsonga returns the serve. Djokovic hits a backhand. Tsonga returns the serve. Djokovic hits a backhand. Tsonga returns the serve. Djokovic hits a backhand. Tsonga returns the serve. Djokovic hits a backhand. Tsonga returns the serve. Djokovic hits a back

ROUGE score: {'rouge1': np.float64(0.09638554216867469), 'rouge2': np.float64(0.024390243902439025), 'rougeL': np.float64(0.09638554216867469), 'rougeLsum': np.float64(0.09638554216867469)}
Generated sample at index 150

Ground truth description for sample 0:
Delpotro serves a high kick serve, Federer delivers a backhand return, lengthy exchange between the players, Delpotro cross-court backhand fails to land inside the court.

Model output:
Federer serves a backhand crosscourt. Del Potro returns the serve with a backhand.

ROUGE score: {'rouge1': np.float64(0.4102564102564103), 'rouge2': np.float64(0.10810810810810811), 'rougeL': np.float64(0.2564102564102564), 'rougeLsum': np.float64(0.2564102564102564)}
Generated sample at index 178

Ground truth description for sample 4:
Federer arrows a good serve at T, Delpotro backhand return just lands long.

Model output:
Federer serves, Del Potro returns, Federer hits a backhand winner.

ROUGE score: {'rouge1': np.float64(0.2608695652173913), 'rouge2': np.float64(0.0), 'rougeL': np.float64(0.2608695652173913), 'rougeLsum': np.float64(0.2608695652173913)}
Generated sample at index 332

Ground truth description for sample 2:
Federer aims a fine serve in the middle, Delpotro crafts a backhand return, short rally, Delpotro backhand lob lands long.

Model output:
Federer serves. Del Potro returns. Federer hits a backhand.

ROUGE score: {'rouge1': np.float64(0.20689655172413793), 'rouge2': np.float64(0.07407407407407407), 'rougeL': np.float64(0.20689655172413793), 'rougeLsum': np.float64(0.20689655172413793)}
Generated sample at index 631

Ground truth description for sample 1:
Good serve aimed at T, Sharapova only reaches to it, hitting the return long.

Model output:
Serena Williams serves the ball, Maria Sharapova returns the serve.

ROUGE score: {'rouge1': np.float64(0.25), 'rouge2': np.float64(0.0), 'rougeL': np.float64(0.16666666666666666), 'rougeLsum': np.float64(0.16666666666666666)}
Generated sample at index 178

Ground truth description for sample 4:
Federer arrows a good serve at T, Delpotro backhand return just lands long.

Model output:
Del Potro serves the serve, Federer returns the serve.

ROUGE score: {'rouge1': np.float64(0.18181818181818185), 'rouge2': np.float64(0.0), 'rougeL': np.float64(0.18181818181818185), 'rougeLsum': np.float64(0.18181818181818185)}
Generated sample at index 232

Ground truth description for sample 3:
Delpotro aims a fine serve at T, Federer only manages to touch it.

Model output:
Federer serves the ball, Del Potro returns the point.

ROUGE score: {'rouge1': np.float64(0.09090909090909093), 'rouge2': np.float64(0.0), 'rougeL': np.float64(0.09090909090909093), 'rougeLsum': np.float64(0.09090909090909093)}
Generated sample at index 332

Ground truth description for sample 2:
Federer aims a fine serve in the middle, Delpotro crafts a backhand return, short rally, Delpotro backhand lob lands long.

Model output:
Federer serves a cross court backhand. Del Potro returns the serve with a backhand.

ROUGE score: {'rouge1': np.float64(0.4117647058823529), 'rouge2': np.float64(0.0625), 'rougeL': np.float64(0.2941176470588235), 'rougeLsum': np.float64(0.2941176470588235)}
Generated sample at index 634

Ground truth description for sample 5:
Quick serve, Sharapova crafts a forehand return, Serena goes for a forehand down the line but catches the net.

Model output:
SERENA WILMINS serves a backhand over the net, Maria Sharapova returns the serve with a backhand.

ROUGE score: {'rouge1': np.float64(0.45714285714285713), 'rouge2': np.float64(0.0606060606060606), 'rougeL': np.float64(0.22857142857142856), 'rougeLsum': np.float64(0.22857142857142856)}
Average ROUGE score: {'rouge1': np.float64(0.26517571908333826), 'rouge2': np.float64(0.03902845472967424), 'rougeL': np.float64(0.20112163591160806), 'rougeLsum': np.float64(0.20112163591160806)}
Generated sample at index 583
Total token count: 2726
Generated sample at index 615
Total token count: 941
Generated sample at index 246
Total token count: 1845
Generated sample at index 659
Total token count: 936
Generated sample at index 59
Total token count: 1402
Generated sample at index 488
Total token count: 1412
Generated sample at index 694
Total token count: 946
Generated sample at index 196
Total token count: 1841
Emptied CUDA cache
{'loss': '7.373', 'grad_norm': '0.2455', 'learning_rate': '6.631e-05', 'entropy': '7.554', 'num_tokens': '1.275e+06', 'mean_token_accuracy': '0.05247', 'epoch': '1.195'}
Generated sample at index 68
Total token count: 3167
Generated sample at index 613
Total token count: 2288
Generated sample at index 687
Total token count: 2727
Generated sample at index 95
Total token count: 950
Generated sample at index 431
Total token count: 1835
Generated sample at index 491
Total token count: 2293
Generated sample at index 195
Total token count: 1404
Generated sample at index 569
Total token count: 1402
Emptied CUDA cache
{'loss': '7.452', 'grad_norm': '0.2568', 'learning_rate': '6.577e-05', 'entropy': '7.637', 'num_tokens': '1.292e+06', 'mean_token_accuracy': '0.0425', 'epoch': '1.206'}
Generated sample at index 588
Total token count: 1400
Generated sample at index 299
Total token count: 1407
Generated sample at index 375
Total token count: 1399
Generated sample at index 48
Total token count: 1399
Generated sample at index 410
Total token count: 2281
Generated sample at index 71
Total token count: 942
Generated sample at index 63
Total token count: 955
Generated sample at index 679
Total token count: 1409
Emptied CUDA cache
{'loss': '7.359', 'grad_norm': '0.2686', 'learning_rate': '6.524e-05', 'entropy': '7.546', 'num_tokens': '1.303e+06', 'mean_token_accuracy': '0.05341', 'epoch': '1.217'}
Generated sample at index 202
Total token count: 1402
Generated sample at index 450
Total token count: 1409
Generated sample at index 523
Total token count: 1850
Generated sample at index 108
Total token count: 943
Generated sample at index 224
Total token count: 1404
Generated sample at index 640
Total token count: 1406
Generated sample at index 596
Total token count: 950
Generated sample at index 406
Total token count: 1840
Emptied CUDA cache
{'loss': '7.337', 'grad_norm': '0.2526', 'learning_rate': '6.47e-05', 'entropy': '7.518', 'num_tokens': '1.314e+06', 'mean_token_accuracy': '0.05536', 'epoch': '1.228'}
Generated sample at index 279
Total token count: 2286
Generated sample at index 535
Total token count: 1399
Generated sample at index 682
Total token count: 2285
Generated sample at index 254
Total token count: 945
Generated sample at index 50
Total token count: 955
Generated sample at index 660
Total token count: 1396
Generated sample at index 273
Total token count: 2726
Generated sample at index 276
Total token count: 950
Emptied CUDA cache
{'loss': '7.408', 'grad_norm': '0.2536', 'learning_rate': '6.416e-05', 'entropy': '7.59', 'num_tokens': '1.328e+06', 'mean_token_accuracy': '0.04775', 'epoch': '1.238'}
Generated sample at index 443
Total token count: 951
Generated sample at index 133
Total token count: 959
Generated sample at index 456
Total token count: 944
Generated sample at index 288
Total token count: 1405
Generated sample at index 532
Total token count: 1403
Generated sample at index 298
Total token count: 1842
Generated sample at index 17
Total token count: 946
Generated sample at index 287
Total token count: 2728
Emptied CUDA cache
{'loss': '7.293', 'grad_norm': '0.2666', 'learning_rate': '6.362e-05', 'entropy': '7.476', 'num_tokens': '1.337e+06', 'mean_token_accuracy': '0.06268', 'epoch': '1.249'}
Generated sample at index 365
Total token count: 2722
Generated sample at index 462
Total token count: 951
Generated sample at index 473
Total token count: 1397
Generated sample at index 244
Total token count: 2291
Generated sample at index 319
Total token count: 1398
Generated sample at index 492
Total token count: 943
Generated sample at index 97
Total token count: 1385
Generated sample at index 674
Total token count: 3175
Emptied CUDA cache
{'loss': '7.397', 'grad_norm': '0.2316', 'learning_rate': '6.308e-05', 'entropy': '7.581', 'num_tokens': '1.351e+06', 'mean_token_accuracy': '0.04961', 'epoch': '1.26'}
Generated sample at index 506
Total token count: 945
Generated sample at index 87
Total token count: 1843
Generated sample at index 696
Total token count: 1845
Generated sample at index 152
Total token count: 938
Generated sample at index 458
Total token count: 968
Generated sample at index 96
Total token count: 1402
Generated sample at index 470
Total token count: 949
Generated sample at index 293
Total token count: 955
Emptied CUDA cache
{'loss': '7.352', 'grad_norm': '0.268', 'learning_rate': '6.253e-05', 'entropy': '7.523', 'num_tokens': '1.363e+06', 'mean_token_accuracy': '0.05465', 'epoch': '1.271'}
Generated sample at index 505
Total token count: 951
Generated sample at index 225
Total token count: 2728
Generated sample at index 278
Total token count: 1400
Generated sample at index 669
Total token count: 1843
Generated sample at index 286
Total token count: 1398
Generated sample at index 650
Total token count: 943
Generated sample at index 181
Total token count: 953
Generated sample at index 576
Total token count: 1399
Emptied CUDA cache
{'loss': '7.325', 'grad_norm': '0.2873', 'learning_rate': '6.199e-05', 'entropy': '7.509', 'num_tokens': '1.374e+06', 'mean_token_accuracy': '0.05733', 'epoch': '1.282'}
Generated sample at index 548
Total token count: 2290
Generated sample at index 182
Total token count: 1398
Generated sample at index 4
Total token count: 1404
Generated sample at index 743
Total token count: 2282
Generated sample at index 688
Total token count: 941
Generated sample at index 269
Total token count: 938
Generated sample at index 32
Total token count: 1402
Generated sample at index 486
Total token count: 2287
Emptied CUDA cache
{'loss': '7.375', 'grad_norm': '0.2108', 'learning_rate': '6.144e-05', 'entropy': '7.552', 'num_tokens': '1.386e+06', 'mean_token_accuracy': '0.05065', 'epoch': '1.293'}
Generated sample at index 150
Generated sample at index 631
Total token count: 3176
Generated sample at index 332
Generated sample at index 232
Total token count: 1845
Generated sample at index 178
Generated sample at index 634
Total token count: 959
Generated sample at index 164
Generated sample at index 561
Total token count: 2288
Computing metrics on evaluation batch...
{'eval_loss': '7.376', 'eval_token_accuracy': '0', 'eval_runtime': '9.745', 'eval_samples_per_second': '0.821', 'eval_steps_per_second': '0.41', 'eval_entropy': '7.549', 'eval_num_tokens': '1.386e+06', 'eval_mean_token_accuracy': '0.05086', 'epoch': '1.293'}
Generated sample at index 332

Ground truth description for sample 2:
Federer aims a fine serve in the middle, Delpotro crafts a backhand return, short rally, Delpotro backhand lob lands long.

Model output:
Federer serves a forehand, Del Potro returns the serve with a forehand.

ROUGE score: {'rouge1': np.float64(0.3125), 'rouge2': np.float64(0.0), 'rougeL': np.float64(0.25), 'rougeLsum': np.float64(0.25)}
Generated sample at index 150

Ground truth description for sample 0:
Delpotro serves a high kick serve, Federer delivers a backhand return, lengthy exchange between the players, Delpotro cross-court backhand fails to land inside the court.

Model output:
Del Potro serves, Federer returns. Federer hits a winner, Del Potro returns, Federer returns. Federer hits a winner, Del Potro returns, Federer returns. Federer hits a winner, Del Potro returns, Federer returns. Federer hits a winner, Del Potro returns, Federer returns. Federer hits a winner, Del Potro returns, Federer returns. Federer hits a winner, Del Potro returns, Federer returns. Federer hits a winner, Del Potro returns, Federer returns. Federer hits a winner, Del Potro returns, Federer returns. Federer hits a winner, Del Potro returns, Federer returns. Federer hits a winner, Del Potro returns, Federer returns. Federer hits a winner, Del Potro returns, Federer returns. Federer hits a winner, Del Potro returns, Federer returns. Federer hits a winner, Del Potro returns, Federer returns. Federer hits a winner, Del Potro returns, Federer returns. Federer hits a winner, Del Potro returns, Federer returns. Federer hits a winner, Del Potro returns, Federer returns. Federer hits a winner, Del

ROUGE score: {'rouge1': np.float64(0.04444444444444445), 'rouge2': np.float64(0.0), 'rougeL': np.float64(0.04444444444444445), 'rougeLsum': np.float64(0.04444444444444445)}
Generated sample at index 634

Ground truth description for sample 5:
Quick serve, Sharapova crafts a forehand return, Serena goes for a forehand down the line but catches the net.

Model output:
SERENA WILLIAMS serves the ball. Maria SHARAPOVA returns the serve with a backhand.

ROUGE score: {'rouge1': np.float64(0.37499999999999994), 'rouge2': np.float64(0.0), 'rougeL': np.float64(0.18749999999999997), 'rougeLsum': np.float64(0.18749999999999997)}
Generated sample at index 561

Ground truth description for sample 7:
Quick serve, Djokovic returns a backhand return, huge rally, Tsonga pulls a forehand cross-court lob long of the court.

Model output:
Djokovic hits a backhand crosscourt winner.

ROUGE score: {'rouge1': np.float64(0.23076923076923075), 'rouge2': np.float64(0.08333333333333333), 'rougeL': np.float64(0.23076923076923075), 'rougeLsum': np.float64(0.23076923076923075)}
Generated sample at index 150

Ground truth description for sample 0:
Delpotro serves a high kick serve, Federer delivers a backhand return, lengthy exchange between the players, Delpotro cross-court backhand fails to land inside the court.

Model output:
Federer hits a backhand return, Del Potro returns the serve with a backhand.

ROUGE score: {'rouge1': np.float64(0.4102564102564103), 'rouge2': np.float64(0.10810810810810811), 'rougeL': np.float64(0.30769230769230776), 'rougeLsum': np.float64(0.30769230769230776)}
Generated sample at index 631

Ground truth description for sample 1:
Good serve aimed at T, Sharapova only reaches to it, hitting the return long.

Model output:
SERENA WILLIAMS serves a wide backhand to Maria SHARAPOVA.

ROUGE score: {'rouge1': np.float64(0.17391304347826086), 'rouge2': np.float64(0.0), 'rougeL': np.float64(0.08695652173913043), 'rougeLsum': np.float64(0.08695652173913043)}
Generated sample at index 634

Ground truth description for sample 5:
Quick serve, Sharapova crafts a forehand return, Serena goes for a forehand down the line but catches the net.

Model output:
Williams serves a crosscourt backhand winner.

ROUGE score: {'rouge1': np.float64(0.08), 'rouge2': np.float64(0.0), 'rougeL': np.float64(0.08), 'rougeLsum': np.float64(0.08)}
Generated sample at index 178

Ground truth description for sample 4:
Federer arrows a good serve at T, Delpotro backhand return just lands long.

Model output:
Del Potro serves a cross-court backhand. Federer returns the serve with a backhand.

ROUGE score: {'rouge1': np.float64(0.29629629629629634), 'rouge2': np.float64(0.0), 'rougeL': np.float64(0.22222222222222224), 'rougeLsum': np.float64(0.22222222222222224)}
Generated sample at index 232

Ground truth description for sample 3:
Delpotro aims a fine serve at T, Federer only manages to touch it.

Model output:
Federer hits a backhand winner.

ROUGE score: {'rouge1': np.float64(0.2222222222222222), 'rouge2': np.float64(0.0), 'rougeL': np.float64(0.1111111111111111), 'rougeLsum': np.float64(0.1111111111111111)}
Generated sample at index 150

Ground truth description for sample 0:
Delpotro serves a high kick serve, Federer delivers a backhand return, lengthy exchange between the players, Delpotro cross-court backhand fails to land inside the court.

Model output:
Federer serves a wide serve, Del Potro returns the point with a backhand, Federer returns the point with a forehand.

ROUGE score: {'rouge1': np.float64(0.34782608695652173), 'rouge2': np.float64(0.0909090909090909), 'rougeL': np.float64(0.2608695652173913), 'rougeLsum': np.float64(0.2608695652173913)}
Average ROUGE score: {'rouge1': np.float64(0.2493227734423386), 'rouge2': np.float64(0.02823505323505323), 'rougeL': np.float64(0.1781565403195838), 'rougeLsum': np.float64(0.1781565403195838)}
Generated sample at index 693
Total token count: 935
Generated sample at index 686
Total token count: 1852
Generated sample at index 434
Total token count: 1399
Generated sample at index 5
Total token count: 955
Generated sample at index 212
Total token count: 1404
Generated sample at index 713
Total token count: 1839
Generated sample at index 441
Total token count: 1397
Generated sample at index 658
Total token count: 1839
Emptied CUDA cache
{'loss': '7.368', 'grad_norm': '0.2229', 'learning_rate': '6.089e-05', 'entropy': '7.547', 'num_tokens': '1.398e+06', 'mean_token_accuracy': '0.05131', 'epoch': '1.304'}
Generated sample at index 55
Total token count: 2287
Generated sample at index 409
Total token count: 1399
Generated sample at index 1
Total token count: 4489
Generated sample at index 393
Total token count: 946
Generated sample at index 305
Total token count: 1404
Generated sample at index 735
Total token count: 2285
Generated sample at index 183
Total token count: 1842
Generated sample at index 270
Total token count: 2295
Emptied CUDA cache
{'loss': '7.417', 'grad_norm': '0.2514', 'learning_rate': '6.034e-05', 'entropy': '7.598', 'num_tokens': '1.415e+06', 'mean_token_accuracy': '0.04649', 'epoch': '1.314'}
Generated sample at index 357
Total token count: 2722
Generated sample at index 38
Total token count: 1396
Generated sample at index 705
Total token count: 935
Generated sample at index 395
Total token count: 941
Generated sample at index 390
Total token count: 1377
Generated sample at index 342
Total token count: 945
Generated sample at index 484
Total token count: 1403
Generated sample at index 457
Total token count: 1857
Emptied CUDA cache
{'loss': '7.372', 'grad_norm': '0.1984', 'learning_rate': '5.979e-05', 'entropy': '7.548', 'num_tokens': '1.427e+06', 'mean_token_accuracy': '0.05288', 'epoch': '1.325'}
Generated sample at index 45
Total token count: 3176
Generated sample at index 531
Total token count: 1397
Generated sample at index 476
Total token count: 1406
Generated sample at index 172
Total token count: 950
Generated sample at index 197
Total token count: 2725
Generated sample at index 559
Total token count: 1407
Generated sample at index 433
Total token count: 1844
Generated sample at index 262
Total token count: 1405
Emptied CUDA cache
{'loss': '7.38', 'grad_norm': '0.2114', 'learning_rate': '5.924e-05', 'entropy': '7.555', 'num_tokens': '1.441e+06', 'mean_token_accuracy': '0.0504', 'epoch': '1.336'}
Generated sample at index 452
Total token count: 1408
Generated sample at index 574
Total token count: 945
Generated sample at index 30
Total token count: 1399
Generated sample at index 83
Total token count: 944
Generated sample at index 520
Total token count: 950
Generated sample at index 717
Total token count: 2725
Generated sample at index 129
Total token count: 953
Generated sample at index 709
Total token count: 1388
Emptied CUDA cache
{'loss': '7.306', 'grad_norm': '0.2016', 'learning_rate': '5.868e-05', 'entropy': '7.478', 'num_tokens': '1.452e+06', 'mean_token_accuracy': '0.05939', 'epoch': '1.347'}
Generated sample at index 41
Total token count: 2289
Generated sample at index 647
Total token count: 1402
Generated sample at index 739
Total token count: 940
Generated sample at index 630
Total token count: 1401
Generated sample at index 628
Total token count: 1843
Generated sample at index 399
Total token count: 1844
Generated sample at index 416
Total token count: 1401
Generated sample at index 586
Total token count: 944
Emptied CUDA cache
{'loss': '7.374', 'grad_norm': '0.2074', 'learning_rate': '5.813e-05', 'entropy': '7.554', 'num_tokens': '1.465e+06', 'mean_token_accuracy': '0.05164', 'epoch': '1.358'}
Generated sample at index 267
Total token count: 1846
Generated sample at index 604
Total token count: 1398
Generated sample at index 130
Total token count: 1386
Generated sample at index 231
Total token count: 1842
Generated sample at index 331
Total token count: 946
Generated sample at index 540
Total token count: 2291
Generated sample at index 665
Total token count: 942
Generated sample at index 397
Total token count: 1383
Emptied CUDA cache
{'loss': '7.358', 'grad_norm': '0.2254', 'learning_rate': '5.757e-05', 'entropy': '7.536', 'num_tokens': '1.476e+06', 'mean_token_accuracy': '0.05486', 'epoch': '1.369'}
Generated sample at index 469
Total token count: 1404
Generated sample at index 585
Total token count: 1841
Generated sample at index 214
Total token count: 1843
Generated sample at index 57
Total token count: 1850
Generated sample at index 52
Total token count: 2285
Generated sample at index 266
Total token count: 937
Generated sample at index 666
Total token count: 1385
Generated sample at index 594
Total token count: 1395
Emptied CUDA cache
{'loss': '7.397', 'grad_norm': '0.1895', 'learning_rate': '5.701e-05', 'entropy': '7.569', 'num_tokens': '1.489e+06', 'mean_token_accuracy': '0.05009', 'epoch': '1.379'}
Generated sample at index 2
Total token count: 2283
Generated sample at index 348
Total token count: 944
Generated sample at index 91
Total token count: 1400
Generated sample at index 366
Total token count: 1840
Generated sample at index 447
Total token count: 956
Generated sample at index 546
Total token count: 1847
Generated sample at index 51
Total token count: 1844
Generated sample at index 274
Total token count: 2285
Emptied CUDA cache
{'loss': '7.357', 'grad_norm': '0.1933', 'learning_rate': '5.646e-05', 'entropy': '7.531', 'num_tokens': '1.502e+06', 'mean_token_accuracy': '0.05462', 'epoch': '1.39'}
Generated sample at index 280
Total token count: 1845
Generated sample at index 253
Total token count: 1404
Generated sample at index 161
Total token count: 1847
Generated sample at index 263
Total token count: 945
Generated sample at index 391
Total token count: 965
Generated sample at index 407
Total token count: 1395
Generated sample at index 275
Total token count: 964
Generated sample at index 698
Total token count: 1405
Emptied CUDA cache
{'loss': '7.314', 'grad_norm': '0.2153', 'learning_rate': '5.59e-05', 'entropy': '7.489', 'num_tokens': '1.513e+06', 'mean_token_accuracy': '0.06025', 'epoch': '1.401'}
Generated sample at index 150
Generated sample at index 631
Total token count: 3176
Generated sample at index 332
Generated sample at index 232
Total token count: 1845
Generated sample at index 178
Generated sample at index 634
Total token count: 959
Generated sample at index 164
Generated sample at index 561
Total token count: 2288
Computing metrics on evaluation batch...
{'eval_loss': '7.362', 'eval_token_accuracy': '0', 'eval_runtime': '9.746', 'eval_samples_per_second': '0.821', 'eval_steps_per_second': '0.41', 'eval_entropy': '7.531', 'eval_num_tokens': '1.513e+06', 'eval_mean_token_accuracy': '0.05353', 'epoch': '1.401'}
Generated sample at index 232

Ground truth description for sample 3:
Delpotro aims a fine serve at T, Federer only manages to touch it.

Model output:
Federer serves, Del Potro returns, Federer hits a serve, Del Potro returns, Federer hits a serve, Del Potro returns, Federer hits a serve, Del Potro returns, Federer hits a serve, Del Potro returns, Federer hits a serve, Del Potro returns, Federer hits a serve, Del Potro returns, Federer hits a serve, Del Potro returns, Federer hits a serve, Del Potro returns, Federer hits a serve, Del Potro returns, Federer hits a serve, Del Potro returns, Federer hits a serve, Del Potro returns, Federer hits a serve, Del Potro returns, Federer hits a serve, Del Potro returns, Federer hits a serve, Del Potro returns, Federer hits a serve, Del Potro returns, Federer hits a serve, Del Potro returns, Federer hits a serve, Del Potro returns, Federer hits a serve, Del Potro returns, Federer hits a serve, Del Potro returns, Federer hits a serve, Del Potro returns, Federer hits a serve, Del Potro returns, Federer hits a serve, Del Potro returns, Federer hits a

ROUGE score: {'rouge1': np.float64(0.03428571428571429), 'rouge2': np.float64(0.0), 'rougeL': np.float64(0.03428571428571429), 'rougeLsum': np.float64(0.03428571428571429)}
Generated sample at index 631

Ground truth description for sample 1:
Good serve aimed at T, Sharapova only reaches to it, hitting the return long.

Model output:
Williams serves a backhand. Sharapova returns the serve with a backhand.

ROUGE score: {'rouge1': np.float64(0.23999999999999996), 'rouge2': np.float64(0.0), 'rougeL': np.float64(0.16), 'rougeLsum': np.float64(0.16)}
Generated sample at index 631

Ground truth description for sample 1:
Good serve aimed at T, Sharapova only reaches to it, hitting the return long.

Model output:
SERENA WILLIAMSS serves a wide, deep shot, Maria Sharapova returns the serve with a wide, deep return, Serena Williams serves a wide, deep shot, Maria Sharapova returns the serve with a wide, deep return, Serena Williams serves a wide, deep shot, Maria Sharapova returns the serve with a wide, deep return, Serena Williams serves a wide, deep shot, Maria Sharapova returns the serve with a wide, deep return, Serena Williams serves a wide, deep shot, Maria Sharapova returns the serve with a wide, deep return, Serena Williams serves a wide, deep shot, Maria Sharapova returns the serve with a wide, deep return, Serena Williams serves a wide, deep shot, Maria Sharapova returns the serve with a wide, deep return, Serena Williams serves a wide, deep shot, Maria Sharapova returns the serve with a wide, deep return, Serena Williams serves a wide, deep shot, Maria Sharapova returns the serve with a wide, deep return, Serena Williams serves a wide, deep shot, Maria Sharapova returns the serve with a wide, deep return, Serena Williams serves a wide, deep shot, Maria Sharapova returns the serve with a wide, deep return,

ROUGE score: {'rouge1': np.float64(0.03980099502487562), 'rouge2': np.float64(0.0), 'rougeL': np.float64(0.03980099502487562), 'rougeLsum': np.float64(0.03980099502487562)}
Generated sample at index 561

Ground truth description for sample 7:
Quick serve, Djokovic returns a backhand return, huge rally, Tsonga pulls a forehand cross-court lob long of the court.

Model output:
Tsonga serves the ball, Djokovic returns the serve with a backhand.

ROUGE score: {'rouge1': np.float64(0.45161290322580644), 'rouge2': np.float64(0.13793103448275862), 'rougeL': np.float64(0.25806451612903225), 'rougeLsum': np.float64(0.25806451612903225)}
Generated sample at index 631

Ground truth description for sample 1:
Good serve aimed at T, Sharapova only reaches to it, hitting the return long.

Model output:
SERENA WILLIAMS serves a backhand cross-court, Maria Sharapova returns the serve with a backhand cross-court.

ROUGE score: {'rouge1': np.float64(0.1935483870967742), 'rouge2': np.float64(0.0), 'rougeL': np.float64(0.12903225806451615), 'rougeLsum': np.float64(0.12903225806451615)}
Generated sample at index 332

Ground truth description for sample 2:
Federer aims a fine serve in the middle, Delpotro crafts a backhand return, short rally, Delpotro backhand lob lands long.

Model output:
Federer serves a long ball, Del Potro returns it with a backhand.

ROUGE score: {'rouge1': np.float64(0.3125), 'rouge2': np.float64(0.06666666666666667), 'rougeL': np.float64(0.25), 'rougeLsum': np.float64(0.25)}
Generated sample at index 332

Ground truth description for sample 2:
Federer aims a fine serve in the middle, Delpotro crafts a backhand return, short rally, Delpotro backhand lob lands long.

Model output:
Federer serves a forehand winner. Del Potro returns the serve with a slice.

ROUGE score: {'rouge1': np.float64(0.30303030303030304), 'rouge2': np.float64(0.0), 'rougeL': np.float64(0.24242424242424246), 'rougeLsum': np.float64(0.24242424242424246)}
Generated sample at index 561

Ground truth description for sample 7:
Quick serve, Djokovic returns a backhand return, huge rally, Tsonga pulls a forehand cross-court lob long of the court.

Model output:
Tsonga serves a deep cross-court. Djokovic returns the serve with a backhand cross-court.

ROUGE score: {'rouge1': np.float64(0.6285714285714286), 'rouge2': np.float64(0.18181818181818182), 'rougeL': np.float64(0.34285714285714286), 'rougeLsum': np.float64(0.34285714285714286)}
Generated sample at index 332

Ground truth description for sample 2:
Federer aims a fine serve in the middle, Delpotro crafts a backhand return, short rally, Delpotro backhand lob lands long.

Model output:
Federer serves a backhand winner.

ROUGE score: {'rouge1': np.float64(0.24), 'rouge2': np.float64(0.08695652173913043), 'rougeL': np.float64(0.24), 'rougeLsum': np.float64(0.24)}
Generated sample at index 178

Ground truth description for sample 4:
Federer arrows a good serve at T, Delpotro backhand return just lands long.

Model output:
Del Potro serves a backhand crosscourt. Federer returns the serve with a backhand crosscourt.

ROUGE score: {'rouge1': np.float64(0.29629629629629634), 'rouge2': np.float64(0.0), 'rougeL': np.float64(0.22222222222222224), 'rougeLsum': np.float64(0.22222222222222224)}
Average ROUGE score: {'rouge1': np.float64(0.27396460275311985), 'rouge2': np.float64(0.04733724047067375), 'rougeL': np.float64(0.19186870910077458), 'rougeLsum': np.float64(0.19186870910077458)}
Generated sample at index 94
Total token count: 948
Generated sample at index 11
Total token count: 1412
Generated sample at index 614
Total token count: 1402
Generated sample at index 22
Total token count: 1397
Generated sample at index 223
Total token count: 1398
Generated sample at index 229
Total token count: 1401
Generated sample at index 73
Total token count: 948
Generated sample at index 468
Total token count: 941
Emptied CUDA cache
{'loss': '7.311', 'grad_norm': '0.1941', 'learning_rate': '5.534e-05', 'entropy': '7.482', 'num_tokens': '1.524e+06', 'mean_token_accuracy': '0.0599', 'epoch': '1.412'}
Generated sample at index 211
Total token count: 1414
Generated sample at index 480
Total token count: 948
Generated sample at index 115
Total token count: 950
Generated sample at index 234
Total token count: 938
Generated sample at index 644
Total token count: 1846
Generated sample at index 577
Total token count: 1403
Generated sample at index 256
Total token count: 1405
Generated sample at index 323
Total token count: 954
Emptied CUDA cache
{'loss': '7.299', 'grad_norm': '0.2602', 'learning_rate': '5.478e-05', 'entropy': '7.469', 'num_tokens': '1.533e+06', 'mean_token_accuracy': '0.06134', 'epoch': '1.423'}
Generated sample at index 545
Total token count: 1402
Generated sample at index 670
Total token count: 1398
Generated sample at index 571
Total token count: 1401
Generated sample at index 160
Total token count: 1402
Generated sample at index 284
Total token count: 1396
Generated sample at index 174
Total token count: 1851
Generated sample at index 657
Total token count: 2721
Generated sample at index 517
Total token count: 1404
Emptied CUDA cache
{'loss': '7.344', 'grad_norm': '0.1753', 'learning_rate': '5.422e-05', 'entropy': '7.52', 'num_tokens': '1.546e+06', 'mean_token_accuracy': '0.05546', 'epoch': '1.434'}
Generated sample at index 136
Total token count: 1390
Generated sample at index 131
Total token count: 960
Generated sample at index 724
Total token count: 1845
Generated sample at index 198
Total token count: 1840
Generated sample at index 227
Total token count: 1403
Generated sample at index 46
Total token count: 1400
Generated sample at index 562
Total token count: 954
Generated sample at index 525
Total token count: 1851
Emptied CUDA cache
{'loss': '7.315', 'grad_norm': '0.1813', 'learning_rate': '5.366e-05', 'entropy': '7.49', 'num_tokens': '1.557e+06', 'mean_token_accuracy': '0.05993', 'epoch': '1.444'}
Generated sample at index 15
Total token count: 944
Generated sample at index 701
Total token count: 2283
Generated sample at index 440
Total token count: 953
Generated sample at index 472
Total token count: 1406
Generated sample at index 648
Total token count: 945
Generated sample at index 564
Total token count: 1846
Generated sample at index 303
Total token count: 951
Generated sample at index 127
Total token count: 938
Emptied CUDA cache
{'loss': '7.311', 'grad_norm': '0.225', 'learning_rate': '5.309e-05', 'entropy': '7.478', 'num_tokens': '1.568e+06', 'mean_token_accuracy': '0.05918', 'epoch': '1.455'}
Generated sample at index 511
Total token count: 956
Generated sample at index 28
Total token count: 1403
Generated sample at index 471
Total token count: 953
Generated sample at index 118
Total token count: 2300
Generated sample at index 474
Total token count: 1404
Generated sample at index 316
Total token count: 1846
Generated sample at index 206
Total token count: 1401
Generated sample at index 341
Total token count: 950
Emptied CUDA cache
{'loss': '7.302', 'grad_norm': '0.1829', 'learning_rate': '5.253e-05', 'entropy': '7.471', 'num_tokens': '1.58e+06', 'mean_token_accuracy': '0.06048', 'epoch': '1.466'}
Generated sample at index 124
Total token count: 942
Generated sample at index 408
Total token count: 1849
Generated sample at index 300
Total token count: 1838
Generated sample at index 215
Total token count: 952
Generated sample at index 402
Total token count: 1396
Generated sample at index 33
Total token count: 948
Generated sample at index 345
Total token count: 1407
Generated sample at index 187
Total token count: 950
Emptied CUDA cache
{'loss': '7.309', 'grad_norm': '0.2291', 'learning_rate': '5.197e-05', 'entropy': '7.474', 'num_tokens': '1.59e+06', 'mean_token_accuracy': '0.05996', 'epoch': '1.477'}
Generated sample at index 85
Total token count: 941
Generated sample at index 460
Total token count: 963
Generated sample at index 625
Total token count: 1394
Generated sample at index 90
Total token count: 948
Generated sample at index 24
Total token count: 1841
Generated sample at index 563
Total token count: 1401
Generated sample at index 624
Total token count: 1395
Generated sample at index 346
Total token count: 1406
Emptied CUDA cache
{'loss': '7.287', 'grad_norm': '0.2157', 'learning_rate': '5.141e-05', 'entropy': '7.46', 'num_tokens': '1.6e+06', 'mean_token_accuracy': '0.06243', 'epoch': '1.488'}
Generated sample at index 386
Total token count: 936
Generated sample at index 167
Total token count: 2722
Generated sample at index 219
Total token count: 947
Generated sample at index 116
Total token count: 954
Generated sample at index 110
Total token count: 1385
Generated sample at index 185
Total token count: 2729
Generated sample at index 463
Total token count: 951
Generated sample at index 721
Total token count: 1378
Emptied CUDA cache
{'loss': '7.323', 'grad_norm': '0.1901', 'learning_rate': '5.084e-05', 'entropy': '7.495', 'num_tokens': '1.612e+06', 'mean_token_accuracy': '0.05835', 'epoch': '1.499'}
Generated sample at index 271
Total token count: 1846
Generated sample at index 132
Total token count: 953
Generated sample at index 412
Total token count: 937
Generated sample at index 466
Total token count: 1413
Generated sample at index 418
Total token count: 1377
Generated sample at index 446
Total token count: 1402
Generated sample at index 732
Total token count: 1383
Generated sample at index 664
Total token count: 1403
Emptied CUDA cache
{'loss': '7.338', 'grad_norm': '0.2112', 'learning_rate': '5.028e-05', 'entropy': '7.507', 'num_tokens': '1.622e+06', 'mean_token_accuracy': '0.05622', 'epoch': '1.509'}
Generated sample at index 150
Generated sample at index 631
Total token count: 3176
Generated sample at index 332
Generated sample at index 232
Total token count: 1845
Generated sample at index 178
Generated sample at index 634
Total token count: 959
Generated sample at index 164
Generated sample at index 561
Total token count: 2288
Computing metrics on evaluation batch...
{'eval_loss': '7.352', 'eval_token_accuracy': '0', 'eval_runtime': '9.764', 'eval_samples_per_second': '0.819', 'eval_steps_per_second': '0.41', 'eval_entropy': '7.517', 'eval_num_tokens': '1.622e+06', 'eval_mean_token_accuracy': '0.05394', 'epoch': '1.509'}
Generated sample at index 164

Ground truth description for sample 6:
Federer aims a high kick serve, Delpotro returns a backhand return, a few shots exchanged, Delpotro cross-court backhand catches the net.

Model output:
Federer serves a backhand crosscourt winner.

ROUGE score: {'rouge1': np.float64(0.21428571428571427), 'rouge2': np.float64(0.07692307692307693), 'rougeL': np.float64(0.21428571428571427), 'rougeLsum': np.float64(0.21428571428571427)}
Generated sample at index 232

Ground truth description for sample 3:
Delpotro aims a fine serve at T, Federer only manages to touch it.

Model output:
Del Potro serves, Federer returns the serve with a backhand cross-court.

ROUGE score: {'rouge1': np.float64(0.24000000000000002), 'rouge2': np.float64(0.0), 'rougeL': np.float64(0.08), 'rougeLsum': np.float64(0.08)}
Generated sample at index 232

Ground truth description for sample 3:
Delpotro aims a fine serve at T, Federer only manages to touch it.

Model output:
Federer serves the ball. Del Potro returns the serve with a backhand. Federer hits a slice backhand.

ROUGE score: {'rouge1': np.float64(0.20000000000000004), 'rouge2': np.float64(0.0), 'rougeL': np.float64(0.13333333333333333), 'rougeLsum': np.float64(0.13333333333333333)}
Generated sample at index 178

Ground truth description for sample 4:
Federer arrows a good serve at T, Delpotro backhand return just lands long.

Model output:
Del Potro serves a forehand. Federer returns the serve with a forehand.

ROUGE score: {'rouge1': np.float64(0.24000000000000002), 'rouge2': np.float64(0.0), 'rougeL': np.float64(0.16), 'rougeLsum': np.float64(0.16)}
Generated sample at index 164

Ground truth description for sample 6:
Federer aims a high kick serve, Delpotro returns a backhand return, a few shots exchanged, Delpotro cross-court backhand catches the net.

Model output:
Federer serves a backhand cross-court. Del Potro returns a backhand winner.

ROUGE score: {'rouge1': np.float64(0.4705882352941177), 'rouge2': np.float64(0.18749999999999997), 'rougeL': np.float64(0.3529411764705882), 'rougeLsum': np.float64(0.3529411764705882)}
Generated sample at index 634

Ground truth description for sample 5:
Quick serve, Sharapova crafts a forehand return, Serena goes for a forehand down the line but catches the net.

Model output:
Williams serves, Sharapova returns with a backhand over the net.

ROUGE score: {'rouge1': np.float64(0.27586206896551724), 'rouge2': np.float64(0.07407407407407407), 'rougeL': np.float64(0.27586206896551724), 'rougeLsum': np.float64(0.27586206896551724)}
Generated sample at index 561

Ground truth description for sample 7:
Quick serve, Djokovic returns a backhand return, huge rally, Tsonga pulls a forehand cross-court lob long of the court.

Model output:
Tsonga serves the ball. Djokovic returns the serve with a backhand cross-court. Tsonga hits a slice return.

ROUGE score: {'rouge1': np.float64(0.5789473684210527), 'rouge2': np.float64(0.16666666666666669), 'rougeL': np.float64(0.3157894736842105), 'rougeLsum': np.float64(0.3157894736842105)}
Generated sample at index 561

Ground truth description for sample 7:
Quick serve, Djokovic returns a backhand return, huge rally, Tsonga pulls a forehand cross-court lob long of the court.

Model output:
Tsonga serves a backhand cross-court, Djokovic returns the serve with a forehand slice.

ROUGE score: {'rouge1': np.float64(0.6470588235294117), 'rouge2': np.float64(0.25), 'rougeL': np.float64(0.2941176470588235), 'rougeLsum': np.float64(0.2941176470588235)}
Generated sample at index 631

Ground truth description for sample 1:
Good serve aimed at T, Sharapova only reaches to it, hitting the return long.

Model output:
Williams serves a backhand winner.

ROUGE score: {'rouge1': np.float64(0.0), 'rouge2': np.float64(0.0), 'rougeL': np.float64(0.0), 'rougeLsum': np.float64(0.0)}
Generated sample at index 232

Ground truth description for sample 3:
Delpotro aims a fine serve at T, Federer only manages to touch it.

Model output:
Federer serves, Del Potro returns, Federer hits a slice.

ROUGE score: {'rouge1': np.float64(0.18181818181818185), 'rouge2': np.float64(0.0), 'rougeL': np.float64(0.09090909090909093), 'rougeLsum': np.float64(0.09090909090909093)}
Average ROUGE score: {'rouge1': np.float64(0.30485603923139953), 'rouge2': np.float64(0.07551638176638176), 'rougeL': np.float64(0.1917238504707278), 'rougeLsum': np.float64(0.1917238504707278)}
Generated sample at index 568
Total token count: 946
Generated sample at index 626
Total token count: 949
Generated sample at index 479
Total token count: 1858
Generated sample at index 597
Total token count: 941
Generated sample at index 315
Total token count: 1399
Generated sample at index 320
Total token count: 1844
Generated sample at index 309
Total token count: 1409
Generated sample at index 238
Total token count: 949
Emptied CUDA cache
{'loss': '7.301', 'grad_norm': '0.1757', 'learning_rate': '4.972e-05', 'entropy': '7.474', 'num_tokens': '1.633e+06', 'mean_token_accuracy': '0.05975', 'epoch': '1.52'}
Generated sample at index 16
Total token count: 949
Generated sample at index 111
Total token count: 2732
Generated sample at index 494
Total token count: 964
Generated sample at index 560
Total token count: 962
Generated sample at index 445
Total token count: 966
Generated sample at index 567
Total token count: 1403
Generated sample at index 25
Total token count: 1399
Generated sample at index 61
Total token count: 1402
Emptied CUDA cache
{'loss': '7.241', 'grad_norm': '0.1983', 'learning_rate': '4.916e-05', 'entropy': '7.404', 'num_tokens': '1.643e+06', 'mean_token_accuracy': '0.06748', 'epoch': '1.531'}
Generated sample at index 738
Total token count: 942
Generated sample at index 233
Total token count: 1405
Generated sample at index 213
Total token count: 1404
Generated sample at index 671
Total token count: 1395
Generated sample at index 656
Total token count: 1392
Generated sample at index 19
Total token count: 4059
Generated sample at index 165
Total token count: 1387
Generated sample at index 385
Total token count: 1395
Emptied CUDA cache
{'loss': '7.352', 'grad_norm': '0.1765', 'learning_rate': '4.859e-05', 'entropy': '7.524', 'num_tokens': '1.657e+06', 'mean_token_accuracy': '0.05432', 'epoch': '1.542'}
Generated sample at index 702
Total token count: 945
Generated sample at index 58
Total token count: 1839
Generated sample at index 31
Total token count: 952
Generated sample at index 218
Total token count: 968
Generated sample at index 194
Total token count: 953
Generated sample at index 359
Total token count: 1411
Generated sample at index 720
Total token count: 941
Generated sample at index 557
Total token count: 960
Emptied CUDA cache
{'loss': '7.251', 'grad_norm': '0.2241', 'learning_rate': '4.803e-05', 'entropy': '7.421', 'num_tokens': '1.666e+06', 'mean_token_accuracy': '0.06701', 'epoch': '1.553'}
Generated sample at index 663
Total token count: 950
Generated sample at index 226
Total token count: 950
Generated sample at index 675
Total token count: 1399
Generated sample at index 114
Total token count: 940
Generated sample at index 20
Total token count: 949
Generated sample at index 163
Total token count: 1394
Generated sample at index 168
Total token count: 1852
Generated sample at index 495
Total token count: 1847
Emptied CUDA cache
{'loss': '7.26', 'grad_norm': '0.1926', 'learning_rate': '4.747e-05', 'entropy': '7.431', 'num_tokens': '1.676e+06', 'mean_token_accuracy': '0.06604', 'epoch': '1.564'}
Generated sample at index 139
Total token count: 950
Generated sample at index 536
Total token count: 951
Generated sample at index 515
Total token count: 948
Generated sample at index 502
Total token count: 1409
Generated sample at index 429
Total token count: 1847
Generated sample at index 210
Total token count: 1840
Generated sample at index 618
Total token count: 951
Generated sample at index 595
Total token count: 1395
Emptied CUDA cache
{'loss': '7.284', 'grad_norm': '0.1821', 'learning_rate': '4.691e-05', 'entropy': '7.451', 'num_tokens': '1.686e+06', 'mean_token_accuracy': '0.06263', 'epoch': '1.575'}
Generated sample at index 251
Total token count: 1413
Generated sample at index 477
Total token count: 1406
Generated sample at index 510
Total token count: 1409
Generated sample at index 638
Total token count: 954
Generated sample at index 328
Total token count: 1404
Generated sample at index 524
Total token count: 1854
Generated sample at index 177
Total token count: 964
Generated sample at index 467
Total token count: 1858
Emptied CUDA cache
{'loss': '7.275', 'grad_norm': '0.1955', 'learning_rate': '4.634e-05', 'entropy': '7.437', 'num_tokens': '1.697e+06', 'mean_token_accuracy': '0.06374', 'epoch': '1.585'}
Generated sample at index 685
Total token count: 940
Generated sample at index 78
Total token count: 944
Generated sample at index 84
Total token count: 1849
Generated sample at index 581
Total token count: 1395
Generated sample at index 291
Total token count: 963
Generated sample at index 598
Total token count: 1404
Generated sample at index 64
Total token count: 1405
Generated sample at index 285
Total token count: 1402
Emptied CUDA cache
{'loss': '7.289', 'grad_norm': '0.1876', 'learning_rate': '4.578e-05', 'entropy': '7.46', 'num_tokens': '1.708e+06', 'mean_token_accuracy': '0.06219', 'epoch': '1.596'}
Generated sample at index 282
Total token count: 954
Generated sample at index 109
Total token count: 948
Generated sample at index 400
Total token count: 1406
Generated sample at index 49
Total token count: 1845
Generated sample at index 396
Total token count: 936
Generated sample at index 347
Total token count: 2278
Generated sample at index 66
Total token count: 950
Generated sample at index 101
Total token count: 1405
Emptied CUDA cache
{'loss': '7.294', 'grad_norm': '0.1642', 'learning_rate': '4.522e-05', 'entropy': '7.465', 'num_tokens': '1.719e+06', 'mean_token_accuracy': '0.06217', 'epoch': '1.607'}
Generated sample at index 710
Total token count: 1833
Generated sample at index 461
Total token count: 1409
Generated sample at index 301
Total token count: 2283
Generated sample at index 264
Total token count: 1416
Generated sample at index 9
Total token count: 952
Generated sample at index 190
Total token count: 1401
Generated sample at index 627
Total token count: 1840
Generated sample at index 718
Total token count: 2278
Emptied CUDA cache
{'loss': '7.329', 'grad_norm': '0.2244', 'learning_rate': '4.466e-05', 'entropy': '7.499', 'num_tokens': '1.731e+06', 'mean_token_accuracy': '0.05712', 'epoch': '1.618'}
Generated sample at index 150
Generated sample at index 631
Total token count: 3176
Generated sample at index 332
Generated sample at index 232
Total token count: 1845
Generated sample at index 178
Generated sample at index 634
Total token count: 959
Generated sample at index 164
Generated sample at index 561
Total token count: 2288
Computing metrics on evaluation batch...
{'eval_loss': '7.344', 'eval_token_accuracy': '0', 'eval_runtime': '9.761', 'eval_samples_per_second': '0.82', 'eval_steps_per_second': '0.41', 'eval_entropy': '7.506', 'eval_num_tokens': '1.731e+06', 'eval_mean_token_accuracy': '0.05553', 'epoch': '1.618'}
Generated sample at index 232

Ground truth description for sample 3:
Delpotro aims a fine serve at T, Federer only manages to touch it.

Model output:
Federer serves a wide ball. Del Potro returns the serve with a backhand cross-court winner.

ROUGE score: {'rouge1': np.float64(0.20689655172413793), 'rouge2': np.float64(0.0), 'rougeL': np.float64(0.13793103448275862), 'rougeLsum': np.float64(0.13793103448275862)}
Generated sample at index 631

Ground truth description for sample 1:
Good serve aimed at T, Sharapova only reaches to it, hitting the return long.

Model output:
Williams serves a long ball to the baseline. Sharapova returns the serve with a backhand. Williams hits a cross-court backhand winner.

ROUGE score: {'rouge1': np.float64(0.2777777777777778), 'rouge2': np.float64(0.0), 'rougeL': np.float64(0.1111111111111111), 'rougeLsum': np.float64(0.1111111111111111)}
Generated sample at index 634

Ground truth description for sample 5:
Quick serve, Sharapova crafts a forehand return, Serena goes for a forehand down the line but catches the net.

Model output:
Williams serves a backhand crosscourt, Sharapova returns the serve with a backhand crosscourt winner.

ROUGE score: {'rouge1': np.float64(0.30303030303030304), 'rouge2': np.float64(0.0), 'rougeL': np.float64(0.12121212121212122), 'rougeLsum': np.float64(0.12121212121212122)}
Generated sample at index 150

Ground truth description for sample 0:
Delpotro serves a high kick serve, Federer delivers a backhand return, lengthy exchange between the players, Delpotro cross-court backhand fails to land inside the court.

Model output:
Del Potro hits a backhand return. Federer hits a backhand winner.

ROUGE score: {'rouge1': np.float64(0.3243243243243243), 'rouge2': np.float64(0.11428571428571428), 'rougeL': np.float64(0.21621621621621623), 'rougeLsum': np.float64(0.21621621621621623)}
Generated sample at index 232

Ground truth description for sample 3:
Delpotro aims a fine serve at T, Federer only manages to touch it.

Model output:
Federer serves a serve, Del Potro returns the serve, Federer hits a forehand winner.

ROUGE score: {'rouge1': np.float64(0.22222222222222224), 'rouge2': np.float64(0.0), 'rougeL': np.float64(0.22222222222222224), 'rougeLsum': np.float64(0.22222222222222224)}
Generated sample at index 232

Ground truth description for sample 3:
Delpotro aims a fine serve at T, Federer only manages to touch it.

Model output:
Federer serves a cross court backhand, Del Potro returns a cross court backhand, Federer returns a cross court backhand.

ROUGE score: {'rouge1': np.float64(0.125), 'rouge2': np.float64(0.0), 'rougeL': np.float64(0.125), 'rougeLsum': np.float64(0.125)}
Generated sample at index 150

Ground truth description for sample 0:
Delpotro serves a high kick serve, Federer delivers a backhand return, lengthy exchange between the players, Delpotro cross-court backhand fails to land inside the court.

Model output:
Del Potro serves a cross court shot, Federer returns a cross court shot, Del Potro returns a cross court shot, Federer returns a cross court shot, Del Potro returns a cross court shot, Federer returns a cross court shot, Del Potro returns a cross court shot, Federer returns a cross court shot, Del Potro returns a cross court shot, Federer returns a cross court shot, Del Potro returns a cross court shot, Federer returns a cross court shot, Del Potro returns a cross court shot, Federer returns a cross court shot, Del Potro returns a cross court shot, Federer returns a cross court shot, Del Potro returns a cross court shot, Federer returns a cross court shot, Del Potro returns a cross court shot, Federer returns a cross court shot, Del Potro returns a cross court shot, Federer returns a cross court shot, Del Potro returns a cross court shot, Federer returns a cross court shot, Del Potro returns a cross court shot, Federer returns a cross court shot, Del Potro returns a cross court shot, Federer returns a cross court shot, Del Potro returns a cross court shot, Federer returns a cross court shot, Del

ROUGE score: {'rouge1': np.float64(0.06306306306306306), 'rouge2': np.float64(0.01818181818181818), 'rougeL': np.float64(0.06306306306306306), 'rougeLsum': np.float64(0.06306306306306306)}
Generated sample at index 631

Ground truth description for sample 1:
Good serve aimed at T, Sharapova only reaches to it, hitting the return long.

Model output:
Sharapova serves a backhand cross-court winner. Williams returns a cross-court serve with a backhand cross-court winner.

ROUGE score: {'rouge1': np.float64(0.12121212121212122), 'rouge2': np.float64(0.0), 'rougeL': np.float64(0.06060606060606061), 'rougeLsum': np.float64(0.06060606060606061)}
Generated sample at index 150

Ground truth description for sample 0:
Delpotro serves a high kick serve, Federer delivers a backhand return, lengthy exchange between the players, Delpotro cross-court backhand fails to land inside the court.

Model output:
Federer serves a backhand, Del Potro returns the serve with a backhand, Federer hits a forehand return.

ROUGE score: {'rouge1': np.float64(0.41860465116279066), 'rouge2': np.float64(0.09756097560975609), 'rougeL': np.float64(0.2790697674418605), 'rougeLsum': np.float64(0.2790697674418605)}
Generated sample at index 232

Ground truth description for sample 3:
Delpotro aims a fine serve at T, Federer only manages to touch it.

Model output:
Federer hits a forehand, Del Potro returns a forehand, Federer hits a backhand, Del Potro returns a backhand, Federer hits a backhand, Del Potro returns a backhand, Federer hits a backhand, Del Potro returns a backhand, Federer hits a backhand, Del Potro returns a backhand, Federer hits a backhand, Del Potro returns a backhand, Federer hits a backhand, Del Potro returns a backhand, Federer hits a backhand, Del Potro returns a backhand, Federer hits a backhand, Del Potro returns a backhand, Federer hits a backhand, Del Potro returns a backhand, Federer hits a backhand, Del Potro returns a backhand, Federer hits a backhand, Del Potro returns a backhand, Federer hits a backhand, Del Potro returns a backhand, Federer hits a backhand, Del Potro returns a backhand, Federer hits a backhand, Del Potro returns a backhand, Federer hits a backhand, Del Potro returns a backhand, Federer hits a backhand, Del Potro returns a backhand,

ROUGE score: {'rouge1': np.float64(0.024096385542168676), 'rouge2': np.float64(0.0), 'rougeL': np.float64(0.024096385542168676), 'rougeLsum': np.float64(0.024096385542168676)}
Average ROUGE score: {'rouge1': np.float64(0.20862274000589087), 'rouge2': np.float64(0.023002850807728854), 'rougeL': np.float64(0.13605279818975824), 'rougeLsum': np.float64(0.13605279818975824)}
Generated sample at index 40
Total token count: 941
Generated sample at index 318
Total token count: 2288
Generated sample at index 142
Total token count: 1404
Generated sample at index 6
Total token count: 945
Generated sample at index 448
Total token count: 1847
Generated sample at index 216
Total token count: 941
Generated sample at index 204
Total token count: 1398
Generated sample at index 230
Total token count: 950
Emptied CUDA cache
{'loss': '7.329', 'grad_norm': '0.2341', 'learning_rate': '4.41e-05', 'entropy': '7.501', 'num_tokens': '1.743e+06', 'mean_token_accuracy': '0.05775', 'epoch': '1.629'}
Generated sample at index 734
Total token count: 950
Generated sample at index 451
Total token count: 943
Generated sample at index 417
Total token count: 1394
Generated sample at index 501
Total token count: 952
Generated sample at index 699
Total token count: 1385
Generated sample at index 56
Total token count: 1841
Generated sample at index 222
Total token count: 1409
Generated sample at index 18
Total token count: 1845
Emptied CUDA cache
{'loss': '7.283', 'grad_norm': '0.192', 'learning_rate': '4.354e-05', 'entropy': '7.448', 'num_tokens': '1.753e+06', 'mean_token_accuracy': '0.06411', 'epoch': '1.64'}
Generated sample at index 681
Total token count: 1391
Generated sample at index 513
Total token count: 1847
Generated sample at index 668
Total token count: 1400
Generated sample at index 252
Total token count: 949
Generated sample at index 711
Total token count: 944
Generated sample at index 144
Total token count: 1844
Generated sample at index 684
Total token count: 1841
Generated sample at index 248
Total token count: 942
Emptied CUDA cache
{'loss': '7.332', 'grad_norm': '0.1768', 'learning_rate': '4.299e-05', 'entropy': '7.505', 'num_tokens': '1.765e+06', 'mean_token_accuracy': '0.05734', 'epoch': '1.65'}
Generated sample at index 374
Total token count: 941
Generated sample at index 603
Total token count: 1395
Generated sample at index 744
Total token count: 2283
Generated sample at index 700
Total token count: 1403
Generated sample at index 642
Total token count: 1375
Generated sample at index 29
Total token count: 1408
Generated sample at index 454
Total token count: 961
Generated sample at index 733
Total token count: 948
Emptied CUDA cache
{'loss': '7.313', 'grad_norm': '0.1674', 'learning_rate': '4.243e-05', 'entropy': '7.473', 'num_tokens': '1.776e+06', 'mean_token_accuracy': '0.05951', 'epoch': '1.661'}
Generated sample at index 420
Total token count: 1830
Generated sample at index 203
Total token count: 948
Generated sample at index 245
Total token count: 1846
Generated sample at index 179
Total token count: 1847
Generated sample at index 453
Total token count: 1412
Generated sample at index 137
Total token count: 1841
Generated sample at index 336
Total token count: 1851
Generated sample at index 740
Total token count: 940
Emptied CUDA cache
{'loss': '7.335', 'grad_norm': '0.2242', 'learning_rate': '4.187e-05', 'entropy': '7.498', 'num_tokens': '1.788e+06', 'mean_token_accuracy': '0.05725', 'epoch': '1.672'}
Generated sample at index 329
Total token count: 949
Generated sample at index 123
Total token count: 1843
Generated sample at index 419
Total token count: 2284
Generated sample at index 170
Total token count: 1409
Generated sample at index 714
Total token count: 1396
Generated sample at index 141
Total token count: 1405
Generated sample at index 500
Total token count: 952
Generated sample at index 550
Total token count: 1399
Emptied CUDA cache
{'loss': '7.304', 'grad_norm': '0.1792', 'learning_rate': '4.132e-05', 'entropy': '7.472', 'num_tokens': '1.8e+06', 'mean_token_accuracy': '0.06008', 'epoch': '1.683'}
Generated sample at index 250
Total token count: 1408
Generated sample at index 737
Total token count: 1388
Generated sample at index 47
Total token count: 2731
Generated sample at index 487
Total token count: 1857
Generated sample at index 672
Total token count: 1396
Generated sample at index 281
Total token count: 947
Generated sample at index 606
Total token count: 1402
Generated sample at index 242
Total token count: 1405
Emptied CUDA cache
{'loss': '7.331', 'grad_norm': '0.1575', 'learning_rate': '4.076e-05', 'entropy': '7.497', 'num_tokens': '1.812e+06', 'mean_token_accuracy': '0.0571', 'epoch': '1.694'}
Generated sample at index 422
Total token count: 951
Generated sample at index 106
Total token count: 959
Generated sample at index 295
Total token count: 956
Generated sample at index 80
Total token count: 1403
Generated sample at index 361
Total token count: 1405
Generated sample at index 349
Total token count: 2292
Generated sample at index 427
Total token count: 1402
Generated sample at index 382
Total token count: 1407
Emptied CUDA cache
{'loss': '7.262', 'grad_norm': '0.1693', 'learning_rate': '4.021e-05', 'entropy': '7.43', 'num_tokens': '1.823e+06', 'mean_token_accuracy': '0.06476', 'epoch': '1.705'}
Generated sample at index 616
Total token count: 1383
Generated sample at index 689
Total token count: 949
Generated sample at index 268
Total token count: 1388
Generated sample at index 260
Total token count: 1846
Generated sample at index 376
Total token count: 937
Generated sample at index 74
Total token count: 1848
Generated sample at index 13
Total token count: 953
Generated sample at index 652
Total token count: 939
Emptied CUDA cache
{'loss': '7.307', 'grad_norm': '0.1784', 'learning_rate': '3.966e-05', 'entropy': '7.473', 'num_tokens': '1.834e+06', 'mean_token_accuracy': '0.06009', 'epoch': '1.715'}
Generated sample at index 565
Total token count: 948
Generated sample at index 587
Total token count: 1842
Generated sample at index 82
Total token count: 954
Generated sample at index 521
Total token count: 953
Generated sample at index 403
Total token count: 1835
Generated sample at index 191
Total token count: 1393
Generated sample at index 88
Total token count: 959
Generated sample at index 555
Total token count: 1417
Emptied CUDA cache
{'loss': '7.266', 'grad_norm': '0.1561', 'learning_rate': '3.911e-05', 'entropy': '7.434', 'num_tokens': '1.843e+06', 'mean_token_accuracy': '0.0654', 'epoch': '1.726'}
Generated sample at index 150
Generated sample at index 631
Total token count: 3176
Generated sample at index 332
Generated sample at index 232
Total token count: 1845
Generated sample at index 178
Generated sample at index 634
Total token count: 959
Generated sample at index 164
Generated sample at index 561
Total token count: 2288
Computing metrics on evaluation batch...
{'eval_loss': '7.338', 'eval_token_accuracy': '0', 'eval_runtime': '9.794', 'eval_samples_per_second': '0.817', 'eval_steps_per_second': '0.408', 'eval_entropy': '7.498', 'eval_num_tokens': '1.843e+06', 'eval_mean_token_accuracy': '0.05565', 'epoch': '1.726'}
Generated sample at index 631

Ground truth description for sample 1:
Good serve aimed at T, Sharapova only reaches to it, hitting the return long.

Model output:
Serena serves the ball, Maria returns the serve with a backhand cross-court.

ROUGE score: {'rouge1': np.float64(0.14814814814814817), 'rouge2': np.float64(0.0), 'rougeL': np.float64(0.07407407407407408), 'rougeLsum': np.float64(0.07407407407407408)}
Generated sample at index 150

Ground truth description for sample 0:
Delpotro serves a high kick serve, Federer delivers a backhand return, lengthy exchange between the players, Delpotro cross-court backhand fails to land inside the court.

Model output:
Del Potro serves the ball, Federer returns the serve, Del Potro hits a forehand return, Federer hits a backhand return, Del Potro hits a forehand return, Federer hits a backhand return, Del Potro hits a forehand return, Federer hits a backhand return, Del Potro hits a forehand return, Federer hits a backhand return, Del Potro hits a forehand return, Federer hits a backhand return, Del Potro hits a forehand return, Federer hits a backhand return, Del Potro hits a forehand return, Federer hits a backhand return, Del Potro hits a forehand return, Federer hits a backhand return, Del Potro hits a forehand return, Federer hits a backhand return, Del Potro hits a forehand return, Federer hits a backhand return, Del Potro hits a forehand return, Federer hits a backhand return, Del Potro hits a forehand return, Federer hits a backhand return, Del Potro hits a forehand return, Federer hits a backhand return, Del Potro hits a forehand return, Federer hits a backhand return, Del Potro hits a

ROUGE score: {'rouge1': np.float64(0.10362694300518135), 'rouge2': np.float64(0.020942408376963352), 'rougeL': np.float64(0.07253886010362694), 'rougeLsum': np.float64(0.07253886010362694)}
Generated sample at index 634

Ground truth description for sample 5:
Quick serve, Sharapova crafts a forehand return, Serena goes for a forehand down the line but catches the net.

Model output:
Williams serve to the baseline, Sharapova returns the serve with a backhand, Williams hits a cross-court backhand.

ROUGE score: {'rouge1': np.float64(0.3243243243243243), 'rouge2': np.float64(0.0), 'rougeL': np.float64(0.21621621621621623), 'rougeLsum': np.float64(0.21621621621621623)}
Generated sample at index 631

Ground truth description for sample 1:
Good serve aimed at T, Sharapova only reaches to it, hitting the return long.

Model output:
Williams serves a cross-court backhand. Sharapova returns the serve with a backhand. Williams serves a cross-court backhand. Sharapova returns the serve with a backhand.

ROUGE score: {'rouge1': np.float64(0.15), 'rouge2': np.float64(0.0), 'rougeL': np.float64(0.15), 'rougeLsum': np.float64(0.15)}
Generated sample at index 232

Ground truth description for sample 3:
Delpotro aims a fine serve at T, Federer only manages to touch it.

Model output:
Del Potro serves a wide ball. Federer returns the serve with a cross-court backhand. Del Potro returns a backhand winner.

ROUGE score: {'rouge1': np.float64(0.17647058823529413), 'rouge2': np.float64(0.0), 'rougeL': np.float64(0.11764705882352941), 'rougeLsum': np.float64(0.11764705882352941)}
Generated sample at index 178

Ground truth description for sample 4:
Federer arrows a good serve at T, Delpotro backhand return just lands long.

Model output:
Federer serves a backhand cross-court winner. Del Potro fails to return the serve.

ROUGE score: {'rouge1': np.float64(0.3703703703703704), 'rouge2': np.float64(0.0), 'rougeL': np.float64(0.29629629629629634), 'rougeLsum': np.float64(0.29629629629629634)}
Generated sample at index 561

Ground truth description for sample 7:
Quick serve, Djokovic returns a backhand return, huge rally, Tsonga pulls a forehand cross-court lob long of the court.

Model output:
Tsonga serves a backhand cross court winner, Djokovic returns a backhand winner, Tsonga hits a backhand cross court winner, Djokovic returns a backhand winner, Tsonga hits a backhand cross court winner.

ROUGE score: {'rouge1': np.float64(0.3529411764705882), 'rouge2': np.float64(0.163265306122449), 'rougeL': np.float64(0.3529411764705882), 'rougeLsum': np.float64(0.3529411764705882)}
Generated sample at index 232

Ground truth description for sample 3:
Delpotro aims a fine serve at T, Federer only manages to touch it.

Model output:
Federer serves a cross-court serve. Del Potro returns the serve with a backhand cross-court winner.

ROUGE score: {'rouge1': np.float64(0.20000000000000004), 'rouge2': np.float64(0.0), 'rougeL': np.float64(0.13333333333333333), 'rougeLsum': np.float64(0.13333333333333333)}
Generated sample at index 332

Ground truth description for sample 2:
Federer aims a fine serve in the middle, Delpotro crafts a backhand return, short rally, Delpotro backhand lob lands long.

Model output:
Federer hits a serve that Del Potro returns to a net, but Federer is able to return the return to a net, and then hits a backhand that is a winner.

ROUGE score: {'rouge1': np.float64(0.2745098039215686), 'rouge2': np.float64(0.04081632653061225), 'rougeL': np.float64(0.23529411764705882), 'rougeLsum': np.float64(0.23529411764705882)}
Generated sample at index 561

Ground truth description for sample 7:
Quick serve, Djokovic returns a backhand return, huge rally, Tsonga pulls a forehand cross-court lob long of the court.

Model output:
Tsonga serves the ball, Djokovic returns the serve with a backhand cross-court.

ROUGE score: {'rouge1': np.float64(0.5454545454545455), 'rouge2': np.float64(0.1935483870967742), 'rougeL': np.float64(0.3636363636363637), 'rougeLsum': np.float64(0.3636363636363637)}
Average ROUGE score: {'rouge1': np.float64(0.26458458999300205), 'rouge2': np.float64(0.04185724281267988), 'rougeL': np.float64(0.20119774966010873), 'rougeLsum': np.float64(0.20119774966010873)}
Generated sample at index 312
Total token count: 957
Generated sample at index 428
Total token count: 1404
Generated sample at index 200
Total token count: 3171
Generated sample at index 394
Total token count: 944
Generated sample at index 257
Total token count: 1855
Generated sample at index 241
Total token count: 1843
Generated sample at index 439
Total token count: 1841
Generated sample at index 42
Total token count: 944
Emptied CUDA cache
{'loss': '7.325', 'grad_norm': '0.2232', 'learning_rate': '3.856e-05', 'entropy': '7.489', 'num_tokens': '1.857e+06', 'mean_token_accuracy': '0.05775', 'epoch': '1.737'}
Generated sample at index 504
Total token count: 1407
Generated sample at index 272
Total token count: 2287
Generated sample at index 81
Total token count: 2291
Generated sample at index 171
Total token count: 2278
Generated sample at index 646
Total token count: 1834
Generated sample at index 135
Total token count: 1403
Generated sample at index 475
Total token count: 1409
Generated sample at index 377
Total token count: 2278
Emptied CUDA cache
{'loss': '7.351', 'grad_norm': '0.1913', 'learning_rate': '3.801e-05', 'entropy': '7.517', 'num_tokens': '1.871e+06', 'mean_token_accuracy': '0.0546', 'epoch': '1.748'}
Generated sample at index 723
Total token count: 939
Generated sample at index 708
Total token count: 1393
Generated sample at index 712
Total token count: 1403
Generated sample at index 542
Total token count: 1404
Generated sample at index 27
Total token count: 1846
Generated sample at index 680
Total token count: 1397
Generated sample at index 697
Total token count: 1836
Generated sample at index 641
Total token count: 944
Emptied CUDA cache
{'loss': '7.352', 'grad_norm': '0.1831', 'learning_rate': '3.747e-05', 'entropy': '7.515', 'num_tokens': '1.883e+06', 'mean_token_accuracy': '0.05446', 'epoch': '1.759'}
Generated sample at index 12
Total token count: 1394
Generated sample at index 338
Total token count: 1844
Generated sample at index 493
Total token count: 947
Generated sample at index 308
Total token count: 945
Generated sample at index 330
Total token count: 1397
Generated sample at index 722
Total token count: 942
Generated sample at index 575
Total token count: 927
Generated sample at index 464
Total token count: 1415
Emptied CUDA cache
{'loss': '7.295', 'grad_norm': '0.211', 'learning_rate': '3.692e-05', 'entropy': '7.451', 'num_tokens': '1.893e+06', 'mean_token_accuracy': '0.06166', 'epoch': '1.77'}
Generated sample at index 726
Total token count: 1402
Generated sample at index 228
Total token count: 958
Generated sample at index 497
Total token count: 1400
Generated sample at index 593
Total token count: 1402
Generated sample at index 507
Total token count: 1845
Generated sample at index 449
Total token count: 1846
Generated sample at index 344
Total token count: 1404
Generated sample at index 339
Total token count: 942
Emptied CUDA cache
{'loss': '7.291', 'grad_norm': '0.2411', 'learning_rate': '3.638e-05', 'entropy': '7.458', 'num_tokens': '1.904e+06', 'mean_token_accuracy': '0.06211', 'epoch': '1.78'}
Generated sample at index 26
Total token count: 1844
Generated sample at index 304
Total token count: 945
Generated sample at index 380
Total token count: 1839
Generated sample at index 379
Total token count: 955
Generated sample at index 741
Total token count: 1402
Generated sample at index 209
Total token count: 1405
Generated sample at index 676
Total token count: 943
Generated sample at index 134
Total token count: 944
Emptied CUDA cache
{'loss': '7.282', 'grad_norm': '0.2275', 'learning_rate': '3.584e-05', 'entropy': '7.447', 'num_tokens': '1.914e+06', 'mean_token_accuracy': '0.06231', 'epoch': '1.791'}
Generated sample at index 691
Total token count: 1400
Generated sample at index 496
Total token count: 961
Generated sample at index 247
Total token count: 1841
Generated sample at index 321
Total token count: 949
Generated sample at index 324
Total token count: 1409
Generated sample at index 530
Total token count: 1404
Generated sample at index 43
Total token count: 1405
Generated sample at index 343
Total token count: 949
Emptied CUDA cache
{'loss': '7.262', 'grad_norm': '0.1835', 'learning_rate': '3.53e-05', 'entropy': '7.425', 'num_tokens': '1.925e+06', 'mean_token_accuracy': '0.06532', 'epoch': '1.802'}
Generated sample at index 99
Total token count: 2289
Generated sample at index 371
Total token count: 1850
Generated sample at index 601
Total token count: 1395
Generated sample at index 556
Total token count: 1405
Generated sample at index 608
Total token count: 932
Generated sample at index 72
Total token count: 2288
Generated sample at index 541
Total token count: 1852
Generated sample at index 745
Total token count: 937
Emptied CUDA cache
{'loss': '7.338', 'grad_norm': '0.1912', 'learning_rate': '3.476e-05', 'entropy': '7.499', 'num_tokens': '1.938e+06', 'mean_token_accuracy': '0.05555', 'epoch': '1.813'}
Generated sample at index 311
Total token count: 948
Generated sample at index 259
Total token count: 2727
Generated sample at index 632
Total token count: 1406
Generated sample at index 112
Total token count: 945
Generated sample at index 592
Total token count: 1398
Generated sample at index 387
Total token count: 1842
Generated sample at index 290
Total token count: 1849
Generated sample at index 75
Total token count: 952
Emptied CUDA cache
{'loss': '7.324', 'grad_norm': '0.1824', 'learning_rate': '3.423e-05', 'entropy': '7.484', 'num_tokens': '1.95e+06', 'mean_token_accuracy': '0.05708', 'epoch': '1.824'}
Generated sample at index 633
Total token count: 1402
Generated sample at index 184
Total token count: 1400
Generated sample at index 661
Total token count: 1401
Generated sample at index 39
Total token count: 938
Generated sample at index 519
Total token count: 1401
Generated sample at index 599
Total token count: 1376
Generated sample at index 731
Total token count: 1399
Generated sample at index 678
Total token count: 944
Emptied CUDA cache
{'loss': '7.292', 'grad_norm': '0.2184', 'learning_rate': '3.369e-05', 'entropy': '7.459', 'num_tokens': '1.96e+06', 'mean_token_accuracy': '0.06158', 'epoch': '1.835'}
Generated sample at index 150
Generated sample at index 631
Total token count: 3176
Generated sample at index 332
Generated sample at index 232
Total token count: 1845
Generated sample at index 178
Generated sample at index 634
Total token count: 959
Generated sample at index 164
Generated sample at index 561
Total token count: 2288
Computing metrics on evaluation batch...
{'eval_loss': '7.333', 'eval_token_accuracy': '0', 'eval_runtime': '9.74', 'eval_samples_per_second': '0.821', 'eval_steps_per_second': '0.411', 'eval_entropy': '7.491', 'eval_num_tokens': '1.96e+06', 'eval_mean_token_accuracy': '0.05591', 'epoch': '1.835'}
Generated sample at index 232

Ground truth description for sample 3:
Delpotro aims a fine serve at T, Federer only manages to touch it.

Model output:
Federer hits a backhand winner.

ROUGE score: {'rouge1': np.float64(0.2222222222222222), 'rouge2': np.float64(0.0), 'rougeL': np.float64(0.1111111111111111), 'rougeLsum': np.float64(0.1111111111111111)}
Generated sample at index 561

Ground truth description for sample 7:
Quick serve, Djokovic returns a backhand return, huge rally, Tsonga pulls a forehand cross-court lob long of the court.

Model output:
Tsonga serves a wide ball, Djokovic returns with a backhand crosscourt winner.

ROUGE score: {'rouge1': np.float64(0.37499999999999994), 'rouge2': np.float64(0.13333333333333333), 'rougeL': np.float64(0.25), 'rougeLsum': np.float64(0.25)}
Generated sample at index 164

Ground truth description for sample 6:
Federer aims a high kick serve, Delpotro returns a backhand return, a few shots exchanged, Delpotro cross-court backhand catches the net.

Model output:
Federer serves a cross-court backhand winner.

ROUGE score: {'rouge1': np.float64(0.3448275862068965), 'rouge2': np.float64(0.14814814814814814), 'rougeL': np.float64(0.3448275862068965), 'rougeLsum': np.float64(0.3448275862068965)}
Generated sample at index 232

Ground truth description for sample 3:
Delpotro aims a fine serve at T, Federer only manages to touch it.

Model output:
Federer serves a backhand cross-court, Del Potro returns with a backhand. Federer hits a forehand return, Del Potro returns with a forehand.

ROUGE score: {'rouge1': np.float64(0.1111111111111111), 'rouge2': np.float64(0.0), 'rougeL': np.float64(0.1111111111111111), 'rougeLsum': np.float64(0.1111111111111111)}
Generated sample at index 631

Ground truth description for sample 1:
Good serve aimed at T, Sharapova only reaches to it, hitting the return long.

Model output:
Tennis player serves a backhand cross-court, Maria Sharapova hits a backhand return.

ROUGE score: {'rouge1': np.float64(0.14814814814814817), 'rouge2': np.float64(0.0), 'rougeL': np.float64(0.14814814814814817), 'rougeLsum': np.float64(0.14814814814814817)}
Generated sample at index 631

Ground truth description for sample 1:
Good serve aimed at T, Sharapova only reaches to it, hitting the return long.

Model output:
Williams serves a deep cross-court backhand, Sharapova returns with a backhand, Williams hits a serve that is a bit off the baseline.

ROUGE score: {'rouge1': np.float64(0.16216216216216214), 'rouge2': np.float64(0.0), 'rougeL': np.float64(0.1081081081081081), 'rougeLsum': np.float64(0.1081081081081081)}
Generated sample at index 164

Ground truth description for sample 6:
Federer aims a high kick serve, Delpotro returns a backhand return, a few shots exchanged, Delpotro cross-court backhand catches the net.

Model output:
Federer serves a wide backhand, Del Potro returns the serve with a cross-court backhand.

ROUGE score: {'rouge1': np.float64(0.5405405405405405), 'rouge2': np.float64(0.11428571428571427), 'rougeL': np.float64(0.3783783783783784), 'rougeLsum': np.float64(0.3783783783783784)}
Generated sample at index 634

Ground truth description for sample 5:
Quick serve, Sharapova crafts a forehand return, Serena goes for a forehand down the line but catches the net.

Model output:
A serve is returned and a cross-court backhand is sliced wide.

ROUGE score: {'rouge1': np.float64(0.1935483870967742), 'rouge2': np.float64(0.0), 'rougeL': np.float64(0.12903225806451615), 'rougeLsum': np.float64(0.12903225806451615)}
Generated sample at index 164

Ground truth description for sample 6:
Federer aims a high kick serve, Delpotro returns a backhand return, a few shots exchanged, Delpotro cross-court backhand catches the net.

Model output:
Federer hits a cross court backhand, Del Potro returns a forehand return, Federer hits a backhand, Del Potro returns a forehand return, Federer hits a backhand, Del Potro returns a forehand return, Federer hits a backhand, Del Potro returns a forehand return.

ROUGE score: {'rouge1': np.float64(0.31249999999999994), 'rouge2': np.float64(0.12903225806451615), 'rougeL': np.float64(0.25), 'rougeLsum': np.float64(0.25)}
Generated sample at index 164

Ground truth description for sample 6:
Federer aims a high kick serve, Delpotro returns a backhand return, a few shots exchanged, Delpotro cross-court backhand catches the net.

Model output:
Federer serves a long backhand cross-court. Del Potro returns a backhand cross-court, Federer hits a backhand cross-court.

ROUGE score: {'rouge1': np.float64(0.4285714285714286), 'rouge2': np.float64(0.15), 'rougeL': np.float64(0.380952380952381), 'rougeLsum': np.float64(0.380952380952381)}
Average ROUGE score: {'rouge1': np.float64(0.2838631586059283), 'rouge2': np.float64(0.06747994538317119), 'rougeL': np.float64(0.22116690820806503), 'rougeLsum': np.float64(0.22116690820806503)}
Generated sample at index 703
Total token count: 1400
Generated sample at index 398
Total token count: 1401
Generated sample at index 538
Total token count: 1849
Generated sample at index 143
Total token count: 4494
Generated sample at index 537
Total token count: 1844
Generated sample at index 554
Total token count: 1415
Generated sample at index 261
Total token count: 2290
Generated sample at index 489
Total token count: 950
Emptied CUDA cache
{'loss': '7.348', 'grad_norm': '0.2863', 'learning_rate': '3.316e-05', 'entropy': '7.512', 'num_tokens': '1.976e+06', 'mean_token_accuracy': '0.05412', 'epoch': '1.846'}
Generated sample at index 313
Total token count: 1407
Generated sample at index 120
Total token count: 1398
Generated sample at index 258
Total token count: 954
Generated sample at index 573
Total token count: 949
Generated sample at index 690
Total token count: 940
Generated sample at index 107
Total token count: 1409
Generated sample at index 590
Total token count: 942
Generated sample at index 591
Total token count: 1840
Emptied CUDA cache
{'loss': '7.238', 'grad_norm': '0.1827', 'learning_rate': '3.263e-05', 'entropy': '7.4', 'num_tokens': '1.985e+06', 'mean_token_accuracy': '0.06729', 'epoch': '1.856'}
Generated sample at index 121
Total token count: 1398
Generated sample at index 162
Total token count: 1410
Generated sample at index 358
Total token count: 1851
Generated sample at index 326
Total token count: 948
Generated sample at index 65
Total token count: 1403
Generated sample at index 102
Total token count: 2729
Generated sample at index 235
Total token count: 1843
Generated sample at index 490
Total token count: 965
Emptied CUDA cache
{'loss': '7.335', 'grad_norm': '0.1727', 'learning_rate': '3.211e-05', 'entropy': '7.498', 'num_tokens': '1.998e+06', 'mean_token_accuracy': '0.05636', 'epoch': '1.867'}
Generated sample at index 289
Total token count: 950
Generated sample at index 98
Total token count: 1851
Generated sample at index 240
Total token count: 1845
Generated sample at index 337
Total token count: 2283
Generated sample at index 736
Total token count: 1381
Generated sample at index 728
Total token count: 1394
Generated sample at index 100
Total token count: 1397
Generated sample at index 317
Total token count: 2292
Emptied CUDA cache
{'loss': '7.309', 'grad_norm': '0.2365', 'learning_rate': '3.158e-05', 'entropy': '7.472', 'num_tokens': '2.01e+06', 'mean_token_accuracy': '0.05977', 'epoch': '1.878'}
Generated sample at index 306
Total token count: 941
Generated sample at index 514
Total token count: 952
Generated sample at index 103
Total token count: 1406
Generated sample at index 36
Total token count: 2731
Generated sample at index 76
Total token count: 1852
Generated sample at index 44
Total token count: 2302
Generated sample at index 205
Total token count: 950
Generated sample at index 411
Total token count: 1401
Emptied CUDA cache
{'loss': '7.307', 'grad_norm': '0.2667', 'learning_rate': '3.106e-05', 'entropy': '7.47', 'num_tokens': '2.024e+06', 'mean_token_accuracy': '0.05857', 'epoch': '1.889'}
Generated sample at index 481
Total token count: 1389
Generated sample at index 296
Total token count: 949
Generated sample at index 522
Total token count: 1849
Generated sample at index 104
Total token count: 943
Generated sample at index 236
Total token count: 1855
Generated sample at index 363
Total token count: 1848
Generated sample at index 207
Total token count: 1847
Generated sample at index 119
Total token count: 1404
Emptied CUDA cache
{'loss': '7.319', 'grad_norm': '0.1759', 'learning_rate': '3.054e-05', 'entropy': '7.475', 'num_tokens': '2.036e+06', 'mean_token_accuracy': '0.05754', 'epoch': '1.9'}
Generated sample at index 478
Total token count: 958
Generated sample at index 529
Total token count: 1851
Generated sample at index 334
Total token count: 2724
Generated sample at index 310
Total token count: 949
Generated sample at index 368
Total token count: 1841
Generated sample at index 482
Total token count: 950
Generated sample at index 166
Total token count: 1405
Generated sample at index 459
Total token count: 1850
Emptied CUDA cache
{'loss': '7.295', 'grad_norm': '0.1571', 'learning_rate': '3.002e-05', 'entropy': '7.449', 'num_tokens': '2.048e+06', 'mean_token_accuracy': '0.0603', 'epoch': '1.911'}
Generated sample at index 356
Total token count: 1401
Generated sample at index 415
Total token count: 1839
Generated sample at index 10
Total token count: 2285
Generated sample at index 0
Total token count: 955
Generated sample at index 432
Total token count: 1835
Generated sample at index 621
Total token count: 949
Generated sample at index 622
Total token count: 1404
Generated sample at index 707
Total token count: 1386
Emptied CUDA cache
{'loss': '7.318', 'grad_norm': '0.1577', 'learning_rate': '2.951e-05', 'entropy': '7.478', 'num_tokens': '2.06e+06', 'mean_token_accuracy': '0.05794', 'epoch': '1.921'}
Generated sample at index 579
Total token count: 1399
Generated sample at index 77
Total token count: 1391
Generated sample at index 423
Total token count: 1400
Generated sample at index 35
Total token count: 4498
Generated sample at index 609
Total token count: 2277
Generated sample at index 7
Total token count: 1407
Generated sample at index 483
Total token count: 954
Generated sample at index 503
Total token count: 1395
Emptied CUDA cache
{'loss': '7.341', 'grad_norm': '0.3393', 'learning_rate': '2.9e-05', 'entropy': '7.504', 'num_tokens': '2.075e+06', 'mean_token_accuracy': '0.05463', 'epoch': '1.932'}
Generated sample at index 180
Total token count: 944
Generated sample at index 21
Total token count: 955
Generated sample at index 645
Total token count: 947
Generated sample at index 553
Total token count: 962
Generated sample at index 381
Total token count: 1396
Generated sample at index 499
Total token count: 1409
Generated sample at index 113
Total token count: 1385
Generated sample at index 360
Total token count: 938
Emptied CUDA cache
{'loss': '7.243', 'grad_norm': '0.2038', 'learning_rate': '2.849e-05', 'entropy': '7.402', 'num_tokens': '2.084e+06', 'mean_token_accuracy': '0.06626', 'epoch': '1.943'}
Generated sample at index 150
Generated sample at index 631
Total token count: 3176
Generated sample at index 332
Generated sample at index 232
Total token count: 1845
Generated sample at index 178
Generated sample at index 634
Total token count: 959
Generated sample at index 164
Generated sample at index 561
Total token count: 2288
Computing metrics on evaluation batch...
{'eval_loss': '7.329', 'eval_token_accuracy': '0', 'eval_runtime': '9.744', 'eval_samples_per_second': '0.821', 'eval_steps_per_second': '0.411', 'eval_entropy': '7.483', 'eval_num_tokens': '2.084e+06', 'eval_mean_token_accuracy': '0.05632', 'epoch': '1.943'}
Generated sample at index 561

Ground truth description for sample 7:
Quick serve, Djokovic returns a backhand return, huge rally, Tsonga pulls a forehand cross-court lob long of the court.

Model output:
Tsonga serves a backhand cross-court, Djokovic returns a cross-court backhand, Tsonga hits a backhand winner.

ROUGE score: {'rouge1': np.float64(0.48648648648648646), 'rouge2': np.float64(0.22857142857142856), 'rougeL': np.float64(0.3243243243243243), 'rougeLsum': np.float64(0.3243243243243243)}
Generated sample at index 150

Ground truth description for sample 0:
Delpotro serves a high kick serve, Federer delivers a backhand return, lengthy exchange between the players, Delpotro cross-court backhand fails to land inside the court.

Model output:
Del Potro hits a cross court backhand winner.

ROUGE score: {'rouge1': np.float64(0.23529411764705882), 'rouge2': np.float64(0.125), 'rougeL': np.float64(0.23529411764705882), 'rougeLsum': np.float64(0.23529411764705882)}
Generated sample at index 631

Ground truth description for sample 1:
Good serve aimed at T, Sharapova only reaches to it, hitting the return long.

Model output:
Williams serve, Sharapova return, serve back, serve back, serve back, serve back, serve back, serve back, serve back, serve back, serve back, serve back, serve back, serve back, serve back, serve back, serve back, serve back, serve back, serve back, serve back, serve back, serve back, serve back, serve back, serve back, serve back, serve back, serve back, serve back, serve back, serve back, serve back, serve back, serve back, serve back, serve back, serve back, serve back, serve back, serve back, serve back, serve back, serve back, serve back, serve back, serve back, serve back, serve back, serve back, serve back, serve back, serve back, serve back, serve back, serve back, serve back, serve back, serve back, serve back, serve back, serve back, serve back, serve back, serve back, serve back, serve back, serve back, serve back, serve back, serve back, serve back, serve back, serve back, serve back, serve back, serve back, serve back, serve back, serve back, serve back, serve back, serve back, serve back, serve back

ROUGE score: {'rouge1': np.float64(0.03260869565217391), 'rouge2': np.float64(0.0), 'rougeL': np.float64(0.03260869565217391), 'rougeLsum': np.float64(0.03260869565217391)}
Generated sample at index 150

Ground truth description for sample 0:
Delpotro serves a high kick serve, Federer delivers a backhand return, lengthy exchange between the players, Delpotro cross-court backhand fails to land inside the court.

Model output:
Del Potro serves a backhand cross-court, Federer returns the serve with a backhand cross-court. Del Potro hits a backhand cross-court, Federer returns the serve with a backhand cross-court.

ROUGE score: {'rouge1': np.float64(0.41379310344827586), 'rouge2': np.float64(0.10714285714285714), 'rougeL': np.float64(0.3448275862068966), 'rougeLsum': np.float64(0.3448275862068966)}
Generated sample at index 164

Ground truth description for sample 6:
Federer aims a high kick serve, Delpotro returns a backhand return, a few shots exchanged, Delpotro cross-court backhand catches the net.

Model output:
Federer hits a backhand cross court winner.

ROUGE score: {'rouge1': np.float64(0.3448275862068965), 'rouge2': np.float64(0.14814814814814814), 'rougeL': np.float64(0.3448275862068965), 'rougeLsum': np.float64(0.3448275862068965)}
Generated sample at index 634

Ground truth description for sample 5:
Quick serve, Sharapova crafts a forehand return, Serena goes for a forehand down the line but catches the net.

Model output:
SERENA serves a serve, Maria makes a backhand return, Serena hits a serve, Maria makes a backhand return, Serena hits a serve, Maria makes a backhand return, Serena hits a serve, Maria makes a backhand return, Serena hits a serve, Maria makes a backhand return, Serena hits a serve, Maria makes a backhand return, Serena hits a serve, Maria makes a backhand return, Serena hits a serve, Maria makes a backhand return, Serena hits a serve, Maria makes a backhand return, Serena hits a serve, Maria makes a backhand return, Serena hits a serve, Maria makes a backhand return, Serena hits a serve, Maria makes a backhand return, Serena hits a serve, Maria makes a backhand return, Serena hits a serve, Maria makes a backhand return, Serena hits a serve, Maria makes a backhand return, Serena hits a serve, Maria makes a backhand return, Serena hits a serve, Maria makes a backhand return, Serena hits a serve, Maria makes a backhand return, Serena hits a serve, Maria makes a backhand return, Serena hits a serve, Maria makes a backhand return, Serena hits a serve, Maria makes a backhand return, Serena hits a

ROUGE score: {'rouge1': np.float64(0.04739336492890995), 'rouge2': np.float64(0.009569377990430622), 'rougeL': np.float64(0.04739336492890995), 'rougeLsum': np.float64(0.04739336492890995)}
Generated sample at index 631

Ground truth description for sample 1:
Good serve aimed at T, Sharapova only reaches to it, hitting the return long.

Model output:
Williams serves a cross court, Sharapova returns a backhand.

ROUGE score: {'rouge1': np.float64(0.08695652173913043), 'rouge2': np.float64(0.0), 'rougeL': np.float64(0.08695652173913043), 'rougeLsum': np.float64(0.08695652173913043)}
Generated sample at index 232

Ground truth description for sample 3:
Delpotro aims a fine serve at T, Federer only manages to touch it.

Model output:
Del Potro serves a cross court backhand return, Federer returns the serve with a backhand cross court.

ROUGE score: {'rouge1': np.float64(0.20000000000000004), 'rouge2': np.float64(0.0), 'rougeL': np.float64(0.13333333333333333), 'rougeLsum': np.float64(0.13333333333333333)}
Generated sample at index 232

Ground truth description for sample 3:
Delpotro aims a fine serve at T, Federer only manages to touch it.

Model output:
Federer serves a wide forehand return, Del Potro returns the serve with a forehand return, Federer returns the return with a backhand.

ROUGE score: {'rouge1': np.float64(0.1714285714285714), 'rouge2': np.float64(0.0), 'rougeL': np.float64(0.1714285714285714), 'rougeLsum': np.float64(0.1714285714285714)}
Generated sample at index 232

Ground truth description for sample 3:
Delpotro aims a fine serve at T, Federer only manages to touch it.

Model output:
Federer serves a cross court shot, Del Potro returns the serve with a slice.

ROUGE score: {'rouge1': np.float64(0.22222222222222224), 'rouge2': np.float64(0.0), 'rougeL': np.float64(0.14814814814814817), 'rougeLsum': np.float64(0.14814814814814817)}
Average ROUGE score: {'rouge1': np.float64(0.22410106697597257), 'rouge2': np.float64(0.06184318118528644), 'rougeL': np.float64(0.18691422496154436), 'rougeLsum': np.float64(0.18691422496154436)}
Generated sample at index 388
Total token count: 1848
Generated sample at index 742
Total token count: 1842
Generated sample at index 600
Total token count: 936
Generated sample at index 518
Total token count: 956
Generated sample at index 189
Total token count: 948
Generated sample at index 208
Total token count: 1407
Generated sample at index 201
Total token count: 954
Generated sample at index 729
Total token count: 1841
Emptied CUDA cache
{'loss': '7.259', 'grad_norm': '0.1891', 'learning_rate': '2.798e-05', 'entropy': '7.418', 'num_tokens': '2.094e+06', 'mean_token_accuracy': '0.06513', 'epoch': '1.954'}
Generated sample at index 383
Total token count: 2731
Generated sample at index 149
Total token count: 2728
Generated sample at index 79
Total token count: 1394
Generated sample at index 580
Total token count: 2723
Generated sample at index 186
Total token count: 954
Generated sample at index 552
Total token count: 1851
Generated sample at index 239
Total token count: 1410
Generated sample at index 255
Total token count: 1851
Emptied CUDA cache
{'loss': '7.357', 'grad_norm': '0.1662', 'learning_rate': '2.748e-05', 'entropy': '7.521', 'num_tokens': '2.11e+06', 'mean_token_accuracy': '0.05323', 'epoch': '1.965'}
Generated sample at index 217
Total token count: 950
Generated sample at index 8
Total token count: 938
Generated sample at index 148
Total token count: 1409
Generated sample at index 314
Total token count: 1401
Generated sample at index 442
Total token count: 948
Generated sample at index 612
Total token count: 949
Generated sample at index 370
Total token count: 1398
Generated sample at index 662
Total token count: 1405
Emptied CUDA cache
{'loss': '7.257', 'grad_norm': '0.1743', 'learning_rate': '2.698e-05', 'entropy': '7.417', 'num_tokens': '2.12e+06', 'mean_token_accuracy': '0.06534', 'epoch': '1.976'}
Generated sample at index 147
Total token count: 953
Generated sample at index 237
Total token count: 950
Generated sample at index 277
Total token count: 949
Generated sample at index 421
Total token count: 940
Generated sample at index 23
Total token count: 2283
Generated sample at index 355
Total token count: 2283
Generated sample at index 619
Total token count: 1396
Generated sample at index 145
Total token count: 941
Emptied CUDA cache
{'loss': '7.287', 'grad_norm': '0.2178', 'learning_rate': '2.648e-05', 'entropy': '7.444', 'num_tokens': '2.131e+06', 'mean_token_accuracy': '0.06188', 'epoch': '1.986'}
Generated sample at index 539
Total token count: 1406
Generated sample at index 715
Total token count: 936
Generated sample at index 424
Total token count: 937
Generated sample at index 508
Total token count: 956
Generated sample at index 528
Total token count: 966
Generated sample at index 292
Total token count: 943
Generated sample at index 364
Total token count: 959
Generated sample at index 526
Total token count: 1398
Emptied CUDA cache
{'loss': '7.211', 'grad_norm': '0.3077', 'learning_rate': '2.598e-05', 'entropy': '7.364', 'num_tokens': '2.139e+06', 'mean_token_accuracy': '0.07078', 'epoch': '1.997'}
Generated sample at index 140
Total token count: 1395
Emptied CUDA cache
{'loss': '7.313', 'grad_norm': '0.3227', 'learning_rate': '2.549e-05', 'entropy': '7.474', 'num_tokens': '2.142e+06', 'mean_token_accuracy': '0.05926', 'epoch': '2'}
Generated sample at index 608
Total token count: 932
Generated sample at index 47
Total token count: 2731
Generated sample at index 371
Total token count: 1850
Generated sample at index 59
Total token count: 1402
Generated sample at index 419
Total token count: 2284
Generated sample at index 235
Total token count: 1843
Generated sample at index 358
Total token count: 1851
Generated sample at index 299
Total token count: 1407
Generated sample at index 586
Total token count: 944
Emptied CUDA cache
{'loss': '7.352', 'grad_norm': '0.2467', 'learning_rate': '2.5e-05', 'entropy': '7.511', 'num_tokens': '2.156e+06', 'mean_token_accuracy': '0.05332', 'epoch': '2.011'}
Generated sample at index 31
Total token count: 952
Generated sample at index 195
Total token count: 1404
Generated sample at index 213
Total token count: 1404
Generated sample at index 156
Total token count: 938
Generated sample at index 451
Total token count: 943
Generated sample at index 54
Total token count: 2288
Generated sample at index 699
Total token count: 1385
Generated sample at index 601
Total token count: 1395
Emptied CUDA cache
{'loss': '7.28', 'grad_norm': '0.1554', 'learning_rate': '2.451e-05', 'entropy': '7.44', 'num_tokens': '2.166e+06', 'mean_token_accuracy': '0.0629', 'epoch': '2.022'}
Generated sample at index 106
Total token count: 959
Generated sample at index 692
Total token count: 946
Generated sample at index 254
Total token count: 945
Generated sample at index 251
Total token count: 1413
Generated sample at index 84
Total token count: 1849
Generated sample at index 321
Total token count: 949
Generated sample at index 432
Total token count: 1835
Generated sample at index 476
Total token count: 1406
Emptied CUDA cache
{'loss': '7.261', 'grad_norm': '0.162', 'learning_rate': '2.403e-05', 'entropy': '7.422', 'num_tokens': '2.177e+06', 'mean_token_accuracy': '0.06461', 'epoch': '2.033'}
Generated sample at index 166
Total token count: 1405
Generated sample at index 253
Total token count: 1404
Generated sample at index 133
Total token count: 959
Generated sample at index 72
Total token count: 2288
Generated sample at index 236
Total token count: 1855
Generated sample at index 89
Total token count: 1397
Generated sample at index 128
Total token count: 946
Generated sample at index 189
Total token count: 948
Emptied CUDA cache
{'loss': '7.281', 'grad_norm': '0.1771', 'learning_rate': '2.355e-05', 'entropy': '7.438', 'num_tokens': '2.188e+06', 'mean_token_accuracy': '0.06175', 'epoch': '2.043'}
Generated sample at index 150
Generated sample at index 631
Total token count: 3176
Generated sample at index 332
Generated sample at index 232
Total token count: 1845
Generated sample at index 178
Generated sample at index 634
Total token count: 959
Generated sample at index 164
Generated sample at index 561
Total token count: 2288
Computing metrics on evaluation batch...
{'eval_loss': '7.326', 'eval_token_accuracy': '0', 'eval_runtime': '9.709', 'eval_samples_per_second': '0.824', 'eval_steps_per_second': '0.412', 'eval_entropy': '7.48', 'eval_num_tokens': '2.188e+06', 'eval_mean_token_accuracy': '0.05584', 'epoch': '2.043'}
Generated sample at index 561

Ground truth description for sample 7:
Quick serve, Djokovic returns a backhand return, huge rally, Tsonga pulls a forehand cross-court lob long of the court.

Model output:
Tsonga serves a forehand cross-court, Djokovic returns a forehand winner.

ROUGE score: {'rouge1': np.float64(0.5161290322580645), 'rouge2': np.float64(0.3448275862068966), 'rougeL': np.float64(0.3225806451612903), 'rougeLsum': np.float64(0.3225806451612903)}
Generated sample at index 332

Ground truth description for sample 2:
Federer aims a fine serve in the middle, Delpotro crafts a backhand return, short rally, Delpotro backhand lob lands long.

Model output:
Federer serves a wide forehand, Del Potro returns a backhand return. Federer hits a backhand, Del Potro returns a backhand. Federer hits a backhand, Del Potro returns a backhand. Federer hits a backhand, Del Potro returns a backhand. Federer hits a backhand, Del Potro returns a backhand. Federer hits a backhand, Del Potro returns a backhand. Federer hits a backhand, Del Potro returns a backhand. Federer hits a backhand, Del Potro returns a backhand. Federer hits a backhand, Del Potro returns a backhand. Federer hits a backhand, Del Potro returns a backhand. Federer hits a backhand, Del Potro returns a backhand. Federer hits a backhand, Del Potro returns a backhand. Federer hits a backhand, Del Potro returns a backhand. Federer hits a backhand, Del Potro returns a backhand. Federer hits a backhand, Del Potro returns a backhand. Federer hits a backhand, Del Potro returns a backhand. Federer hits a backhand, Del Potro returns a back

ROUGE score: {'rouge1': np.float64(0.06857142857142857), 'rouge2': np.float64(0.023121387283236997), 'rougeL': np.float64(0.06857142857142857), 'rougeLsum': np.float64(0.06857142857142857)}
Generated sample at index 164

Ground truth description for sample 6:
Federer aims a high kick serve, Delpotro returns a backhand return, a few shots exchanged, Delpotro cross-court backhand catches the net.

Model output:
Federer serves a backhand cross-court, Del Potro returns a forehand, Federer hits a cross-court backhand.

ROUGE score: {'rouge1': np.float64(0.46153846153846156), 'rouge2': np.float64(0.2162162162162162), 'rougeL': np.float64(0.41025641025641024), 'rougeLsum': np.float64(0.41025641025641024)}
Generated sample at index 332

Ground truth description for sample 2:
Federer aims a fine serve in the middle, Delpotro crafts a backhand return, short rally, Delpotro backhand lob lands long.

Model output:
Del Potro serves a serve, Federer returns the point with a backhand cross-court winner.

ROUGE score: {'rouge1': np.float64(0.34285714285714286), 'rouge2': np.float64(0.06060606060606061), 'rougeL': np.float64(0.28571428571428575), 'rougeLsum': np.float64(0.28571428571428575)}
Generated sample at index 178

Ground truth description for sample 4:
Federer arrows a good serve at T, Delpotro backhand return just lands long.

Model output:
Federer serves a backhand cross-court, Del Potro returns the serve with a backhand.

ROUGE score: {'rouge1': np.float64(0.29629629629629634), 'rouge2': np.float64(0.0), 'rougeL': np.float64(0.29629629629629634), 'rougeLsum': np.float64(0.29629629629629634)}
Generated sample at index 561

Ground truth description for sample 7:
Quick serve, Djokovic returns a backhand return, huge rally, Tsonga pulls a forehand cross-court lob long of the court.

Model output:
Tsonga serves a cross-court backhand winner. Djokovic returns a backhand winner.

ROUGE score: {'rouge1': np.float64(0.5), 'rouge2': np.float64(0.26666666666666666), 'rougeL': np.float64(0.25), 'rougeLsum': np.float64(0.25)}
Generated sample at index 232

Ground truth description for sample 3:
Delpotro aims a fine serve at T, Federer only manages to touch it.

Model output:
Federer serves a backhand cross-court. Del Potro returns a backhand cross-court. Federer hits a forehand return.

ROUGE score: {'rouge1': np.float64(0.12903225806451615), 'rouge2': np.float64(0.0), 'rougeL': np.float64(0.12903225806451615), 'rougeLsum': np.float64(0.12903225806451615)}
Generated sample at index 631

Ground truth description for sample 1:
Good serve aimed at T, Sharapova only reaches to it, hitting the return long.

Model output:
SERENA STRIKES A SIMPLE BACKHAND, A CHANCE FOR THE COURT, BUT A SERENAS BACKHAND, A SERENA STRIKES A SIMPLE BACKHAND, A CHANCE FOR THE COURT, BUT A SERENAS BACKHAND, A SERENA STRIKES A SIMPLE BACKHAND, A CHANCE FOR THE COURT, BUT A SERENAS BACKHAND, A SERENA STRIKES A SIMPLE BACKHAND, A CHANCE FOR THE COURT, BUT A SERENAS BACKHAND, A SERENA STRIKES A SIMPLE BACKHAND, A CHANCE FOR THE COURT, BUT A SERENAS BACKHAND, A SERENA STRIKES A SIMPLE BACKHAND, A CHANCE FOR THE COURT, BUT A SERENAS BACKHAND, A SERENA STRIKES A SIMPLE BACKHAND, A CHANCE FOR THE COURT, BUT A SERENAS BACKHAND, A SERENA STRIKES A SIMPLE BACKHAND, A CHANCE FOR THE COURT, BUT A SERENAS BACKHAND, A SERENA STRIKES A SIMPLE BACKHAND, A CHANCE FOR THE COURT, BUT A SERENAS BACKHAND, A SERENA STRIKES A SIMPLE BACKHAND, A CHANCE FOR THE COURT, BUT A SERENAS

ROUGE score: {'rouge1': np.float64(0.01234567901234568), 'rouge2': np.float64(0.0), 'rougeL': np.float64(0.01234567901234568), 'rougeLsum': np.float64(0.01234567901234568)}
Generated sample at index 561

Ground truth description for sample 7:
Quick serve, Djokovic returns a backhand return, huge rally, Tsonga pulls a forehand cross-court lob long of the court.

Model output:
Tsonga serves a forehand backhand winner.

ROUGE score: {'rouge1': np.float64(0.30769230769230765), 'rouge2': np.float64(0.08333333333333333), 'rougeL': np.float64(0.23076923076923075), 'rougeLsum': np.float64(0.23076923076923075)}
Generated sample at index 631

Ground truth description for sample 1:
Good serve aimed at T, Sharapova only reaches to it, hitting the return long.

Model output:
Williams serves a wide cross-court backhand, Sharapova returns a backhand. Williams hits a backhand winner.

ROUGE score: {'rouge1': np.float64(0.06666666666666667), 'rouge2': np.float64(0.0), 'rougeL': np.float64(0.06666666666666667), 'rougeLsum': np.float64(0.06666666666666667)}
Average ROUGE score: {'rouge1': np.float64(0.270112927295723), 'rouge2': np.float64(0.09947712503124104), 'rougeL': np.float64(0.20722329005124704), 'rougeLsum': np.float64(0.20722329005124704)}
Generated sample at index 97
Total token count: 1385
Generated sample at index 739
Total token count: 940
Generated sample at index 104
Total token count: 943
Generated sample at index 234
Total token count: 938
Generated sample at index 408
Total token count: 1849
Generated sample at index 410
Total token count: 2281
Generated sample at index 167
Total token count: 2722
Generated sample at index 220
Total token count: 938
Emptied CUDA cache
{'loss': '7.319', 'grad_norm': '0.1692', 'learning_rate': '2.308e-05', 'entropy': '7.481', 'num_tokens': '2.2e+06', 'mean_token_accuracy': '0.05811', 'epoch': '2.054'}
Generated sample at index 511
Total token count: 956
Generated sample at index 163
Total token count: 1394
Generated sample at index 17
Total token count: 946
Generated sample at index 191
Total token count: 1393
Generated sample at index 302
Total token count: 1392
Generated sample at index 43
Total token count: 1405
Generated sample at index 427
Total token count: 1402
Generated sample at index 205
Total token count: 950
Emptied CUDA cache
{'loss': '7.268', 'grad_norm': '0.2025', 'learning_rate': '2.26e-05', 'entropy': '7.428', 'num_tokens': '2.21e+06', 'mean_token_accuracy': '0.0636', 'epoch': '2.065'}
Generated sample at index 131
Total token count: 960
Generated sample at index 554
Total token count: 1415
Generated sample at index 357
Total token count: 2722
Generated sample at index 470
Total token count: 949
Generated sample at index 243
Total token count: 1403
Generated sample at index 36
Total token count: 2731
Generated sample at index 536
Total token count: 951
Generated sample at index 539
Total token count: 1406
Emptied CUDA cache
{'loss': '7.264', 'grad_norm': '0.1621', 'learning_rate': '2.213e-05', 'entropy': '7.42', 'num_tokens': '2.222e+06', 'mean_token_accuracy': '0.06413', 'epoch': '2.076'}
Generated sample at index 298
Total token count: 1842
Generated sample at index 99
Total token count: 2289
Generated sample at index 689
Total token count: 949
Generated sample at index 718
Total token count: 2278
Generated sample at index 495
Total token count: 1847
Generated sample at index 198
Total token count: 1840
Generated sample at index 436
Total token count: 945
Generated sample at index 694
Total token count: 946
Emptied CUDA cache
{'loss': '7.334', 'grad_norm': '0.1767', 'learning_rate': '2.167e-05', 'entropy': '7.495', 'num_tokens': '2.235e+06', 'mean_token_accuracy': '0.05538', 'epoch': '2.087'}
Generated sample at index 510
Total token count: 1409
Generated sample at index 129
Total token count: 953
Generated sample at index 672
Total token count: 1396
Generated sample at index 274
Total token count: 2285
Generated sample at index 67
Total token count: 1404
Generated sample at index 595
Total token count: 1395
Generated sample at index 182
Total token count: 1398
Generated sample at index 46
Total token count: 1400
Emptied CUDA cache
{'loss': '7.288', 'grad_norm': '0.1837', 'learning_rate': '2.121e-05', 'entropy': '7.441', 'num_tokens': '2.247e+06', 'mean_token_accuracy': '0.0611', 'epoch': '2.098'}
Generated sample at index 450
Total token count: 1409
Generated sample at index 57
Total token count: 1850
Generated sample at index 628
Total token count: 1843
Generated sample at index 658
Total token count: 1839
Generated sample at index 719
Total token count: 1842
Generated sample at index 263
Total token count: 945
Generated sample at index 322
Total token count: 1844
Generated sample at index 137
Total token count: 1841
Emptied CUDA cache
{'loss': '7.334', 'grad_norm': '0.1619', 'learning_rate': '2.075e-05', 'entropy': '7.493', 'num_tokens': '2.26e+06', 'mean_token_accuracy': '0.05493', 'epoch': '2.108'}
Generated sample at index 292
Total token count: 943
Generated sample at index 446
Total token count: 1402
Generated sample at index 179
Total token count: 1847
Generated sample at index 200
Total token count: 3171
Generated sample at index 735
Total token count: 2285
Generated sample at index 202
Total token count: 1402
Generated sample at index 295
Total token count: 956
Generated sample at index 262
Total token count: 1405
Emptied CUDA cache
{'loss': '7.323', 'grad_norm': '0.158', 'learning_rate': '2.029e-05', 'entropy': '7.481', 'num_tokens': '2.273e+06', 'mean_token_accuracy': '0.0568', 'epoch': '2.119'}
Generated sample at index 123
Total token count: 1843
Generated sample at index 111
Total token count: 2732
Generated sample at index 465
Total token count: 957
Generated sample at index 330
Total token count: 1397
Generated sample at index 338
Total token count: 1844
Generated sample at index 732
Total token count: 1383
Generated sample at index 279
Total token count: 2286
Generated sample at index 479
Total token count: 1858
Emptied CUDA cache
{'loss': '7.339', 'grad_norm': '0.1521', 'learning_rate': '1.984e-05', 'entropy': '7.497', 'num_tokens': '2.287e+06', 'mean_token_accuracy': '0.05463', 'epoch': '2.13'}
Generated sample at index 277
Total token count: 949
Generated sample at index 525
Total token count: 1851
Generated sample at index 237
Total token count: 950
Generated sample at index 472
Total token count: 1406
Generated sample at index 693
Total token count: 935
Generated sample at index 564
Total token count: 1846
Generated sample at index 353
Total token count: 1411
Generated sample at index 420
Total token count: 1830
Emptied CUDA cache
{'loss': '7.279', 'grad_norm': '0.167', 'learning_rate': '1.939e-05', 'entropy': '7.434', 'num_tokens': '2.299e+06', 'mean_token_accuracy': '0.06226', 'epoch': '2.141'}
Generated sample at index 331
Total token count: 946
Generated sample at index 45
Total token count: 3176
Generated sample at index 381
Total token count: 1396
Generated sample at index 705
Total token count: 935
Generated sample at index 697
Total token count: 1836
Generated sample at index 569
Total token count: 1402
Generated sample at index 518
Total token count: 956
Generated sample at index 90
Total token count: 948
Emptied CUDA cache
{'loss': '7.31', 'grad_norm': '0.1529', 'learning_rate': '1.895e-05', 'entropy': '7.47', 'num_tokens': '2.311e+06', 'mean_token_accuracy': '0.05814', 'epoch': '2.152'}
Generated sample at index 150
Generated sample at index 631
Total token count: 3176
Generated sample at index 332
Generated sample at index 232
Total token count: 1845
Generated sample at index 178
Generated sample at index 634
Total token count: 959
Generated sample at index 164
Generated sample at index 561
Total token count: 2288
Computing metrics on evaluation batch...
{'eval_loss': '7.323', 'eval_token_accuracy': '0', 'eval_runtime': '9.765', 'eval_samples_per_second': '0.819', 'eval_steps_per_second': '0.41', 'eval_entropy': '7.475', 'eval_num_tokens': '2.311e+06', 'eval_mean_token_accuracy': '0.05658', 'epoch': '2.152'}
Generated sample at index 150

Ground truth description for sample 0:
Delpotro serves a high kick serve, Federer delivers a backhand return, lengthy exchange between the players, Delpotro cross-court backhand fails to land inside the court.

Model output:
Del Potro serves a backhand cross-court, Federer returns a backhand, Del Potro serves a backhand cross-court, Federer returns a backhand, Del Potro serves a backhand cross-court, Federer returns a backhand, Del Potro serves a backhand cross-court, Federer returns a backhand, Del Potro serves a backhand cross-court, Federer returns a backhand, Del Potro serves a backhand cross-court, Federer returns a backhand, Del Potro serves a backhand cross-court, Federer returns a backhand, Del Potro serves a backhand cross-court, Federer returns a backhand, Del Potro serves a backhand cross-court, Federer returns a backhand, Del Potro serves a backhand cross-court, Federer returns a backhand, Del Potro serves a backhand cross-court, Federer returns a backhand, Del Potro serves a backhand cross-court, Federer returns a backhand, Del Potro serves a backhand cross-court, Federer returns a backhand, Del Potro serves a backhand cross-court, Federer returns a backhand, Del Potro serves a backhand cross-court, Federer returns a backhand, Del

ROUGE score: {'rouge1': np.float64(0.09374999999999999), 'rouge2': np.float64(0.03157894736842105), 'rougeL': np.float64(0.09374999999999999), 'rougeLsum': np.float64(0.09374999999999999)}
Generated sample at index 150

Ground truth description for sample 0:
Delpotro serves a high kick serve, Federer delivers a backhand return, lengthy exchange between the players, Delpotro cross-court backhand fails to land inside the court.

Model output:
Federer hits a serve, Del Potro returns a backhand return, Federer hits a forehand return, Del Potro returns a forehand return, Federer hits a forehand return, Del Potro returns a backhand return, Federer hits a backhand return, Del Potro returns a forehand return, Federer hits a backhand return, Del Potro returns a backhand return, Federer hits a backhand return, Del Potro returns a forehand return, Federer hits a backhand return, Del Potro returns a backhand return, Federer hits a backhand return, Del Potro returns a backhand return, Federer hits a backhand return, Del Potro returns a backhand return, Federer hits a backhand return, Del Potro returns a backhand return, Federer hits a backhand return, Del Potro returns a backhand return, Federer hits a backhand return, Del Potro returns a backhand return, Federer hits a backhand return, Del Potro returns a backhand return, Federer hits a backhand return, Del Potro returns a backhand return, Federer hits a backhand return, Del Potro returns a backhand return, Federer

ROUGE score: {'rouge1': np.float64(0.07329842931937174), 'rouge2': np.float64(0.021164021164021166), 'rougeL': np.float64(0.07329842931937174), 'rougeLsum': np.float64(0.07329842931937174)}
Generated sample at index 631

Ground truth description for sample 1:
Good serve aimed at T, Sharapova only reaches to it, hitting the return long.

Model output:
Ladies tennis. Serena serves a wide serve, Maria hits a return, Serena plays a backhand.

ROUGE score: {'rouge1': np.float64(0.1379310344827586), 'rouge2': np.float64(0.0), 'rougeL': np.float64(0.1379310344827586), 'rougeLsum': np.float64(0.1379310344827586)}
Generated sample at index 232

Ground truth description for sample 3:
Delpotro aims a fine serve at T, Federer only manages to touch it.

Model output:
Federer hits a backhand cross-court, Del Potro returns a backhand winner.

ROUGE score: {'rouge1': np.float64(0.16), 'rouge2': np.float64(0.0), 'rougeL': np.float64(0.08), 'rougeLsum': np.float64(0.08)}
Generated sample at index 332

Ground truth description for sample 2:
Federer aims a fine serve in the middle, Delpotro crafts a backhand return, short rally, Delpotro backhand lob lands long.

Model output:
Federer serves a serve, Del Potro returns the point with a forehand return.

ROUGE score: {'rouge1': np.float64(0.3636363636363637), 'rouge2': np.float64(0.0), 'rougeL': np.float64(0.3636363636363637), 'rougeLsum': np.float64(0.3636363636363637)}
Generated sample at index 164

Ground truth description for sample 6:
Federer aims a high kick serve, Delpotro returns a backhand return, a few shots exchanged, Delpotro cross-court backhand catches the net.

Model output:
A serve is a long backhand winner.

ROUGE score: {'rouge1': np.float64(0.27586206896551724), 'rouge2': np.float64(0.0), 'rougeL': np.float64(0.27586206896551724), 'rougeLsum': np.float64(0.27586206896551724)}
Generated sample at index 561

Ground truth description for sample 7:
Quick serve, Djokovic returns a backhand return, huge rally, Tsonga pulls a forehand cross-court lob long of the court.

Model output:
Tsonga serves a long backhand cross-court, Djokovic returns a serve with a backhand cross-court return.

ROUGE score: {'rouge1': np.float64(0.6486486486486486), 'rouge2': np.float64(0.22857142857142856), 'rougeL': np.float64(0.3243243243243243), 'rougeLsum': np.float64(0.3243243243243243)}
Generated sample at index 561

Ground truth description for sample 7:
Quick serve, Djokovic returns a backhand return, huge rally, Tsonga pulls a forehand cross-court lob long of the court.

Model output:
Tsonga serves a cross-court backhand return, Djokovic returns the serve with a backhand cross-court.

ROUGE score: {'rouge1': np.float64(0.6666666666666665), 'rouge2': np.float64(0.23529411764705882), 'rougeL': np.float64(0.33333333333333326), 'rougeLsum': np.float64(0.33333333333333326)}
Generated sample at index 232

Ground truth description for sample 3:
Delpotro aims a fine serve at T, Federer only manages to touch it.

Model output:
Federer serves a serve, Del Potro returns a backhand return, Federer hits a forehand return.

ROUGE score: {'rouge1': np.float64(0.21428571428571427), 'rouge2': np.float64(0.0), 'rougeL': np.float64(0.21428571428571427), 'rougeLsum': np.float64(0.21428571428571427)}
Generated sample at index 164

Ground truth description for sample 6:
Federer aims a high kick serve, Delpotro returns a backhand return, a few shots exchanged, Delpotro cross-court backhand catches the net.

Model output:
Federer serves a good serve, Del Potro returns the point with a backhand.

ROUGE score: {'rouge1': np.float64(0.39999999999999997), 'rouge2': np.float64(0.060606060606060615), 'rougeL': np.float64(0.3428571428571428), 'rougeLsum': np.float64(0.3428571428571428)}
Average ROUGE score: {'rouge1': np.float64(0.30340789260050405), 'rouge2': np.float64(0.05772145753569903), 'rougeL': np.float64(0.22392784112045255), 'rougeLsum': np.float64(0.22392784112045255)}
Generated sample at index 664
Total token count: 1403
Generated sample at index 209
Total token count: 1405
Generated sample at index 343
Total token count: 949
Generated sample at index 313
Total token count: 1407
Generated sample at index 630
Total token count: 1401
Generated sample at index 409
Total token count: 1399
Generated sample at index 642
Total token count: 1375
Generated sample at index 264
Total token count: 1416
Emptied CUDA cache
{'loss': '7.276', 'grad_norm': '0.1924', 'learning_rate': '1.851e-05', 'entropy': '7.435', 'num_tokens': '2.321e+06', 'mean_token_accuracy': '0.06279', 'epoch': '2.163'}
Generated sample at index 448
Total token count: 1847
Generated sample at index 304
Total token count: 945
Generated sample at index 573
Total token count: 949
Generated sample at index 382
Total token count: 1407
Generated sample at index 684
Total token count: 1841
Generated sample at index 76
Total token count: 1852
Generated sample at index 585
Total token count: 1841
Generated sample at index 726
Total token count: 1402
Emptied CUDA cache
{'loss': '7.293', 'grad_norm': '0.154', 'learning_rate': '1.808e-05', 'entropy': '7.454', 'num_tokens': '2.333e+06', 'mean_token_accuracy': '0.0602', 'epoch': '2.173'}
Generated sample at index 441
Total token count: 1397
Generated sample at index 148
Total token count: 1409
Generated sample at index 738
Total token count: 942
Generated sample at index 509
Total token count: 1846
Generated sample at index 713
Total token count: 1839
Generated sample at index 22
Total token count: 1397
Generated sample at index 494
Total token count: 964
Generated sample at index 403
Total token count: 1835
Emptied CUDA cache
{'loss': '7.283', 'grad_norm': '0.1561', 'learning_rate': '1.765e-05', 'entropy': '7.441', 'num_tokens': '2.345e+06', 'mean_token_accuracy': '0.06056', 'epoch': '2.184'}
Generated sample at index 721
Total token count: 1378
Generated sample at index 197
Total token count: 2725
Generated sample at index 513
Total token count: 1847
Generated sample at index 393
Total token count: 946
Generated sample at index 95
Total token count: 950
Generated sample at index 319
Total token count: 1398
Generated sample at index 185
Total token count: 2729
Generated sample at index 364
Total token count: 959
Emptied CUDA cache
{'loss': '7.342', 'grad_norm': '0.1467', 'learning_rate': '1.722e-05', 'entropy': '7.502', 'num_tokens': '2.358e+06', 'mean_token_accuracy': '0.05453', 'epoch': '2.195'}
Generated sample at index 370
Total token count: 1398
Generated sample at index 82
Total token count: 954
Generated sample at index 268
Total token count: 1388
Generated sample at index 415
Total token count: 1839
Generated sample at index 278
Total token count: 1400
Generated sample at index 73
Total token count: 948
Generated sample at index 21
Total token count: 955
Generated sample at index 402
Total token count: 1396
Emptied CUDA cache
{'loss': '7.249', 'grad_norm': '0.1849', 'learning_rate': '1.68e-05', 'entropy': '7.402', 'num_tokens': '2.368e+06', 'mean_token_accuracy': '0.06502', 'epoch': '2.206'}
Generated sample at index 62
Total token count: 2279
Generated sample at index 310
Total token count: 949
Generated sample at index 138
Total token count: 1401
Generated sample at index 591
Total token count: 1840
Generated sample at index 542
Total token count: 1404
Generated sample at index 717
Total token count: 2725
Generated sample at index 656
Total token count: 1392
Generated sample at index 229
Total token count: 1401
Emptied CUDA cache
{'loss': '7.34', 'grad_norm': '0.1826', 'learning_rate': '1.638e-05', 'entropy': '7.496', 'num_tokens': '2.382e+06', 'mean_token_accuracy': '0.05456', 'epoch': '2.217'}
Generated sample at index 136
Total token count: 1390
Generated sample at index 683
Total token count: 1837
Generated sample at index 390
Total token count: 1377
Generated sample at index 367
Total token count: 1842
Generated sample at index 395
Total token count: 941
Generated sample at index 328
Total token count: 1404
Generated sample at index 434
Total token count: 1399
Generated sample at index 638
Total token count: 954
Emptied CUDA cache
{'loss': '7.328', 'grad_norm': '0.1557', 'learning_rate': '1.596e-05', 'entropy': '7.487', 'num_tokens': '2.393e+06', 'mean_token_accuracy': '0.05627', 'epoch': '2.228'}
Generated sample at index 98
Total token count: 1851
Generated sample at index 107
Total token count: 1409
Generated sample at index 293
Total token count: 955
Generated sample at index 20
Total token count: 949
Generated sample at index 488
Total token count: 1412
Generated sample at index 181
Total token count: 953
Generated sample at index 743
Total token count: 2282
Generated sample at index 562
Total token count: 954
Emptied CUDA cache
{'loss': '7.247', 'grad_norm': '0.2191', 'learning_rate': '1.555e-05', 'entropy': '7.4', 'num_tokens': '2.404e+06', 'mean_token_accuracy': '0.06513', 'epoch': '2.238'}
Generated sample at index 377
Total token count: 2278
Generated sample at index 666
Total token count: 1385
Generated sample at index 162
Total token count: 1410
Generated sample at index 604
Total token count: 1398
Generated sample at index 16
Total token count: 949
Generated sample at index 272
Total token count: 2287
Generated sample at index 387
Total token count: 1842
Generated sample at index 412
Total token count: 937
Emptied CUDA cache
{'loss': '7.321', 'grad_norm': '0.1485', 'learning_rate': '1.515e-05', 'entropy': '7.474', 'num_tokens': '2.416e+06', 'mean_token_accuracy': '0.057', 'epoch': '2.249'}
Generated sample at index 216
Total token count: 941
Generated sample at index 650
Total token count: 943
Generated sample at index 633
Total token count: 1402
Generated sample at index 740
Total token count: 940
Generated sample at index 115
Total token count: 950
Generated sample at index 625
Total token count: 1394
Generated sample at index 549
Total token count: 1848
Generated sample at index 710
Total token count: 1833
Emptied CUDA cache
{'loss': '7.266', 'grad_norm': '0.2114', 'learning_rate': '1.474e-05', 'entropy': '7.425', 'num_tokens': '2.426e+06', 'mean_token_accuracy': '0.06349', 'epoch': '2.26'}
Generated sample at index 150
Generated sample at index 631
Total token count: 3176
Generated sample at index 332
Generated sample at index 232
Total token count: 1845
Generated sample at index 178
Generated sample at index 634
Total token count: 959
Generated sample at index 164
Generated sample at index 561
Total token count: 2288
Computing metrics on evaluation batch...
{'eval_loss': '7.321', 'eval_token_accuracy': '0', 'eval_runtime': '9.748', 'eval_samples_per_second': '0.821', 'eval_steps_per_second': '0.41', 'eval_entropy': '7.472', 'eval_num_tokens': '2.426e+06', 'eval_mean_token_accuracy': '0.05623', 'epoch': '2.26'}
Generated sample at index 150

Ground truth description for sample 0:
Delpotro serves a high kick serve, Federer delivers a backhand return, lengthy exchange between the players, Delpotro cross-court backhand fails to land inside the court.

Model output:
Del Potro hits a forehand return, Federer hits a backhand return.

ROUGE score: {'rouge1': np.float64(0.27027027027027023), 'rouge2': np.float64(0.11428571428571428), 'rougeL': np.float64(0.27027027027027023), 'rougeLsum': np.float64(0.27027027027027023)}
Generated sample at index 332

Ground truth description for sample 2:
Federer aims a fine serve in the middle, Delpotro crafts a backhand return, short rally, Delpotro backhand lob lands long.

Model output:
Federer serves a backhand winner to Del Potro, who fails to return the serve.

ROUGE score: {'rouge1': np.float64(0.3529411764705882), 'rouge2': np.float64(0.0625), 'rougeL': np.float64(0.23529411764705882), 'rougeLsum': np.float64(0.23529411764705882)}
Generated sample at index 164

Ground truth description for sample 6:
Federer aims a high kick serve, Delpotro returns a backhand return, a few shots exchanged, Delpotro cross-court backhand catches the net.

Model output:
Del Potro serves a forehand, Federer returns a backhand, Del Potro serves a forehand, Federer returns a backhand, Del Potro serves a forehand, Federer returns a backhand, Del Potro serves a forehand, Federer returns a backhand, Del Potro serves a forehand, Federer returns a backhand, Del Potro serves a forehand, Federer returns a backhand, Del Potro serves a forehand, Federer returns a backhand.

ROUGE score: {'rouge1': np.float64(0.16470588235294117), 'rouge2': np.float64(0.048192771084337345), 'rougeL': np.float64(0.16470588235294117), 'rougeLsum': np.float64(0.16470588235294117)}
Generated sample at index 150

Ground truth description for sample 0:
Delpotro serves a high kick serve, Federer delivers a backhand return, lengthy exchange between the players, Delpotro cross-court backhand fails to land inside the court.

Model output:
Federer serves a good serve, Del Potro returns a backhand return, Federer hits a forehand return, Del Potro hits a forehand return, Federer hits a backhand return, Del Potro hits a backhand return, Federer hits a forehand return, Del Potro hits a backhand return, Federer hits a forehand return, Del Potro hits a forehand return, Federer hits a backhand return, Del Potro hits a backhand return, Federer hits a forehand return, Del Potro hits a forehand return, Federer hits a backhand return, Del Potro hits a forehand return, Federer hits a backhand return, Del Potro hits a forehand return, Federer hits a backhand return, Del Potro hits a forehand return, Federer hits a backhand return, Del Potro hits a forehand return, Federer hits a backhand return, Del Potro hits a forehand return, Federer hits a backhand return, Del Potro hits a forehand return, Federer hits a backhand return, Del Potro hits a forehand return, Federer hits a backhand return, Del Potro hits a forehand return, Feder

ROUGE score: {'rouge1': np.float64(0.08333333333333334), 'rouge2': np.float64(0.03157894736842105), 'rougeL': np.float64(0.08333333333333334), 'rougeLsum': np.float64(0.08333333333333334)}
Generated sample at index 164

Ground truth description for sample 6:
Federer aims a high kick serve, Delpotro returns a backhand return, a few shots exchanged, Delpotro cross-court backhand catches the net.

Model output:
A serve is returned, a backhand is played wide.

ROUGE score: {'rouge1': np.float64(0.2580645161290322), 'rouge2': np.float64(0.06896551724137931), 'rougeL': np.float64(0.2580645161290322), 'rougeLsum': np.float64(0.2580645161290322)}
Generated sample at index 178

Ground truth description for sample 4:
Federer arrows a good serve at T, Delpotro backhand return just lands long.

Model output:
Federer serves a backhand cross-court, Del Potro fails to return the serve.

ROUGE score: {'rouge1': np.float64(0.38461538461538464), 'rouge2': np.float64(0.0), 'rougeL': np.float64(0.3076923076923077), 'rougeLsum': np.float64(0.3076923076923077)}
Generated sample at index 561

Ground truth description for sample 7:
Quick serve, Djokovic returns a backhand return, huge rally, Tsonga pulls a forehand cross-court lob long of the court.

Model output:
Tsonga serves a wide serve, Djokovic returns a backhand return, Tsonga hits a cross court backhand.

ROUGE score: {'rouge1': np.float64(0.5555555555555556), 'rouge2': np.float64(0.35294117647058826), 'rougeL': np.float64(0.5555555555555556), 'rougeLsum': np.float64(0.5555555555555556)}
Generated sample at index 178

Ground truth description for sample 4:
Federer arrows a good serve at T, Delpotro backhand return just lands long.

Model output:
Federer serves a backhand cross-court winner.

ROUGE score: {'rouge1': np.float64(0.3), 'rouge2': np.float64(0.0), 'rougeL': np.float64(0.3), 'rougeLsum': np.float64(0.3)}
Generated sample at index 164

Ground truth description for sample 6:
Federer aims a high kick serve, Delpotro returns a backhand return, a few shots exchanged, Delpotro cross-court backhand catches the net.

Model output:
Federer serves a wide cross court shot, Del Potro returns a cross court serve, Federer hits a backhand cross court winner.

ROUGE score: {'rouge1': np.float64(0.4186046511627907), 'rouge2': np.float64(0.14634146341463414), 'rougeL': np.float64(0.3255813953488372), 'rougeLsum': np.float64(0.3255813953488372)}
Generated sample at index 561

Ground truth description for sample 7:
Quick serve, Djokovic returns a backhand return, huge rally, Tsonga pulls a forehand cross-court lob long of the court.

Model output:
Tsonga serves a cross-court backhand winner. Djokovic returns a forehand return with a backhand slice.

ROUGE score: {'rouge1': np.float64(0.5555555555555556), 'rouge2': np.float64(0.29411764705882354), 'rougeL': np.float64(0.2777777777777778), 'rougeLsum': np.float64(0.2777777777777778)}
Average ROUGE score: {'rouge1': np.float64(0.3343646325445452), 'rouge2': np.float64(0.1118923236923898), 'rougeL': np.float64(0.2778275156107114), 'rougeLsum': np.float64(0.2778275156107114)}
Generated sample at index 119
Total token count: 1404
Generated sample at index 34
Total token count: 1839
Generated sample at index 5
Total token count: 955
Generated sample at index 116
Total token count: 954
Generated sample at index 6
Total token count: 945
Generated sample at index 369
Total token count: 1397
Generated sample at index 124
Total token count: 942
Generated sample at index 519
Total token count: 1401
Emptied CUDA cache
{'loss': '7.269', 'grad_norm': '0.175', 'learning_rate': '1.435e-05', 'entropy': '7.423', 'num_tokens': '2.436e+06', 'mean_token_accuracy': '0.06317', 'epoch': '2.271'}
Generated sample at index 452
Total token count: 1408
Generated sample at index 736
Total token count: 1381
Generated sample at index 336
Total token count: 1851
Generated sample at index 471
Total token count: 953
Generated sample at index 442
Total token count: 948
Generated sample at index 532
Total token count: 1403
Generated sample at index 522
Total token count: 1849
Generated sample at index 246
Total token count: 1845
Emptied CUDA cache
{'loss': '7.28', 'grad_norm': '0.2115', 'learning_rate': '1.395e-05', 'entropy': '7.434', 'num_tokens': '2.447e+06', 'mean_token_accuracy': '0.06123', 'epoch': '2.282'}
Generated sample at index 102
Total token count: 2729
Generated sample at index 27
Total token count: 1846
Generated sample at index 512
Total token count: 1403
Generated sample at index 670
Total token count: 1398
Generated sample at index 65
Total token count: 1403
Generated sample at index 10
Total token count: 2285
Generated sample at index 58
Total token count: 1839
Generated sample at index 175
Total token count: 948
Emptied CUDA cache
{'loss': '7.357', 'grad_norm': '0.2421', 'learning_rate': '1.357e-05', 'entropy': '7.515', 'num_tokens': '2.462e+06', 'mean_token_accuracy': '0.05308', 'epoch': '2.293'}
Generated sample at index 555
Total token count: 1417
Generated sample at index 269
Total token count: 938
Generated sample at index 183
Total token count: 1842
Generated sample at index 215
Total token count: 952
Generated sample at index 538
Total token count: 1849
Generated sample at index 497
Total token count: 1400
Generated sample at index 498
Total token count: 951
Generated sample at index 217
Total token count: 950
Emptied CUDA cache
{'loss': '7.252', 'grad_norm': '0.2554', 'learning_rate': '1.318e-05', 'entropy': '7.403', 'num_tokens': '2.472e+06', 'mean_token_accuracy': '0.06495', 'epoch': '2.304'}
Generated sample at index 589
Total token count: 1404
Generated sample at index 109
Total token count: 948
Generated sample at index 398
Total token count: 1401
Generated sample at index 579
Total token count: 1399
Generated sample at index 132
Total token count: 953
Generated sample at index 151
Total token count: 2284
Generated sample at index 32
Total token count: 1402
Generated sample at index 552
Total token count: 1851
Emptied CUDA cache
{'loss': '7.261', 'grad_norm': '0.1723', 'learning_rate': '1.281e-05', 'entropy': '7.418', 'num_tokens': '2.483e+06', 'mean_token_accuracy': '0.06374', 'epoch': '2.314'}
Generated sample at index 622
Total token count: 1404
Generated sample at index 75
Total token count: 952
Generated sample at index 288
Total token count: 1405
Generated sample at index 301
Total token count: 2283
Generated sample at index 270
Total token count: 2295
Generated sample at index 161
Total token count: 1847
Generated sample at index 617
Total token count: 1398
Generated sample at index 646
Total token count: 1834
Emptied CUDA cache
{'loss': '7.317', 'grad_norm': '0.1492', 'learning_rate': '1.243e-05', 'entropy': '7.474', 'num_tokens': '2.497e+06', 'mean_token_accuracy': '0.05758', 'epoch': '2.325'}
Generated sample at index 503
Total token count: 1395
Generated sample at index 391
Total token count: 965
Generated sample at index 291
Total token count: 963
Generated sample at index 281
Total token count: 947
Generated sample at index 11
Total token count: 1412
Generated sample at index 695
Total token count: 1409
Generated sample at index 537
Total token count: 1844
Generated sample at index 142
Total token count: 1404
Emptied CUDA cache
{'loss': '7.253', 'grad_norm': '0.2805', 'learning_rate': '1.206e-05', 'entropy': '7.404', 'num_tokens': '2.507e+06', 'mean_token_accuracy': '0.06497', 'epoch': '2.336'}
Generated sample at index 143
Total token count: 4494
Generated sample at index 55
Total token count: 2287
Generated sample at index 444
Total token count: 947
Generated sample at index 514
Total token count: 952
Generated sample at index 711
Total token count: 944
Generated sample at index 477
Total token count: 1406
Generated sample at index 265
Total token count: 938
Generated sample at index 582
Total token count: 939
Emptied CUDA cache
{'loss': '7.289', 'grad_norm': '0.2293', 'learning_rate': '1.17e-05', 'entropy': '7.443', 'num_tokens': '2.521e+06', 'mean_token_accuracy': '0.0606', 'epoch': '2.347'}
Generated sample at index 48
Total token count: 1399
Generated sample at index 520
Total token count: 950
Generated sample at index 306
Total token count: 941
Generated sample at index 492
Total token count: 943
Generated sample at index 679
Total token count: 1409
Generated sample at index 19
Total token count: 4059
Generated sample at index 290
Total token count: 1849
Generated sample at index 168
Total token count: 1852
Emptied CUDA cache
{'loss': '7.288', 'grad_norm': '0.1851', 'learning_rate': '1.134e-05', 'entropy': '7.443', 'num_tokens': '2.533e+06', 'mean_token_accuracy': '0.06108', 'epoch': '2.358'}
Generated sample at index 741
Total token count: 1402
Generated sample at index 340
Total token count: 1845
Generated sample at index 320
Total token count: 1844
Generated sample at index 94
Total token count: 948
Generated sample at index 12
Total token count: 1394
Generated sample at index 674
Total token count: 3175
Generated sample at index 60
Total token count: 1406
Generated sample at index 565
Total token count: 948
Emptied CUDA cache
{'loss': '7.325', 'grad_norm': '0.1741', 'learning_rate': '1.098e-05', 'entropy': '7.485', 'num_tokens': '2.547e+06', 'mean_token_accuracy': '0.05558', 'epoch': '2.369'}
Generated sample at index 150
Generated sample at index 631
Total token count: 3176
Generated sample at index 332
Generated sample at index 232
Total token count: 1845
Generated sample at index 178
Generated sample at index 634
Total token count: 959
Generated sample at index 164
Generated sample at index 561
Total token count: 2288
Computing metrics on evaluation batch...
{'eval_loss': '7.32', 'eval_token_accuracy': '0', 'eval_runtime': '9.763', 'eval_samples_per_second': '0.819', 'eval_steps_per_second': '0.41', 'eval_entropy': '7.47', 'eval_num_tokens': '2.547e+06', 'eval_mean_token_accuracy': '0.0563', 'epoch': '2.369'}
Generated sample at index 332

Ground truth description for sample 2:
Federer aims a fine serve in the middle, Delpotro crafts a backhand return, short rally, Delpotro backhand lob lands long.

Model output:
Federer serves a good backhand cross-court, Del Potro returns the serve with a backhand cross-court return. Federer hits a backhand cross-court, Del Potro returns the serve with a backhand cross-court return.

ROUGE score: {'rouge1': np.float64(0.2909090909090909), 'rouge2': np.float64(0.03773584905660377), 'rougeL': np.float64(0.2545454545454545), 'rougeLsum': np.float64(0.2545454545454545)}
Generated sample at index 232

Ground truth description for sample 3:
Delpotro aims a fine serve at T, Federer only manages to touch it.

Model output:
Federer serves a wide cross-court backhand winner.

ROUGE score: {'rouge1': np.float64(0.1904761904761905), 'rouge2': np.float64(0.0), 'rougeL': np.float64(0.09523809523809525), 'rougeLsum': np.float64(0.09523809523809525)}
Generated sample at index 178

Ground truth description for sample 4:
Federer arrows a good serve at T, Delpotro backhand return just lands long.

Model output:
Federer serves a wide forehand return, Del Potro returns a backhand return, Federer hits a forehand winner.

ROUGE score: {'rouge1': np.float64(0.26666666666666666), 'rouge2': np.float64(0.07142857142857144), 'rougeL': np.float64(0.26666666666666666), 'rougeLsum': np.float64(0.26666666666666666)}
Generated sample at index 232

Ground truth description for sample 3:
Delpotro aims a fine serve at T, Federer only manages to touch it.

Model output:
A serve is returned, Federer hits a cross-court backhand return.

ROUGE score: {'rouge1': np.float64(0.24999999999999994), 'rouge2': np.float64(0.0), 'rougeL': np.float64(0.24999999999999994), 'rougeLsum': np.float64(0.24999999999999994)}
Generated sample at index 150

Ground truth description for sample 0:
Delpotro serves a high kick serve, Federer delivers a backhand return, lengthy exchange between the players, Delpotro cross-court backhand fails to land inside the court.

Model output:
Federer serves a cross-court backhand, Del Potro returns a cross-court backhand. Federer hits a forehand return, Del Potro hits a backhand return. Federer hits a forehand return, Del Potro hits a backhand return. Federer hits a forehand return, Del Potro hits a backhand return. Federer hits a forehand return, Del Potro hits a backhand return. Federer hits a forehand return, Del Potro hits a backhand return. Federer hits a forehand return, Del Potro hits a backhand return. Federer hits a forehand return, Del Potro hits a backhand return. Federer hits a forehand return, Del Potro hits a backhand return. Federer hits a forehand return, Del Potro hits a backhand return. Federer hits a forehand return, Del Potro hits a backhand return. Federer hits a forehand return, Del Potro hits a backhand return. Federer hits a forehand return, Del Potro hits a backhand return. Federer hits a forehand return, Del Potro hits a backhand return. Federer hits a forehand return, Del Potro hits a backhand

ROUGE score: {'rouge1': np.float64(0.10416666666666667), 'rouge2': np.float64(0.052631578947368425), 'rougeL': np.float64(0.07291666666666666), 'rougeLsum': np.float64(0.07291666666666666)}
Generated sample at index 150

Ground truth description for sample 0:
Delpotro serves a high kick serve, Federer delivers a backhand return, lengthy exchange between the players, Delpotro cross-court backhand fails to land inside the court.

Model output:
Del Potro serves a cross-court serve, Federer returns a backhand return, Del Potro hits a forehand return, Federer hits a backhand cross-court return, Del Potro hits a forehand return, Federer hits a forehand return, Del Potro hits a forehand return, Federer hits a forehand return, Del Potro hits a forehand return, Federer hits a backhand return, Del Potro hits a forehand return, Federer hits a backhand return, Del Potro hits a forehand return, Federer hits a backhand return, Del Potro hits a forehand return, Federer hits a backhand return, Del Potro hits a forehand return, Federer hits a backhand return, Del Potro hits a forehand return, Federer hits a backhand return, Del Potro hits a forehand return, Federer hits a backhand return, Del Potro hits a forehand return, Federer hits a backhand return, Del Potro hits a forehand return, Federer hits a backhand return, Del Potro hits a forehand return, Federer hits a backhand return, Del Potro hits a forehand return, Federer hits a backhand return

ROUGE score: {'rouge1': np.float64(0.11340206185567012), 'rouge2': np.float64(0.05208333333333333), 'rougeL': np.float64(0.10309278350515462), 'rougeLsum': np.float64(0.10309278350515462)}
Generated sample at index 634

Ground truth description for sample 5:
Quick serve, Sharapova crafts a forehand return, Serena goes for a forehand down the line but catches the net.

Model output:
A forehand backhand return is mishandled, a cross-court backhand winner.

ROUGE score: {'rouge1': np.float64(0.26666666666666666), 'rouge2': np.float64(0.07142857142857142), 'rougeL': np.float64(0.26666666666666666), 'rougeLsum': np.float64(0.26666666666666666)}
Generated sample at index 150

Ground truth description for sample 0:
Delpotro serves a high kick serve, Federer delivers a backhand return, lengthy exchange between the players, Delpotro cross-court backhand fails to land inside the court.

Model output:
A serve is sent to the net, a forehand return is played wide. A forehand return is hit wide. A forehand return is played wide. A forehand return is hit wide. A forehand return is played wide. A forehand return is hit wide. A forehand return is played wide. A forehand return is hit wide. A forehand return is played wide. A forehand return is hit wide. A forehand return is played wide. A forehand return is hit wide. A forehand return is played wide. A forehand return is hit wide. A forehand return is played wide. A forehand return is hit wide. A forehand return is played wide. A forehand return is hit wide. A forehand return is played wide. A forehand return is hit wide. A forehand return is played wide. A forehand return is hit wide. A forehand return is played wide. A forehand return is hit wide. A forehand return is played wide. A forehand return is hit wide. A forehand return is played wide. A forehand return is hit wide. A forehand return is played wide. A forehand return is hit wide. A forehand return is played wide.

ROUGE score: {'rouge1': np.float64(0.05479452054794521), 'rouge2': np.float64(0.0), 'rougeL': np.float64(0.03652968036529681), 'rougeLsum': np.float64(0.03652968036529681)}
Generated sample at index 150

Ground truth description for sample 0:
Delpotro serves a high kick serve, Federer delivers a backhand return, lengthy exchange between the players, Delpotro cross-court backhand fails to land inside the court.

Model output:
Federer serves a wide backhand, Del Potro returns a backhand, Federer hits a forehand return.

ROUGE score: {'rouge1': np.float64(0.3414634146341463), 'rouge2': np.float64(0.10256410256410256), 'rougeL': np.float64(0.2439024390243902), 'rougeLsum': np.float64(0.2439024390243902)}
Generated sample at index 561

Ground truth description for sample 7:
Quick serve, Djokovic returns a backhand return, huge rally, Tsonga pulls a forehand cross-court lob long of the court.

Model output:
Tsonga serves a cross-court backhand, Djokovic returns the serve with a backhand.

ROUGE score: {'rouge1': np.float64(0.6060606060606061), 'rouge2': np.float64(0.1935483870967742), 'rougeL': np.float64(0.30303030303030304), 'rougeLsum': np.float64(0.30303030303030304)}
Average ROUGE score: {'rouge1': np.float64(0.24846058844836488), 'rouge2': np.float64(0.05814203938553251), 'rougeL': np.float64(0.18925887557086943), 'rougeLsum': np.float64(0.18925887557086943)}
Generated sample at index 632
Total token count: 1406
Generated sample at index 74
Total token count: 1848
Generated sample at index 577
Total token count: 1403
Generated sample at index 416
Total token count: 1401
Generated sample at index 108
Total token count: 943
Generated sample at index 671
Total token count: 1395
Generated sample at index 199
Total token count: 2286
Generated sample at index 352
Total token count: 940
Emptied CUDA cache
{'loss': '7.292', 'grad_norm': '0.1767', 'learning_rate': '1.063e-05', 'entropy': '7.452', 'num_tokens': '2.559e+06', 'mean_token_accuracy': '0.06099', 'epoch': '2.379'}
Generated sample at index 548
Total token count: 2290
Generated sample at index 560
Total token count: 962
Generated sample at index 500
Total token count: 952
Generated sample at index 592
Total token count: 1398
Generated sample at index 485
Total token count: 945
Generated sample at index 93
Total token count: 956
Generated sample at index 208
Total token count: 1407
Generated sample at index 626
Total token count: 949
Emptied CUDA cache
{'loss': '7.235', 'grad_norm': '0.2222', 'learning_rate': '1.029e-05', 'entropy': '7.384', 'num_tokens': '2.569e+06', 'mean_token_accuracy': '0.06695', 'epoch': '2.39'}
Generated sample at index 453
Total token count: 1412
Generated sample at index 486
Total token count: 2287
Generated sample at index 309
Total token count: 1409
Generated sample at index 289
Total token count: 950
Generated sample at index 349
Total token count: 2292
Generated sample at index 257
Total token count: 1855
Generated sample at index 394
Total token count: 944
Generated sample at index 26
Total token count: 1844
Emptied CUDA cache
{'loss': '7.281', 'grad_norm': '0.2122', 'learning_rate': '9.95e-06', 'entropy': '7.438', 'num_tokens': '2.581e+06', 'mean_token_accuracy': '0.06221', 'epoch': '2.401'}
Generated sample at index 9
Total token count: 952
Generated sample at index 704
Total token count: 944
Generated sample at index 346
Total token count: 1406
Generated sample at index 437
Total token count: 942
Generated sample at index 160
Total token count: 1402
Generated sample at index 544
Total token count: 948
Generated sample at index 401
Total token count: 1401
Generated sample at index 300
Total token count: 1838
Emptied CUDA cache
{'loss': '7.256', 'grad_norm': '0.1847', 'learning_rate': '9.615e-06', 'entropy': '7.409', 'num_tokens': '2.59e+06', 'mean_token_accuracy': '0.065', 'epoch': '2.412'}
Generated sample at index 566
Total token count: 1848
Generated sample at index 152
Total token count: 938
Generated sample at index 28
Total token count: 1403
Generated sample at index 508
Total token count: 956
Generated sample at index 193
Total token count: 1845
Generated sample at index 641
Total token count: 944
Generated sample at index 354
Total token count: 1842
Generated sample at index 613
Total token count: 2288
Emptied CUDA cache
{'loss': '7.298', 'grad_norm': '0.1742', 'learning_rate': '9.286e-06', 'entropy': '7.453', 'num_tokens': '2.602e+06', 'mean_token_accuracy': '0.05864', 'epoch': '2.423'}
Generated sample at index 18
Total token count: 1845
Generated sample at index 678
Total token count: 944
Generated sample at index 581
Total token count: 1395
Generated sample at index 596
Total token count: 950
Generated sample at index 261
Total token count: 2290
Generated sample at index 576
Total token count: 1399
Generated sample at index 80
Total token count: 1403
Generated sample at index 737
Total token count: 1388
Emptied CUDA cache
{'loss': '7.307', 'grad_norm': '0.1694', 'learning_rate': '8.962e-06', 'entropy': '7.465', 'num_tokens': '2.615e+06', 'mean_token_accuracy': '0.05842', 'epoch': '2.434'}
Generated sample at index 466
Total token count: 1413
Generated sample at index 686
Total token count: 1852
Generated sample at index 698
Total token count: 1405
Generated sample at index 675
Total token count: 1399
Generated sample at index 70
Total token count: 2723
Generated sample at index 676
Total token count: 943
Generated sample at index 708
Total token count: 1393
Generated sample at index 35
Total token count: 4498
Emptied CUDA cache
{'loss': '7.32', 'grad_norm': '0.1742', 'learning_rate': '8.643e-06', 'entropy': '7.474', 'num_tokens': '2.627e+06', 'mean_token_accuracy': '0.05615', 'epoch': '2.444'}
Generated sample at index 428
Total token count: 1404
Generated sample at index 742
Total token count: 1842
Generated sample at index 173
Total token count: 2285
Generated sample at index 29
Total token count: 1408
Generated sample at index 41
Total token count: 2289
Generated sample at index 207
Total token count: 1847
Generated sample at index 121
Total token count: 1398
Generated sample at index 85
Total token count: 941
Emptied CUDA cache
{'loss': '7.367', 'grad_norm': '0.2526', 'learning_rate': '8.329e-06', 'entropy': '7.522', 'num_tokens': '2.644e+06', 'mean_token_accuracy': '0.05149', 'epoch': '2.455'}
Generated sample at index 709
Total token count: 1388
Generated sample at index 110
Total token count: 1385
Generated sample at index 460
Total token count: 963
Generated sample at index 351
Total token count: 1853
Generated sample at index 457
Total token count: 1857
Generated sample at index 286
Total token count: 1398
Generated sample at index 114
Total token count: 940
Generated sample at index 643
Total token count: 935
Emptied CUDA cache
{'loss': '7.275', 'grad_norm': '0.159', 'learning_rate': '8.021e-06', 'entropy': '7.431', 'num_tokens': '2.655e+06', 'mean_token_accuracy': '0.06217', 'epoch': '2.466'}
Generated sample at index 158
Total token count: 1404
Generated sample at index 247
Total token count: 1841
Generated sample at index 473
Total token count: 1397
Generated sample at index 603
Total token count: 1395
Generated sample at index 273
Total token count: 2726
Generated sample at index 418
Total token count: 1377
Generated sample at index 258
Total token count: 954
Generated sample at index 204
Total token count: 1398
Emptied CUDA cache
{'loss': '7.319', 'grad_norm': '0.1852', 'learning_rate': '7.717e-06', 'entropy': '7.471', 'num_tokens': '2.667e+06', 'mean_token_accuracy': '0.05734', 'epoch': '2.477'}
Generated sample at index 150
Generated sample at index 631
Total token count: 3176
Generated sample at index 332
Generated sample at index 232
Total token count: 1845
Generated sample at index 178
Generated sample at index 634
Total token count: 959
Generated sample at index 164
Generated sample at index 561
Total token count: 2288
Computing metrics on evaluation batch...
{'eval_loss': '7.319', 'eval_token_accuracy': '0', 'eval_runtime': '9.796', 'eval_samples_per_second': '0.817', 'eval_steps_per_second': '0.408', 'eval_entropy': '7.469', 'eval_num_tokens': '2.667e+06', 'eval_mean_token_accuracy': '0.05645', 'epoch': '2.477'}
Generated sample at index 332

Ground truth description for sample 2:
Federer aims a fine serve in the middle, Delpotro crafts a backhand return, short rally, Delpotro backhand lob lands long.

Model output:
Federer serves a cross-court backhand, Del Potro returns the serve with a forehand. Federer returns the backhand with a cross-court backhand.

ROUGE score: {'rouge1': np.float64(0.3255813953488372), 'rouge2': np.float64(0.0), 'rougeL': np.float64(0.27906976744186046), 'rougeLsum': np.float64(0.27906976744186046)}
Generated sample at index 150

Ground truth description for sample 0:
Delpotro serves a high kick serve, Federer delivers a backhand return, lengthy exchange between the players, Delpotro cross-court backhand fails to land inside the court.

Model output:
Federer hits a forehand return, Del Potro returns the serve with a backhand cross-court winner.

ROUGE score: {'rouge1': np.float64(0.4285714285714286), 'rouge2': np.float64(0.1), 'rougeL': np.float64(0.2857142857142857), 'rougeLsum': np.float64(0.2857142857142857)}
Generated sample at index 631

Ground truth description for sample 1:
Good serve aimed at T, Sharapova only reaches to it, hitting the return long.

Model output:
Serena serves a serve, Maria returns a forehand. Serena hits a backhand, Maria returns a forehand. Serena hits a backhand, Maria returns a forehand. Serena hits a backhand, Maria returns a forehand. Maria hits a backhand, Serena returns a forehand.

ROUGE score: {'rouge1': np.float64(0.03703703703703704), 'rouge2': np.float64(0.0), 'rougeL': np.float64(0.03703703703703704), 'rougeLsum': np.float64(0.03703703703703704)}
Generated sample at index 332

Ground truth description for sample 2:
Federer aims a fine serve in the middle, Delpotro crafts a backhand return, short rally, Delpotro backhand lob lands long.

Model output:
Del Potro serves a cross court serve, Federer returns a backhand return. Federer hits a cross court backhand, Del Potro returns a serve.

ROUGE score: {'rouge1': np.float64(0.3255813953488372), 'rouge2': np.float64(0.0975609756097561), 'rougeL': np.float64(0.27906976744186046), 'rougeLsum': np.float64(0.27906976744186046)}
Generated sample at index 631

Ground truth description for sample 1:
Good serve aimed at T, Sharapova only reaches to it, hitting the return long.

Model output:
A forehand winner is returned, then a backhand return is saved.

ROUGE score: {'rouge1': np.float64(0.08), 'rouge2': np.float64(0.0), 'rougeL': np.float64(0.08), 'rougeLsum': np.float64(0.08)}
Generated sample at index 631

Ground truth description for sample 1:
Good serve aimed at T, Sharapova only reaches to it, hitting the return long.

Model output:
Williams serves a backhand cross-court, Sharapova returns a backhand cross-court, Williams hits a cross-court backhand, Sharapova returns a backhand cross-court, Williams hits a cross-court backhand, Sharapova returns a backhand cross-court, Williams hits a cross-court backhand, Sharapova returns a backhand cross-court, Williams hits a cross-court backhand, Sharapova returns a backhand cross-court.

ROUGE score: {'rouge1': np.float64(0.02702702702702703), 'rouge2': np.float64(0.0), 'rougeL': np.float64(0.02702702702702703), 'rougeLsum': np.float64(0.02702702702702703)}
Generated sample at index 232

Ground truth description for sample 3:
Delpotro aims a fine serve at T, Federer only manages to touch it.

Model output:
Federer hits a serve, Del Potro returns a backhand cross-court winner.

ROUGE score: {'rouge1': np.float64(0.24000000000000002), 'rouge2': np.float64(0.0), 'rougeL': np.float64(0.16), 'rougeLsum': np.float64(0.16)}
Generated sample at index 164

Ground truth description for sample 6:
Federer aims a high kick serve, Delpotro returns a backhand return, a few shots exchanged, Delpotro cross-court backhand catches the net.

Model output:
A serve is blocked, Del Potro hits a forehand return, Federer returns a backhand return.

ROUGE score: {'rouge1': np.float64(0.43243243243243246), 'rouge2': np.float64(0.17142857142857143), 'rougeL': np.float64(0.3243243243243243), 'rougeLsum': np.float64(0.3243243243243243)}
Generated sample at index 631

Ground truth description for sample 1:
Good serve aimed at T, Sharapova only reaches to it, hitting the return long.

Model output:
Williams serves a wide backhand, Sharapova returns a backhand winner.

ROUGE score: {'rouge1': np.float64(0.08333333333333333), 'rouge2': np.float64(0.0), 'rougeL': np.float64(0.08333333333333333), 'rougeLsum': np.float64(0.08333333333333333)}
Generated sample at index 232

Ground truth description for sample 3:
Delpotro aims a fine serve at T, Federer only manages to touch it.

Model output:
Federer serves a cross court serve, Del Potro returns a cross court backhand return.

ROUGE score: {'rouge1': np.float64(0.22222222222222224), 'rouge2': np.float64(0.0), 'rougeL': np.float64(0.14814814814814817), 'rougeLsum': np.float64(0.14814814814814817)}
Average ROUGE score: {'rouge1': np.float64(0.22017862713211547), 'rouge2': np.float64(0.036898954703832754), 'rougeL': np.float64(0.17037236904678763), 'rougeLsum': np.float64(0.17037236904678763)}
Generated sample at index 42
Total token count: 944
Generated sample at index 201
Total token count: 954
Generated sample at index 384
Total token count: 943
Generated sample at index 504
Total token count: 1407
Generated sample at index 716
Total token count: 1384
Generated sample at index 53
Total token count: 943
Generated sample at index 606
Total token count: 1402
Generated sample at index 145
Total token count: 941
Emptied CUDA cache
{'loss': '7.252', 'grad_norm': '0.1787', 'learning_rate': '7.42e-06', 'entropy': '7.407', 'num_tokens': '2.676e+06', 'mean_token_accuracy': '0.06497', 'epoch': '2.488'}
Generated sample at index 404
Total token count: 949
Generated sample at index 325
Total token count: 966
Generated sample at index 271
Total token count: 1846
Generated sample at index 317
Total token count: 2292
Generated sample at index 149
Total token count: 2728
Generated sample at index 266
Total token count: 937
Generated sample at index 654
Total token count: 956
Generated sample at index 426
Total token count: 1406
Emptied CUDA cache
{'loss': '7.264', 'grad_norm': '0.2424', 'learning_rate': '7.127e-06', 'entropy': '7.421', 'num_tokens': '2.688e+06', 'mean_token_accuracy': '0.06353', 'epoch': '2.499'}
Generated sample at index 505
Total token count: 951
Generated sample at index 226
Total token count: 950
Generated sample at index 715
Total token count: 936
Generated sample at index 481
Total token count: 1389
Generated sample at index 516
Total token count: 954
Generated sample at index 184
Total token count: 1400
Generated sample at index 87
Total token count: 1843
Generated sample at index 647
Total token count: 1402
Emptied CUDA cache
{'loss': '7.258', 'grad_norm': '0.1898', 'learning_rate': '6.84e-06', 'entropy': '7.409', 'num_tokens': '2.698e+06', 'mean_token_accuracy': '0.06352', 'epoch': '2.509'}
Generated sample at index 112
Total token count: 945
Generated sample at index 730
Total token count: 2285
Generated sample at index 210
Total token count: 1840
Generated sample at index 218
Total token count: 968
Generated sample at index 8
Total token count: 938
Generated sample at index 438
Total token count: 2727
Generated sample at index 307
Total token count: 3165
Generated sample at index 729
Total token count: 1841
Emptied CUDA cache
{'loss': '7.313', 'grad_norm': '0.1627', 'learning_rate': '6.559e-06', 'entropy': '7.471', 'num_tokens': '2.712e+06', 'mean_token_accuracy': '0.05681', 'epoch': '2.52'}
Generated sample at index 517
Total token count: 1404
Generated sample at index 372
Total token count: 1845
Generated sample at index 61
Total token count: 1402
Generated sample at index 294
Total token count: 955
Generated sample at index 610
Total token count: 1835
Generated sample at index 50
Total token count: 955
Generated sample at index 429
Total token count: 1847
Generated sample at index 461
Total token count: 1409
Emptied CUDA cache
{'loss': '7.292', 'grad_norm': '0.1546', 'learning_rate': '6.283e-06', 'entropy': '7.452', 'num_tokens': '2.724e+06', 'mean_token_accuracy': '0.0604', 'epoch': '2.531'}
Generated sample at index 244
Total token count: 2291
Generated sample at index 524
Total token count: 1854
Generated sample at index 88
Total token count: 959
Generated sample at index 194
Total token count: 953
Generated sample at index 2
Total token count: 2283
Generated sample at index 496
Total token count: 961
Generated sample at index 728
Total token count: 1394
Generated sample at index 378
Total token count: 1398
Emptied CUDA cache
{'loss': '7.261', 'grad_norm': '0.1616', 'learning_rate': '6.012e-06', 'entropy': '7.418', 'num_tokens': '2.736e+06', 'mean_token_accuracy': '0.06363', 'epoch': '2.542'}
Generated sample at index 491
Total token count: 2293
Generated sample at index 621
Total token count: 949
Generated sample at index 297
Total token count: 1399
Generated sample at index 578
Total token count: 1397
Generated sample at index 413
Total token count: 948
Generated sample at index 223
Total token count: 1398
Generated sample at index 421
Total token count: 940
Generated sample at index 653
Total token count: 939
Emptied CUDA cache
{'loss': '7.279', 'grad_norm': '0.1687', 'learning_rate': '5.747e-06', 'entropy': '7.436', 'num_tokens': '2.747e+06', 'mean_token_accuracy': '0.06172', 'epoch': '2.553'}
Generated sample at index 531
Total token count: 1397
Generated sample at index 44
Total token count: 2302
Generated sample at index 172
Total token count: 950
Generated sample at index 362
Total token count: 2290
Generated sample at index 463
Total token count: 951
Generated sample at index 640
Total token count: 1406
Generated sample at index 348
Total token count: 944
Generated sample at index 117
Total token count: 1401
Emptied CUDA cache
{'loss': '7.271', 'grad_norm': '0.1694', 'learning_rate': '5.488e-06', 'entropy': '7.423', 'num_tokens': '2.758e+06', 'mean_token_accuracy': '0.06253', 'epoch': '2.564'}
Generated sample at index 662
Total token count: 1405
Generated sample at index 627
Total token count: 1840
Generated sample at index 280
Total token count: 1845
Generated sample at index 530
Total token count: 1404
Generated sample at index 607
Total token count: 2719
Generated sample at index 712
Total token count: 1403
Generated sample at index 445
Total token count: 966
Generated sample at index 541
Total token count: 1852
Emptied CUDA cache
{'loss': '7.3', 'grad_norm': '0.2243', 'learning_rate': '5.234e-06', 'entropy': '7.455', 'num_tokens': '2.771e+06', 'mean_token_accuracy': '0.05822', 'epoch': '2.575'}
Generated sample at index 118
Total token count: 2300
Generated sample at index 583
Total token count: 2726
Generated sample at index 140
Total token count: 1395
Generated sample at index 619
Total token count: 1396
Generated sample at index 40
Total token count: 941
Generated sample at index 400
Total token count: 1406
Generated sample at index 685
Total token count: 940
Generated sample at index 383
Total token count: 2731
Emptied CUDA cache
{'loss': '7.32', 'grad_norm': '0.1799', 'learning_rate': '4.987e-06', 'entropy': '7.479', 'num_tokens': '2.784e+06', 'mean_token_accuracy': '0.0566', 'epoch': '2.585'}
Generated sample at index 150
Generated sample at index 631
Total token count: 3176
Generated sample at index 332
Generated sample at index 232
Total token count: 1845
Generated sample at index 178
Generated sample at index 634
Total token count: 959
Generated sample at index 164
Generated sample at index 561
Total token count: 2288
Computing metrics on evaluation batch...
{'eval_loss': '7.318', 'eval_token_accuracy': '0', 'eval_runtime': '9.758', 'eval_samples_per_second': '0.82', 'eval_steps_per_second': '0.41', 'eval_entropy': '7.467', 'eval_num_tokens': '2.784e+06', 'eval_mean_token_accuracy': '0.05658', 'epoch': '2.585'}
Generated sample at index 150

Ground truth description for sample 0:
Delpotro serves a high kick serve, Federer delivers a backhand return, lengthy exchange between the players, Delpotro cross-court backhand fails to land inside the court.

Model output:
Federer serves a cross court shot, Del Potro returns the serve with a backhand cross court return. Federer hits a forehand winner, Del Potro fails to return the serve.

ROUGE score: {'rouge1': np.float64(0.509090909090909), 'rouge2': np.float64(0.15094339622641512), 'rougeL': np.float64(0.3636363636363637), 'rougeLsum': np.float64(0.3636363636363637)}
Generated sample at index 631

Ground truth description for sample 1:
Good serve aimed at T, Sharapova only reaches to it, hitting the return long.

Model output:
Sharapova serves a cross-court backhand, Williams returns the serve with a forehand.

ROUGE score: {'rouge1': np.float64(0.22222222222222224), 'rouge2': np.float64(0.0), 'rougeL': np.float64(0.14814814814814817), 'rougeLsum': np.float64(0.14814814814814817)}
Generated sample at index 164

Ground truth description for sample 6:
Federer aims a high kick serve, Delpotro returns a backhand return, a few shots exchanged, Delpotro cross-court backhand catches the net.

Model output:
Federer serves a wide forehand, Del Potro returns a backhand. Federer hits a forehand return, Del Potro serves a forehand, Federer hits a forehand return.

ROUGE score: {'rouge1': np.float64(0.29787234042553196), 'rouge2': np.float64(0.08888888888888889), 'rougeL': np.float64(0.29787234042553196), 'rougeLsum': np.float64(0.29787234042553196)}
Generated sample at index 634

Ground truth description for sample 5:
Quick serve, Sharapova crafts a forehand return, Serena goes for a forehand down the line but catches the net.

Model output:
Williams serve, Sharapova return, serve is a cross court, Serena hits a forehand return, Sharapova hits a backhand return, serves a cross court, Serena hits a backhand return, serves a cross court, Sharapova hits a backhand return, serves a cross court, Serena hits a backhand return.

ROUGE score: {'rouge1': np.float64(0.21538461538461537), 'rouge2': np.float64(0.09523809523809522), 'rougeL': np.float64(0.21538461538461537), 'rougeLsum': np.float64(0.21538461538461537)}
Generated sample at index 178

Ground truth description for sample 4:
Federer arrows a good serve at T, Delpotro backhand return just lands long.

Model output:
Del Potro serves a wide cross-court shot, Federer returns a backhand return.

ROUGE score: {'rouge1': np.float64(0.3076923076923077), 'rouge2': np.float64(0.08333333333333333), 'rougeL': np.float64(0.3076923076923077), 'rougeLsum': np.float64(0.3076923076923077)}
Generated sample at index 232

Ground truth description for sample 3:
Delpotro aims a fine serve at T, Federer only manages to touch it.

Model output:
Federer serves a backhand cross-court, Del Potro returns the serve with a forehand.

ROUGE score: {'rouge1': np.float64(0.22222222222222224), 'rouge2': np.float64(0.0), 'rougeL': np.float64(0.14814814814814817), 'rougeLsum': np.float64(0.14814814814814817)}
Generated sample at index 634

Ground truth description for sample 5:
Quick serve, Sharapova crafts a forehand return, Serena goes for a forehand down the line but catches the net.

Model output:
Williams serves a wide ball, Sharapova returns a serve with a backhand winner.

ROUGE score: {'rouge1': np.float64(0.25), 'rouge2': np.float64(0.0), 'rougeL': np.float64(0.18749999999999997), 'rougeLsum': np.float64(0.18749999999999997)}
Generated sample at index 232

Ground truth description for sample 3:
Delpotro aims a fine serve at T, Federer only manages to touch it.

Model output:
Federer serves a forehand backhand cross court, Del Potro fails to return the serve.

ROUGE score: {'rouge1': np.float64(0.29629629629629634), 'rouge2': np.float64(0.0), 'rougeL': np.float64(0.14814814814814817), 'rougeLsum': np.float64(0.14814814814814817)}
Generated sample at index 178

Ground truth description for sample 4:
Federer arrows a good serve at T, Delpotro backhand return just lands long.

Model output:
Del Potro serves a backhand cross court, Federer returns a cross court backhand.

ROUGE score: {'rouge1': np.float64(0.23076923076923078), 'rouge2': np.float64(0.0), 'rougeL': np.float64(0.23076923076923078), 'rougeLsum': np.float64(0.23076923076923078)}
Generated sample at index 164

Ground truth description for sample 6:
Federer aims a high kick serve, Delpotro returns a backhand return, a few shots exchanged, Delpotro cross-court backhand catches the net.

Model output:
Federer serves a forehand winner, Del Potro returns a serve with a forehand winner.

ROUGE score: {'rouge1': np.float64(0.33333333333333326), 'rouge2': np.float64(0.058823529411764705), 'rougeL': np.float64(0.2777777777777778), 'rougeLsum': np.float64(0.2777777777777778)}
Average ROUGE score: {'rouge1': np.float64(0.28848834774366683), 'rouge2': np.float64(0.04772272430984972), 'rougeL': np.float64(0.23250770801302717), 'rougeLsum': np.float64(0.23250770801302717)}
Generated sample at index 323
Total token count: 954
Generated sample at index 103
Total token count: 1406
Generated sample at index 170
Total token count: 1409
Generated sample at index 430
Total token count: 1837
Generated sample at index 224
Total token count: 1404
Generated sample at index 267
Total token count: 1846
Generated sample at index 464
Total token count: 1415
Generated sample at index 126
Total token count: 2291
Emptied CUDA cache
{'loss': '7.294', 'grad_norm': '0.1808', 'learning_rate': '4.744e-06', 'entropy': '7.453', 'num_tokens': '2.797e+06', 'mean_token_accuracy': '0.05961', 'epoch': '2.596'}
Generated sample at index 222
Total token count: 1409
Generated sample at index 86
Total token count: 1401
Generated sample at index 657
Total token count: 2721
Generated sample at index 612
Total token count: 949
Generated sample at index 600
Total token count: 936
Generated sample at index 180
Total token count: 944
Generated sample at index 368
Total token count: 1841
Generated sample at index 139
Total token count: 950
Emptied CUDA cache
{'loss': '7.305', 'grad_norm': '0.1492', 'learning_rate': '4.508e-06', 'entropy': '7.463', 'num_tokens': '2.809e+06', 'mean_token_accuracy': '0.05869', 'epoch': '2.607'}
Generated sample at index 397
Total token count: 1383
Generated sample at index 456
Total token count: 944
Generated sample at index 620
Total token count: 945
Generated sample at index 344
Total token count: 1404
Generated sample at index 169
Total token count: 956
Generated sample at index 23
Total token count: 2283
Generated sample at index 225
Total token count: 2728
Generated sample at index 134
Total token count: 944
Emptied CUDA cache
{'loss': '7.282', 'grad_norm': '0.1673', 'learning_rate': '4.277e-06', 'entropy': '7.435', 'num_tokens': '2.821e+06', 'mean_token_accuracy': '0.06096', 'epoch': '2.618'}
Generated sample at index 78
Total token count: 944
Generated sample at index 443
Total token count: 951
Generated sample at index 337
Total token count: 2283
Generated sample at index 159
Total token count: 948
Generated sample at index 567
Total token count: 1403
Generated sample at index 24
Total token count: 1841
Generated sample at index 618
Total token count: 951
Generated sample at index 550
Total token count: 1399
Emptied CUDA cache
{'loss': '7.255', 'grad_norm': '0.19', 'learning_rate': '4.052e-06', 'entropy': '7.405', 'num_tokens': '2.831e+06', 'mean_token_accuracy': '0.06449', 'epoch': '2.629'}
Generated sample at index 478
Total token count: 958
Generated sample at index 256
Total token count: 1405
Generated sample at index 593
Total token count: 1402
Generated sample at index 239
Total token count: 1410
Generated sample at index 454
Total token count: 961
Generated sample at index 490
Total token count: 965
Generated sample at index 706
Total token count: 944
Generated sample at index 649
Total token count: 2724
Emptied CUDA cache
{'loss': '7.206', 'grad_norm': '0.1888', 'learning_rate': '3.833e-06', 'entropy': '7.358', 'num_tokens': '2.841e+06', 'mean_token_accuracy': '0.07', 'epoch': '2.64'}
Generated sample at index 499
Total token count: 1409
Generated sample at index 231
Total token count: 1842
Generated sample at index 37
Total token count: 953
Generated sample at index 602
Total token count: 1387
Generated sample at index 347
Total token count: 2278
Generated sample at index 396
Total token count: 936
Generated sample at index 127
Total token count: 938
Generated sample at index 433
Total token count: 1844
Emptied CUDA cache
{'loss': '7.314', 'grad_norm': '0.2175', 'learning_rate': '3.62e-06', 'entropy': '7.471', 'num_tokens': '2.853e+06', 'mean_token_accuracy': '0.0567', 'epoch': '2.65'}
Generated sample at index 405
Total token count: 1391
Generated sample at index 363
Total token count: 1848
Generated sample at index 655
Total token count: 936
Generated sample at index 440
Total token count: 953
Generated sample at index 660
Total token count: 1396
Generated sample at index 375
Total token count: 1399
Generated sample at index 691
Total token count: 1400
Generated sample at index 547
Total token count: 1845
Emptied CUDA cache
{'loss': '7.302', 'grad_norm': '0.1783', 'learning_rate': '3.412e-06', 'entropy': '7.454', 'num_tokens': '2.864e+06', 'mean_token_accuracy': '0.05764', 'epoch': '2.661'}
Generated sample at index 125
Total token count: 944
Generated sample at index 559
Total token count: 1407
Generated sample at index 635
Total token count: 932
Generated sample at index 731
Total token count: 1399
Generated sample at index 56
Total token count: 1841
Generated sample at index 611
Total token count: 941
Generated sample at index 373
Total token count: 942
Generated sample at index 682
Total token count: 2285
Emptied CUDA cache
{'loss': '7.287', 'grad_norm': '0.1983', 'learning_rate': '3.211e-06', 'entropy': '7.439', 'num_tokens': '2.875e+06', 'mean_token_accuracy': '0.06113', 'epoch': '2.672'}
Generated sample at index 423
Total token count: 1400
Generated sample at index 214
Total token count: 1843
Generated sample at index 252
Total token count: 949
Generated sample at index 605
Total token count: 947
Generated sample at index 356
Total token count: 1401
Generated sample at index 527
Total token count: 946
Generated sample at index 459
Total token count: 1850
Generated sample at index 77
Total token count: 1391
Emptied CUDA cache
{'loss': '7.285', 'grad_norm': '0.2322', 'learning_rate': '3.015e-06', 'entropy': '7.443', 'num_tokens': '2.886e+06', 'mean_token_accuracy': '0.0611', 'epoch': '2.683'}
Generated sample at index 701
Total token count: 2283
Generated sample at index 230
Total token count: 950
Generated sample at index 287
Total token count: 2728
Generated sample at index 68
Total token count: 3167
Generated sample at index 233
Total token count: 1405
Generated sample at index 702
Total token count: 945
Generated sample at index 727
Total token count: 1842
Generated sample at index 661
Total token count: 1401
Emptied CUDA cache
{'loss': '7.341', 'grad_norm': '0.1684', 'learning_rate': '2.826e-06', 'entropy': '7.494', 'num_tokens': '2.901e+06', 'mean_token_accuracy': '0.05426', 'epoch': '2.694'}
Generated sample at index 150
Generated sample at index 631
Total token count: 3176
Generated sample at index 332
Generated sample at index 232
Total token count: 1845
Generated sample at index 178
Generated sample at index 634
Total token count: 959
Generated sample at index 164
Generated sample at index 561
Total token count: 2288
Computing metrics on evaluation batch...
{'eval_loss': '7.318', 'eval_token_accuracy': '0', 'eval_runtime': '9.728', 'eval_samples_per_second': '0.822', 'eval_steps_per_second': '0.411', 'eval_entropy': '7.467', 'eval_num_tokens': '2.901e+06', 'eval_mean_token_accuracy': '0.05671', 'epoch': '2.694'}
Generated sample at index 332

Ground truth description for sample 2:
Federer aims a fine serve in the middle, Delpotro crafts a backhand return, short rally, Delpotro backhand lob lands long.

Model output:
Federer serves a backhand cross-court winner, Del Potro returns a backhand return and is hit with a slice return, Federer hits a forehand winner.

ROUGE score: {'rouge1': np.float64(0.2666666666666666), 'rouge2': np.float64(0.0930232558139535), 'rougeL': np.float64(0.22222222222222224), 'rougeLsum': np.float64(0.22222222222222224)}
Generated sample at index 178

Ground truth description for sample 4:
Federer arrows a good serve at T, Delpotro backhand return just lands long.

Model output:
Del Potro serves a cross court, Federer returns a return, Del Potro hits a forehand return, Federer returns a backhand, Del Potro hits a forehand return, Federer returns a forehand, Del Potro hits a forehand return, Federer returns a forehand, Del Potro hits a forehand return, Federer returns a forehand, Del Potro hits a forehand return, Federer returns a forehand, Del Potro hits a forehand return, Federer returns a forehand, Del Potro hits a forehand return, Federer returns a forehand, Del Potro hits a forehand return, Federer returns a forehand, Del Potro hits a forehand return, Federer returns a forehand, Del Potro hits a forehand return, Federer returns a forehand, Del Potro hits a forehand return, Federer returns a forehand, Del Potro hits a forehand return, Federer returns a forehand, Del Potro hits a forehand return, Federer returns a forehand, Del Potro hits a forehand return, Federer returns a forehand, Del Potro hits a forehand return, Federer returns a forehand, Del Pot

ROUGE score: {'rouge1': np.float64(0.045714285714285714), 'rouge2': np.float64(0.0), 'rougeL': np.float64(0.045714285714285714), 'rougeLsum': np.float64(0.045714285714285714)}
Generated sample at index 561

Ground truth description for sample 7:
Quick serve, Djokovic returns a backhand return, huge rally, Tsonga pulls a forehand cross-court lob long of the court.

Model output:
Tsonga serves a backhand cross-court winner. Djokovic returns the serve with a backhand cross-court return.

ROUGE score: {'rouge1': np.float64(0.6486486486486486), 'rouge2': np.float64(0.17142857142857143), 'rougeL': np.float64(0.3243243243243243), 'rougeLsum': np.float64(0.3243243243243243)}
Generated sample at index 634

Ground truth description for sample 5:
Quick serve, Sharapova crafts a forehand return, Serena goes for a forehand down the line but catches the net.

Model output:
A wide serve is returned, a lob is returned, Williams returns a backhand return to a net, a backhand lob is returned, a backhand lob is returned.

ROUGE score: {'rouge1': np.float64(0.21739130434782608), 'rouge2': np.float64(0.0), 'rougeL': np.float64(0.21739130434782608), 'rougeLsum': np.float64(0.21739130434782608)}
Generated sample at index 631

Ground truth description for sample 1:
Good serve aimed at T, Sharapova only reaches to it, hitting the return long.

Model output:
Sharapova hits a forehand, Williams returns a backhand return.

ROUGE score: {'rouge1': np.float64(0.17391304347826086), 'rouge2': np.float64(0.0), 'rougeL': np.float64(0.17391304347826086), 'rougeLsum': np.float64(0.17391304347826086)}
Generated sample at index 150

Ground truth description for sample 0:
Delpotro serves a high kick serve, Federer delivers a backhand return, lengthy exchange between the players, Delpotro cross-court backhand fails to land inside the court.

Model output:
Federer serves a backhand cross-court, Del Potro returns the serve with a backhand return, Federer plays a cross-court backhand return, Del Potro returns the serve with a backhand return, Federer plays a cross-court backhand return, Del Potro returns the serve with a backhand return, Federer returns the serve with a backhand return, Del Potro returns the serve with a backhand return.

ROUGE score: {'rouge1': np.float64(0.28888888888888886), 'rouge2': np.float64(0.11363636363636363), 'rougeL': np.float64(0.26666666666666666), 'rougeLsum': np.float64(0.26666666666666666)}
Generated sample at index 561

Ground truth description for sample 7:
Quick serve, Djokovic returns a backhand return, huge rally, Tsonga pulls a forehand cross-court lob long of the court.

Model output:
Tsonga serves a serve, Djokovic returns a cross court backhand return, Djokovic hits a forehand return, Tsonga returns a backhand return, Djokovic returns a forehand return, Tsonga returns a forehand return.

ROUGE score: {'rouge1': np.float64(0.43137254901960786), 'rouge2': np.float64(0.2857142857142857), 'rougeL': np.float64(0.3529411764705882), 'rougeLsum': np.float64(0.3529411764705882)}
Generated sample at index 631

Ground truth description for sample 1:
Good serve aimed at T, Sharapova only reaches to it, hitting the return long.

Model output:
Williams serves a forehand backhand return, Sharapova hits a forehand return.

ROUGE score: {'rouge1': np.float64(0.16), 'rouge2': np.float64(0.0), 'rougeL': np.float64(0.16), 'rougeLsum': np.float64(0.16)}
Generated sample at index 631

Ground truth description for sample 1:
Good serve aimed at T, Sharapova only reaches to it, hitting the return long.

Model output:
Ladies tennis. Williams serves a backhand over the net. Sharapova returns the serve with a backhand.

ROUGE score: {'rouge1': np.float64(0.19999999999999998), 'rouge2': np.float64(0.0), 'rougeL': np.float64(0.13333333333333333), 'rougeLsum': np.float64(0.13333333333333333)}
Generated sample at index 232

Ground truth description for sample 3:
Delpotro aims a fine serve at T, Federer only manages to touch it.

Model output:
Federer serves a serve, Del Potro returns a backhand return, Federer hits a forehand return, Del Potro returns a forehand return, Federer hits a backhand return, Del Potro returns a backhand return, Federer hits a backhand return, Del Potro returns a backhand return, Federer hits a forehand return, Del Potro returns a backhand return, Federer hits a backhand return, Del Potro returns a backhand return.

ROUGE score: {'rouge1': np.float64(0.07692307692307693), 'rouge2': np.float64(0.0), 'rougeL': np.float64(0.07692307692307693), 'rougeLsum': np.float64(0.07692307692307693)}
Average ROUGE score: {'rouge1': np.float64(0.2509518463687262), 'rouge2': np.float64(0.06638024765931742), 'rougeL': np.float64(0.19734294334805844), 'rougeLsum': np.float64(0.19734294334805844)}
Generated sample at index 506
Total token count: 945
Generated sample at index 677
Total token count: 936
Generated sample at index 14
Total token count: 1402
Generated sample at index 733
Total token count: 948
Generated sample at index 639
Total token count: 1394
Generated sample at index 572
Total token count: 946
Generated sample at index 122
Total token count: 948
Generated sample at index 590
Total token count: 942
Emptied CUDA cache
{'loss': '7.243', 'grad_norm': '0.2131', 'learning_rate': '2.642e-06', 'entropy': '7.402', 'num_tokens': '2.91e+06', 'mean_token_accuracy': '0.06657', 'epoch': '2.705'}
Generated sample at index 414
Total token count: 942
Generated sample at index 575
Total token count: 927
Generated sample at index 64
Total token count: 1405
Generated sample at index 385
Total token count: 1395
Generated sample at index 502
Total token count: 1409
Generated sample at index 176
Total token count: 1405
Generated sample at index 51
Total token count: 1844
Generated sample at index 489
Total token count: 950
Emptied CUDA cache
{'loss': '7.29', 'grad_norm': '0.2225', 'learning_rate': '2.465e-06', 'entropy': '7.437', 'num_tokens': '2.92e+06', 'mean_token_accuracy': '0.0602', 'epoch': '2.715'}
Generated sample at index 696
Total token count: 1845
Generated sample at index 153
Total token count: 1393
Generated sample at index 69
Total token count: 1393
Generated sample at index 105
Total token count: 949
Generated sample at index 386
Total token count: 936
Generated sample at index 350
Total token count: 1406
Generated sample at index 188
Total token count: 1413
Generated sample at index 636
Total token count: 1391
Emptied CUDA cache
{'loss': '7.267', 'grad_norm': '0.1919', 'learning_rate': '2.293e-06', 'entropy': '7.418', 'num_tokens': '2.93e+06', 'mean_token_accuracy': '0.06286', 'epoch': '2.726'}
Generated sample at index 63
Total token count: 955
Generated sample at index 703
Total token count: 1400
Generated sample at index 333
Total token count: 1850
Generated sample at index 487
Total token count: 1857
Generated sample at index 507
Total token count: 1845
Generated sample at index 474
Total token count: 1404
Generated sample at index 690
Total token count: 940
Generated sample at index 219
Total token count: 947
Emptied CUDA cache
{'loss': '7.298', 'grad_norm': '0.1772', 'learning_rate': '2.128e-06', 'entropy': '7.445', 'num_tokens': '2.942e+06', 'mean_token_accuracy': '0.05879', 'epoch': '2.737'}
Generated sample at index 545
Total token count: 1402
Generated sample at index 645
Total token count: 947
Generated sample at index 284
Total token count: 1396
Generated sample at index 667
Total token count: 948
Generated sample at index 221
Total token count: 1405
Generated sample at index 165
Total token count: 1387
Generated sample at index 3
Total token count: 2283
Generated sample at index 0
Total token count: 955
Emptied CUDA cache
{'loss': '7.274', 'grad_norm': '0.1578', 'learning_rate': '1.968e-06', 'entropy': '7.43', 'num_tokens': '2.953e+06', 'mean_token_accuracy': '0.06218', 'epoch': '2.748'}
Generated sample at index 196
Total token count: 1841
Generated sample at index 597
Total token count: 941
Generated sample at index 724
Total token count: 1845
Generated sample at index 211
Total token count: 1414
Generated sample at index 245
Total token count: 1846
Generated sample at index 535
Total token count: 1399
Generated sample at index 240
Total token count: 1845
Generated sample at index 425
Total token count: 1376
Emptied CUDA cache
{'loss': '7.301', 'grad_norm': '0.1469', 'learning_rate': '1.815e-06', 'entropy': '7.453', 'num_tokens': '2.965e+06', 'mean_token_accuracy': '0.05891', 'epoch': '2.759'}
Generated sample at index 359
Total token count: 1411
Generated sample at index 557
Total token count: 960
Generated sample at index 120
Total token count: 1398
Generated sample at index 458
Total token count: 968
Generated sample at index 250
Total token count: 1408
Generated sample at index 113
Total token count: 1385
Generated sample at index 521
Total token count: 953
Generated sample at index 598
Total token count: 1404
Emptied CUDA cache
{'loss': '7.234', 'grad_norm': '0.1693', 'learning_rate': '1.667e-06', 'entropy': '7.384', 'num_tokens': '2.975e+06', 'mean_token_accuracy': '0.06619', 'epoch': '2.77'}
Generated sample at index 212
Total token count: 1404
Generated sample at index 534
Total token count: 1412
Generated sample at index 155
Total token count: 1405
Generated sample at index 174
Total token count: 1851
Generated sample at index 7
Total token count: 1407
Generated sample at index 571
Total token count: 1401
Generated sample at index 637
Total token count: 956
Generated sample at index 227
Total token count: 1403
Emptied CUDA cache
{'loss': '7.268', 'grad_norm': '0.1664', 'learning_rate': '1.526e-06', 'entropy': '7.416', 'num_tokens': '2.986e+06', 'mean_token_accuracy': '0.06164', 'epoch': '2.78'}
Generated sample at index 644
Total token count: 1846
Generated sample at index 379
Total token count: 955
Generated sample at index 157
Total token count: 1839
Generated sample at index 186
Total token count: 954
Generated sample at index 329
Total token count: 949
Generated sample at index 71
Total token count: 942
Generated sample at index 360
Total token count: 938
Generated sample at index 238
Total token count: 949
Emptied CUDA cache
{'loss': '7.249', 'grad_norm': '0.2327', 'learning_rate': '1.391e-06', 'entropy': '7.404', 'num_tokens': '2.996e+06', 'mean_token_accuracy': '0.06561', 'epoch': '2.791'}
Generated sample at index 734
Total token count: 950
Generated sample at index 475
Total token count: 1409
Generated sample at index 533
Total token count: 1410
Generated sample at index 380
Total token count: 1839
Generated sample at index 594
Total token count: 1395
Generated sample at index 584
Total token count: 936
Generated sample at index 424
Total token count: 937
Generated sample at index 335
Total token count: 941
Emptied CUDA cache
{'loss': '7.27', 'grad_norm': '0.1805', 'learning_rate': '1.263e-06', 'entropy': '7.419', 'num_tokens': '3.006e+06', 'mean_token_accuracy': '0.06292', 'epoch': '2.802'}
Generated sample at index 150
Generated sample at index 631
Total token count: 3176
Generated sample at index 332
Generated sample at index 232
Total token count: 1845
Generated sample at index 178
Generated sample at index 634
Total token count: 959
Generated sample at index 164
Generated sample at index 561
Total token count: 2288
Computing metrics on evaluation batch...
{'eval_loss': '7.317', 'eval_token_accuracy': '0', 'eval_runtime': '9.735', 'eval_samples_per_second': '0.822', 'eval_steps_per_second': '0.411', 'eval_entropy': '7.467', 'eval_num_tokens': '3.006e+06', 'eval_mean_token_accuracy': '0.05644', 'epoch': '2.802'}
Generated sample at index 178

Ground truth description for sample 4:
Federer arrows a good serve at T, Delpotro backhand return just lands long.

Model output:
Federer serves a wide forehand, Del Potro returns a backhand return, Federer hits a long backhand return.

ROUGE score: {'rouge1': np.float64(0.33333333333333337), 'rouge2': np.float64(0.07142857142857144), 'rougeL': np.float64(0.33333333333333337), 'rougeLsum': np.float64(0.33333333333333337)}
Generated sample at index 332

Ground truth description for sample 2:
Federer aims a fine serve in the middle, Delpotro crafts a backhand return, short rally, Delpotro backhand lob lands long.

Model output:
Federer serves a good serve, Del Potro returns a backhand return, Federer hits a forehand winner.

ROUGE score: {'rouge1': np.float64(0.33333333333333326), 'rouge2': np.float64(0.11764705882352941), 'rougeL': np.float64(0.33333333333333326), 'rougeLsum': np.float64(0.33333333333333326)}
Generated sample at index 634

Ground truth description for sample 5:
Quick serve, Sharapova crafts a forehand return, Serena goes for a forehand down the line but catches the net.

Model output:
Williams serves a cross-court backhand, Sharapova returns a serve with a backhand, Williams plays a cross-court backhand, Sharapova returns a serve with a backhand, Williams plays a cross-court backhand, Sharapova returns a serve with a backhand, Williams plays a cross-court backhand, Sharapova returns a serve with a backhand.

ROUGE score: {'rouge1': np.float64(0.11267605633802817), 'rouge2': np.float64(0.0), 'rougeL': np.float64(0.11267605633802817), 'rougeLsum': np.float64(0.11267605633802817)}
Generated sample at index 631

Ground truth description for sample 1:
Good serve aimed at T, Sharapova only reaches to it, hitting the return long.

Model output:
Serena serves a wide ball, Maria returns the serve with a backhand.

ROUGE score: {'rouge1': np.float64(0.15384615384615383), 'rouge2': np.float64(0.0), 'rougeL': np.float64(0.07692307692307691), 'rougeLsum': np.float64(0.07692307692307691)}
Generated sample at index 232

Ground truth description for sample 3:
Delpotro aims a fine serve at T, Federer only manages to touch it.

Model output:
Federer serves a forehand, Del Potro returns a backhand, Federer returns a backhand.

ROUGE score: {'rouge1': np.float64(0.15384615384615385), 'rouge2': np.float64(0.0), 'rougeL': np.float64(0.15384615384615385), 'rougeLsum': np.float64(0.15384615384615385)}
Generated sample at index 634

Ground truth description for sample 5:
Quick serve, Sharapova crafts a forehand return, Serena goes for a forehand down the line but catches the net.

Model output:
Sunny serve, Williams returns a backhand cross court, Sharapova hits a backhand cross court return, Williams returns a backhand cross court, Sharapova hits a backhand cross court return, Williams returns a backhand cross court, Sharapova hits a backhand cross court return, Williams returns a backhand cross court, Sharapova hits a backhand cross court return.

ROUGE score: {'rouge1': np.float64(0.136986301369863), 'rouge2': np.float64(0.0), 'rougeL': np.float64(0.136986301369863), 'rougeLsum': np.float64(0.136986301369863)}
Generated sample at index 178

Ground truth description for sample 4:
Federer arrows a good serve at T, Delpotro backhand return just lands long.

Model output:
A backhand return is blocked, Federer hits a forehand winner.

ROUGE score: {'rouge1': np.float64(0.34782608695652173), 'rouge2': np.float64(0.09523809523809525), 'rougeL': np.float64(0.2608695652173913), 'rougeLsum': np.float64(0.2608695652173913)}
Generated sample at index 332

Ground truth description for sample 2:
Federer aims a fine serve in the middle, Delpotro crafts a backhand return, short rally, Delpotro backhand lob lands long.

Model output:
Federer serves a cross-court backhand winner.

ROUGE score: {'rouge1': np.float64(0.2222222222222222), 'rouge2': np.float64(0.0), 'rougeL': np.float64(0.2222222222222222), 'rougeLsum': np.float64(0.2222222222222222)}
Generated sample at index 561

Ground truth description for sample 7:
Quick serve, Djokovic returns a backhand return, huge rally, Tsonga pulls a forehand cross-court lob long of the court.

Model output:
Tsonga serves a backhand cross-court winner. Djokovic returns the serve with a forehand return.

ROUGE score: {'rouge1': np.float64(0.6857142857142857), 'rouge2': np.float64(0.24242424242424243), 'rougeL': np.float64(0.28571428571428575), 'rougeLsum': np.float64(0.28571428571428575)}
Generated sample at index 178

Ground truth description for sample 4:
Federer arrows a good serve at T, Delpotro backhand return just lands long.

Model output:
Federer hits a backhand return that is a slice to the net, Del Potro fails to return the backhand return.

ROUGE score: {'rouge1': np.float64(0.24242424242424246), 'rouge2': np.float64(0.06451612903225808), 'rougeL': np.float64(0.24242424242424246), 'rougeLsum': np.float64(0.24242424242424246)}
Average ROUGE score: {'rouge1': np.float64(0.27222081693841377), 'rouge2': np.float64(0.05912540969466966), 'rougeL': np.float64(0.21583285707219302), 'rougeLsum': np.float64(0.21583285707219302)}
Generated sample at index 665
Total token count: 942
Generated sample at index 528
Total token count: 966
Generated sample at index 546
Total token count: 1847
Generated sample at index 681
Total token count: 1391
Generated sample at index 551
Total token count: 949
Generated sample at index 468
Total token count: 941
Generated sample at index 241
Total token count: 1843
Generated sample at index 720
Total token count: 941
Emptied CUDA cache
{'loss': '7.25', 'grad_norm': '0.1671', 'learning_rate': '1.14e-06', 'entropy': '7.403', 'num_tokens': '3.015e+06', 'mean_token_accuracy': '0.0652', 'epoch': '2.813'}
Generated sample at index 334
Total token count: 2724
Generated sample at index 614
Total token count: 1402
Generated sample at index 326
Total token count: 948
Generated sample at index 615
Total token count: 941
Generated sample at index 455
Total token count: 1842
Generated sample at index 652
Total token count: 939
Generated sample at index 282
Total token count: 954
Generated sample at index 255
Total token count: 1851
Emptied CUDA cache
{'loss': '7.271', 'grad_norm': '0.1487', 'learning_rate': '1.024e-06', 'entropy': '7.428', 'num_tokens': '3.026e+06', 'mean_token_accuracy': '0.06271', 'epoch': '2.824'}
Generated sample at index 515
Total token count: 948
Generated sample at index 609
Total token count: 2277
Generated sample at index 482
Total token count: 950
Generated sample at index 540
Total token count: 2291
Generated sample at index 714
Total token count: 1396
Generated sample at index 339
Total token count: 942
Generated sample at index 4
Total token count: 1404
Generated sample at index 406
Total token count: 1840
Emptied CUDA cache
{'loss': '7.3', 'grad_norm': '0.2938', 'learning_rate': '9.133e-07', 'entropy': '7.454', 'num_tokens': '3.038e+06', 'mean_token_accuracy': '0.05795', 'epoch': '2.835'}
Generated sample at index 399
Total token count: 1844
Generated sample at index 707
Total token count: 1386
Generated sample at index 623
Total token count: 1397
Generated sample at index 327
Total token count: 944
Generated sample at index 687
Total token count: 2727
Generated sample at index 345
Total token count: 1407
Generated sample at index 154
Total token count: 953
Generated sample at index 588
Total token count: 1400
Emptied CUDA cache
{'loss': '7.311', 'grad_norm': '0.1668', 'learning_rate': '8.093e-07', 'entropy': '7.471', 'num_tokens': '3.051e+06', 'mean_token_accuracy': '0.05645', 'epoch': '2.846'}
Generated sample at index 376
Total token count: 937
Generated sample at index 100
Total token count: 1397
Generated sample at index 439
Total token count: 1841
Generated sample at index 668
Total token count: 1400
Generated sample at index 563
Total token count: 1401
Generated sample at index 39
Total token count: 938
Generated sample at index 580
Total token count: 2723
Generated sample at index 305
Total token count: 1404
Emptied CUDA cache
{'loss': '7.319', 'grad_norm': '0.1602', 'learning_rate': '7.115e-07', 'entropy': '7.472', 'num_tokens': '3.063e+06', 'mean_token_accuracy': '0.05741', 'epoch': '2.856'}
Generated sample at index 177
Total token count: 964
Generated sample at index 81
Total token count: 2291
Generated sample at index 480
Total token count: 948
Generated sample at index 49
Total token count: 1845
Generated sample at index 587
Total token count: 1842
Generated sample at index 680
Total token count: 1397
Generated sample at index 146
Total token count: 1843
Generated sample at index 529
Total token count: 1851
Emptied CUDA cache
{'loss': '7.295', 'grad_norm': '0.1507', 'learning_rate': '6.2e-07', 'entropy': '7.45', 'num_tokens': '3.075e+06', 'mean_token_accuracy': '0.05931', 'epoch': '2.867'}
Generated sample at index 669
Total token count: 1843
Generated sample at index 342
Total token count: 945
Generated sample at index 249
Total token count: 2730
Generated sample at index 33
Total token count: 948
Generated sample at index 570
Total token count: 944
Generated sample at index 308
Total token count: 945
Generated sample at index 135
Total token count: 1403
Generated sample at index 700
Total token count: 1403
Emptied CUDA cache
{'loss': '7.281', 'grad_norm': '0.1517', 'learning_rate': '5.347e-07', 'entropy': '7.433', 'num_tokens': '3.087e+06', 'mean_token_accuracy': '0.06116', 'epoch': '2.878'}
Generated sample at index 435
Total token count: 1400
Generated sample at index 315
Total token count: 1399
Generated sample at index 744
Total token count: 2283
Generated sample at index 483
Total token count: 954
Generated sample at index 190
Total token count: 1401
Generated sample at index 599
Total token count: 1376
Generated sample at index 556
Total token count: 1405
Generated sample at index 422
Total token count: 951
Emptied CUDA cache
{'loss': '7.299', 'grad_norm': '0.164', 'learning_rate': '4.558e-07', 'entropy': '7.453', 'num_tokens': '3.098e+06', 'mean_token_accuracy': '0.05927', 'epoch': '2.889'}
Generated sample at index 260
Total token count: 1846
Generated sample at index 673
Total token count: 1395
Generated sample at index 648
Total token count: 945
Generated sample at index 392
Total token count: 1397
Generated sample at index 303
Total token count: 951
Generated sample at index 624
Total token count: 1395
Generated sample at index 283
Total token count: 1403
Generated sample at index 688
Total token count: 941
Emptied CUDA cache
{'loss': '7.262', 'grad_norm': '0.1514', 'learning_rate': '3.831e-07', 'entropy': '7.419', 'num_tokens': '3.109e+06', 'mean_token_accuracy': '0.06348', 'epoch': '2.9'}
Generated sample at index 66
Total token count: 950
Generated sample at index 92
Total token count: 1402
Generated sample at index 314
Total token count: 1401
Generated sample at index 324
Total token count: 1409
Generated sample at index 574
Total token count: 945
Generated sample at index 651
Total token count: 938
Generated sample at index 275
Total token count: 964
Generated sample at index 558
Total token count: 2734
Emptied CUDA cache
{'loss': '7.233', 'grad_norm': '0.2271', 'learning_rate': '3.166e-07', 'entropy': '7.381', 'num_tokens': '3.118e+06', 'mean_token_accuracy': '0.06655', 'epoch': '2.911'}
Generated sample at index 150
Generated sample at index 631
Total token count: 3176
Generated sample at index 332
Generated sample at index 232
Total token count: 1845
Generated sample at index 178
Generated sample at index 634
Total token count: 959
Generated sample at index 164
Generated sample at index 561
Total token count: 2288
Computing metrics on evaluation batch...
{'eval_loss': '7.317', 'eval_token_accuracy': '0', 'eval_runtime': '9.744', 'eval_samples_per_second': '0.821', 'eval_steps_per_second': '0.41', 'eval_entropy': '7.467', 'eval_num_tokens': '3.118e+06', 'eval_mean_token_accuracy': '0.05644', 'epoch': '2.911'}
Generated sample at index 150

Ground truth description for sample 0:
Delpotro serves a high kick serve, Federer delivers a backhand return, lengthy exchange between the players, Delpotro cross-court backhand fails to land inside the court.

Model output:
Federer serves a backhand cross-court, Del Potro returns the serve with a backhand return. Federer plays a forehand winner, Del Potro fails to return the forehand, Federer wins the point.

ROUGE score: {'rouge1': np.float64(0.4912280701754386), 'rouge2': np.float64(0.1818181818181818), 'rougeL': np.float64(0.3157894736842105), 'rougeLsum': np.float64(0.3157894736842105)}
Generated sample at index 178

Ground truth description for sample 4:
Federer arrows a good serve at T, Delpotro backhand return just lands long.

Model output:
Federer serves a backhand cross-court, Del Potro returns the serve with a slice, Federer returns the serve with a backhand cross-court.

ROUGE score: {'rouge1': np.float64(0.2222222222222222), 'rouge2': np.float64(0.0), 'rougeL': np.float64(0.2222222222222222), 'rougeLsum': np.float64(0.2222222222222222)}
Generated sample at index 631

Ground truth description for sample 1:
Good serve aimed at T, Sharapova only reaches to it, hitting the return long.

Model output:
A wild serve is returned, a backhand cross-court return is mishandled, a backhand is played wide.

ROUGE score: {'rouge1': np.float64(0.12903225806451615), 'rouge2': np.float64(0.0), 'rougeL': np.float64(0.12903225806451615), 'rougeLsum': np.float64(0.12903225806451615)}
Generated sample at index 332

Ground truth description for sample 2:
Federer aims a fine serve in the middle, Delpotro crafts a backhand return, short rally, Delpotro backhand lob lands long.

Model output:
Federer serves a wide cross court return, Del Potro hits a long backhand return, Federer slices a cross court shot, Del Potro fails to return the serve.

ROUGE score: {'rouge1': np.float64(0.3404255319148936), 'rouge2': np.float64(0.044444444444444446), 'rougeL': np.float64(0.2127659574468085), 'rougeLsum': np.float64(0.2127659574468085)}
Generated sample at index 178

Ground truth description for sample 4:
Federer arrows a good serve at T, Delpotro backhand return just lands long.

Model output:
Federer hits a forehand winner.

ROUGE score: {'rouge1': np.float64(0.2222222222222222), 'rouge2': np.float64(0.0), 'rougeL': np.float64(0.2222222222222222), 'rougeLsum': np.float64(0.2222222222222222)}
Generated sample at index 631

Ground truth description for sample 1:
Good serve aimed at T, Sharapova only reaches to it, hitting the return long.

Model output:
Williams serve, Sharapova returns, serves a backhand return, Williams hits a backhand winner.

ROUGE score: {'rouge1': np.float64(0.22222222222222224), 'rouge2': np.float64(0.0), 'rougeL': np.float64(0.22222222222222224), 'rougeLsum': np.float64(0.22222222222222224)}
Generated sample at index 631

Ground truth description for sample 1:
Good serve aimed at T, Sharapova only reaches to it, hitting the return long.

Model output:
Serena serves a backhand cross-court, Maria returns a forehand return. Serena hits a backhand cross-court, Maria returns a backhand return.

ROUGE score: {'rouge1': np.float64(0.05555555555555555), 'rouge2': np.float64(0.0), 'rougeL': np.float64(0.05555555555555555), 'rougeLsum': np.float64(0.05555555555555555)}
Generated sample at index 332

Ground truth description for sample 2:
Federer aims a fine serve in the middle, Delpotro crafts a backhand return, short rally, Delpotro backhand lob lands long.

Model output:
Federer serves a cross court backhand winner.

ROUGE score: {'rouge1': np.float64(0.2222222222222222), 'rouge2': np.float64(0.0), 'rougeL': np.float64(0.2222222222222222), 'rougeLsum': np.float64(0.2222222222222222)}
Generated sample at index 178

Ground truth description for sample 4:
Federer arrows a good serve at T, Delpotro backhand return just lands long.

Model output:
Federer hits a backhand cross court, Del Potro returns a backhand winner.

ROUGE score: {'rouge1': np.float64(0.24000000000000002), 'rouge2': np.float64(0.0), 'rougeL': np.float64(0.24000000000000002), 'rougeLsum': np.float64(0.24000000000000002)}
Generated sample at index 178

Ground truth description for sample 4:
Federer arrows a good serve at T, Delpotro backhand return just lands long.

Model output:
Federer serves a wide serve, Del Potro returns a backhand winner.

ROUGE score: {'rouge1': np.float64(0.33333333333333337), 'rouge2': np.float64(0.0), 'rougeL': np.float64(0.33333333333333337), 'rougeLsum': np.float64(0.33333333333333337)}
Average ROUGE score: {'rouge1': np.float64(0.2478463637932627), 'rouge2': np.float64(0.022626262626262626), 'rougeL': np.float64(0.21753654669733127), 'rougeLsum': np.float64(0.21753654669733127)}
Generated sample at index 206
Total token count: 1401
Generated sample at index 171
Total token count: 2278
Generated sample at index 389
Total token count: 961
Generated sample at index 663
Total token count: 950
Generated sample at index 130
Total token count: 1386
Generated sample at index 467
Total token count: 1858
Generated sample at index 83
Total token count: 944
Generated sample at index 361
Total token count: 1405
Emptied CUDA cache
{'loss': '7.296', 'grad_norm': '0.1558', 'learning_rate': '2.565e-07', 'entropy': '7.452', 'num_tokens': '3.13e+06', 'mean_token_accuracy': '0.0586', 'epoch': '2.921'}
Generated sample at index 1
Total token count: 4489
Generated sample at index 318
Total token count: 2288
Generated sample at index 462
Total token count: 951
Generated sample at index 447
Total token count: 956
Generated sample at index 316
Total token count: 1846
Generated sample at index 15
Total token count: 944
Generated sample at index 659
Total token count: 936
Generated sample at index 374
Total token count: 941
Emptied CUDA cache
{'loss': '7.298', 'grad_norm': '0.2205', 'learning_rate': '2.027e-07', 'entropy': '7.445', 'num_tokens': '3.144e+06', 'mean_token_accuracy': '0.05918', 'epoch': '2.932'}
Generated sample at index 745
Total token count: 937
Generated sample at index 355
Total token count: 2283
Generated sample at index 388
Total token count: 1848
Generated sample at index 366
Total token count: 1840
Generated sample at index 285
Total token count: 1402
Generated sample at index 96
Total token count: 1402
Generated sample at index 417
Total token count: 1394
Generated sample at index 228
Total token count: 958
Emptied CUDA cache
{'loss': '7.321', 'grad_norm': '0.2231', 'learning_rate': '1.552e-07', 'entropy': '7.473', 'num_tokens': '3.156e+06', 'mean_token_accuracy': '0.05619', 'epoch': '2.943'}
Generated sample at index 341
Total token count: 950
Generated sample at index 543
Total token count: 950
Generated sample at index 141
Total token count: 1405
Generated sample at index 722
Total token count: 942
Generated sample at index 523
Total token count: 1850
Generated sample at index 629
Total token count: 1382
Generated sample at index 407
Total token count: 1395
Generated sample at index 449
Total token count: 1846
Emptied CUDA cache
{'loss': '7.255', 'grad_norm': '0.168', 'learning_rate': '1.141e-07', 'entropy': '7.404', 'num_tokens': '3.166e+06', 'mean_token_accuracy': '0.06438', 'epoch': '2.954'}
Generated sample at index 553
Total token count: 962
Generated sample at index 526
Total token count: 1398
Generated sample at index 38
Total token count: 1396
Generated sample at index 568
Total token count: 946
Generated sample at index 147
Total token count: 953
Generated sample at index 259
Total token count: 2727
Generated sample at index 79
Total token count: 1394
Generated sample at index 411
Total token count: 1401
Emptied CUDA cache
{'loss': '7.269', 'grad_norm': '0.1778', 'learning_rate': '7.922e-08', 'entropy': '7.422', 'num_tokens': '3.178e+06', 'mean_token_accuracy': '0.06266', 'epoch': '2.965'}
Generated sample at index 469
Total token count: 1404
Generated sample at index 616
Total token count: 1383
Generated sample at index 493
Total token count: 947
Generated sample at index 52
Total token count: 2285
Generated sample at index 192
Total token count: 2291
Generated sample at index 187
Total token count: 950
Generated sample at index 25
Total token count: 1399
Generated sample at index 242
Total token count: 1405
Emptied CUDA cache
{'loss': '7.298', 'grad_norm': '0.198', 'learning_rate': '5.071e-08', 'entropy': '7.453', 'num_tokens': '3.19e+06', 'mean_token_accuracy': '0.06012', 'epoch': '2.976'}
Generated sample at index 312
Total token count: 957
Generated sample at index 30
Total token count: 1399
Generated sample at index 101
Total token count: 1405
Generated sample at index 484
Total token count: 1403
Generated sample at index 365
Total token count: 2722
Generated sample at index 13
Total token count: 953
Generated sample at index 723
Total token count: 939
Generated sample at index 311
Total token count: 948
Emptied CUDA cache
{'loss': '7.266', 'grad_norm': '0.1513', 'learning_rate': '2.853e-08', 'entropy': '7.418', 'num_tokens': '3.201e+06', 'mean_token_accuracy': '0.06302', 'epoch': '2.986'}
Generated sample at index 725
Total token count: 943
Generated sample at index 431
Total token count: 1835
Generated sample at index 203
Total token count: 948
Generated sample at index 91
Total token count: 1400
Generated sample at index 276
Total token count: 950
Generated sample at index 296
Total token count: 949
Generated sample at index 144
Total token count: 1844
Generated sample at index 501
Total token count: 952
Emptied CUDA cache
{'loss': '7.255', 'grad_norm': '0.1903', 'learning_rate': '1.268e-08', 'entropy': '7.405', 'num_tokens': '3.211e+06', 'mean_token_accuracy': '0.06397', 'epoch': '2.997'}
Generated sample at index 248
Total token count: 942
Emptied CUDA cache
{'loss': '7.2', 'grad_norm': '0.3329', 'learning_rate': '3.17e-09', 'entropy': '7.343', 'num_tokens': '3.212e+06', 'mean_token_accuracy': '0.07002', 'epoch': '3'}
Generated sample at index 150
Generated sample at index 631
Total token count: 3176
Generated sample at index 332
Generated sample at index 232
Total token count: 1845
Generated sample at index 178
Generated sample at index 634
Total token count: 959
Generated sample at index 164
Generated sample at index 561
Total token count: 2288
Computing metrics on evaluation batch...
{'eval_loss': '7.317', 'eval_token_accuracy': '0', 'eval_runtime': '9.781', 'eval_samples_per_second': '0.818', 'eval_steps_per_second': '0.409', 'eval_entropy': '7.467', 'eval_num_tokens': '3.212e+06', 'eval_mean_token_accuracy': '0.05644', 'epoch': '3'}
Generated sample at index 232

Ground truth description for sample 3:
Delpotro aims a fine serve at T, Federer only manages to touch it.

Model output:
Federer serves a backhand cross-court, Del Potro returns the serve with a backhand cross-court.

ROUGE score: {'rouge1': np.float64(0.20689655172413793), 'rouge2': np.float64(0.0), 'rougeL': np.float64(0.13793103448275862), 'rougeLsum': np.float64(0.13793103448275862)}
Generated sample at index 634

Ground truth description for sample 5:
Quick serve, Sharapova crafts a forehand return, Serena goes for a forehand down the line but catches the net.

Model output:
Williams serves a good backhand, Sharapova returns the serve with a backhand.

ROUGE score: {'rouge1': np.float64(0.3225806451612903), 'rouge2': np.float64(0.0), 'rougeL': np.float64(0.12903225806451615), 'rougeLsum': np.float64(0.12903225806451615)}
Generated sample at index 232

Ground truth description for sample 3:
Delpotro aims a fine serve at T, Federer only manages to touch it.

Model output:
Del Potro serves a good serve, Federer returns a backhand return, Del Potro hits a forehand return, Federer hits a backhand cross-court return.

ROUGE score: {'rouge1': np.float64(0.16216216216216217), 'rouge2': np.float64(0.0), 'rougeL': np.float64(0.16216216216216217), 'rougeLsum': np.float64(0.16216216216216217)}
Generated sample at index 178

Ground truth description for sample 4:
Federer arrows a good serve at T, Delpotro backhand return just lands long.

Model output:
Del Potro serves a serve, Federer returns a backhand return, Del Potro hits a forehand return, Federer hits a forehand winner.

ROUGE score: {'rouge1': np.float64(0.2941176470588235), 'rouge2': np.float64(0.0625), 'rougeL': np.float64(0.23529411764705882), 'rougeLsum': np.float64(0.23529411764705882)}
Generated sample at index 561

Ground truth description for sample 7:
Quick serve, Djokovic returns a backhand return, huge rally, Tsonga pulls a forehand cross-court lob long of the court.

Model output:
Tsonga serves a forehand return, Djokovic returns a forehand return, Djokovic returns a forehand return, Djokovic returns a forehand return, Djokovic returns a forehand return.

ROUGE score: {'rouge1': np.float64(0.3111111111111111), 'rouge2': np.float64(0.13953488372093023), 'rougeL': np.float64(0.2666666666666666), 'rougeLsum': np.float64(0.2666666666666666)}
Generated sample at index 178

Ground truth description for sample 4:
Federer arrows a good serve at T, Delpotro backhand return just lands long.

Model output:
Del Potro hits a serve, Federer returns a backhand return, Del Potro hits a backhand, Federer returns a backhand, Del Potro hits a backhand, Federer returns a backhand, Del Potro hits a backhand, Federer returns a backhand, Del Potro hits a backhand, Federer returns a backhand.

ROUGE score: {'rouge1': np.float64(0.1694915254237288), 'rouge2': np.float64(0.03508771929824561), 'rougeL': np.float64(0.13559322033898305), 'rougeLsum': np.float64(0.13559322033898305)}
Generated sample at index 150

Ground truth description for sample 0:
Delpotro serves a high kick serve, Federer delivers a backhand return, lengthy exchange between the players, Delpotro cross-court backhand fails to land inside the court.

Model output:
Federer serves a cross-court backhand return, Del Potro hits a forehand return, Federer hits a cross-court backhand, Del Potro returns a backhand return, Federer hits a backhand return, Del Potro hits a backhand return, Federer hits a backhand return, Del Potro returns a backhand return, Federer hits a backhand return, Del Potro returns a backhand return, Federer hits a backhand return, Del Potro returns a backhand return, Federer hits a backhand return, Del Potro returns a backhand return.

ROUGE score: {'rouge1': np.float64(0.18867924528301888), 'rouge2': np.float64(0.09615384615384616), 'rougeL': np.float64(0.1320754716981132), 'rougeLsum': np.float64(0.1320754716981132)}
Generated sample at index 631

Ground truth description for sample 1:
Good serve aimed at T, Sharapova only reaches to it, hitting the return long.

Model output:
Williams serve, Sharapova returns, serves a backhand cross-court winner.

ROUGE score: {'rouge1': np.float64(0.16666666666666666), 'rouge2': np.float64(0.0), 'rougeL': np.float64(0.16666666666666666), 'rougeLsum': np.float64(0.16666666666666666)}
Generated sample at index 164

Ground truth description for sample 6:
Federer aims a high kick serve, Delpotro returns a backhand return, a few shots exchanged, Delpotro cross-court backhand catches the net.

Model output:
Federer hits a serve, Del Potro returns a backhand return, Federer hits a backhand return, Del Potro hits a forehand return, Federer hits a backhand return.

ROUGE score: {'rouge1': np.float64(0.37500000000000006), 'rouge2': np.float64(0.13043478260869565), 'rougeL': np.float64(0.37500000000000006), 'rougeLsum': np.float64(0.37500000000000006)}
Generated sample at index 178

Ground truth description for sample 4:
Federer arrows a good serve at T, Delpotro backhand return just lands long.

Model output:
Federer serves a backhand cross-court, Del Potro returns a backhand return, Federer hits a forehand winner.

ROUGE score: {'rouge1': np.float64(0.26666666666666666), 'rouge2': np.float64(0.07142857142857144), 'rougeL': np.float64(0.26666666666666666), 'rougeLsum': np.float64(0.26666666666666666)}
Average ROUGE score: {'rouge1': np.float64(0.24633722212576062), 'rouge2': np.float64(0.05351398032102891), 'rougeL': np.float64(0.2007088264393592), 'rougeLsum': np.float64(0.2007088264393592)}
{'train_runtime': '5611', 'train_samples_per_second': '0.395', 'train_steps_per_second': '0.05', 'train_loss': '8.665', 'epoch': '3'}
Job finished at: Tue Apr 28 12:58:59 PM EDT 2026
