Job ID: 15783969
Running on node: str-gpu18.charlotte.edu
Starting time: Wed Apr 29 10:02:08 AM EDT 2026
Submit directory: /users/rmanem/cv_final/Finetuned-VLM-for-Sports-Commentary
Experiment name: lmhead_only
train_only_lmhead: true
train_vision_model: false
frame proportion: 0.02
epochs: 3
Wed Apr 29 10:02:08 2026       
+-----------------------------------------------------------------------------------------+
| NVIDIA-SMI 570.195.03             Driver Version: 570.195.03     CUDA Version: 12.8     |
|-----------------------------------------+------------------------+----------------------+
| GPU  Name                 Persistence-M | Bus-Id          Disp.A | Volatile Uncorr. ECC |
| Fan  Temp   Perf          Pwr:Usage/Cap |           Memory-Usage | GPU-Util  Compute M. |
|                                         |                        |               MIG M. |
|=========================================+========================+======================|
|   0  NVIDIA A40                     On  |   00000000:CA:00.0 Off |                    0 |
|  0%   37C    P0             78W /  300W |       0MiB /  46068MiB |    100%      Default |
|                                         |                        |                  N/A |
+-----------------------------------------+------------------------+----------------------+
                                                                                         
+-----------------------------------------------------------------------------------------+
| Processes:                                                                              |
|  GPU   GI   CI              PID   Type   Process name                        GPU Memory |
|        ID   ID                                                               Usage      |
|=========================================================================================|
|  No running processes found                                                             |
+-----------------------------------------------------------------------------------------+
Working directory after cd: /users/rmanem/cv_final/Finetuned-VLM-for-Sports-Commentary
Python path: /users/rmanem/.conda/envs/vlm_finetune/bin/python
Conda prefix: /users/rmanem/.conda/envs/vlm_finetune
LD_LIBRARY_PATH: /users/rmanem/.conda/envs/vlm_finetune/lib:/lib64:/apps/pkg/anaconda3/2023.09/lib:/usr/lib64/slurm:
Testing environment...
sqlite works
nltk works
rouge works
2.5.1+cu121
True
12.1
Running command:
python -u vlm_training.py   --experiment_name lmhead_only   --use_frame_proportion 0.02   --num_train_epochs 3   --eval_steps 10   --save_steps 300 --train_only_lmhead
================================================================================
Dataset / Experiment Setup
================================================================================
Total dataset size: 746
Training dataset size: 596
Evaluation dataset size: 150
Experiment name: lmhead_only
Experiment directory: experiments/lmhead_only
Annotation directory: data/annotations
Video directory: data/videos
use_frame_proportion: 0.02
Effective FPS: 0.5
train_only_lmhead: True
train_vision_model: False
num_train_epochs: 3
learning_rate: 0.0001
================================================================================
Generated sample at index 654
Debug sample index: 654
Number of frames in debug video: 9
Using device: cuda
CUDA available: True
CUDA device: NVIDIA A40
CUDA version used by PyTorch: 12.1
Before LoRA:
Trainable params: 2,127,532,032 / 2,127,532,032 (100.0000%)
LoRA target modules: ['lm_head']
Freezing all parameters except lm_head-related parameters...
Freezing visual encoder...
After LoRA / freezing settings:
lm_head parameter: base_model.model.lm_head.lora_A.default.weight, count: 16384, trainable: True
lm_head parameter: base_model.model.lm_head.lora_B.default.weight, count: 1215488, trainable: True
Trainable params: 1,231,872 / 2,128,763,904 (0.0579%)
processor.video_processor.max_num_frames: 8
Generated sample at index 442
================================================================================
Starting training
================================================================================
Generated sample at index 132
Generated sample at index 243
Total token count: 2277
Generated sample at index 122
Generated sample at index 489
Total token count: 1846
Generated sample at index 546
Generated sample at index 734
Total token count: 1842
Generated sample at index 584
Generated sample at index 437
Total token count: 1850
Generated sample at index 168
Generated sample at index 319
Total token count: 1391
Generated sample at index 744
Generated sample at index 577
Total token count: 2725
Generated sample at index 20
Generated sample at index 235
Total token count: 1395
Generated sample at index 601
Generated sample at index 353
Total token count: 1842
Generated sample at index 623
Generated sample at index 311
Total token count: 1403
Generated sample at index 207
Generated sample at index 501
Total token count: 1398
Generated sample at index 462
Generated sample at index 730
Total token count: 1406
Generated sample at index 477
Generated sample at index 380
Total token count: 1385
Generated sample at index 349
Generated sample at index 712
Total token count: 1845
Generated sample at index 467
Generated sample at index 547
Total token count: 2722
Generated sample at index 377
Generated sample at index 37
Total token count: 2282
Generated sample at index 310
Generated sample at index 239
Total token count: 947
Generated sample at index 259
Generated sample at index 578
Total token count: 1840
Generated sample at index 193
Generated sample at index 146
Total token count: 2731
Generated sample at index 116
Generated sample at index 614
Total token count: 2734
Generated sample at index 282
Generated sample at index 406
Total token count: 1844
Generated sample at index 80
Generated sample at index 141
Total token count: 1849
Generated sample at index 496
Generated sample at index 666
Total token count: 1398
Generated sample at index 154
Generated sample at index 307
Total token count: 1395
Generated sample at index 498
Generated sample at index 521
Total token count: 2300
Generated sample at index 177
Generated sample at index 457
Total token count: 1391
Generated sample at index 443
Generated sample at index 187
Total token count: 955
Generated sample at index 503
Generated sample at index 585
Total token count: 1843
Generated sample at index 567
Generated sample at index 421
Total token count: 2289
Generated sample at index 82
Generated sample at index 563
Total token count: 1854
Generated sample at index 44
Generated sample at index 553
Total token count: 2287
Generated sample at index 105
Generated sample at index 6
Total token count: 1847
Generated sample at index 677
Generated sample at index 611
Total token count: 1842
Generated sample at index 493
Generated sample at index 709
Total token count: 1385
Generated sample at index 373
Generated sample at index 248
Total token count: 1402
Generated sample at index 686
Generated sample at index 391
Total token count: 1412
Generated sample at index 473
Generated sample at index 372
Total token count: 956
Generated sample at index 88
Generated sample at index 581
Total token count: 1404
Generated sample at index 308
Generated sample at index 220
Total token count: 3175
Generated sample at index 575
Generated sample at index 594
Total token count: 1843
Generated sample at index 106
Generated sample at index 534
Total token count: 2290
Generated sample at index 120
Generated sample at index 323
Total token count: 954
Generated sample at index 157
Generated sample at index 298
Total token count: 1403
Generated sample at index 625
Generated sample at index 579
Total token count: 2286
Generated sample at index 345
Generated sample at index 258
Total token count: 1395
Generated sample at index 474
Generated sample at index 339
Total token count: 948
Generated sample at index 28
Generated sample at index 40
Total token count: 950
Generated sample at index 210
Generated sample at index 14
Total token count: 1399
Generated sample at index 544
Generated sample at index 357
Total token count: 1409
Generated sample at index 4
Generated sample at index 293
Total token count: 1402
Generated sample at index 238
Generated sample at index 714
Total token count: 2724
Generated sample at index 704
Generated sample at index 24
Total token count: 1413
Generated sample at index 635
Generated sample at index 530
Total token count: 3176
Generated sample at index 674
Generated sample at index 561
Total token count: 955
Generated sample at index 175
Generated sample at index 64
Total token count: 945
Generated sample at index 593
Generated sample at index 363
Total token count: 1841
Generated sample at index 214
Generated sample at index 717
Total token count: 2723
Generated sample at index 211
Generated sample at index 415
Total token count: 4498
Generated sample at index 556
Generated sample at index 195
Total token count: 1835
Generated sample at index 653
Generated sample at index 540
Total token count: 2726
Generated sample at index 93
Generated sample at index 472
Total token count: 1402
Generated sample at index 650
Generated sample at index 109
Total token count: 2295
Generated sample at index 548
Generated sample at index 100
Total token count: 1852
Generated sample at index 586
Generated sample at index 262
Total token count: 1843
Generated sample at index 693
Generated sample at index 221
Total token count: 1842
Generated sample at index 344
Generated sample at index 560
Total token count: 1833
Generated sample at index 184
Generated sample at index 342
Total token count: 1393
Generated sample at index 290
Generated sample at index 123
Total token count: 1392
Generated sample at index 417
Generated sample at index 681
Total token count: 2283
Generated sample at index 197
Generated sample at index 312
Total token count: 1399
Generated sample at index 148
Generated sample at index 562
Total token count: 1398
Generated sample at index 488
Generated sample at index 710
Total token count: 1397
Generated sample at index 396
Generated sample at index 36
Total token count: 958
Generated sample at index 413
Generated sample at index 598
Total token count: 968
Generated sample at index 204
Generated sample at index 670
Total token count: 1849
Generated sample at index 135
Generated sample at index 81
Total token count: 1850
Computing metrics on evaluation batch...
{'eval_loss': '23.48', 'eval_token_accuracy': '0', 'eval_runtime': '102.7', 'eval_samples_per_second': '1.46', 'eval_steps_per_second': '0.73', 'eval_entropy': '1.307', 'eval_num_tokens': '0', 'eval_mean_token_accuracy': '0.03031', 'epoch': 0}
================================================================================
Generation evaluation callback
================================================================================
Generated sample at index 377

[COMMENTARY_EVAL] Sample index: 28
[COMMENTARY_EVAL] Ground truth description:
Heavy serve aimed at T, Azarenka crafts a forehand return, long rally, Azarenka thumps a forehand winner down the line.
[COMMENTARY_EVAL] Model output:
In the tennis clip, Victoria Azarenka and Serena Williams are competing in a match on a grass court. The score is at Deuce, meaning both players have won the same number of points. The sequence begins with Victoria Azarenka, who is in a ready stance, preparing to return a serve. She is focused and determined, showing her readiness to respond to the ball. Serena Williams, on the other hand, is in a defensive position, anticipating the ball's trajectory.

As the ball is served, Serena Williams is seen returning the ball with a powerful shot. The ball is in motion, and she is seen executing a strong backhand, showcasing her skill and agility. The ball travels across the net, and Victoria Azarenka is seen reacting to the return, attempting to return the ball. The ball is then seen bouncing on the court, and Serena Williams is seen moving to the other side of the court to prepare for the next point.

The point continues with Serena Williams in a powerful stance, preparing to return the ball. She is seen in motion, with her body twisted and ready to strike. The ball is then seen traveling across the net, and Victoria Azarenka is seen returning the ball with a strong shot. The ball is seen bouncing on the

[COMMENTARY_EVAL] ROUGE score: {'rouge1': np.float64(0.06751054852320675), 'rouge2': np.float64(0.0), 'rougeL': np.float64(0.059071729957805914), 'rougeLsum': np.float64(0.059071729957805914)}
Generated sample at index 584

[COMMENTARY_EVAL] Sample index: 6
[COMMENTARY_EVAL] Ground truth description:
Good serve, Delpotro hits a backhand return, Federer hits a forehand winner down the line.
[COMMENTARY_EVAL] Model output:
In this tennis clip, Roger Federer and Juan Martin Del Potro are engaged in a point during a match. The score is 30-0, indicating that Federer is leading. Federer is seen preparing to return the ball, with his body positioned to hit it with his racket. Del Potro, standing on the opposite side of the court, is in a ready stance, anticipating the return. The ball is hit back and forth between the two players, with Federer making a strong return. The ball is then hit by Del Potro, who is seen in motion, moving to return the ball. The ball is then hit back by Federer, who is seen in motion, moving to return the ball. The ball is then hit back by Del Potro, who is seen in motion, moving to return the ball. The ball is then hit back by Federer, who is seen in motion, moving to return the ball. The ball is then hit back by Del Potro, who is seen in motion, moving to return the ball. The ball is then hit back by Federer, who is seen in motion, moving to return the ball. The ball is then hit back by Del Potro, who is seen in motion, moving to

[COMMENTARY_EVAL] ROUGE score: {'rouge1': np.float64(0.04484304932735426), 'rouge2': np.float64(0.0), 'rougeL': np.float64(0.04484304932735426), 'rougeLsum': np.float64(0.04484304932735426)}
Generated sample at index 473

[COMMENTARY_EVAL] Sample index: 70
[COMMENTARY_EVAL] Ground truth description:
Quick serve, Delpotro returns a backhand return, Federer backhand lands at the net in the middle.
[COMMENTARY_EVAL] Model output:
In the tennis clip, Roger Federer and Juan Martin Del Potro are playing a point on a grass court. The score is at Deuce, meaning both players have equal points. Federer is in the foreground, wearing a red shirt with a Swiss flag on it, and is preparing to return a shot. Del Potro, in a blue shirt, is on the opposite side of the net, preparing to receive the ball. Federer takes a step back and swings his racket, hitting the ball towards Del Potro. Del Potro quickly moves forward to return the ball, but Federer's shot is too strong, and the ball lands just beyond the net. The ball bounces once on the far side of the court, and Del Potro is unable to return it. Federer wins the point, as the ball lands outside the boundary. The crowd cheers as Federer celebrates his victory.

[COMMENTARY_EVAL] ROUGE score: {'rouge1': np.float64(0.10975609756097561), 'rouge2': np.float64(0.02469135802469136), 'rougeL': np.float64(0.08536585365853658), 'rougeLsum': np.float64(0.08536585365853658)}
Generated sample at index 677

[COMMENTARY_EVAL] Sample index: 62
[COMMENTARY_EVAL] Ground truth description:
Good serve in the middle, Federer returns a backhand return, Delpotro slams a forehand winner.
[COMMENTARY_EVAL] Model output:
The tennis clip captures a moment during a match between Roger Federer and Juan Martin Del Potro. Federer, dressed in a light blue shirt and white shorts, is seen preparing to serve. The scoreboard indicates that Federer is leading 30-0, suggesting he has won the point. Federer serves the ball, and Del Potro is positioned to return. However, the clip does not show the full sequence of the return or the outcome of the point, focusing instead on Federer's serve. The players' actions are clearly visible, with Federer's serve being the central focus. The scene is set on a grass court, with the net and the surrounding spectators visible. The match appears to be in progress, with Federer holding the advantage.

[COMMENTARY_EVAL] ROUGE score: {'rouge1': np.float64(0.10071942446043167), 'rouge2': np.float64(0.0), 'rougeL': np.float64(0.07194244604316546), 'rougeLsum': np.float64(0.07194244604316546)}
Generated sample at index 563

[COMMENTARY_EVAL] Sample index: 57
[COMMENTARY_EVAL] Ground truth description:
Quick serve, Federer crafts a backhand return, couple of shots exchanged, Federer sends a forehand outside the court.
[COMMENTARY_EVAL] Model output:
In this tennis clip, Roger Federer, dressed in a blue shirt and white shorts, is on the left side of the court. He is preparing to serve the ball. The opponent, Juan Martin Del Potro, is on the right side of the court, wearing a red shirt and white shorts. Del Potro is in a ready stance, anticipating the serve. 

As the serve is executed, Federer hits the ball with his racket. The ball travels across the net and lands on the opponent's side. Del Potro then moves to return the ball, but the ball is not properly returned, and the ball is not properly served. The ball is not properly returned, and the ball is not properly served. The ball is not properly returned, and the ball is not properly served. The ball is not properly returned, and the ball is not properly served. The ball is not properly returned, and the ball is not properly served. The ball is not properly returned, and the ball is not properly served. The ball is not properly returned, and the ball is not properly served. The ball is not properly returned, and the ball is not properly served. The ball is not properly returned, and the ball is not properly served. The ball is not properly returned

[COMMENTARY_EVAL] ROUGE score: {'rouge1': np.float64(0.07659574468085106), 'rouge2': np.float64(0.008583690987124462), 'rougeL': np.float64(0.0425531914893617), 'rougeLsum': np.float64(0.05957446808510638)}
Generated sample at index 146

[COMMENTARY_EVAL] Sample index: 35
[COMMENTARY_EVAL] Ground truth description:
Williams serves a good one, Zvonareva delivers a backhand return, good rally, Serena hits a backhand cross-court but it lands wide of the court.
[COMMENTARY_EVAL] Model output:
In this tennis clip, Serena Williams and Vera Zvonareva are competing in a match on a grass court. The score is tied at 15-15, indicating that the players are in a critical moment of the game. The video shows Serena Williams, dressed in a blue outfit and a white visor, preparing to return a serve. She is positioned near the baseline, ready to react to the ball's trajectory. 

Vera Zvonareva, wearing a dark outfit, is seen in the background, positioned on the opposite side of the court. As the ball is served, Serena Williams is expected to return it with precision. She swings her racket and successfully hits the ball, but it appears to be a miss as the ball goes out of bounds. This leads to a point being awarded to the opponent, which is likely to be a crucial moment in the match.

The camera captures the action from a high angle, providing a clear view of the court and the players' movements. The net with the Olympic rings is visible, adding to the significance of the match. The players' focus and the intensity of the game are evident as they strive to gain the advantage in this pivotal point. The clip highlights the skill and strategy involved in the game, showcasing

[COMMENTARY_EVAL] ROUGE score: {'rouge1': np.float64(0.11618257261410789), 'rouge2': np.float64(0.025104602510460247), 'rougeL': np.float64(0.0912863070539419), 'rougeLsum': np.float64(0.0995850622406639)}
Generated sample at index 467

[COMMENTARY_EVAL] Sample index: 26
[COMMENTARY_EVAL] Ground truth description:
Fine serve placed at T, Delpotro works a forehand return, couple of shots exchanged, Federer cross-court backhand lands just wide.
[COMMENTARY_EVAL] Model output:
In the tennis clip, the game is at Deuce, meaning both players have equal points. The player in the red shirt, who is Roger Federer, is seen preparing to serve. He is focused and ready to make a powerful serve. The opponent, Juan Martin Del Potro, is in the court, ready to return the serve. Federer serves the ball, and Del Potro returns it with a strong shot. The ball goes into the net, and the point is over. The player in the red shirt, Federer, wins the point. The audience watches intently as the players continue to play. The game is intense, and the players are focused on their performance. The final score is 2-1 in favor of Federer.

[COMMENTARY_EVAL] ROUGE score: {'rouge1': np.float64(0.09859154929577466), 'rouge2': np.float64(0.0), 'rougeL': np.float64(0.0704225352112676), 'rougeLsum': np.float64(0.0704225352112676)}
Generated sample at index 562

[COMMENTARY_EVAL] Sample index: 139
[COMMENTARY_EVAL] Ground truth description:
Fine serve, Federer puts back a backhand return, Delpotro forehand goes outside the court.
[COMMENTARY_EVAL] Model output:
In the tennis clip, the players are on a grass court, and the score is tied at 30-30. The player in the blue shirt, Roger Federer, is on the left side of the court and is preparing to serve. He takes a few steps back and swings his racket to serve the ball. The ball is served with a high arc, and the player in the red shirt, Juan Martin Del Potro, is positioned on the right side of the court, ready to receive the serve. The ball lands on the court and is hit back to Federer, who is now in a ready position to return the serve. The point is won by Federer, who successfully returns the ball to Del Potro. Del Potro then attempts to return the serve, but Federer is able to keep the point. The score remains 30-30, and the players continue to play the next point.

[COMMENTARY_EVAL] ROUGE score: {'rouge1': np.float64(0.08333333333333334), 'rouge2': np.float64(0.012048192771084338), 'rougeL': np.float64(0.059523809523809514), 'rougeLsum': np.float64(0.059523809523809514)}
Generated sample at index 477

[COMMENTARY_EVAL] Sample index: 22
[COMMENTARY_EVAL] Ground truth description:
Good serve, Federer fails to get it back.
[COMMENTARY_EVAL] Model output:
In this tennis clip, Roger Federer and Juan Martin Del Potro are competing in a match. Federer is seen preparing to serve, and the score is 30-0, indicating that Federer has the advantage. The clip captures the moment Federer serves the ball, and the ball is in the air, likely heading towards the opponent's side of the court. The opponent, Del Potro, is positioned to receive the serve. The ball is then hit back and forth, with Del Potro returning the serve. The point is won by Federer, as he successfully returns the ball and wins the point. The score then changes to 30-1, showing that Federer has gained the lead. The clip ends with Federer celebrating his point, while Del Potro looks on.

[COMMENTARY_EVAL] ROUGE score: {'rouge1': np.float64(0.05925925925925926), 'rouge2': np.float64(0.0), 'rougeL': np.float64(0.05925925925925926), 'rougeLsum': np.float64(0.05925925925925926)}
Generated sample at index 593

[COMMENTARY_EVAL] Sample index: 108
[COMMENTARY_EVAL] Ground truth description:
Delpotro serves in the middle, Federer returns a backhand return, Delpotro fails to keep a forehand in the play.
[COMMENTARY_EVAL] Model output:
In the tennis clip, Roger Federer is seen preparing to serve the ball, while Juan Martin Del Potro stands ready on the opposite side of the net. Federer tosses the ball into the air and strikes it with his racket, sending it toward the court. Del Potro watches the ball as it travels, and then he returns it with a powerful backhand shot. The ball lands on the other side of the court, and Del Potro successfully returns the serve. The point ends with Del Potro winning the point.

[COMMENTARY_EVAL] ROUGE score: {'rouge1': np.float64(0.14814814814814814), 'rouge2': np.float64(0.018867924528301886), 'rougeL': np.float64(0.12962962962962962), 'rougeLsum': np.float64(0.12962962962962962)}
[COMMENTARY_EVAL] Average ROUGE score: {'rouge1': 0.09049397272034426, 'rouge2': 0.008929576882166229, 'rougeL': 0.07138978111541319, 'rougeLsum': 0.07392178429365985}
Generated sample at index 111
Total token count: 962
Generated sample at index 280
Total token count: 1834
Generated sample at index 152
Total token count: 961
Generated sample at index 300
Total token count: 1385
Generated sample at index 410
Total token count: 1399
Generated sample at index 303
Total token count: 1843
Generated sample at index 34
Total token count: 1406
Generated sample at index 287
Total token count: 939
Generated sample at index 321
Total token count: 2727
Emptied CUDA cache
{'loss': '23.26', 'grad_norm': '5.546', 'learning_rate': '0.0001', 'entropy': '1.328', 'num_tokens': '1.073e+04', 'mean_token_accuracy': '0.03268', 'epoch': '0.01342'}
Generated sample at index 304
Total token count: 1398
Generated sample at index 645
Total token count: 938
Generated sample at index 390
Total token count: 2285
Generated sample at index 628
Total token count: 942
Generated sample at index 436
Total token count: 1841
Generated sample at index 85
Total token count: 946
Generated sample at index 726
Total token count: 1406
Generated sample at index 326
Total token count: 946
Emptied CUDA cache
{'loss': '23.57', 'grad_norm': '5.632', 'learning_rate': '0.0001', 'entropy': '1.289', 'num_tokens': '2.321e+04', 'mean_token_accuracy': '0.02898', 'epoch': '0.02685'}
Generated sample at index 381
Total token count: 4489
Generated sample at index 404
Total token count: 1841
Generated sample at index 694
Total token count: 1401
Generated sample at index 86
Total token count: 966
Generated sample at index 382
Total token count: 2283
Generated sample at index 186
Total token count: 1400
Generated sample at index 565
Total token count: 2729
Generated sample at index 125
Total token count: 1403
Emptied CUDA cache
{'loss': '23.55', 'grad_norm': '6.503', 'learning_rate': '9.998e-05', 'entropy': '1.282', 'num_tokens': '3.927e+04', 'mean_token_accuracy': '0.02932', 'epoch': '0.04027'}
Generated sample at index 491
Total token count: 2732
Generated sample at index 697
Total token count: 2292
Generated sample at index 172
Total token count: 1399
Generated sample at index 95
Total token count: 1844
Generated sample at index 392
Total token count: 1394
Generated sample at index 660
Total token count: 1845
Generated sample at index 675
Total token count: 956
Generated sample at index 128
Total token count: 944
Emptied CUDA cache
{'loss': '23.51', 'grad_norm': '7.309', 'learning_rate': '9.996e-05', 'entropy': '1.293', 'num_tokens': '5.313e+04', 'mean_token_accuracy': '0.0296', 'epoch': '0.05369'}
Generated sample at index 398
Total token count: 1845
Generated sample at index 209
Total token count: 927
Generated sample at index 478
Total token count: 1851
Generated sample at index 117
Total token count: 1407
Generated sample at index 76
Total token count: 956
Generated sample at index 537
Total token count: 1839
Generated sample at index 446
Total token count: 950
Generated sample at index 74
Total token count: 954
Emptied CUDA cache
{'loss': '23.32', 'grad_norm': '8.128', 'learning_rate': '9.992e-05', 'entropy': '1.321', 'num_tokens': '6.385e+04', 'mean_token_accuracy': '0.03278', 'epoch': '0.06711'}
Generated sample at index 497
Total token count: 1401
Generated sample at index 515
Total token count: 1403
Generated sample at index 336
Total token count: 945
Generated sample at index 500
Total token count: 1398
Generated sample at index 420
Total token count: 941
Generated sample at index 724
Total token count: 1404
Generated sample at index 45
Total token count: 1857
Generated sample at index 371
Total token count: 1388
Emptied CUDA cache
{'loss': '23.31', 'grad_norm': '8.911', 'learning_rate': '9.988e-05', 'entropy': '1.301', 'num_tokens': '7.415e+04', 'mean_token_accuracy': '0.03375', 'epoch': '0.08054'}
Generated sample at index 27
Total token count: 1404
Generated sample at index 679
Total token count: 1407
Generated sample at index 79
Total token count: 953
Generated sample at index 62
Total token count: 1407
Generated sample at index 291
Total token count: 2721
Generated sample at index 327
Total token count: 935
Generated sample at index 418
Total token count: 1396
Generated sample at index 725
Total token count: 1407
Emptied CUDA cache
{'loss': '23.31', 'grad_norm': '9.944', 'learning_rate': '9.982e-05', 'entropy': '1.315', 'num_tokens': '8.576e+04', 'mean_token_accuracy': '0.03179', 'epoch': '0.09396'}
Generated sample at index 318
Total token count: 1841
Generated sample at index 21
Total token count: 951
Generated sample at index 680
Total token count: 1838
Generated sample at index 533
Total token count: 1393
Generated sample at index 643
Total token count: 945
Generated sample at index 384
Total token count: 1404
Generated sample at index 673
Total token count: 955
Generated sample at index 429
Total token count: 1845
Emptied CUDA cache
{'loss': '23.38', 'grad_norm': '10.77', 'learning_rate': '9.976e-05', 'entropy': '1.317', 'num_tokens': '9.65e+04', 'mean_token_accuracy': '0.03117', 'epoch': '0.1074'}
Generated sample at index 596
Total token count: 941
Generated sample at index 405
Total token count: 1399
Generated sample at index 647
Total token count: 1846
Generated sample at index 322
Total token count: 941
Generated sample at index 731
Total token count: 1853
Generated sample at index 639
Total token count: 2727
Generated sample at index 564
Total token count: 1400
Generated sample at index 613
Total token count: 1405
Emptied CUDA cache
{'loss': '23.52', 'grad_norm': '11.85', 'learning_rate': '9.969e-05', 'entropy': '1.305', 'num_tokens': '1.095e+05', 'mean_token_accuracy': '0.02916', 'epoch': '0.1208'}
Generated sample at index 222
Total token count: 1400
Generated sample at index 745
Total token count: 2722
Generated sample at index 483
Total token count: 1406
Generated sample at index 696
Total token count: 1846
Generated sample at index 571
Total token count: 1393
Generated sample at index 638
Total token count: 954
Generated sample at index 305
Total token count: 1395
Generated sample at index 229
Total token count: 1395
Emptied CUDA cache
{'loss': '23.34', 'grad_norm': '13.01', 'learning_rate': '9.961e-05', 'entropy': '1.326', 'num_tokens': '1.22e+05', 'mean_token_accuracy': '0.03014', 'epoch': '0.1342'}
Generated sample at index 132
Generated sample at index 243
Total token count: 2277
Generated sample at index 122
Generated sample at index 489
Total token count: 1846
Generated sample at index 546
Generated sample at index 734
Total token count: 1842
Generated sample at index 584
Generated sample at index 437
Total token count: 1850
Generated sample at index 168
Generated sample at index 319
Total token count: 1391
Generated sample at index 744
Generated sample at index 577
Total token count: 2725
Generated sample at index 20
Generated sample at index 235
Total token count: 1395
Generated sample at index 601
Generated sample at index 353
Total token count: 1842
Generated sample at index 623
Generated sample at index 311
Total token count: 1403
Generated sample at index 207
Generated sample at index 501
Total token count: 1398
Generated sample at index 462
Generated sample at index 730
Total token count: 1406
Generated sample at index 477
Generated sample at index 380
Total token count: 1385
Generated sample at index 349
Generated sample at index 712
Total token count: 1845
Generated sample at index 467
Generated sample at index 547
Total token count: 2722
Generated sample at index 377
Generated sample at index 37
Total token count: 2282
Generated sample at index 310
Generated sample at index 239
Total token count: 947
Generated sample at index 259
Generated sample at index 578
Total token count: 1840
Generated sample at index 193
Generated sample at index 146
Total token count: 2731
Generated sample at index 116
Generated sample at index 614
Total token count: 2734
Generated sample at index 282
Generated sample at index 406
Total token count: 1844
Generated sample at index 80
Generated sample at index 141
Total token count: 1849
Generated sample at index 496
Generated sample at index 666
Total token count: 1398
Generated sample at index 154
Generated sample at index 307
Total token count: 1395
Generated sample at index 498
Generated sample at index 521
Total token count: 2300
Generated sample at index 177
Generated sample at index 457
Total token count: 1391
Generated sample at index 443
Generated sample at index 187
Total token count: 955
Generated sample at index 503
Generated sample at index 585
Total token count: 1843
Generated sample at index 567
Generated sample at index 421
Total token count: 2289
Generated sample at index 82
Generated sample at index 563
Total token count: 1854
Generated sample at index 44
Generated sample at index 553
Total token count: 2287
Generated sample at index 105
Generated sample at index 6
Total token count: 1847
Generated sample at index 677
Generated sample at index 611
Total token count: 1842
Generated sample at index 493
Generated sample at index 709
Total token count: 1385
Generated sample at index 373
Generated sample at index 248
Total token count: 1402
Generated sample at index 686
Generated sample at index 391
Total token count: 1412
Generated sample at index 473
Generated sample at index 372
Total token count: 956
Generated sample at index 88
Generated sample at index 581
Total token count: 1404
Generated sample at index 308
Generated sample at index 220
Total token count: 3175
Generated sample at index 575
Generated sample at index 594
Total token count: 1843
Generated sample at index 106
Generated sample at index 534
Total token count: 2290
Generated sample at index 120
Generated sample at index 323
Total token count: 954
Generated sample at index 157
Generated sample at index 298
Total token count: 1403
Generated sample at index 625
Generated sample at index 579
Total token count: 2286
Generated sample at index 345
Generated sample at index 258
Total token count: 1395
Generated sample at index 474
Generated sample at index 339
Total token count: 948
Generated sample at index 28
Generated sample at index 40
Total token count: 950
Generated sample at index 210
Generated sample at index 14
Total token count: 1399
Generated sample at index 544
Generated sample at index 357
Total token count: 1409
Generated sample at index 4
Generated sample at index 293
Total token count: 1402
Generated sample at index 238
Generated sample at index 714
Total token count: 2724
Generated sample at index 704
Generated sample at index 24
Total token count: 1413
Generated sample at index 635
Generated sample at index 530
Total token count: 3176
Generated sample at index 674
Generated sample at index 561
Total token count: 955
Generated sample at index 175
Generated sample at index 64
Total token count: 945
Generated sample at index 593
Generated sample at index 363
Total token count: 1841
Generated sample at index 214
Generated sample at index 717
Total token count: 2723
Generated sample at index 211
Generated sample at index 415
Total token count: 4498
Generated sample at index 556
Generated sample at index 195
Total token count: 1835
Generated sample at index 653
Generated sample at index 540
Total token count: 2726
Generated sample at index 93
Generated sample at index 472
Total token count: 1402
Generated sample at index 650
Generated sample at index 109
Total token count: 2295
Generated sample at index 548
Generated sample at index 100
Total token count: 1852
Generated sample at index 586
Generated sample at index 262
Total token count: 1843
Generated sample at index 693
Generated sample at index 221
Total token count: 1842
Generated sample at index 344
Generated sample at index 560
Total token count: 1833
Generated sample at index 184
Generated sample at index 342
Total token count: 1393
Generated sample at index 290
Generated sample at index 123
Total token count: 1392
Generated sample at index 417
Generated sample at index 681
Total token count: 2283
Generated sample at index 197
Generated sample at index 312
Total token count: 1399
Generated sample at index 148
Generated sample at index 562
Total token count: 1398
Generated sample at index 488
Generated sample at index 710
Total token count: 1397
Generated sample at index 396
Generated sample at index 36
Total token count: 958
Generated sample at index 413
Generated sample at index 598
Total token count: 968
Generated sample at index 204
Generated sample at index 670
Total token count: 1849
Generated sample at index 135
Generated sample at index 81
Total token count: 1850
Computing metrics on evaluation batch...
{'eval_loss': '23.4', 'eval_token_accuracy': '0', 'eval_runtime': '101.8', 'eval_samples_per_second': '1.474', 'eval_steps_per_second': '0.737', 'eval_entropy': '1.308', 'eval_num_tokens': '1.22e+05', 'eval_mean_token_accuracy': '0.03037', 'epoch': '0.1342'}
================================================================================
Generation evaluation callback
================================================================================
Generated sample at index 168

[COMMENTARY_EVAL] Sample index: 8
[COMMENTARY_EVAL] Ground truth description:
Zvonareva serves a short angled slice serve, Williams shoots a forehand return winner.
[COMMENTARY_EVAL] Model output:
In this tennis clip, Serena Williams is seen preparing to serve the ball. She is positioned at the baseline, holding her racket in a ready stance. The opponent, Vera Zvonareva, is positioned on the other side of the net, ready to receive the serve. As the ball is served, it travels towards the opponent's side of the court. Serena Williams then takes a powerful swing, sending the ball into the air. The ball lands on the opponent's side of the court, and the opponent, Vera Zvonareva, is seen returning the ball with a powerful shot. The ball is then returned by Serena Williams, who successfully returns the ball and wins the point. The score is now 40-40, with the score being tied.

[COMMENTARY_EVAL] ROUGE score: {'rouge1': np.float64(0.07246376811594203), 'rouge2': np.float64(0.0), 'rougeL': np.float64(0.05797101449275362), 'rougeLsum': np.float64(0.05797101449275362)}
Generated sample at index 437

[COMMENTARY_EVAL] Sample index: 7
[COMMENTARY_EVAL] Ground truth description:
Good serve sent at T, Federer delivers a backhand return, well contensted rally, Delpotro moves upto the net and places a backhand volley winner.
[COMMENTARY_EVAL] Model output:
The clip captures a tennis match between Roger Federer and Juan Martin Del Potro on a grass court. The score is 15-0, indicating that Federer is leading. Federer is seen on the left side of the court, preparing to serve. He tosses the ball into the air and hits a powerful serve that is well placed. The ball travels across the net, and Del Potro, on the right side of the court, is seen in motion, preparing to return the serve. He swings his racket, but the ball is not strong enough to reach the net. The ball bounces back to Federer, who then returns the ball with a powerful shot. The ball is sent back over the net, and Del Potro is unable to return it, leading to a point for Federer. The point is won by Federer, and the score is now 15-0. The clip shows the intensity and skill of the players as they compete on the court.

[COMMENTARY_EVAL] ROUGE score: {'rouge1': np.float64(0.10695187165775401), 'rouge2': np.float64(0.021621621621621623), 'rougeL': np.float64(0.0748663101604278), 'rougeLsum': np.float64(0.0748663101604278)}
Generated sample at index 380

[COMMENTARY_EVAL] Sample index: 23
[COMMENTARY_EVAL] Ground truth description:
Good bodyline serve, Federer miss-hits the return which doesn't make it over the net.
[COMMENTARY_EVAL] Model output:
In this tennis clip, the score is 15-0, indicating that the player on the left, Roger Federer, has won the point. The scene shows Federer, dressed in a blue shirt and white shorts, preparing to serve the ball. The ball is served over the net, and the opposing player, Juan Martin Del Potro, in a red shirt and white shorts, is ready to return the serve. Del Potro hits the ball back, but Federer successfully returns it, winning the point. The camera captures the moment as Federer celebrates the point, while Del Potro stands with a disappointed expression. The court is surrounded by a purple wall, and the Olympic logo is visible on the net. The players' movements and the ball's trajectory are clearly visible, highlighting the intensity of the match.

[COMMENTARY_EVAL] ROUGE score: {'rouge1': np.float64(0.12080536912751677), 'rouge2': np.float64(0.04081632653061225), 'rougeL': np.float64(0.08053691275167785), 'rougeLsum': np.float64(0.08053691275167785)}
Generated sample at index 421

[COMMENTARY_EVAL] Sample index: 55
[COMMENTARY_EVAL] Ground truth description:
Quick serve, Delpotro returns a forehand return, couple of shots exchanged, Federer goes for a forehand down the line but misses the target.
[COMMENTARY_EVAL] Model output:
The tennis clip captures a moment during a match between Roger Federer and Juan Martin Del Potro, which is part of the London 2012 Olympics. The scoreboard indicates that the score is 0-15, suggesting that Federer has won the point. The video shows Federer in a red shirt and white shorts, preparing to serve the ball. He swings his racket and serves the ball with precision, sending it across the net. The ball lands on the other side of the court, and the opponent, Del Potro, is seen in a light blue shirt and white shorts, preparing to return the serve. Del Potro runs to the net, and Federer follows up with a powerful return. The ball is then returned to Federer, who is seen running and preparing to hit the ball again. The video shows Federer's intense focus and athleticism as he attempts to win the point. The match is taking place on a grass court, and the players are both in excellent form. The crowd is visible in the background, watching the match with great interest. The clip captures the intensity and excitement of the game, highlighting the skill and determination of both players.

[COMMENTARY_EVAL] ROUGE score: {'rouge1': np.float64(0.07239819004524888), 'rouge2': np.float64(0.0), 'rougeL': np.float64(0.06334841628959276), 'rougeLsum': np.float64(0.06334841628959276)}
Generated sample at index 553

[COMMENTARY_EVAL] Sample index: 59
[COMMENTARY_EVAL] Ground truth description:
Delpotro arrows a bodyline serve, Federer returns a cross-court backhand slice, good rally, Federer cross-court backhand lands just wide.
[COMMENTARY_EVAL] Model output:
In the tennis clip, Roger Federer and Juan Martin Del Potro are competing in a match on a grass court. The score is tied at 40-40 in the game. Federer is seen hitting the ball with a powerful shot, and the ball is returned by Del Potro. The ball is then returned again, and the point is won by Federer. The crowd watches as the players continue to play. The game is close, and the players are both focused on the ball. The point is won by Federer, and he is seen walking off the court.

[COMMENTARY_EVAL] ROUGE score: {'rouge1': np.float64(0.1016949152542373), 'rouge2': np.float64(0.0), 'rougeL': np.float64(0.0847457627118644), 'rougeLsum': np.float64(0.0847457627118644)}
Generated sample at index 560

[COMMENTARY_EVAL] Sample index: 129
[COMMENTARY_EVAL] Ground truth description:
Delpotro serves a heavy ace.
[COMMENTARY_EVAL] Model output:
The video captures a pivotal moment in a tennis match between Roger Federer and Juan Martin Del Potro. The score is tied at 15-15, indicating a close and tense point. Federer, wearing a blue shirt and white shorts, is positioned on the left side of the court, while Del Potro, in a red shirt and white shorts, stands on the right side. The net is clearly visible, dividing the court into two halves.

As the play progresses, Federer takes a step forward, preparing to return the ball. He swings his racket with precision, aiming to make a strong return. Del Potro, on the other side, is in a ready stance, anticipating Federer's next move. The ball is tossed into the air, and Federer's swing is powerful and accurate. The ball is then returned by Del Potro, who follows through with his shot, showcasing his skill and control.

The ball travels across the net, and Federer, with his focused expression, watches intently. The game is in a critical phase, and the players' movements are deliberate and precise. The net is a central point of action, with the ball's trajectory being a key factor in the outcome of the point.

The clip highlights the intensity

[COMMENTARY_EVAL] ROUGE score: {'rouge1': np.float64(0.009433962264150943), 'rouge2': np.float64(0.0), 'rougeL': np.float64(0.009433962264150943), 'rougeLsum': np.float64(0.009433962264150943)}
Generated sample at index 584

[COMMENTARY_EVAL] Sample index: 6
[COMMENTARY_EVAL] Ground truth description:
Good serve, Delpotro hits a backhand return, Federer hits a forehand winner down the line.
[COMMENTARY_EVAL] Model output:
In the tennis clip, the players are on a grass court, and the score is 30-0. The player in the blue shirt is serving the ball, and the player in the red shirt is preparing to return the serve. The player in the blue shirt hits the ball, and the player in the red shirt returns the ball. The player in the blue shirt then hits the ball again, and the player in the red shirt returns the ball. The player in the blue shirt then hits the ball again, and the player in the red shirt returns the ball. The player in the blue shirt then hits the ball again, and the player in the red shirt returns the ball. The player in the blue shirt then hits the ball again, and the player in the red shirt returns the ball. The player in the blue shirt then hits the ball again, and the player in the red shirt returns the ball. The player in the blue shirt then hits the ball again, and the player in the red shirt returns the ball. The player in the blue shirt then hits the ball again, and the player in the red shirt returns the ball. The player in the blue shirt then hits the ball again, and the player in the red shirt returns the ball. The player in

[COMMENTARY_EVAL] ROUGE score: {'rouge1': np.float64(0.04897959183673469), 'rouge2': np.float64(0.0), 'rougeL': np.float64(0.03265306122448979), 'rougeLsum': np.float64(0.03265306122448979)}
Generated sample at index 36

[COMMENTARY_EVAL] Sample index: 143
[COMMENTARY_EVAL] Ground truth description:
Tsonga serves a good one out wide, Djokovic backhand return fails to make it over the net.
[COMMENTARY_EVAL] Model output:
In this tennis clip, the point between Jo-Wilfried Tsonga and Novak Djokovic is played at Deuce. Tsonga, positioned on the left side of the court, is in a ready stance, preparing to return the ball. He is wearing a white shirt and blue shorts, and his posture suggests he is focused and anticipating the serve. 

Djokovic, on the right side of the court, is also in a ready stance, wearing a blue shirt and shorts, and is holding his racket in a ready position. He is positioned to receive the serve and is looking for a chance to return the ball.

The ball is served from the left side of the court, and Tsonga is ready to return it. He swings his racket and hits the ball with a powerful stroke, sending it towards the net. The ball is in the air, and Djokovic is in the process of reacting to the return. He moves his racket to return the ball, but the ball is not a solid return, and it bounces off the net. 

The ball then lands on the court, and Djokovic is in the process of reacting to the return. He is now in a ready stance, and he is looking for a chance to return the

[COMMENTARY_EVAL] ROUGE score: {'rouge1': np.float64(0.07017543859649122), 'rouge2': np.float64(0.008849557522123895), 'rougeL': np.float64(0.07017543859649122), 'rougeLsum': np.float64(0.07017543859649122)}
Generated sample at index 443

[COMMENTARY_EVAL] Sample index: 50
[COMMENTARY_EVAL] Ground truth description:
Delpotro aims a fine bodyline, Federer only manages a forehand that hits the net.
[COMMENTARY_EVAL] Model output:
The tennis clip features a match between Roger Federer and Juan Martin Del Potro. The score is 40-40, indicating that the game is tied at 40-40. The players are on a grass court, and the atmosphere is intense. 

Roger Federer, wearing a blue shirt and a white headband, is positioned on the left side of the court. He is preparing to return a serve from Del Potro, who is on the right side of the court. Del Potro is wearing a red shirt and white shorts, and he is standing with his back to the net. 

The point is in the middle of the court, and the ball is in the air. Federer is about to hit the ball, but Del Potro is in a ready position to return the serve. The camera focuses on the players' movements, capturing the tension and anticipation of the moment. The ball is in the air, and the players are both focused on the ball. 

The point is not yet decided, and the players are waiting for the ball to be returned. The score is 40-40, and the game is still in progress. The players are both skilled and experienced, and the match is a testament to their

[COMMENTARY_EVAL] ROUGE score: {'rouge1': np.float64(0.054298642533936646), 'rouge2': np.float64(0.0091324200913242), 'rougeL': np.float64(0.04524886877828054), 'rougeLsum': np.float64(0.04524886877828054)}
Generated sample at index 562

[COMMENTARY_EVAL] Sample index: 139
[COMMENTARY_EVAL] Ground truth description:
Fine serve, Federer puts back a backhand return, Delpotro forehand goes outside the court.
[COMMENTARY_EVAL] Model output:
In the tennis clip, Roger Federer and Juan Martin Del Potro are playing a point on a grass court. The score is tied at 30-30. Federer is positioned on the left side of the court, and Del Potro is on the right side. Federer is seen preparing to serve, while Del Potro is in a ready stance. As the serve is completed, Del Potro responds with a forehand shot. Federer then returns the shot with a powerful backhand, and the point is won by Federer. The score is now 30-30 again, and the players continue to play the point.

[COMMENTARY_EVAL] ROUGE score: {'rouge1': np.float64(0.1217391304347826), 'rouge2': np.float64(0.01769911504424779), 'rougeL': np.float64(0.08695652173913043), 'rougeLsum': np.float64(0.08695652173913043)}
[COMMENTARY_EVAL] Average ROUGE score: {'rouge1': 0.0778940879866795, 'rouge2': 0.009811904080992976, 'rougeL': 0.06059362690088595, 'rougeLsum': 0.06059362690088595}
Generated sample at index 608
Total token count: 958
Generated sample at index 513
Total token count: 959
Generated sample at index 12
Total token count: 961
Generated sample at index 480
Total token count: 1397
Generated sample at index 92
Total token count: 1412
Generated sample at index 192
Total token count: 1847
Generated sample at index 149
Total token count: 936
Generated sample at index 333
Total token count: 1385
Emptied CUDA cache
{'loss': '23.18', 'grad_norm': '13.83', 'learning_rate': '9.951e-05', 'entropy': '1.312', 'num_tokens': '1.318e+05', 'mean_token_accuracy': '0.03575', 'epoch': '0.1477'}
Generated sample at index 167
Total token count: 949
Generated sample at index 268
Total token count: 959
Generated sample at index 369
Total token count: 2285
Generated sample at index 669
Total token count: 950
Generated sample at index 612
Total token count: 1393
Generated sample at index 634
Total token count: 945
Generated sample at index 668
Total token count: 1405
Generated sample at index 624
Total token count: 2291
Emptied CUDA cache
{'loss': '23.25', 'grad_norm': '14.74', 'learning_rate': '9.941e-05', 'entropy': '1.305', 'num_tokens': '1.421e+05', 'mean_token_accuracy': '0.03248', 'epoch': '0.1611'}
Generated sample at index 324
Total token count: 940
Generated sample at index 118
Total token count: 962
Generated sample at index 742
Total token count: 2290
Generated sample at index 90
Total token count: 1403
Generated sample at index 532
Total token count: 938
Generated sample at index 68
Total token count: 1409
Generated sample at index 59
Total token count: 952
Generated sample at index 256
Total token count: 1404
Emptied CUDA cache
{'loss': '23.21', 'grad_norm': '15.91', 'learning_rate': '9.93e-05', 'entropy': '1.32', 'num_tokens': '1.533e+05', 'mean_token_accuracy': '0.03474', 'epoch': '0.1745'}
Generated sample at index 727
Total token count: 2278
Generated sample at index 447
Total token count: 1404
Generated sample at index 25
Total token count: 1858
Generated sample at index 196
Total token count: 1844
Generated sample at index 600
Total token count: 938
Generated sample at index 736
Total token count: 1401
Generated sample at index 359
Total token count: 943
Generated sample at index 641
Total token count: 2290
Emptied CUDA cache
{'loss': '23.42', 'grad_norm': '17.03', 'learning_rate': '9.918e-05', 'entropy': '1.296', 'num_tokens': '1.654e+05', 'mean_token_accuracy': '0.03049', 'epoch': '0.1879'}
Generated sample at index 13
Total token count: 1842
Generated sample at index 502
Total token count: 948
Generated sample at index 616
Total token count: 1855
Generated sample at index 215
Total token count: 1395
Generated sample at index 522
Total token count: 1404
Generated sample at index 101
Total token count: 950
Generated sample at index 664
Total token count: 1396
Generated sample at index 26
Total token count: 941
Emptied CUDA cache
{'loss': '23.31', 'grad_norm': '18.31', 'learning_rate': '9.905e-05', 'entropy': '1.308', 'num_tokens': '1.774e+05', 'mean_token_accuracy': '0.03078', 'epoch': '0.2013'}
Generated sample at index 60
Total token count: 1409
Generated sample at index 729
Total token count: 2292
Generated sample at index 416
Total token count: 2731
Generated sample at index 627
Total token count: 1841
Generated sample at index 587
Total token count: 1847
Generated sample at index 218
Total token count: 936
Generated sample at index 672
Total token count: 943
Generated sample at index 50
Total token count: 943
Emptied CUDA cache
{'loss': '23.38', 'grad_norm': 'inf', 'learning_rate': '9.891e-05', 'entropy': '1.313', 'num_tokens': '1.904e+05', 'mean_token_accuracy': '0.02895', 'epoch': '0.2148'}
Generated sample at index 504
Total token count: 942
Generated sample at index 433
Total token count: 943
Generated sample at index 705
Total token count: 966
Generated sample at index 526
Total token count: 1843
Generated sample at index 203
Total token count: 953
Generated sample at index 411
Total token count: 952
Generated sample at index 649
Total token count: 938
Generated sample at index 424
Total token count: 2302
Emptied CUDA cache
{'loss': '23.06', 'grad_norm': '18.95', 'learning_rate': '9.891e-05', 'entropy': '1.306', 'num_tokens': '1.989e+05', 'mean_token_accuracy': '0.03448', 'epoch': '0.2282'}
Generated sample at index 267
Total token count: 1402
Generated sample at index 485
Total token count: 949
Generated sample at index 185
Total token count: 951
Generated sample at index 155
Total token count: 1397
Generated sample at index 566
Total token count: 954
Generated sample at index 73
Total token count: 948
Generated sample at index 412
Total token count: 1402
Generated sample at index 42
Total token count: 1403
Emptied CUDA cache
{'loss': '23', 'grad_norm': '20.23', 'learning_rate': '9.876e-05', 'entropy': '1.325', 'num_tokens': '2.092e+05', 'mean_token_accuracy': '0.03401', 'epoch': '0.2416'}
Generated sample at index 682
Total token count: 1392
Generated sample at index 442
Total token count: 2279
Generated sample at index 263
Total token count: 1382
Generated sample at index 591
Total token count: 1414
Generated sample at index 47
Total token count: 950
Generated sample at index 254
Total token count: 945
Generated sample at index 425
Total token count: 3176
Generated sample at index 520
Total token count: 1395
Emptied CUDA cache
{'loss': '23.36', 'grad_norm': '21.07', 'learning_rate': '9.86e-05', 'entropy': '1.311', 'num_tokens': '2.221e+05', 'mean_token_accuracy': '0.03049', 'epoch': '0.255'}
Generated sample at index 652
Total token count: 2287
Generated sample at index 576
Total token count: 1841
Generated sample at index 334
Total token count: 1403
Generated sample at index 695
Total token count: 1399
Generated sample at index 108
Total token count: 1399
Generated sample at index 698
Total token count: 2288
Generated sample at index 692
Total token count: 957
Generated sample at index 261
Total token count: 1840
Emptied CUDA cache
{'loss': '23.32', 'grad_norm': '22.52', 'learning_rate': '9.843e-05', 'entropy': '1.316', 'num_tokens': '2.351e+05', 'mean_token_accuracy': '0.02985', 'epoch': '0.2685'}
Generated sample at index 132
Generated sample at index 243
Total token count: 2277
Generated sample at index 122
Generated sample at index 489
Total token count: 1846
Generated sample at index 546
Generated sample at index 734
Total token count: 1842
Generated sample at index 584
Generated sample at index 437
Total token count: 1850
Generated sample at index 168
Generated sample at index 319
Total token count: 1391
Generated sample at index 744
Generated sample at index 577
Total token count: 2725
Generated sample at index 20
Generated sample at index 235
Total token count: 1395
Generated sample at index 601
Generated sample at index 353
Total token count: 1842
Generated sample at index 623
Generated sample at index 311
Total token count: 1403
Generated sample at index 207
Generated sample at index 501
Total token count: 1398
Generated sample at index 462
Generated sample at index 730
Total token count: 1406
Generated sample at index 477
Generated sample at index 380
Total token count: 1385
Generated sample at index 349
Generated sample at index 712
Total token count: 1845
Generated sample at index 467
Generated sample at index 547
Total token count: 2722
Generated sample at index 377
Generated sample at index 37
Total token count: 2282
Generated sample at index 310
Generated sample at index 239
Total token count: 947
Generated sample at index 259
Generated sample at index 578
Total token count: 1840
Generated sample at index 193
Generated sample at index 146
Total token count: 2731
Generated sample at index 116
Generated sample at index 614
Total token count: 2734
Generated sample at index 282
Generated sample at index 406
Total token count: 1844
Generated sample at index 80
Generated sample at index 141
Total token count: 1849
Generated sample at index 496
Generated sample at index 666
Total token count: 1398
Generated sample at index 154
Generated sample at index 307
Total token count: 1395
Generated sample at index 498
Generated sample at index 521
Total token count: 2300
Generated sample at index 177
Generated sample at index 457
Total token count: 1391
Generated sample at index 443
Generated sample at index 187
Total token count: 955
Generated sample at index 503
Generated sample at index 585
Total token count: 1843
Generated sample at index 567
Generated sample at index 421
Total token count: 2289
Generated sample at index 82
Generated sample at index 563
Total token count: 1854
Generated sample at index 44
Generated sample at index 553
Total token count: 2287
Generated sample at index 105
Generated sample at index 6
Total token count: 1847
Generated sample at index 677
Generated sample at index 611
Total token count: 1842
Generated sample at index 493
Generated sample at index 709
Total token count: 1385
Generated sample at index 373
Generated sample at index 248
Total token count: 1402
Generated sample at index 686
Generated sample at index 391
Total token count: 1412
Generated sample at index 473
Generated sample at index 372
Total token count: 956
Generated sample at index 88
Generated sample at index 581
Total token count: 1404
Generated sample at index 308
Generated sample at index 220
Total token count: 3175
Generated sample at index 575
Generated sample at index 594
Total token count: 1843
Generated sample at index 106
Generated sample at index 534
Total token count: 2290
Generated sample at index 120
Generated sample at index 323
Total token count: 954
Generated sample at index 157
Generated sample at index 298
Total token count: 1403
Generated sample at index 625
Generated sample at index 579
Total token count: 2286
Generated sample at index 345
Generated sample at index 258
Total token count: 1395
Generated sample at index 474
Generated sample at index 339
Total token count: 948
Generated sample at index 28
Generated sample at index 40
Total token count: 950
Generated sample at index 210
Generated sample at index 14
Total token count: 1399
Generated sample at index 544
Generated sample at index 357
Total token count: 1409
Generated sample at index 4
Generated sample at index 293
Total token count: 1402
Generated sample at index 238
Generated sample at index 714
Total token count: 2724
Generated sample at index 704
Generated sample at index 24
Total token count: 1413
Generated sample at index 635
Generated sample at index 530
Total token count: 3176
Generated sample at index 674
Generated sample at index 561
Total token count: 955
Generated sample at index 175
Generated sample at index 64
Total token count: 945
Generated sample at index 593
Generated sample at index 363
Total token count: 1841
Generated sample at index 214
Generated sample at index 717
Total token count: 2723
Generated sample at index 211
Generated sample at index 415
Total token count: 4498
Generated sample at index 556
Generated sample at index 195
Total token count: 1835
Generated sample at index 653
Generated sample at index 540
Total token count: 2726
Generated sample at index 93
Generated sample at index 472
Total token count: 1402
Generated sample at index 650
Generated sample at index 109
Total token count: 2295
Generated sample at index 548
Generated sample at index 100
Total token count: 1852
Generated sample at index 586
Generated sample at index 262
Total token count: 1843
Generated sample at index 693
Generated sample at index 221
Total token count: 1842
Generated sample at index 344
Generated sample at index 560
Total token count: 1833
Generated sample at index 184
Generated sample at index 342
Total token count: 1393
Generated sample at index 290
Generated sample at index 123
Total token count: 1392
Generated sample at index 417
Generated sample at index 681
Total token count: 2283
Generated sample at index 197
Generated sample at index 312
Total token count: 1399
Generated sample at index 148
Generated sample at index 562
Total token count: 1398
Generated sample at index 488
Generated sample at index 710
Total token count: 1397
Generated sample at index 396
Generated sample at index 36
Total token count: 958
Generated sample at index 413
Generated sample at index 598
Total token count: 968
Generated sample at index 204
Generated sample at index 670
Total token count: 1849
Generated sample at index 135
Generated sample at index 81
Total token count: 1850
Computing metrics on evaluation batch...
{'eval_loss': '23.24', 'eval_token_accuracy': '0', 'eval_runtime': '101.6', 'eval_samples_per_second': '1.477', 'eval_steps_per_second': '0.738', 'eval_entropy': '1.31', 'eval_num_tokens': '2.351e+05', 'eval_mean_token_accuracy': '0.03042', 'epoch': '0.2685'}
================================================================================
Generation evaluation callback
================================================================================
Generated sample at index 64

[COMMENTARY_EVAL] Sample index: 107
[COMMENTARY_EVAL] Ground truth description:
Fine serve, Djokovic is unable to return it.
[COMMENTARY_EVAL] Model output:
In the tennis clip, the players are engaged in a point during a match between Jo-Wilfried Tsonga and Novak Djokovic. The match is taking place on a grass court, and the players are dressed in their respective team uniforms. The point is initiated with Tsonga preparing to serve, while Djokovic is positioned on the opposite side of the court, ready to return the serve. Tsonga serves the ball, and Djokovic returns it with a powerful forehand. The ball is then hit back and forth, with Djokovic managing to return the serve with a strong shot. However, the point is not won by Djokovic as the ball lands out of bounds. The point is then replayed, and the ball is served again, with Djokovic returning the serve with a strong forehand. The ball is then hit back and forth, and Djokovic manages to return the serve with a strong shot. The point is then replayed, and the ball is served again, with Djokovic returning the serve with a strong forehand. The ball is then hit back and forth, and Djokovic manages to return the serve with a strong shot. The point is then replayed, and the ball is served again, with

[COMMENTARY_EVAL] ROUGE score: {'rouge1': np.float64(0.05741626794258373), 'rouge2': np.float64(0.01932367149758454), 'rougeL': np.float64(0.05741626794258373), 'rougeLsum': np.float64(0.05741626794258373)}
Generated sample at index 82

[COMMENTARY_EVAL] Sample index: 56
[COMMENTARY_EVAL] Ground truth description:
Acute angled slice serve, Djokovic puts back a forehand return, lengthy exchange between the players, Tsonga rushes to net and hits a forehand smash winner.
[COMMENTARY_EVAL] Model output:
The tennis clip captures a point during a match between Jo-Wilfried Tsonga and Novak Djokovic. The score is 30-15, indicating that Tsonga is leading. The scene begins with Djokovic serving the ball, and Tsonga preparing to return. As the ball is served, Tsonga is seen in motion, preparing to return the serve. The ball is then returned by Djokovic, who is positioned on the right side of the court. The ball is then hit back and forth between the two players, with Djokovic returning the serve with a powerful shot. The ball is then returned by Tsonga, who is positioned on the left side of the court. The ball is then returned by Djokovic, who is positioned on the right side of the court. The ball is then hit back and forth between the two players, with Djokovic returning the serve with a powerful shot. The ball is then returned by Tsonga, who is positioned on the left side of the court. The ball is then returned by Djokovic, who is positioned on the right side of the court. The ball is then hit back and forth between the two players, with Djokovic returning the serve with a powerful shot. The

[COMMENTARY_EVAL] ROUGE score: {'rouge1': np.float64(0.10526315789473684), 'rouge2': np.float64(0.008849557522123895), 'rougeL': np.float64(0.08771929824561404), 'rougeLsum': np.float64(0.08771929824561404)}
Generated sample at index 556

[COMMENTARY_EVAL] Sample index: 114
[COMMENTARY_EVAL] Ground truth description:
Bodyline serve, Delpotro crafts a backhand return, a few shots exchanged, Delpotro forehand cross-court lands just long.
[COMMENTARY_EVAL] Model output:
The clip captures a moment during a tennis match between Roger Federer and Juan Martin Del Potro, taking place on a grass court at the London 2012 Olympics. The scoreboard shows the score as 40-0, indicating that Federer is leading the match. Federer is seen in a light blue shirt and white shorts, positioned on the right side of the court, preparing to return the serve. The opponent, Del Potro, is wearing a red shirt and white shorts, standing on the left side of the court, ready to respond to the serve. As the serve is hit, Del Potro is seen in the process of returning the ball, while Federer is focused on the ball and preparing to return it. The ball is then seen traveling over the net, with Del Potro successfully returning it. The point is won by Federer, who is seen celebrating the point by raising his racket in the air. The crowd in the background is visible, watching the match intently. The players are then seen walking back to their respective positions on the court. The clip captures the intensity and excitement of the match, highlighting the skill and athleticism of both players.

[COMMENTARY_EVAL] ROUGE score: {'rouge1': np.float64(0.046296296296296294), 'rouge2': np.float64(0.0), 'rougeL': np.float64(0.03703703703703704), 'rougeLsum': np.float64(0.03703703703703704)}
Generated sample at index 372

[COMMENTARY_EVAL] Sample index: 71
[COMMENTARY_EVAL] Ground truth description:
Lightening serve in the corner is an ace.
[COMMENTARY_EVAL] Model output:
The clip captures a pivotal moment in a tennis match between Victoria Azarenka and Serena Williams, with the score at 15-0. The scene is set on a grass court, likely during a professional tournament, given the presence of the Olympic rings on the net. The players are in the middle of a point, with Azarenka on the left side of the court and Williams on the right.

Victoria Azarenka, dressed in a red and black outfit, is seen preparing to serve. She is in a ready stance, holding her racket and looking focused. As the ball is served, Azarenka's serve is powerful and precise, sending the ball flying across the net. The ball lands on the other side of the court, where Serena Williams is positioned.

Serena Williams, wearing a white outfit, is in a ready stance, anticipating the return. She is focused and prepared to respond to the serve. As the ball comes back, Williams is in a ready position, preparing to return the ball. She hits the ball with a powerful backhand, sending it back across the net. The ball lands on the other side of the court, where Azarenka is positioned.

The point concludes with Azarenka winning the point, as the ball lands on

[COMMENTARY_EVAL] ROUGE score: {'rouge1': np.float64(0.03686635944700461), 'rouge2': np.float64(0.009302325581395349), 'rougeL': np.float64(0.03686635944700461), 'rougeLsum': np.float64(0.03686635944700461)}
Generated sample at index 243

[COMMENTARY_EVAL] Sample index: 1
[COMMENTARY_EVAL] Ground truth description:
Good serve, Williams returns a quick forehand return, short rally, Serena cracks a backhand winner down the line.
[COMMENTARY_EVAL] Model output:
The tennis clip captures a point between Serena Williams and Maria Sharapova during a match on a grass court. The initial action begins with Serena Williams, wearing a red headband and a red and white tennis outfit, preparing to serve. She tosses the ball into the air and hits it with a powerful serve, sending it towards the opponent. The ball is in the air, and the camera captures the serve from a close-up perspective.

Maria Sharapova, dressed in a black outfit, is positioned on the opposite side of the court, ready to receive the serve. She quickly moves into position and prepares to return the ball. The ball travels across the net and lands on the court, and Maria Sharapova hits a return shot. The ball is in the air, and the camera captures the return from a high angle.

The ball is then hit back towards the net, and the camera captures the return from a high angle. The ball is in the air, and the camera captures the return from a high angle. The ball is then hit back towards the net, and the camera captures the return from a high angle.

The ball is then hit back towards the net, and the camera captures the return from a high angle. The ball is in the air, and

[COMMENTARY_EVAL] ROUGE score: {'rouge1': np.float64(0.05833333333333333), 'rouge2': np.float64(0.0), 'rougeL': np.float64(0.04166666666666667), 'rougeLsum': np.float64(0.05833333333333333)}
Generated sample at index 80

[COMMENTARY_EVAL] Sample index: 40
[COMMENTARY_EVAL] Ground truth description:
Sharp angled slice serve, Djokovic returns a forehand return, couple of shots exchanged, Djokovic slaps a forehand cross-court winner.
[COMMENTARY_EVAL] Model output:
In the tennis clip, Jo-Wilfried Tsonga and Novak Djokovic are competing in a quarter-final match of the men's singles at the Olympic Games. The scoreboard shows Tsonga leading 1-3 in the first set, with Djokovic having a 6-1 advantage in the second set. Tsonga is seen on the left side of the court, and Djokovic is on the right side. 

As the rally progresses, Tsonga receives a serve from Djokovic and is able to return the ball with a powerful shot. The ball is then returned by Djokovic, who hits a strong backhand to the net. Tsonga is unable to return the ball and falls to the ground, losing the point. The score remains 1-3 in favor of Tsonga.

[COMMENTARY_EVAL] ROUGE score: {'rouge1': np.float64(0.1103448275862069), 'rouge2': np.float64(0.0), 'rougeL': np.float64(0.08275862068965517), 'rougeLsum': np.float64(0.1103448275862069)}
Generated sample at index 593

[COMMENTARY_EVAL] Sample index: 108
[COMMENTARY_EVAL] Ground truth description:
Delpotro serves in the middle, Federer returns a backhand return, Delpotro fails to keep a forehand in the play.
[COMMENTARY_EVAL] Model output:
In this tennis clip, the players are engaged in a point during a match on a grass court. The score is 40-A, indicating that the player in the blue shirt (Roger Federer) is serving, and the player in the red shirt (Juan Martin Del Potro) is on the receiving end. Federer serves the ball, and Del Potro returns the serve with a strong shot. The ball is returned to Federer, who is now in a position to return the serve. Del Potro, anticipating the return, moves to his right to prepare for the next point. The ball is then served again, and Del Potro returns it with a powerful shot. Federer, in response, returns the ball with a precise and controlled shot. The ball is then returned to Del Potro, who is now in a position to return the serve. The ball is then served again, and Federer returns it with a strong shot. The ball is then returned to Del Potro, who is now in a position to return the serve. The ball is then served again, and Federer returns it with a powerful shot. The ball is then returned to Del Potro, who is now in a position to return the serve. The ball is then served

[COMMENTARY_EVAL] ROUGE score: {'rouge1': np.float64(0.09606986899563318), 'rouge2': np.float64(0.02643171806167401), 'rougeL': np.float64(0.09606986899563318), 'rougeLsum': np.float64(0.09606986899563318)}
Generated sample at index 258

[COMMENTARY_EVAL] Sample index: 87
[COMMENTARY_EVAL] Ground truth description:
Fine serve, Sharapova puts back a backhand return, brief rally, Serena smacks a forehand winner down the line.
[COMMENTARY_EVAL] Model output:
The tennis clip captures a dynamic moment during a match between Serena Williams and Maria Sharapova. The setting is a grass court, and the players are positioned at the baseline, ready to play. Serena Williams, dressed in a red and white outfit, is seen preparing to serve the ball. She tosses the ball into the air and strikes it with her racket, sending it toward the net. Maria Sharapova, wearing a blue and white outfit, is positioned on the opposite side of the net, ready to receive the serve. She leaps to catch the ball, but the serve lands just beyond her reach. The ball then bounces off the net and is returned to Serena Williams. The point is won by Serena Williams, who successfully returns the ball with a powerful serve. The players continue to rally, with Serena Williams maintaining her dominance on the court. The match is intense, with both players demonstrating their skill and determination. The final score is Game.

[COMMENTARY_EVAL] ROUGE score: {'rouge1': np.float64(0.07734806629834254), 'rouge2': np.float64(0.0), 'rougeL': np.float64(0.06629834254143646), 'rougeLsum': np.float64(0.06629834254143646)}
Generated sample at index 372

[COMMENTARY_EVAL] Sample index: 71
[COMMENTARY_EVAL] Ground truth description:
Lightening serve in the corner is an ace.
[COMMENTARY_EVAL] Model output:
In this tennis clip, the point is being played between Victoria Azarenka and Serena Williams. The score is 15-0, which indicates that Serena Williams is leading. The scene begins with Serena Williams on the right side of the court, preparing to serve. She tosses the ball into the air and hits it with her racket, sending it towards the opponent's side. The ball is in the air, and the camera captures the motion as it travels across the net. The ball lands on the other side of the court, and the opposing player, Victoria Azarenka, is seen preparing to return the ball. She moves quickly to the ball's position and hits it back with her racket. The ball is now in the air again, and the camera follows its trajectory as it moves towards the net. The ball is now in the air again, and the camera captures the motion as it travels across the net. The ball lands on the other side of the court, and the opposing player, Victoria Azarenka, is seen preparing to return the ball. She moves quickly to the ball's position and hits it back with her racket. The ball is now in the air again, and the camera follows its trajectory as it moves towards the net. The ball is

[COMMENTARY_EVAL] ROUGE score: {'rouge1': np.float64(0.03508771929824561), 'rouge2': np.float64(0.008849557522123894), 'rougeL': np.float64(0.03508771929824561), 'rougeLsum': np.float64(0.03508771929824561)}
Generated sample at index 406

[COMMENTARY_EVAL] Sample index: 39
[COMMENTARY_EVAL] Ground truth description:
Fine serve placed at T, Federer returns a backhand slice return, short rally, Federer nets a forehand down the line.
[COMMENTARY_EVAL] Model output:
In the tennis clip, Roger Federer, dressed in a red shirt and white shorts, is positioned on the right side of the court, preparing to serve. He takes a few steps back and then serves the ball, which is seen flying over the net. The ball lands on the other side of the court, where Juan Martin Del Potro, wearing a light blue shirt and white shorts, is positioned to return the serve. Del Potro moves quickly to receive the ball and then hits a return shot. The ball is then seen traveling back towards Federer, who is now in a ready position to return the shot. Federer hits the ball with his racket, and it lands on the other side of the court. The ball then bounces back towards Del Potro, who is now in a ready position to return the shot. The ball is then seen traveling back towards Federer, who is now in a ready position to return the shot. The ball is then seen traveling back towards Federer, who is now in a ready position to return the shot. The ball is then seen traveling back towards Federer, who is now in a ready position to return the shot. The ball is then seen traveling back towards Federer, who is now in a ready position to

[COMMENTARY_EVAL] ROUGE score: {'rouge1': np.float64(0.058333333333333334), 'rouge2': np.float64(0.0), 'rougeL': np.float64(0.058333333333333334), 'rougeLsum': np.float64(0.058333333333333334)}
[COMMENTARY_EVAL] Average ROUGE score: {'rouge1': 0.06813592304257163, 'rouge2': 0.007275683018490168, 'rougeL': 0.05992535141972098, 'rougeLsum': 0.06435063877604283}
Generated sample at index 83
Total token count: 1851
Generated sample at index 615
Total token count: 1843
Generated sample at index 535
Total token count: 1405
Generated sample at index 707
Total token count: 944
Generated sample at index 330
Total token count: 1845
Generated sample at index 637
Total token count: 1855
Generated sample at index 602
Total token count: 1409
Generated sample at index 54
Total token count: 961
Emptied CUDA cache
{'loss': '23.25', 'grad_norm': '23.87', 'learning_rate': '9.825e-05', 'entropy': '1.319', 'num_tokens': '2.481e+05', 'mean_token_accuracy': '0.02987', 'epoch': '0.2819'}
Generated sample at index 153
Total token count: 1377
Generated sample at index 644
Total token count: 1416
Generated sample at index 494
Total token count: 940
Generated sample at index 374
Total token count: 940
Generated sample at index 39
Total token count: 1389
Generated sample at index 449
Total token count: 1393
Generated sample at index 151
Total token count: 1848
Generated sample at index 414
Total token count: 1839
Emptied CUDA cache
{'loss': '23.17', 'grad_norm': '24.57', 'learning_rate': '9.806e-05', 'entropy': '1.307', 'num_tokens': '2.583e+05', 'mean_token_accuracy': '0.03221', 'epoch': '0.2953'}
Generated sample at index 121
Total token count: 1401
Generated sample at index 499
Total token count: 1404
Generated sample at index 66
Total token count: 956
Generated sample at index 72
Total token count: 952
Generated sample at index 452
Total token count: 2288
Generated sample at index 325
Total token count: 1400
Generated sample at index 138
Total token count: 1399
Generated sample at index 609
Total token count: 1401
Emptied CUDA cache
{'loss': '23.05', 'grad_norm': '25.8', 'learning_rate': '9.787e-05', 'entropy': '1.31', 'num_tokens': '2.7e+05', 'mean_token_accuracy': '0.03327', 'epoch': '0.3087'}
Generated sample at index 378
Total token count: 2283
Generated sample at index 231
Total token count: 941
Generated sample at index 400
Total token count: 949
Generated sample at index 588
Total token count: 1407
Generated sample at index 720
Total token count: 1845
Generated sample at index 78
Total token count: 950
Generated sample at index 733
Total token count: 1411
Generated sample at index 610
Total token count: 950
Emptied CUDA cache
{'loss': '22.92', 'grad_norm': '26.98', 'learning_rate': '9.766e-05', 'entropy': '1.342', 'num_tokens': '2.812e+05', 'mean_token_accuracy': '0.03201', 'epoch': '0.3221'}
Generated sample at index 393
Total token count: 953
Generated sample at index 456
Total token count: 1852
Generated sample at index 96
Total token count: 1849
Generated sample at index 559
Total token count: 1847
Generated sample at index 347
Total token count: 1839
Generated sample at index 275
Total token count: 944
Generated sample at index 633
Total token count: 1404
Generated sample at index 277
Total token count: 935
Emptied CUDA cache
{'loss': '22.96', 'grad_norm': '27.86', 'learning_rate': '9.744e-05', 'entropy': '1.339', 'num_tokens': '2.928e+05', 'mean_token_accuracy': '0.03085', 'epoch': '0.3356'}
Generated sample at index 53
Total token count: 1847
Generated sample at index 137
Total token count: 941
Generated sample at index 434
Total token count: 2288
Generated sample at index 143
Total token count: 1839
Generated sample at index 205
Total token count: 1401
Generated sample at index 691
Total token count: 948
Generated sample at index 428
Total token count: 1399
Generated sample at index 67
Total token count: 1846
Emptied CUDA cache
{'loss': '22.99', 'grad_norm': '29.16', 'learning_rate': '9.722e-05', 'entropy': '1.319', 'num_tokens': '3.044e+05', 'mean_token_accuracy': '0.0306', 'epoch': '0.349'}
Generated sample at index 484
Total token count: 943
Generated sample at index 48
Total token count: 965
Generated sample at index 597
Total token count: 950
Generated sample at index 335
Total token count: 2283
Generated sample at index 216
Total token count: 939
Generated sample at index 156
Total token count: 946
Generated sample at index 461
Total token count: 2291
Generated sample at index 213
Total token count: 1399
Emptied CUDA cache
{'loss': '22.91', 'grad_norm': '29.93', 'learning_rate': '9.698e-05', 'entropy': '1.311', 'num_tokens': '3.156e+05', 'mean_token_accuracy': '0.03314', 'epoch': '0.3624'}
Generated sample at index 8
Total token count: 1409
Generated sample at index 482
Total token count: 2729
Generated sample at index 255
Total token count: 949
Generated sample at index 495
Total token count: 950
Generated sample at index 618
Total token count: 949
Generated sample at index 549
Total token count: 956
Generated sample at index 659
Total token count: 2286
Generated sample at index 169
Total token count: 1840
Emptied CUDA cache
{'loss': '22.88', 'grad_norm': '31.07', 'learning_rate': '9.674e-05', 'entropy': '1.315', 'num_tokens': '3.272e+05', 'mean_token_accuracy': '0.03226', 'epoch': '0.3758'}
Generated sample at index 492
Total token count: 945
Generated sample at index 574
Total token count: 953
Generated sample at index 538
Total token count: 1404
Generated sample at index 295
Total token count: 1401
Generated sample at index 448
Total token count: 3167
Generated sample at index 84
Total token count: 1398
Generated sample at index 91
Total token count: 1410
Generated sample at index 455
Total token count: 952
Emptied CUDA cache
{'loss': '22.85', 'grad_norm': '32.66', 'learning_rate': '9.649e-05', 'entropy': '1.315', 'num_tokens': '3.397e+05', 'mean_token_accuracy': '0.03203', 'epoch': '0.3893'}
Generated sample at index 386
Total token count: 945
Generated sample at index 297
Total token count: 950
Generated sample at index 510
Total token count: 1386
Generated sample at index 387
Total token count: 1407
Generated sample at index 352
Total token count: 2278
Generated sample at index 741
Total token count: 1405
Generated sample at index 200
Total token count: 942
Generated sample at index 554
Total token count: 1851
Emptied CUDA cache
{'loss': '22.88', 'grad_norm': '32.78', 'learning_rate': '9.623e-05', 'entropy': '1.333', 'num_tokens': '3.5e+05', 'mean_token_accuracy': '0.03154', 'epoch': '0.4027'}
Generated sample at index 132
Generated sample at index 243
Total token count: 2277
Generated sample at index 122
Generated sample at index 489
Total token count: 1846
Generated sample at index 546
Generated sample at index 734
Total token count: 1842
Generated sample at index 584
Generated sample at index 437
Total token count: 1850
Generated sample at index 168
Generated sample at index 319
Total token count: 1391
Generated sample at index 744
Generated sample at index 577
Total token count: 2725
Generated sample at index 20
Generated sample at index 235
Total token count: 1395
Generated sample at index 601
Generated sample at index 353
Total token count: 1842
Generated sample at index 623
Generated sample at index 311
Total token count: 1403
Generated sample at index 207
Generated sample at index 501
Total token count: 1398
Generated sample at index 462
Generated sample at index 730
Total token count: 1406
Generated sample at index 477
Generated sample at index 380
Total token count: 1385
Generated sample at index 349
Generated sample at index 712
Total token count: 1845
Generated sample at index 467
Generated sample at index 547
Total token count: 2722
Generated sample at index 377
Generated sample at index 37
Total token count: 2282
Generated sample at index 310
Generated sample at index 239
Total token count: 947
Generated sample at index 259
Generated sample at index 578
Total token count: 1840
Generated sample at index 193
Generated sample at index 146
Total token count: 2731
Generated sample at index 116
Generated sample at index 614
Total token count: 2734
Generated sample at index 282
Generated sample at index 406
Total token count: 1844
Generated sample at index 80
Generated sample at index 141
Total token count: 1849
Generated sample at index 496
Generated sample at index 666
Total token count: 1398
Generated sample at index 154
Generated sample at index 307
Total token count: 1395
Generated sample at index 498
Generated sample at index 521
Total token count: 2300
Generated sample at index 177
Generated sample at index 457
Total token count: 1391
Generated sample at index 443
Generated sample at index 187
Total token count: 955
Generated sample at index 503
Generated sample at index 585
Total token count: 1843
Generated sample at index 567
Generated sample at index 421
Total token count: 2289
Generated sample at index 82
Generated sample at index 563
Total token count: 1854
Generated sample at index 44
Generated sample at index 553
Total token count: 2287
Generated sample at index 105
Generated sample at index 6
Total token count: 1847
Generated sample at index 677
Generated sample at index 611
Total token count: 1842
Generated sample at index 493
Generated sample at index 709
Total token count: 1385
Generated sample at index 373
Generated sample at index 248
Total token count: 1402
Generated sample at index 686
Generated sample at index 391
Total token count: 1412
Generated sample at index 473
Generated sample at index 372
Total token count: 956
Generated sample at index 88
Generated sample at index 581
Total token count: 1404
Generated sample at index 308
Generated sample at index 220
Total token count: 3175
Generated sample at index 575
Generated sample at index 594
Total token count: 1843
Generated sample at index 106
Generated sample at index 534
Total token count: 2290
Generated sample at index 120
Generated sample at index 323
Total token count: 954
Generated sample at index 157
Generated sample at index 298
Total token count: 1403
Generated sample at index 625
Generated sample at index 579
Total token count: 2286
Generated sample at index 345
Generated sample at index 258
Total token count: 1395
Generated sample at index 474
Generated sample at index 339
Total token count: 948
Generated sample at index 28
Generated sample at index 40
Total token count: 950
Generated sample at index 210
Generated sample at index 14
Total token count: 1399
Generated sample at index 544
Generated sample at index 357
Total token count: 1409
Generated sample at index 4
Generated sample at index 293
Total token count: 1402
Generated sample at index 238
Generated sample at index 714
Total token count: 2724
Generated sample at index 704
Generated sample at index 24
Total token count: 1413
Generated sample at index 635
Generated sample at index 530
Total token count: 3176
Generated sample at index 674
Generated sample at index 561
Total token count: 955
Generated sample at index 175
Generated sample at index 64
Total token count: 945
Generated sample at index 593
Generated sample at index 363
Total token count: 1841
Generated sample at index 214
Generated sample at index 717
Total token count: 2723
Generated sample at index 211
Generated sample at index 415
Total token count: 4498
Generated sample at index 556
Generated sample at index 195
Total token count: 1835
Generated sample at index 653
Generated sample at index 540
Total token count: 2726
Generated sample at index 93
Generated sample at index 472
Total token count: 1402
Generated sample at index 650
Generated sample at index 109
Total token count: 2295
Generated sample at index 548
Generated sample at index 100
Total token count: 1852
Generated sample at index 586
Generated sample at index 262
Total token count: 1843
Generated sample at index 693
Generated sample at index 221
Total token count: 1842
Generated sample at index 344
Generated sample at index 560
Total token count: 1833
Generated sample at index 184
Generated sample at index 342
Total token count: 1393
Generated sample at index 290
Generated sample at index 123
Total token count: 1392
Generated sample at index 417
Generated sample at index 681
Total token count: 2283
Generated sample at index 197
Generated sample at index 312
Total token count: 1399
Generated sample at index 148
Generated sample at index 562
Total token count: 1398
Generated sample at index 488
Generated sample at index 710
Total token count: 1397
Generated sample at index 396
Generated sample at index 36
Total token count: 958
Generated sample at index 413
Generated sample at index 598
Total token count: 968
Generated sample at index 204
Generated sample at index 670
Total token count: 1849
Generated sample at index 135
Generated sample at index 81
Total token count: 1850
Computing metrics on evaluation batch...
{'eval_loss': '22.95', 'eval_token_accuracy': '0', 'eval_runtime': '100.5', 'eval_samples_per_second': '1.493', 'eval_steps_per_second': '0.746', 'eval_entropy': '1.313', 'eval_num_tokens': '3.5e+05', 'eval_mean_token_accuracy': '0.03047', 'epoch': '0.4027'}
================================================================================
Generation evaluation callback
================================================================================
Generated sample at index 421

[COMMENTARY_EVAL] Sample index: 55
[COMMENTARY_EVAL] Ground truth description:
Quick serve, Delpotro returns a forehand return, couple of shots exchanged, Federer goes for a forehand down the line but misses the target.
[COMMENTARY_EVAL] Model output:
In this tennis clip, the players are engaged in a point during a match at the London 2012 Olympics. The score is 0-15, indicating that the player in red has just won the point. The player in red, Roger Federer, is seen preparing to serve. He is in a ready stance, holding his racket and looking towards the opponent. The opponent, Juan Martin Del Potro, is on the other side of the net, ready to return the serve. 

Federer serves the ball, and Del Potro responds by returning it. The ball is hit back and forth across the net, with the players showing their agility and skill. The ball is seen bouncing off the net, and the players are in motion, trying to keep the ball in play. The match is intense, and the players are focused on their game. The score is 0-15, and the player in red has won the point. The players continue to play, with the game progressing.

[COMMENTARY_EVAL] ROUGE score: {'rouge1': np.float64(0.08556149732620322), 'rouge2': np.float64(0.0), 'rougeL': np.float64(0.0641711229946524), 'rougeLsum': np.float64(0.0641711229946524)}
Generated sample at index 345

[COMMENTARY_EVAL] Sample index: 86
[COMMENTARY_EVAL] Ground truth description:
Fine serve, Azarenka is unable to return it.
[COMMENTARY_EVAL] Model output:
In the tennis clip, Victoria Azarenka and Serena Williams are competing in a match. The score is 15-0, indicating that Serena Williams is leading. The players are on a grass court, with the net and the Olympic rings visible in the background, suggesting the event is part of the Olympic Games. 

Victoria Azarenka is positioned on the right side of the court, preparing to serve. She holds her racket and looks focused, ready to launch the ball. Serena Williams is on the left side of the court, in a ready stance, anticipating the serve. 

As the serve is hit, Serena Williams quickly responds with a powerful forehand, aiming to return the ball. The ball is hit with precision, and it lands in the court, but Azarenka is able to return it with a strong backhand. The ball is then returned by Azarenka, but Serena Williams is able to keep the point alive. 

The point is eventually won by Serena Williams, as she successfully returns the ball and wins the point. The score changes to 15-0, with Serena Williams now leading. The players continue to play, with Azarenka and Williams showing their skill and determination. The match is intense, with both players giving their all

[COMMENTARY_EVAL] ROUGE score: {'rouge1': np.float64(0.056074766355140186), 'rouge2': np.float64(0.02830188679245283), 'rougeL': np.float64(0.056074766355140186), 'rougeLsum': np.float64(0.056074766355140186)}
Generated sample at index 467

[COMMENTARY_EVAL] Sample index: 26
[COMMENTARY_EVAL] Ground truth description:
Fine serve placed at T, Delpotro works a forehand return, couple of shots exchanged, Federer cross-court backhand lands just wide.
[COMMENTARY_EVAL] Model output:
The clip captures a pivotal moment in a tennis match between Roger Federer and Juan Martin Del Potro, with the score at Deuce. The setting is a grass court, likely part of a professional tennis tournament, given the presence of the Olympic rings on the net. The players are in the middle of a rally, and the atmosphere is tense, as both players are focused and ready to execute their next move.

Roger Federer, dressed in a red shirt with a Swiss flag emblem, is seen in a moment of intense concentration, possibly preparing to return a shot. His body language suggests he is ready to strike, with his racket held high and his eyes focused on the ball. The camera then shifts to a wider view of the court, showing both players in action.

Del Potro, wearing a blue shirt and white shorts, is in the middle of a powerful backhand stroke. He is moving swiftly across the court, and his body is positioned to return the ball. The ball is seen in mid-air, indicating that the rally is in full swing. The camera captures the dynamic movement of the players as they exchange shots, with Federer attempting to return the ball while Del Potro prepares to counter.

The rally continues with both players displaying their skill and agility. Feder

[COMMENTARY_EVAL] ROUGE score: {'rouge1': np.float64(0.06584362139917695), 'rouge2': np.float64(0.0), 'rougeL': np.float64(0.04938271604938272), 'rougeLsum': np.float64(0.05761316872427983)}
Generated sample at index 380

[COMMENTARY_EVAL] Sample index: 23
[COMMENTARY_EVAL] Ground truth description:
Good bodyline serve, Federer miss-hits the return which doesn't make it over the net.
[COMMENTARY_EVAL] Model output:
In this tennis clip, Roger Federer and Juan Martin Del Potro are playing a match on a grass court. The score is 15-0, indicating that Federer has won the point. Federer is on the right side of the court, while Del Potro is on the left. Federer is in a ready position, holding his racket and preparing to return the ball. Del Potro is also in a ready position, waiting for the ball to be served. The ball is served by Del Potro, and Federer returns it with a powerful shot. The ball is then returned by Del Potro, but Federer is able to return it with a strong serve. The point is won by Federer, and he is now ahead in the score.

[COMMENTARY_EVAL] ROUGE score: {'rouge1': np.float64(0.08510638297872342), 'rouge2': np.float64(0.0), 'rougeL': np.float64(0.07092198581560284), 'rougeLsum': np.float64(0.07092198581560284)}
Generated sample at index 293

[COMMENTARY_EVAL] Sample index: 97
[COMMENTARY_EVAL] Ground truth description:
Double Fault.
[COMMENTARY_EVAL] Model output:
In the tennis clip, the point is in progress between Victoria Azarenka and Serena Williams. The score is 15-40, indicating that Azarenka is leading in the game. Serena Williams is on the baseline, preparing to return the ball. The ball is served, and Azarenka is in a ready position to return. As the ball is returned, it lands on the court, and Serena Williams is able to hit the ball back to Azarenka. Azarenka is able to return the ball with a powerful shot, sending it over the net. The ball lands on the other side of the court, and the point is won by Serena Williams. The score is now 40-15, with Serena Williams leading the game. The players continue to rally and compete for the point, with the final score being 40-15.

[COMMENTARY_EVAL] ROUGE score: {'rouge1': np.float64(0.0), 'rouge2': np.float64(0.0), 'rougeL': np.float64(0.0), 'rougeLsum': np.float64(0.0)}
Generated sample at index 349

[COMMENTARY_EVAL] Sample index: 24
[COMMENTARY_EVAL] Ground truth description:
Monumental serve is an ace.
[COMMENTARY_EVAL] Model output:
The clip shows a tennis match between Victoria Azarenka and Serena Williams on a grass court. The score is 1-1, and the game is in the middle of a point. Serena Williams is serving the ball. She serves the ball with a powerful swing, sending it over the net. Victoria Azarenka is on the other side of the net, preparing to return the ball. She takes a few steps back, then swings her racket and hits the ball back over the net. The ball lands on the other side of the net, and Serena Williams is able to return the ball with a strong backhand. The point ends with Serena Williams winning the point.

[COMMENTARY_EVAL] ROUGE score: {'rouge1': np.float64(0.016666666666666666), 'rouge2': np.float64(0.0), 'rougeL': np.float64(0.016666666666666666), 'rougeLsum': np.float64(0.016666666666666666)}
Generated sample at index 40

[COMMENTARY_EVAL] Sample index: 91
[COMMENTARY_EVAL] Ground truth description:
Good serve aimed at T, Tsonga only reaches to it.
[COMMENTARY_EVAL] Model output:
The clip captures a moment during a tennis match between Jo-Wilfried Tsonga and Novak Djokovic. The scoreboard shows the score as 30-0, indicating that Tsonga is leading the match. The scene is set on a grass court, with the Olympic rings visible on the net, suggesting that this is a prestigious event, possibly part of the Olympic Games.

In the video, Tsonga is seen preparing to serve. He stands on the baseline, holding his racket in a ready position, with his body slightly turned to the side. His focus is on the ball, and he appears to be preparing to serve. The opposing player, Djokovic, is positioned on the opposite side of the court, ready to receive the serve. Djokovic is wearing a blue outfit, which contrasts with Tsonga's white shirt and blue shorts.

As the serve is made, Tsonga's serve lands on the opponent's side of the court. Djokovic, in a defensive stance, attempts to return the serve, but the ball is not returned effectively. The ball is then cleared by the opponent, who is not visible in the frame. The serve is not a strong return, and the opponent is not able to return it effectively, which leads to a

[COMMENTARY_EVAL] ROUGE score: {'rouge1': np.float64(0.03686635944700461), 'rouge2': np.float64(0.0), 'rougeL': np.float64(0.03686635944700461), 'rougeLsum': np.float64(0.03686635944700461)}
Generated sample at index 474

[COMMENTARY_EVAL] Sample index: 88
[COMMENTARY_EVAL] Ground truth description:
Good serve aimed at T, Delpotro only reaches to it.
[COMMENTARY_EVAL] Model output:
The clip begins with a close-up of Roger Federer, wearing a red shirt with a Swiss flag emblem, appearing focused and determined. The scene then transitions to a wide shot of the tennis court, where Federer is positioned on the right side of the court, preparing to serve. His opponent, Juan Martin Del Potro, is on the left side of the court, ready to receive the serve. The scoreboard shows the score as A-40, indicating that the match is in the early stages.

Federer serves the ball, and Del Potro prepares to return. Del Potro hits a powerful return, but Federer responds with a well-placed shot, forcing Del Potro to move quickly. The rally continues with both players exchanging powerful shots, showcasing their skill and agility. The ball is in motion, and the players' movements are fluid and precise.

The point concludes with Federer successfully returning the ball, securing the point. The scoreboard updates to reflect the new score, and the players celebrate the successful point. The match continues with both players maintaining their focus and intensity, demonstrating their competitive spirit. The final score of the point is A-40, with Federer winning the point.

[COMMENTARY_EVAL] ROUGE score: {'rouge1': np.float64(0.019230769230769232), 'rouge2': np.float64(0.0), 'rougeL': np.float64(0.019230769230769232), 'rougeLsum': np.float64(0.019230769230769232)}
Generated sample at index 248

[COMMENTARY_EVAL] Sample index: 67
[COMMENTARY_EVAL] Ground truth description:
Williams aims a high kick serve, Sharapova puts back a backhand return, good rally, Serena produces a forehand cross-court winner.
[COMMENTARY_EVAL] Model output:
The clip begins with a close-up of Serena Williams, who is focused and ready to play. She is wearing a black and red tennis outfit with an American flag emblem on her top, and she has a red headband. The background is a purple tennis court net.

The scene then transitions to a wide view of the tennis court. Serena Williams is on the left side of the court, preparing to serve. She is in a ready stance, with her racket held high. The opponent, Maria Sharapova, is on the right side of the court, positioned to receive the serve. The court is well-maintained with a green surface and white lines marking the boundaries.

As the serve is made, the ball is hit with force and travels across the net. Maria Sharapova is seen in motion, preparing to return the serve. She moves quickly and efficiently, using her racket to return the ball with precision. The ball is then returned by Serena Williams, who follows through with her swing.

The point ends with a successful return by Maria Sharapova. The ball is returned to the court, and the score is now 40-15. The players are seen celebrating the point, with Serena Williams smiling and Maria Sharapova looking satisfied with her performance

[COMMENTARY_EVAL] ROUGE score: {'rouge1': np.float64(0.0851063829787234), 'rouge2': np.float64(0.0), 'rougeL': np.float64(0.07659574468085106), 'rougeLsum': np.float64(0.0851063829787234)}
Generated sample at index 577

[COMMENTARY_EVAL] Sample index: 11
[COMMENTARY_EVAL] Ground truth description:
Good serve in the middle, Federer returns a forehand return, long rally, Delpotro produces a forehand cross-court winner.
[COMMENTARY_EVAL] Model output:
In the tennis clip, Roger Federer, dressed in a red shirt and headband, is seen on the court preparing for a powerful shot. He takes a focused stance, ready to return the serve. The opponent, Juan Martin Del Potro, is in a light blue shirt and white shorts, positioned on the opposite side of the net. The rally begins with Del Potro serving the ball, which Federer returns with a strong, precise shot. The ball travels quickly across the court, and Federer follows through with a powerful swing, sending the ball into the net. The ball hits the net and bounces back, and Federer quickly returns the ball with a powerful forehand. The rally continues with Del Potro attempting to keep the ball in play, but Federer's return is too strong, and the ball is sent into the net again. The rally ends with Federer successfully returning the ball, and the point is won. The score is now 40-0 in favor of Federer.

[COMMENTARY_EVAL] ROUGE score: {'rouge1': np.float64(0.11956521739130435), 'rouge2': np.float64(0.02197802197802198), 'rougeL': np.float64(0.09782608695652174), 'rougeLsum': np.float64(0.09782608695652174)}
[COMMENTARY_EVAL] Average ROUGE score: {'rouge1': 0.0570021663773712, 'rouge2': 0.005027990877047481, 'rougeL': 0.04877362181965915, 'rougeLsum': 0.05044773091693609}
Generated sample at index 435
Total token count: 2287
Generated sample at index 292
Total token count: 1839
Generated sample at index 129
Total token count: 1840
Generated sample at index 16
Total token count: 968
Generated sample at index 136
Total token count: 942
Generated sample at index 678
Total token count: 1842
Generated sample at index 52
Total token count: 964
Generated sample at index 676
Total token count: 949
Emptied CUDA cache
{'loss': '22.72', 'grad_norm': '34.46', 'learning_rate': '9.596e-05', 'entropy': '1.346', 'num_tokens': '3.625e+05', 'mean_token_accuracy': '0.03256', 'epoch': '0.4161'}
Generated sample at index 150
Total token count: 1842
Generated sample at index 32
Total token count: 1404
Generated sample at index 89
Total token count: 1397
Generated sample at index 658
Total token count: 1400
Generated sample at index 719
Total token count: 942
Generated sample at index 592
Total token count: 1404
Generated sample at index 251
Total token count: 1398
Generated sample at index 178
Total token count: 1839
Emptied CUDA cache
{'loss': '22.79', 'grad_norm': '36.03', 'learning_rate': '9.568e-05', 'entropy': '1.321', 'num_tokens': '3.732e+05', 'mean_token_accuracy': '0.03191', 'epoch': '0.4295'}
Generated sample at index 63
Total token count: 951
Generated sample at index 253
Total token count: 1396
Generated sample at index 199
Total token count: 945
Generated sample at index 0
Total token count: 948
Generated sample at index 479
Total token count: 2289
Generated sample at index 113
Total token count: 1417
Generated sample at index 161
Total token count: 1401
Generated sample at index 230
Total token count: 950
Emptied CUDA cache
{'loss': '22.89', 'grad_norm': '35.81', 'learning_rate': '9.539e-05', 'entropy': '1.32', 'num_tokens': '3.844e+05', 'mean_token_accuracy': '0.03351', 'epoch': '0.443'}
Generated sample at index 188
Total token count: 1376
Generated sample at index 223
Total token count: 1404
Generated sample at index 38
Total token count: 948
Generated sample at index 375
Total token count: 1402
Generated sample at index 180
Total token count: 1394
Generated sample at index 401
Total token count: 955
Generated sample at index 580
Total token count: 3171
Generated sample at index 632
Total token count: 949
Emptied CUDA cache
{'loss': '22.58', 'grad_norm': '37.82', 'learning_rate': '9.509e-05', 'entropy': '1.35', 'num_tokens': '3.96e+05', 'mean_token_accuracy': '0.03227', 'epoch': '0.4564'}
Generated sample at index 685
Total token count: 1404
Generated sample at index 604
Total token count: 1404
Generated sample at index 722
Total token count: 945
Generated sample at index 511
Total token count: 960
Generated sample at index 487
Total token count: 1409
Generated sample at index 423
Total token count: 1405
Generated sample at index 385
Total token count: 955
Generated sample at index 703
Total token count: 954
Emptied CUDA cache
{'loss': '22.57', 'grad_norm': '38.08', 'learning_rate': '9.479e-05', 'entropy': '1.317', 'num_tokens': '4.055e+05', 'mean_token_accuracy': '0.0346', 'epoch': '0.4698'}
Generated sample at index 663
Total token count: 1403
Generated sample at index 688
Total token count: 945
Generated sample at index 732
Total token count: 940
Generated sample at index 626
Total token count: 1845
Generated sample at index 402
Total token count: 1397
Generated sample at index 665
Total token count: 1402
Generated sample at index 531
Total token count: 2284
Generated sample at index 1
Total token count: 951
Emptied CUDA cache
{'loss': '22.67', 'grad_norm': '39.71', 'learning_rate': '9.447e-05', 'entropy': '1.327', 'num_tokens': '4.166e+05', 'mean_token_accuracy': '0.03105', 'epoch': '0.4832'}
Generated sample at index 242
Total token count: 932
Generated sample at index 225
Total token count: 1840
Generated sample at index 629
Total token count: 2730
Generated sample at index 350
Total token count: 1384
Generated sample at index 15
Total token count: 1857
Generated sample at index 360
Total token count: 1402
Generated sample at index 631
Total token count: 1413
Generated sample at index 361
Total token count: 1842
Emptied CUDA cache
{'loss': '22.93', 'grad_norm': 'inf', 'learning_rate': '9.415e-05', 'entropy': '1.299', 'num_tokens': '4.291e+05', 'mean_token_accuracy': '0.03084', 'epoch': '0.4966'}
Generated sample at index 57
Total token count: 1409
Generated sample at index 7
Total token count: 1846
Generated sample at index 315
Total token count: 1391
Generated sample at index 278
Total token count: 1846
Generated sample at index 182
Total token count: 2284
Generated sample at index 470
Total token count: 948
Generated sample at index 379
Total token count: 937
Generated sample at index 622
Total token count: 1405
Emptied CUDA cache
{'loss': '22.81', 'grad_norm': '41.19', 'learning_rate': '9.415e-05', 'entropy': '1.313', 'num_tokens': '4.416e+05', 'mean_token_accuracy': '0.0289', 'epoch': '0.5101'}
Generated sample at index 112
Total token count: 1415
Generated sample at index 365
Total token count: 1399
Generated sample at index 555
Total token count: 948
Generated sample at index 568
Total token count: 1413
Generated sample at index 440
Total token count: 1406
Generated sample at index 61
Total token count: 1395
Generated sample at index 320
Total token count: 1852
Generated sample at index 234
Total token count: 936
Emptied CUDA cache
{'loss': '22.53', 'grad_norm': '41.67', 'learning_rate': '9.382e-05', 'entropy': '1.321', 'num_tokens': '4.529e+05', 'mean_token_accuracy': '0.03368', 'epoch': '0.5235'}
Generated sample at index 431
Total token count: 1844
Generated sample at index 439
Total token count: 1402
Generated sample at index 115
Total token count: 960
Generated sample at index 139
Total token count: 937
Generated sample at index 288
Total token count: 956
Generated sample at index 708
Total token count: 1404
Generated sample at index 246
Total token count: 949
Generated sample at index 430
Total token count: 955
Emptied CUDA cache
{'loss': '22.41', 'grad_norm': '42.57', 'learning_rate': '9.347e-05', 'entropy': '1.347', 'num_tokens': '4.623e+05', 'mean_token_accuracy': '0.03524', 'epoch': '0.5369'}
Generated sample at index 132
Generated sample at index 243
Total token count: 2277
Generated sample at index 122
Generated sample at index 489
Total token count: 1846
Generated sample at index 546
Generated sample at index 734
Total token count: 1842
Generated sample at index 584
Generated sample at index 437
Total token count: 1850
Generated sample at index 168
Generated sample at index 319
Total token count: 1391
Generated sample at index 744
Generated sample at index 577
Total token count: 2725
Generated sample at index 20
Generated sample at index 235
Total token count: 1395
Generated sample at index 601
Generated sample at index 353
Total token count: 1842
Generated sample at index 623
Generated sample at index 311
Total token count: 1403
Generated sample at index 207
Generated sample at index 501
Total token count: 1398
Generated sample at index 462
Generated sample at index 730
Total token count: 1406
Generated sample at index 477
Generated sample at index 380
Total token count: 1385
Generated sample at index 349
Generated sample at index 712
Total token count: 1845
Generated sample at index 467
Generated sample at index 547
Total token count: 2722
Generated sample at index 377
Generated sample at index 37
Total token count: 2282
Generated sample at index 310
Generated sample at index 239
Total token count: 947
Generated sample at index 259
Generated sample at index 578
Total token count: 1840
Generated sample at index 193
Generated sample at index 146
Total token count: 2731
Generated sample at index 116
Generated sample at index 614
Total token count: 2734
Generated sample at index 282
Generated sample at index 406
Total token count: 1844
Generated sample at index 80
Generated sample at index 141
Total token count: 1849
Generated sample at index 496
Generated sample at index 666
Total token count: 1398
Generated sample at index 154
Generated sample at index 307
Total token count: 1395
Generated sample at index 498
Generated sample at index 521
Total token count: 2300
Generated sample at index 177
Generated sample at index 457
Total token count: 1391
Generated sample at index 443
Generated sample at index 187
Total token count: 955
Generated sample at index 503
Generated sample at index 585
Total token count: 1843
Generated sample at index 567
Generated sample at index 421
Total token count: 2289
Generated sample at index 82
Generated sample at index 563
Total token count: 1854
Generated sample at index 44
Generated sample at index 553
Total token count: 2287
Generated sample at index 105
Generated sample at index 6
Total token count: 1847
Generated sample at index 677
Generated sample at index 611
Total token count: 1842
Generated sample at index 493
Generated sample at index 709
Total token count: 1385
Generated sample at index 373
Generated sample at index 248
Total token count: 1402
Generated sample at index 686
Generated sample at index 391
Total token count: 1412
Generated sample at index 473
Generated sample at index 372
Total token count: 956
Generated sample at index 88
Generated sample at index 581
Total token count: 1404
Generated sample at index 308
Generated sample at index 220
Total token count: 3175
Generated sample at index 575
Generated sample at index 594
Total token count: 1843
Generated sample at index 106
Generated sample at index 534
Total token count: 2290
Generated sample at index 120
Generated sample at index 323
Total token count: 954
Generated sample at index 157
Generated sample at index 298
Total token count: 1403
Generated sample at index 625
Generated sample at index 579
Total token count: 2286
Generated sample at index 345
Generated sample at index 258
Total token count: 1395
Generated sample at index 474
Generated sample at index 339
Total token count: 948
Generated sample at index 28
Generated sample at index 40
Total token count: 950
Generated sample at index 210
Generated sample at index 14
Total token count: 1399
Generated sample at index 544
Generated sample at index 357
Total token count: 1409
Generated sample at index 4
Generated sample at index 293
Total token count: 1402
Generated sample at index 238
Generated sample at index 714
Total token count: 2724
Generated sample at index 704
Generated sample at index 24
Total token count: 1413
Generated sample at index 635
Generated sample at index 530
Total token count: 3176
Generated sample at index 674
Generated sample at index 561
Total token count: 955
Generated sample at index 175
Generated sample at index 64
Total token count: 945
Generated sample at index 593
Generated sample at index 363
Total token count: 1841
Generated sample at index 214
Generated sample at index 717
Total token count: 2723
Generated sample at index 211
Generated sample at index 415
Total token count: 4498
Generated sample at index 556
Generated sample at index 195
Total token count: 1835
Generated sample at index 653
Generated sample at index 540
Total token count: 2726
Generated sample at index 93
Generated sample at index 472
Total token count: 1402
Generated sample at index 650
Generated sample at index 109
Total token count: 2295
Generated sample at index 548
Generated sample at index 100
Total token count: 1852
Generated sample at index 586
Generated sample at index 262
Total token count: 1843
Generated sample at index 693
Generated sample at index 221
Total token count: 1842
Generated sample at index 344
Generated sample at index 560
Total token count: 1833
Generated sample at index 184
Generated sample at index 342
Total token count: 1393
Generated sample at index 290
Generated sample at index 123
Total token count: 1392
Generated sample at index 417
Generated sample at index 681
Total token count: 2283
Generated sample at index 197
Generated sample at index 312
Total token count: 1399
Generated sample at index 148
Generated sample at index 562
Total token count: 1398
Generated sample at index 488
Generated sample at index 710
Total token count: 1397
Generated sample at index 396
Generated sample at index 36
Total token count: 958
Generated sample at index 413
Generated sample at index 598
Total token count: 968
Generated sample at index 204
Generated sample at index 670
Total token count: 1849
Generated sample at index 135
Generated sample at index 81
Total token count: 1850
Computing metrics on evaluation batch...
{'eval_loss': '22.61', 'eval_token_accuracy': '0', 'eval_runtime': '99.76', 'eval_samples_per_second': '1.504', 'eval_steps_per_second': '0.752', 'eval_entropy': '1.318', 'eval_num_tokens': '4.623e+05', 'eval_mean_token_accuracy': '0.03047', 'epoch': '0.5369'}
================================================================================
Generation evaluation callback
================================================================================
Generated sample at index 540

[COMMENTARY_EVAL] Sample index: 117
[COMMENTARY_EVAL] Ground truth description:
Quick serve pointed out wide, Delpotro delivers a forehand return, Federer hits a backhand long out of court.
[COMMENTARY_EVAL] Model output:
In the tennis clip, Roger Federer, dressed in a red shirt and white shorts, is seen preparing to serve. He takes a deep breath and swings his racket, sending the ball into the air. The ball is then caught by Juan Martin Del Potro, who is positioned on the opposite side of the net. Del Potro returns the ball with a powerful forehand, but Federer manages to return it with a precise backhand. The ball is then returned again by Del Potro, who is now on the other side of the net. The point ends with Federer winning the point with a decisive forehand return. The score is now 15-30.

[COMMENTARY_EVAL] ROUGE score: {'rouge1': np.float64(0.12403100775193798), 'rouge2': np.float64(0.015748031496062992), 'rougeL': np.float64(0.10852713178294573), 'rougeLsum': np.float64(0.10852713178294573)}
Generated sample at index 312

[COMMENTARY_EVAL] Sample index: 137
[COMMENTARY_EVAL] Ground truth description:
Fine serve, backhand return from Williams finds the net.
[COMMENTARY_EVAL] Model output:
The clip captures a pivotal moment in a tennis match between Victoria Azarenka and Serena Williams. The score is 15-0, indicating that Serena Williams is leading the match. The scene begins with Serena Williams, dressed in a black and red tennis outfit with a red headband, positioned in a ready stance, preparing to return a serve. The ball is in motion, approaching the net, and Serena is poised to respond. The camera captures her focused expression and the intensity of the moment.

As the ball is served, Serena Williams is seen in motion, moving swiftly across the court. The ball is then returned by Azarenka, who is positioned on the opposite side of the net. Azarenka's movement is fluid, as she anticipates the ball's trajectory. The camera follows the ball as it travels across the court, showcasing the precision and skill of both players.

The point concludes with Serena Williams successfully returning the serve, securing the point. The score is now 15-0, reflecting Serena's dominance in this particular match. The final frame captures Serena's triumphant expression, highlighting her confidence and skill as she maintains her lead. The clip emphasizes the competitive nature of the match and the high level of athletic performance displayed by both players.

[COMMENTARY_EVAL] ROUGE score: {'rouge1': np.float64(0.04524886877828054), 'rouge2': np.float64(0.009132420091324202), 'rougeL': np.float64(0.03619909502262443), 'rougeLsum': np.float64(0.03619909502262443)}
Generated sample at index 239

[COMMENTARY_EVAL] Sample index: 31
[COMMENTARY_EVAL] Ground truth description:
Good serve in the middle, Williams generates a backhand return winner.
[COMMENTARY_EVAL] Model output:
The clip captures a crucial point in a women's singles tennis match between Serena Williams and Maria Sharapova, with the score at 40-30. The scene begins with Serena Williams, dressed in a red top and white skirt, standing on the baseline. She is holding a tennis ball and preparing to serve. As the serve is in motion, the ball is tossed into the air and then struck with precision, landing in the opponent's court. Maria Sharapova, wearing a dark outfit, is positioned on the opposite side of the net, ready to receive the serve.

The ball travels through the air, and Sharapova responds with a powerful backhand shot. The ball is then returned by Williams, who follows through with her swing, demonstrating her skill and strength. The rally continues with both players exchanging shots, showcasing their agility and technique. However, the point ends with Williams winning the point, as she successfully returns the serve with a precise shot. The ball lands in the opponent's court, and the point is won by Williams.

The sequence highlights the intensity and skill of the players, with Williams' ability to execute a strong return and maintain control during the rally. The match is competitive, and the point is a key moment in the game, showcasing

[COMMENTARY_EVAL] ROUGE score: {'rouge1': np.float64(0.061946902654867256), 'rouge2': np.float64(0.008928571428571428), 'rougeL': np.float64(0.053097345132743355), 'rougeLsum': np.float64(0.053097345132743355)}
Generated sample at index 4

[COMMENTARY_EVAL] Sample index: 96
[COMMENTARY_EVAL] Ground truth description:
Djokovic aims a bodyline serve, Tsonga returns a backhand return, Djokovic hits a forehand cross-court winner.
[COMMENTARY_EVAL] Model output:
In the tennis clip, Jo-Wilfried Tsonga and Novak Djokovic are engaged in a point on a grass court. Tsonga, wearing a white shirt and blue shorts, is on the left side of the court. He is seen preparing to serve, with his racket raised above his head. The ball is then tossed up and served, and Djokovic, in a blue shirt and blue shorts, is positioned on the right side of the court, ready to receive the serve. Tsonga's serve is well-executed, and the ball travels towards Djokovic, who is positioned to return the ball. Djokovic successfully returns the ball, and Tsonga follows up with a powerful backhand shot. The ball lands on the court, and the point is won by Djokovic. Tsonga then walks back to his side of the court, and the point is over. The score is now 1-0 in favor of Djokovic.

[COMMENTARY_EVAL] ROUGE score: {'rouge1': np.float64(0.1317365269461078), 'rouge2': np.float64(0.01212121212121212), 'rougeL': np.float64(0.10778443113772455), 'rougeLsum': np.float64(0.10778443113772455)}
Generated sample at index 462

[COMMENTARY_EVAL] Sample index: 20
[COMMENTARY_EVAL] Ground truth description:
Fast serve down T, Delpotro backhand slice fails to land in the court.
[COMMENTARY_EVAL] Model output:
In the tennis clip, Roger Federer is seen preparing to serve, while Juan Martin Del Potro is positioned on the opposite side of the court, ready to return the serve. The point is in the middle of the first set, with the score at 15-30, indicating that Del Potro is leading. Federer serves the ball, and Del Potro returns it with a powerful shot. The ball is hit with great force and lands on the opponent's side of the court, resulting in a point for Del Potro. The crowd watches intently as the point unfolds, with the score changing to 15-30. The game continues with both players focused on the next point, as the match progresses.

[COMMENTARY_EVAL] ROUGE score: {'rouge1': np.float64(0.07575757575757576), 'rouge2': np.float64(0.030769230769230767), 'rougeL': np.float64(0.07575757575757576), 'rougeLsum': np.float64(0.07575757575757576)}
Generated sample at index 710

[COMMENTARY_EVAL] Sample index: 141
[COMMENTARY_EVAL] Ground truth description:
Flat serve aimed out wide, Delpotro works a backhand return, Federer forehand lands out-side the court.
[COMMENTARY_EVAL] Model output:
In this tennis clip, the match is between Roger Federer and Juan Martin Del Potro, with the score at Deuce. The scene opens with Federer preparing to serve, standing on the baseline with a focused expression. He takes a deep breath and swings his racket, sending the ball into the air. The ball is served with a powerful motion, and the crowd watches intently.

The opposing player, Del Potro, is seen on the opposite side of the court, ready to return the serve. He moves quickly to his position, anticipating the serve. The ball travels across the net, and Del Potro prepares to return it. He swings his racket with precision, aiming to hit the ball back to Federer.

The rally continues with both players demonstrating their skill and agility. Federer, in a powerful stance, hits a strong return, and Del Potro responds with a well-placed shot. The ball is in motion, and the crowd holds its breath as the point progresses.

After a few exchanges, the ball is returned by Federer, who manages to keep the rally going. The tension builds as the players continue to exchange shots. The ball is eventually returned by Del Potro, and the point ends with a tie at 40-40

[COMMENTARY_EVAL] ROUGE score: {'rouge1': np.float64(0.06222222222222222), 'rouge2': np.float64(0.008968609865470852), 'rougeL': np.float64(0.044444444444444446), 'rougeLsum': np.float64(0.044444444444444446)}
Generated sample at index 220

[COMMENTARY_EVAL] Sample index: 75
[COMMENTARY_EVAL] Ground truth description:
Good serve aimed at T, it's an ace.
[COMMENTARY_EVAL] Model output:
In this tennis clip, Serena Williams is seen on the left side of the court, preparing to return a shot. She is in a ready stance, holding her racket with both hands, and her body is slightly bent forward, indicating she is focused and ready to react. The ball is in motion, approaching her from the right side of the court. Serena Williams is in the process of executing a backhand shot, with her racket moving in a smooth arc. The ball is hit with precision, and it travels across the net to the other side of the court.

On the other side of the net, Maria Sharapova is standing, watching the ball's trajectory. She is dressed in a red top and white shorts, and her posture suggests she is anticipating the return. The ball lands on the other side of the court, and Sharapova is ready to respond. The score is 15-15, indicating that the point is tied, and the players are both focused and competitive.

The point ends with a successful return by Serena Williams, who successfully returns the ball. The score is now 15-15, and the players continue to compete with intensity. The ball is hit back and forth, with each player trying to gain an advantage. The

[COMMENTARY_EVAL] ROUGE score: {'rouge1': np.float64(0.026905829596412554), 'rouge2': np.float64(0.0), 'rougeL': np.float64(0.026905829596412554), 'rougeLsum': np.float64(0.026905829596412554)}
Generated sample at index 210

[COMMENTARY_EVAL] Sample index: 92
[COMMENTARY_EVAL] Ground truth description:
Fine serve, Williams delivers a backhand return, brief rally, Sharapova sends a forehand cross-court out of the court.
[COMMENTARY_EVAL] Model output:
The clip begins with a tennis match between Serena Williams and Maria Sharapova on a grass court. Serena Williams, dressed in a red top and white skirt, is positioned on the left side of the court. She is preparing to serve the ball, with her racket raised above her head. The ball is then tossed into the air, and Serena Williams serves it over the net. Maria Sharapova, on the right side of the court, is ready to receive the serve. She takes a step forward, anticipating the serve. The ball is then returned by Maria Sharapova, who is positioned on the right side of the court. The point ends with Serena Williams winning the point. The score is now 0-30.

[COMMENTARY_EVAL] ROUGE score: {'rouge1': np.float64(0.1276595744680851), 'rouge2': np.float64(0.02877697841726619), 'rougeL': np.float64(0.09929078014184396), 'rougeLsum': np.float64(0.09929078014184396)}
Generated sample at index 670

[COMMENTARY_EVAL] Sample index: 147
[COMMENTARY_EVAL] Ground truth description:
Federer goes for a out-wide serve, Delpotro crafts a forehand return, good rally, Federer struggles to keep a forehand in play.
[COMMENTARY_EVAL] Model output:
In this tennis clip, Roger Federer, wearing a red shirt and white shorts, is on the left side of the court, preparing to serve. He tosses the ball into the air and strikes it with his racket. The ball travels towards the net, and Juan Martin Del Potro, dressed in a blue shirt and white shorts, is on the right side of the court, ready to return the serve. Del Potro successfully returns the ball, and the point ends with Federer winning the point. The scoreboard shows the score as 0-15, indicating that Del Potro has won the point. The players then take a brief pause before the next point begins.

[COMMENTARY_EVAL] ROUGE score: {'rouge1': np.float64(0.13432835820895525), 'rouge2': np.float64(0.0), 'rougeL': np.float64(0.1044776119402985), 'rougeLsum': np.float64(0.1044776119402985)}
Generated sample at index 457

[COMMENTARY_EVAL] Sample index: 49
[COMMENTARY_EVAL] Ground truth description:
Delpotro arrows a bodyline serve, Federer struggles with it.
[COMMENTARY_EVAL] Model output:
In this tennis clip, Roger Federer and Juan Martin Del Potro are competing in a match on a grass court. The score is 30-15, indicating that Federer is leading. The scene begins with Federer preparing to serve. He takes a deep breath and tosses the ball into the air, then swings his racket to hit the ball. The ball is served over the net, and Del Potro is on the other side of the court, ready to return the serve. As the ball lands, Del Potro jumps and hits the ball back over the net. The ball is returned by Federer, and he successfully hits the ball back over the net. Del Potro is now on the receiving end of the serve, and he is ready to return the ball. The ball is returned by Federers, and he successfully hits the ball back over the net. The ball is returned by Federers, and he successfully hits the ball back over the net. The ball is returned by Federers, and he successfully hits the ball back over the net. The ball is returned by Federers, and he successfully hits the ball back over the net. The ball is returned by Federers, and he successfully hits the ball back over the net. The

[COMMENTARY_EVAL] ROUGE score: {'rouge1': np.float64(0.03619909502262443), 'rouge2': np.float64(0.0), 'rougeL': np.float64(0.027149321266968326), 'rougeLsum': np.float64(0.027149321266968326)}
[COMMENTARY_EVAL] Average ROUGE score: {'rouge1': 0.08260359614070689, 'rouge2': 0.011444505418913856, 'rougeL': 0.06836335662235817, 'rougeLsum': 0.06836335662235817}
Generated sample at index 217
Total token count: 2726
Generated sample at index 257
Total token count: 1397
Generated sample at index 545
Total token count: 1387
Generated sample at index 740
Total token count: 938
Generated sample at index 328
Total token count: 946
Generated sample at index 329
Total token count: 1409
Generated sample at index 716
Total token count: 1851
Generated sample at index 471
Total token count: 1400
Emptied CUDA cache
{'loss': '22.65', 'grad_norm': '43.96', 'learning_rate': '9.313e-05', 'entropy': '1.311', 'num_tokens': '4.739e+05', 'mean_token_accuracy': '0.03127', 'epoch': '0.5503'}
Generated sample at index 233
Total token count: 1376
Generated sample at index 273
Total token count: 1394
Generated sample at index 69
Total token count: 956
Generated sample at index 476
Total token count: 1402
Generated sample at index 206
Total token count: 946
Generated sample at index 228
Total token count: 1395
Generated sample at index 173
Total token count: 2281
Generated sample at index 340
Total token count: 944
Emptied CUDA cache
{'loss': '22.53', 'grad_norm': '44.67', 'learning_rate': '9.277e-05', 'entropy': '1.324', 'num_tokens': '4.85e+05', 'mean_token_accuracy': '0.03242', 'epoch': '0.5638'}
Generated sample at index 648
Total token count: 1388
Generated sample at index 582
Total token count: 1402
Generated sample at index 271
Total token count: 956
Generated sample at index 569
Total token count: 948
Generated sample at index 617
Total token count: 950
Generated sample at index 654
Total token count: 2285
Generated sample at index 536
Total token count: 938
Generated sample at index 459
Total token count: 1394
Emptied CUDA cache
{'loss': '22.49', 'grad_norm': '45.63', 'learning_rate': '9.24e-05', 'entropy': '1.307', 'num_tokens': '4.948e+05', 'mean_token_accuracy': '0.03195', 'epoch': '0.5772'}
Generated sample at index 183
Total token count: 1830
Generated sample at index 343
Total token count: 1388
Generated sample at index 164
Total token count: 1401
Generated sample at index 18
Total token count: 963
Generated sample at index 252
Total token count: 951
Generated sample at index 142
Total token count: 955
Generated sample at index 514
Total token count: 944
Generated sample at index 29
Total token count: 953
Emptied CUDA cache
{'loss': '22.34', 'grad_norm': '45.86', 'learning_rate': '9.203e-05', 'entropy': '1.341', 'num_tokens': '5.047e+05', 'mean_token_accuracy': '0.03533', 'epoch': '0.5906'}
Generated sample at index 202
Total token count: 1841
Generated sample at index 671
Total token count: 963
Generated sample at index 481
Total token count: 1405
Generated sample at index 619
Total token count: 1410
Generated sample at index 367
Total token count: 948
Generated sample at index 331
Total token count: 1836
Generated sample at index 5
Total token count: 956
Generated sample at index 465
Total token count: 941
Emptied CUDA cache
{'loss': '22.1', 'grad_norm': '47.36', 'learning_rate': '9.165e-05', 'entropy': '1.369', 'num_tokens': '5.15e+05', 'mean_token_accuracy': '0.03464', 'epoch': '0.604'}
Generated sample at index 570
Total token count: 1401
Generated sample at index 145
Total token count: 1407
Generated sample at index 299
Total token count: 942
Generated sample at index 642
Total token count: 1405
Generated sample at index 240
Total token count: 1402
Generated sample at index 444
Total token count: 1405
Generated sample at index 558
Total token count: 951
Generated sample at index 735
Total token count: 2283
Emptied CUDA cache
{'loss': '22.27', 'grad_norm': '48.81', 'learning_rate': '9.126e-05', 'entropy': '1.325', 'num_tokens': '5.248e+05', 'mean_token_accuracy': '0.03399', 'epoch': '0.6174'}
Generated sample at index 244
Total token count: 1835
Generated sample at index 270
Total token count: 1391
Generated sample at index 468
Total token count: 959
Generated sample at index 281
Total token count: 1402
Generated sample at index 107
Total token count: 1848
Generated sample at index 667
Total token count: 2728
Generated sample at index 518
Total token count: 1401
Generated sample at index 41
Total token count: 954
Emptied CUDA cache
{'loss': '22.48', 'grad_norm': '50.51', 'learning_rate': '9.086e-05', 'entropy': '1.312', 'num_tokens': '5.387e+05', 'mean_token_accuracy': '0.02926', 'epoch': '0.6309'}
Generated sample at index 22
Total token count: 1415
Generated sample at index 713
Total token count: 1850
Generated sample at index 409
Total token count: 1408
Generated sample at index 247
Total token count: 2288
Generated sample at index 124
Total token count: 1848
Generated sample at index 358
Total token count: 1845
Generated sample at index 43
Total token count: 945
Generated sample at index 102
Total token count: 948
Emptied CUDA cache
{'loss': '22.3', 'grad_norm': '51.04', 'learning_rate': '9.045e-05', 'entropy': '1.32', 'num_tokens': '5.512e+05', 'mean_token_accuracy': '0.03253', 'epoch': '0.6443'}
Generated sample at index 366
Total token count: 1383
Generated sample at index 432
Total token count: 2285
Generated sample at index 283
Total token count: 2724
Generated sample at index 728
Total token count: 944
Generated sample at index 427
Total token count: 2731
Generated sample at index 163
Total token count: 1406
Generated sample at index 699
Total token count: 1398
Generated sample at index 388
Total token count: 938
Emptied CUDA cache
{'loss': '22.26', 'grad_norm': '52.69', 'learning_rate': '9.004e-05', 'entropy': '1.334', 'num_tokens': '5.65e+05', 'mean_token_accuracy': '0.0297', 'epoch': '0.6577'}
Generated sample at index 190
Total token count: 1402
Generated sample at index 265
Total token count: 952
Generated sample at index 383
Total token count: 2283
Generated sample at index 176
Total token count: 948
Generated sample at index 512
Total token count: 953
Generated sample at index 711
Total token count: 946
Generated sample at index 690
Total token count: 949
Generated sample at index 51
Total token count: 947
Emptied CUDA cache
{'loss': '21.9', 'grad_norm': '52.73', 'learning_rate': '8.961e-05', 'entropy': '1.351', 'num_tokens': '5.744e+05', 'mean_token_accuracy': '0.03282', 'epoch': '0.6711'}
Generated sample at index 132
Generated sample at index 243
Total token count: 2277
Generated sample at index 122
Generated sample at index 489
Total token count: 1846
Generated sample at index 546
Generated sample at index 734
Total token count: 1842
Generated sample at index 584
Generated sample at index 437
Total token count: 1850
Generated sample at index 168
Generated sample at index 319
Total token count: 1391
Generated sample at index 744
Generated sample at index 577
Total token count: 2725
Generated sample at index 20
Generated sample at index 235
Total token count: 1395
Generated sample at index 601
Generated sample at index 353
Total token count: 1842
Generated sample at index 623
Generated sample at index 311
Total token count: 1403
Generated sample at index 207
Generated sample at index 501
Total token count: 1398
Generated sample at index 462
Generated sample at index 730
Total token count: 1406
Generated sample at index 477
Generated sample at index 380
Total token count: 1385
Generated sample at index 349
Generated sample at index 712
Total token count: 1845
Generated sample at index 467
Generated sample at index 547
Total token count: 2722
Generated sample at index 377
Generated sample at index 37
Total token count: 2282
Generated sample at index 310
Generated sample at index 239
Total token count: 947
Generated sample at index 259
Generated sample at index 578
Total token count: 1840
Generated sample at index 193
Generated sample at index 146
Total token count: 2731
Generated sample at index 116
Generated sample at index 614
Total token count: 2734
Generated sample at index 282
Generated sample at index 406
Total token count: 1844
Generated sample at index 80
Generated sample at index 141
Total token count: 1849
Generated sample at index 496
Generated sample at index 666
Total token count: 1398
Generated sample at index 154
Generated sample at index 307
Total token count: 1395
Generated sample at index 498
Generated sample at index 521
Total token count: 2300
Generated sample at index 177
Generated sample at index 457
Total token count: 1391
Generated sample at index 443
Generated sample at index 187
Total token count: 955
Generated sample at index 503
Generated sample at index 585
Total token count: 1843
Generated sample at index 567
Generated sample at index 421
Total token count: 2289
Generated sample at index 82
Generated sample at index 563
Total token count: 1854
Generated sample at index 44
Generated sample at index 553
Total token count: 2287
Generated sample at index 105
Generated sample at index 6
Total token count: 1847
Generated sample at index 677
Generated sample at index 611
Total token count: 1842
Generated sample at index 493
Generated sample at index 709
Total token count: 1385
Generated sample at index 373
Generated sample at index 248
Total token count: 1402
Generated sample at index 686
Generated sample at index 391
Total token count: 1412
Generated sample at index 473
Generated sample at index 372
Total token count: 956
Generated sample at index 88
Generated sample at index 581
Total token count: 1404
Generated sample at index 308
Generated sample at index 220
Total token count: 3175
Generated sample at index 575
Generated sample at index 594
Total token count: 1843
Generated sample at index 106
Generated sample at index 534
Total token count: 2290
Generated sample at index 120
Generated sample at index 323
Total token count: 954
Generated sample at index 157
Generated sample at index 298
Total token count: 1403
Generated sample at index 625
Generated sample at index 579
Total token count: 2286
Generated sample at index 345
Generated sample at index 258
Total token count: 1395
Generated sample at index 474
Generated sample at index 339
Total token count: 948
Generated sample at index 28
Generated sample at index 40
Total token count: 950
Generated sample at index 210
Generated sample at index 14
Total token count: 1399
Generated sample at index 544
Generated sample at index 357
Total token count: 1409
Generated sample at index 4
Generated sample at index 293
Total token count: 1402
Generated sample at index 238
Generated sample at index 714
Total token count: 2724
Generated sample at index 704
Generated sample at index 24
Total token count: 1413
Generated sample at index 635
Generated sample at index 530
Total token count: 3176
Generated sample at index 674
Generated sample at index 561
Total token count: 955
Generated sample at index 175
Generated sample at index 64
Total token count: 945
Generated sample at index 593
Generated sample at index 363
Total token count: 1841
Generated sample at index 214
Generated sample at index 717
Total token count: 2723
Generated sample at index 211
Generated sample at index 415
Total token count: 4498
Generated sample at index 556
Generated sample at index 195
Total token count: 1835
Generated sample at index 653
Generated sample at index 540
Total token count: 2726
Generated sample at index 93
Generated sample at index 472
Total token count: 1402
Generated sample at index 650
Generated sample at index 109
Total token count: 2295
Generated sample at index 548
Generated sample at index 100
Total token count: 1852
Generated sample at index 586
Generated sample at index 262
Total token count: 1843
Generated sample at index 693
Generated sample at index 221
Total token count: 1842
Generated sample at index 344
Generated sample at index 560
Total token count: 1833
Generated sample at index 184
Generated sample at index 342
Total token count: 1393
Generated sample at index 290
Generated sample at index 123
Total token count: 1392
Generated sample at index 417
Generated sample at index 681
Total token count: 2283
Generated sample at index 197
Generated sample at index 312
Total token count: 1399
Generated sample at index 148
Generated sample at index 562
Total token count: 1398
Generated sample at index 488
Generated sample at index 710
Total token count: 1397
Generated sample at index 396
Generated sample at index 36
Total token count: 958
Generated sample at index 413
Generated sample at index 598
Total token count: 968
Generated sample at index 204
Generated sample at index 670
Total token count: 1849
Generated sample at index 135
Generated sample at index 81
Total token count: 1850
Computing metrics on evaluation batch...
{'eval_loss': '22.13', 'eval_token_accuracy': '0', 'eval_runtime': '102.2', 'eval_samples_per_second': '1.468', 'eval_steps_per_second': '0.734', 'eval_entropy': '1.325', 'eval_num_tokens': '5.744e+05', 'eval_mean_token_accuracy': '0.03045', 'epoch': '0.6711'}
================================================================================
Generation evaluation callback
================================================================================
Generated sample at index 311

[COMMENTARY_EVAL] Sample index: 17
[COMMENTARY_EVAL] Ground truth description:
Williams serves a heavy ace out wide.
[COMMENTARY_EVAL] Model output:
In this tennis clip, Victoria Azarenka and Serena Williams are competing in a point during their match. The score is tied at Game. Azarenka is positioned on the left side of the court, holding her racket and preparing to return a serve. She is in a ready stance, indicating she is anticipating the ball's trajectory. Williams, on the right side of the court, is in a similar stance, ready to respond to Azarenka's return. As the ball is served, Azarenka prepares to return it, but the ball is not returned as expected. The ball is hit back and forth between the two players, with Williams attempting to return the ball. However, the ball is not returned, and Azarenka successfully wins the point. The score is now 1-0 in favor of Azarenka. The clip captures the intensity and skill of both players as they compete in the match.

[COMMENTARY_EVAL] ROUGE score: {'rouge1': np.float64(0.02547770700636943), 'rouge2': np.float64(0.0), 'rougeL': np.float64(0.02547770700636943), 'rougeLsum': np.float64(0.02547770700636943)}
Generated sample at index 577

[COMMENTARY_EVAL] Sample index: 11
[COMMENTARY_EVAL] Ground truth description:
Good serve in the middle, Federer returns a forehand return, long rally, Delpotro produces a forehand cross-court winner.
[COMMENTARY_EVAL] Model output:
The tennis clip captures a dynamic moment during a match between Roger Federer and Juan Martin Del Potro. The setting is a grass court, likely part of a professional tournament, as indicated by the branding and the high-quality court surface. The scoreboard shows the score as A-40, suggesting it is the 40th point of the match.

Roger Federer, dressed in a red shirt and white shorts, is seen in a focused stance, preparing to return a serve. He is positioned on the right side of the court, and his body is angled towards the net, indicating readiness for a powerful return. His opponent, Juan Martin Del Potro, is wearing a blue shirt and white shorts, and is positioned on the opposite side of the court.

The match begins with Del Potro serving. He takes a powerful swing, sending the ball into the air. Federer, anticipating the serve, moves quickly to his right, anticipating the ball's trajectory. He swings his racket with precision, making contact with the ball and sending it back across the net. The ball is seen in mid-air, heading towards Federer's side of the court.

Federer's response is swift and accurate. He uses his racket to return the ball with a strong, well-t

[COMMENTARY_EVAL] ROUGE score: {'rouge1': np.float64(0.06926406926406926), 'rouge2': np.float64(0.0), 'rougeL': np.float64(0.051948051948051945), 'rougeLsum': np.float64(0.06926406926406926)}
Generated sample at index 44

[COMMENTARY_EVAL] Sample index: 58
[COMMENTARY_EVAL] Ground truth description:
Good serve in the middle, Djokovic delivers a backhand return, rally, Tsonga backhand slice fails to clear the net.
[COMMENTARY_EVAL] Model output:
In this tennis clip, Jo-Wilfried Tsonga and Novak Djokovic are engaged in a point during a match. The score is 0-15, indicating that Djokovic is leading. The match is taking place on a grass court, and the players are both dressed in athletic attire. Tsonga is positioned on the right side of the court, while Djokovic is on the left. 

Tsonga serves the ball, and Djokovic is ready to return it. Djokovic hits the ball with a powerful shot, and it lands on the opponent's side of the court. Tsonga attempts to return the ball, but Djokovic successfully returns it. The ball goes into the net, and Djokovic wins the point. The crowd cheers as Djokovic celebrates his victory. The match continues with the players preparing for the next point.

[COMMENTARY_EVAL] ROUGE score: {'rouge1': np.float64(0.11842105263157894), 'rouge2': np.float64(0.013333333333333334), 'rougeL': np.float64(0.11842105263157894), 'rougeLsum': np.float64(0.10526315789473684)}
Generated sample at index 308

[COMMENTARY_EVAL] Sample index: 74
[COMMENTARY_EVAL] Ground truth description:
Williams arrows a bodyline serve, Azarenka works a backhand return, extended rally, Serena comes to net, attempts a forehand volley but fails to make it over the net.
[COMMENTARY_EVAL] Model output:
In the tennis clip, Serena Williams is seen preparing to serve the ball. She stands on the baseline, holding her racket high above her head, and then swings it forward, sending the ball over the net. The ball is in the air and the opponent, Victoria Azarenka, is seen preparing to return the serve. The ball is then hit back over the net, and Azarenka is seen returning the ball with her racket. The ball is then hit back over the net again, and Azarenka is seen returning the ball with her racket. The ball is then hit back over the net again, and Azarenka is seen returning the ball with her racket. The ball is then hit back over the net again, and Azarenka is seen returning the ball with her racket. The ball is then hit back over the net again, and Azarenka is seen returning the ball with her racket. The ball is then hit back over the net again, and Azarenka is seen returning the ball with her racket. The ball is then hit back over the net again, and Azarenka is seen returning the ball with her racket. The ball is then hit back over the net again, and Azarenka is seen returning the ball with her racket.

[COMMENTARY_EVAL] ROUGE score: {'rouge1': np.float64(0.09958506224066391), 'rouge2': np.float64(0.01673640167364017), 'rougeL': np.float64(0.06639004149377593), 'rougeLsum': np.float64(0.06639004149377593)}
Generated sample at index 462

[COMMENTARY_EVAL] Sample index: 20
[COMMENTARY_EVAL] Ground truth description:
Fast serve down T, Delpotro backhand slice fails to land in the court.
[COMMENTARY_EVAL] Model output:
The clip captures a pivotal moment in a tennis match between Roger Federer and Juan Martin Del Potro, with the score at 15-30. The scene opens with Federer in a focused stance, ready to return a serve. Del Potro is seen on the opposite side of the court, preparing to receive the ball. The crowd watches intently, their attention fixed on the unfolding action.

Federers serves the ball, and Del Potro is positioned to return it. However, Del Potro misses the ball, leading to a point where Federer gains the advantage. The ball is then returned by Federer, who successfully hits it over the net, scoring the point. This demonstrates Federers skill and precision in his return, showcasing his dominance in this particular moment of the match. The crowd erupts in cheers as Federers successful return secures the point, highlighting the intensity and excitement of the match.

[COMMENTARY_EVAL] ROUGE score: {'rouge1': np.float64(0.062111801242236024), 'rouge2': np.float64(0.012578616352201257), 'rougeL': np.float64(0.049689440993788817), 'rougeLsum': np.float64(0.049689440993788817)}
Generated sample at index 553

[COMMENTARY_EVAL] Sample index: 59
[COMMENTARY_EVAL] Ground truth description:
Delpotro arrows a bodyline serve, Federer returns a cross-court backhand slice, good rally, Federer cross-court backhand lands just wide.
[COMMENTARY_EVAL] Model output:
In the tennis clip, Roger Federer and Juan Martin Del Potro are competing in a match on a grass court. The game is tied at 1-1, and the players are engaged in a crucial point. Federer, wearing a blue shirt and white shorts, is seen preparing to serve. He takes a few steps back, adjusts his stance, and then serves the ball with a powerful swing. The ball travels across the net, and Del Potro, in a red shirt and white shorts, is positioned to return the serve. He moves quickly to his right and hits the ball back with precision. The ball is then seen in the air, and Federer is seen returning the ball with a strong forehand. The ball is then seen going out of bounds, and the point is won by Federers. The players then take a moment to celebrate the point, with Federer walking off the court and Del Potro walking towards the net. The crowd watches intently, and the players are seen smiling and clapping. The point is won by Federers, and the game continues.

[COMMENTARY_EVAL] ROUGE score: {'rouge1': np.float64(0.06896551724137931), 'rouge2': np.float64(0.0), 'rougeL': np.float64(0.059113300492610835), 'rougeLsum': np.float64(0.059113300492610835)}
Generated sample at index 712

[COMMENTARY_EVAL] Sample index: 25
[COMMENTARY_EVAL] Ground truth description:
Federer aims a fine serve in the middle, Delpotro crafts a backhand return, short rally, Delpotro backhand lob lands long.
[COMMENTARY_EVAL] Model output:
In this tennis clip, Roger Federer and Juan Martin Del Potro are competing in a match on a grass court. The players are both in their prime, showcasing their skills and athleticism. Federer, wearing a light blue shirt and a white headband, is seen in a close-up, focused on the game. He is preparing to serve, with his body poised and ready for action. 

The scene shifts to a wider view of the court, where Federer is seen serving the ball. Del Potro, dressed in a red shirt and white shorts, is positioned on the opposite side of the net, ready to receive the serve. The ball is tossed up and the serve is executed with precision. Del Potro then returns the ball, but Federer manages to return it with a powerful shot, winning the point.

The clip captures the intensity and skill of the players, as they engage in a competitive match. The game is closely contested, with both players demonstrating their abilities and determination. The final result of the point is a win for Federer, as he successfully returns the serve and scores the point. The match continues with the players pushing their limits, striving for victory.

[COMMENTARY_EVAL] ROUGE score: {'rouge1': np.float64(0.06363636363636364), 'rouge2': np.float64(0.0), 'rougeL': np.float64(0.05454545454545455), 'rougeLsum': np.float64(0.05454545454545455)}
Generated sample at index 293

[COMMENTARY_EVAL] Sample index: 97
[COMMENTARY_EVAL] Ground truth description:
Double Fault.
[COMMENTARY_EVAL] Model output:
In the tennis clip, the point is being played between Victoria Azarenka and Serena Williams. The score is 15-40, indicating that the score is in the early stages of the game. Serena Williams is on the left side of the court, while Victoria Azarenka is on the right side. The camera captures a wide view of the court, showing both players on the court. Serena Williams is in the process of serving, with her racket held high above her head. She then swings the racket and hits the ball, which is in the air. Victoria Azarenka is ready to receive the ball, with her racket held in front of her. The ball is in the air, and the players are both focused on the ball. The score is 15-40, and the point is being played. The ball is then returned by Victoria Azarenka, and the point is won by Serena Williams. The players are both focused on the ball, and the point is being played. The score is 15-40, and the point is won by Serena Williams. The players are both focused on the ball, and the point is being played. The score is 15-40, and the point is won by

[COMMENTARY_EVAL] ROUGE score: {'rouge1': np.float64(0.0), 'rouge2': np.float64(0.0), 'rougeL': np.float64(0.0), 'rougeLsum': np.float64(0.0)}
Generated sample at index 372

[COMMENTARY_EVAL] Sample index: 71
[COMMENTARY_EVAL] Ground truth description:
Lightening serve in the corner is an ace.
[COMMENTARY_EVAL] Model output:
The clip captures a moment during a tennis match between Victoria Azarenka and Serena Williams. The score is 15-0, indicating that Serena Williams has won the point. The scene is set on a grass court, which is a common surface for professional tennis matches. The players are both in full athletic attire, with Serena Williams wearing a dark blue and red outfit, and Victoria Azarenka in a white and green outfit. The net is visible in the center of the court, and the players are positioned on opposite sides of it. Serena Williams is in the process of serving, with her racket raised and her body poised for action. Victoria Azarenka is positioned on the opposite side of the court, ready to return the serve. The players' movements are fluid and precise, reflecting their skill and experience in the sport. The atmosphere is intense, with the players focused on the next move in the point. The outcome of the point is clear: Serena Williams wins the point, advancing to the next stage of the match.

[COMMENTARY_EVAL] ROUGE score: {'rouge1': np.float64(0.04347826086956522), 'rouge2': np.float64(0.010989010989010988), 'rougeL': np.float64(0.04347826086956522), 'rougeLsum': np.float64(0.04347826086956522)}
Generated sample at index 653

[COMMENTARY_EVAL] Sample index: 116
[COMMENTARY_EVAL] Ground truth description:
Fine serve, Delpotro puts back a backhand return, intense rally, Delpotro flashes a forehand cross-court winner.
[COMMENTARY_EVAL] Model output:
The tennis clip captures a point in a match between Roger Federer and Juan Martin Del Potro on a grass court. The score is 0-30, indicating that Federer is serving, and Del Potro is preparing to return. Federer serves the ball, and Del Potro is in position to receive it. Del Potro then hits the ball back, but Federer successfully returns it, winning the point. The ball is then served again, and the point continues to be played. The clip shows the players' actions and the point outcome.

[COMMENTARY_EVAL] ROUGE score: {'rouge1': np.float64(0.09433962264150944), 'rouge2': np.float64(0.0), 'rougeL': np.float64(0.056603773584905655), 'rougeLsum': np.float64(0.056603773584905655)}
[COMMENTARY_EVAL] Average ROUGE score: {'rouge1': 0.06452794567737351, 'rouge2': 0.005363736234818575, 'rougeL': 0.052566708356610134, 'rougeLsum': 0.05298252061452765}
Generated sample at index 249
Total token count: 941
Generated sample at index 23
Total token count: 957
Generated sample at index 527
Total token count: 953
Generated sample at index 460
Total token count: 1403
Generated sample at index 441
Total token count: 1402
Generated sample at index 226
Total token count: 1398
Generated sample at index 10
Total token count: 1408
Generated sample at index 490
Total token count: 1385
Emptied CUDA cache
{'loss': '21.97', 'grad_norm': '53.16', 'learning_rate': '8.918e-05', 'entropy': '1.35', 'num_tokens': '5.838e+05', 'mean_token_accuracy': '0.03581', 'epoch': '0.6846'}
Generated sample at index 507
Total token count: 938
Generated sample at index 528
Total token count: 1409
Generated sample at index 245
Total token count: 941
Generated sample at index 529
Total token count: 2728
Generated sample at index 550
Total token count: 1409
Generated sample at index 99
Total token count: 1852
Generated sample at index 158
Total token count: 941
Generated sample at index 46
Total token count: 1412
Emptied CUDA cache
{'loss': '22.11', 'grad_norm': '55.2', 'learning_rate': '8.875e-05', 'entropy': '1.327', 'num_tokens': '5.954e+05', 'mean_token_accuracy': '0.03066', 'epoch': '0.698'}
Generated sample at index 33
Total token count: 1409
Generated sample at index 640
Total token count: 1846
Generated sample at index 595
Total token count: 952
Generated sample at index 98
Total token count: 2291
Generated sample at index 706
Total token count: 948
Generated sample at index 403
Total token count: 2283
Generated sample at index 508
Total token count: 946
Generated sample at index 316
Total token count: 2285
Emptied CUDA cache
{'loss': '22.06', 'grad_norm': '56.77', 'learning_rate': '8.83e-05', 'entropy': '1.306', 'num_tokens': '6.075e+05', 'mean_token_accuracy': '0.03301', 'epoch': '0.7114'}
Generated sample at index 422
Total token count: 944
Generated sample at index 542
Total token count: 1410
Generated sample at index 55
Total token count: 1400
Generated sample at index 572
Total token count: 2291
Generated sample at index 464
Total token count: 1849
Generated sample at index 506
Total token count: 2291
Generated sample at index 451
Total token count: 942
Generated sample at index 181
Total token count: 1377
Emptied CUDA cache
{'loss': '22.07', 'grad_norm': '57.18', 'learning_rate': '8.785e-05', 'entropy': '1.314', 'num_tokens': '6.209e+05', 'mean_token_accuracy': '0.03006', 'epoch': '0.7248'}
Generated sample at index 453
Total token count: 948
Generated sample at index 583
Total token count: 948
Generated sample at index 191
Total token count: 1404
Generated sample at index 131
Total token count: 1841
Generated sample at index 174
Total token count: 1401
Generated sample at index 346
Total token count: 1403
Generated sample at index 523
Total token count: 4494
Generated sample at index 539
Total token count: 948
Emptied CUDA cache
{'loss': '21.93', 'grad_norm': '58.73', 'learning_rate': '8.739e-05', 'entropy': '1.32', 'num_tokens': '6.347e+05', 'mean_token_accuracy': '0.03037', 'epoch': '0.7383'}
Generated sample at index 144
Total token count: 1396
Generated sample at index 355
Total token count: 1378
Generated sample at index 212
Total token count: 1397
Generated sample at index 103
Total token count: 1402
Generated sample at index 264
Total token count: 1401
Generated sample at index 294
Total token count: 1396
Generated sample at index 662
Total token count: 954
Generated sample at index 194
Total token count: 1835
Emptied CUDA cache
{'loss': '21.78', 'grad_norm': '59.55', 'learning_rate': '8.692e-05', 'entropy': '1.336', 'num_tokens': '6.45e+05', 'mean_token_accuracy': '0.03237', 'epoch': '0.7517'}
Generated sample at index 689
Total token count: 1409
Generated sample at index 237
Total token count: 1395
Generated sample at index 684
Total token count: 945
Generated sample at index 232
Total token count: 1404
Generated sample at index 166
Total token count: 1835
Generated sample at index 661
Total token count: 947
Generated sample at index 419
Total token count: 938
Generated sample at index 516
Total token count: 1390
Emptied CUDA cache
{'loss': '21.67', 'grad_norm': '60.38', 'learning_rate': '8.645e-05', 'entropy': '1.351', 'num_tokens': '6.557e+05', 'mean_token_accuracy': '0.03104', 'epoch': '0.7651'}
Generated sample at index 227
Total token count: 1402
Generated sample at index 236
Total token count: 1387
Generated sample at index 110
Total token count: 1851
Generated sample at index 266
Total token count: 1406
Generated sample at index 376
Total token count: 1842
Generated sample at index 332
Total token count: 1405
Generated sample at index 224
Total token count: 942
Generated sample at index 127
Total token count: 1402
Emptied CUDA cache
{'loss': '21.74', 'grad_norm': '61.26', 'learning_rate': '8.597e-05', 'entropy': '1.341', 'num_tokens': '6.673e+05', 'mean_token_accuracy': '0.03089', 'epoch': '0.7785'}
Generated sample at index 71
Total token count: 1847
Generated sample at index 466
Total token count: 1401
Generated sample at index 364
Total token count: 2285
Generated sample at index 241
Total token count: 2719
Generated sample at index 557
Total token count: 964
Generated sample at index 58
Total token count: 952
Generated sample at index 454
Total token count: 1848
Generated sample at index 590
Total token count: 1840
Emptied CUDA cache
{'loss': '21.68', 'grad_norm': '62.47', 'learning_rate': '8.548e-05', 'entropy': '1.335', 'num_tokens': '6.808e+05', 'mean_token_accuracy': '0.03143', 'epoch': '0.7919'}
Generated sample at index 17
Total token count: 1850
Generated sample at index 356
Total token count: 942
Generated sample at index 687
Total token count: 3165
Generated sample at index 260
Total token count: 949
Generated sample at index 700
Total token count: 1844
Generated sample at index 147
Total token count: 943
Generated sample at index 636
Total token count: 1405
Generated sample at index 543
Total token count: 1394
Emptied CUDA cache
{'loss': '21.61', 'grad_norm': '63.15', 'learning_rate': '8.498e-05', 'entropy': '1.358', 'num_tokens': '6.937e+05', 'mean_token_accuracy': '0.0303', 'epoch': '0.8054'}
Generated sample at index 132
Generated sample at index 243
Total token count: 2277
Generated sample at index 122
Generated sample at index 489
Total token count: 1846
Generated sample at index 546
Generated sample at index 734
Total token count: 1842
Generated sample at index 584
Generated sample at index 437
Total token count: 1850
Generated sample at index 168
Generated sample at index 319
Total token count: 1391
Generated sample at index 744
Generated sample at index 577
Total token count: 2725
Generated sample at index 20
Generated sample at index 235
Total token count: 1395
Generated sample at index 601
Generated sample at index 353
Total token count: 1842
Generated sample at index 623
Generated sample at index 311
Total token count: 1403
Generated sample at index 207
Generated sample at index 501
Total token count: 1398
Generated sample at index 462
Generated sample at index 730
Total token count: 1406
Generated sample at index 477
Generated sample at index 380
Total token count: 1385
Generated sample at index 349
Generated sample at index 712
Total token count: 1845
Generated sample at index 467
Generated sample at index 547
Total token count: 2722
Generated sample at index 377
Generated sample at index 37
Total token count: 2282
Generated sample at index 310
Generated sample at index 239
Total token count: 947
Generated sample at index 259
Generated sample at index 578
Total token count: 1840
Generated sample at index 193
Generated sample at index 146
Total token count: 2731
Generated sample at index 116
Generated sample at index 614
Total token count: 2734
Generated sample at index 282
Generated sample at index 406
Total token count: 1844
Generated sample at index 80
Generated sample at index 141
Total token count: 1849
Generated sample at index 496
Generated sample at index 666
Total token count: 1398
Generated sample at index 154
Generated sample at index 307
Total token count: 1395
Generated sample at index 498
Generated sample at index 521
Total token count: 2300
Generated sample at index 177
Generated sample at index 457
Total token count: 1391
Generated sample at index 443
Generated sample at index 187
Total token count: 955
Generated sample at index 503
Generated sample at index 585
Total token count: 1843
Generated sample at index 567
Generated sample at index 421
Total token count: 2289
Generated sample at index 82
Generated sample at index 563
Total token count: 1854
Generated sample at index 44
Generated sample at index 553
Total token count: 2287
Generated sample at index 105
Generated sample at index 6
Total token count: 1847
Generated sample at index 677
Generated sample at index 611
Total token count: 1842
Generated sample at index 493
Generated sample at index 709
Total token count: 1385
Generated sample at index 373
Generated sample at index 248
Total token count: 1402
Generated sample at index 686
Generated sample at index 391
Total token count: 1412
Generated sample at index 473
Generated sample at index 372
Total token count: 956
Generated sample at index 88
Generated sample at index 581
Total token count: 1404
Generated sample at index 308
Generated sample at index 220
Total token count: 3175
Generated sample at index 575
Generated sample at index 594
Total token count: 1843
Generated sample at index 106
Generated sample at index 534
Total token count: 2290
Generated sample at index 120
Generated sample at index 323
Total token count: 954
Generated sample at index 157
Generated sample at index 298
Total token count: 1403
Generated sample at index 625
Generated sample at index 579
Total token count: 2286
Generated sample at index 345
Generated sample at index 258
Total token count: 1395
Generated sample at index 474
Generated sample at index 339
Total token count: 948
Generated sample at index 28
Generated sample at index 40
Total token count: 950
Generated sample at index 210
Generated sample at index 14
Total token count: 1399
Generated sample at index 544
Generated sample at index 357
Total token count: 1409
Generated sample at index 4
Generated sample at index 293
Total token count: 1402
Generated sample at index 238
Generated sample at index 714
Total token count: 2724
Generated sample at index 704
Generated sample at index 24
Total token count: 1413
Generated sample at index 635
Generated sample at index 530
Total token count: 3176
Generated sample at index 674
Generated sample at index 561
Total token count: 955
Generated sample at index 175
Generated sample at index 64
Total token count: 945
Generated sample at index 593
Generated sample at index 363
Total token count: 1841
Generated sample at index 214
Generated sample at index 717
Total token count: 2723
Generated sample at index 211
Generated sample at index 415
Total token count: 4498
Generated sample at index 556
Generated sample at index 195
Total token count: 1835
Generated sample at index 653
Generated sample at index 540
Total token count: 2726
Generated sample at index 93
Generated sample at index 472
Total token count: 1402
Generated sample at index 650
Generated sample at index 109
Total token count: 2295
Generated sample at index 548
Generated sample at index 100
Total token count: 1852
Generated sample at index 586
Generated sample at index 262
Total token count: 1843
Generated sample at index 693
Generated sample at index 221
Total token count: 1842
Generated sample at index 344
Generated sample at index 560
Total token count: 1833
Generated sample at index 184
Generated sample at index 342
Total token count: 1393
Generated sample at index 290
Generated sample at index 123
Total token count: 1392
Generated sample at index 417
Generated sample at index 681
Total token count: 2283
Generated sample at index 197
Generated sample at index 312
Total token count: 1399
Generated sample at index 148
Generated sample at index 562
Total token count: 1398
Generated sample at index 488
Generated sample at index 710
Total token count: 1397
Generated sample at index 396
Generated sample at index 36
Total token count: 958
Generated sample at index 413
Generated sample at index 598
Total token count: 968
Generated sample at index 204
Generated sample at index 670
Total token count: 1849
Generated sample at index 135
Generated sample at index 81
Total token count: 1850
Computing metrics on evaluation batch...
{'eval_loss': '21.59', 'eval_token_accuracy': '0', 'eval_runtime': '102.4', 'eval_samples_per_second': '1.465', 'eval_steps_per_second': '0.733', 'eval_entropy': '1.332', 'eval_num_tokens': '6.937e+05', 'eval_mean_token_accuracy': '0.03056', 'epoch': '0.8054'}
================================================================================
Generation evaluation callback
================================================================================
Generated sample at index 14

[COMMENTARY_EVAL] Sample index: 93
[COMMENTARY_EVAL] Ground truth description:
Sizzling serve is an ace.
[COMMENTARY_EVAL] Model output:
The tennis clip captures a pivotal moment in a match between Jo-Wilfried Tsonga and Novak Djokovic. The score is 30-0, indicating that Djokovic is leading the match. The scene begins with Djokovic preparing to serve, standing on the baseline with his racket raised. He then serves the ball, and it is seen flying over the net. The ball lands on the opponent's side, and Djokovic is seen reacting to the serve, possibly preparing for the next point. 

However, the key action in the clip is the point's outcome. Tsonga, who is on the other side of the net, is seen returning the serve. The ball is returned to Djokovic, who then successfully returns the ball. This point is won by Djokovic, as he is able to return the serve with a strong shot. The ball lands on the opponent's side, and the point is won by Djokovic. The crowd is seen reacting to the point, with some spectators standing and cheering. The match is now at 30-0, with Djokovic leading. The clip ends with Djokovic celebrating the point, as he is seen smiling and raising his racket in the air.

[COMMENTARY_EVAL] ROUGE score: {'rouge1': np.float64(0.019900497512437807), 'rouge2': np.float64(0.0), 'rougeL': np.float64(0.019900497512437807), 'rougeLsum': np.float64(0.019900497512437807)}
Generated sample at index 141

[COMMENTARY_EVAL] Sample index: 41
[COMMENTARY_EVAL] Ground truth description:
Quick serve, Williams delivers a backhand return, rally, Serena hits a forehand down the line but it's long.
[COMMENTARY_EVAL] Model output:
The clip captures a point during a tennis match between Serena Williams and Vera Zvonareva. The score is 30-0, indicating that Serena Williams is leading. The scene begins with a wide shot of the tennis court, showing the players on the court. Serena Williams is seen preparing to serve, while Vera Zvonareva is positioned on the opposite side of the net. The ball is in motion, and Serena Williams is seen hitting it with her racket. The ball is then seen traveling across the net, and Vera Zvonareva is seen reacting to the ball's trajectory. The ball lands on the court, and Serena Williams is seen preparing to return the ball. The ball is then seen traveling across the net, and Vera Zvonareva is seen reacting to the ball's trajectory. The ball lands on the court, and Serena Williams is seen preparing to return the ball. The ball is then seen traveling across the net, and Vera Zvonareva is seen reacting to the ball's trajectory. The ball lands on the court, and Serena Williams is seen preparing to return the ball. The ball is then seen traveling across the net, and Vera Zvonareva is seen reacting to the ball's trajectory. The ball lands on the court,

[COMMENTARY_EVAL] ROUGE score: {'rouge1': np.float64(0.0782608695652174), 'rouge2': np.float64(0.0), 'rougeL': np.float64(0.05217391304347826), 'rougeLsum': np.float64(0.05217391304347826)}
Generated sample at index 544

[COMMENTARY_EVAL] Sample index: 94
[COMMENTARY_EVAL] Ground truth description:
Federer aims a high kick serve, Delpotro returns a backhand return, a few shots exchanged, Delpotro cross-court backhand catches the net.
[COMMENTARY_EVAL] Model output:
In this tennis clip, the match is between Roger Federer and Juan Martin Del Potro, with the score at 40-40. The scene begins with Federer preparing to serve, standing on the left side of the court. He is in a ready stance, holding his racket, and the crowd is watching intently. The camera then shifts to a wider view of the court, showing the net and the other player, Del Potro, on the right side. Federer serves the ball, and it is a well-placed serve that Del Potro is unable to return. The ball lands on the court, and Del Potro attempts to return it, but the ball is not properly returned. The point is won by Federer, who successfully returns the ball and scores a point. The score is now 40-40, and the next point will be decided by the players' performance.

[COMMENTARY_EVAL] ROUGE score: {'rouge1': np.float64(0.11904761904761904), 'rouge2': np.float64(0.012048192771084336), 'rougeL': np.float64(0.08333333333333331), 'rougeLsum': np.float64(0.08333333333333331)}
Generated sample at index 28

[COMMENTARY_EVAL] Sample index: 90
[COMMENTARY_EVAL] Ground truth description:
Lightening serve down the T which Djokovic is unable to return.
[COMMENTARY_EVAL] Model output:
The tennis clip captures a pivotal moment in a match between Jo-Wilfried Tsonga and Novak Djokovic, with the score at Deuce. The scene is set on a grass court, and the players are in the midst of a crucial point. Djokovic is positioned on the right side of the court, and Tsonga is on the left. Djokovic is seen preparing to serve, and he has a serve that is not a direct shot at the net. The serve lands just outside the court, and the ball is not a direct shot at the net. The ball is not a direct shot at the net, and the serve is not a direct shot at the net. The ball is not a direct shot at the net, and the serve is not a direct shot at the net. The ball is not a direct shot at the net, and the serve is not a direct shot at the net. The ball is not a direct shot at the net, and the serve is not a direct shot at the net. The ball is not a direct shot at the net, and the serve is not a direct shot at the net. The ball is not a direct shot at the net, and the serve is not a direct shot at the net. The

[COMMENTARY_EVAL] ROUGE score: {'rouge1': np.float64(0.04291845493562232), 'rouge2': np.float64(0.00865800865800866), 'rougeL': np.float64(0.034334763948497854), 'rougeLsum': np.float64(0.034334763948497854)}
Generated sample at index 585

[COMMENTARY_EVAL] Sample index: 53
[COMMENTARY_EVAL] Ground truth description:
Good serve, Delpotro fails to put it back over the net.
[COMMENTARY_EVAL] Model output:
In the tennis clip, Roger Federer is seen preparing to serve the ball. He is positioned at the back of the court, and his body is angled towards the net. He swings his racket, and the ball is served over the net. The ball travels towards the opponent's side of the court, where Juan Martin Del Potro is positioned. Del Potro is ready to return the serve, but he is not able to reach the ball in time. The ball hits the net, and it bounces back to Federer. Federer then returns the ball with a powerful shot, and the point is won by Federers. The score is now 40-0.

[COMMENTARY_EVAL] ROUGE score: {'rouge1': np.float64(0.11382113821138211), 'rouge2': np.float64(0.033057851239669415), 'rougeL': np.float64(0.08130081300813008), 'rougeLsum': np.float64(0.08130081300813008)}
Generated sample at index 686

[COMMENTARY_EVAL] Sample index: 68
[COMMENTARY_EVAL] Ground truth description:
Huge serve is an ace.
[COMMENTARY_EVAL] Model output:
In this tennis clip, Roger Federer is seen preparing to serve the ball. He is positioned on the left side of the court, with his back to the net, and is holding his racket in a ready stance. The ball is in the air, and Federer is about to make his serve. The score is 15-0, indicating that the point is not yet completed. The opponent, Juan Martin Del Potro, is on the right side of the court, preparing to return the serve. The court is well-lit, and the audience is visible in the background. The players are focused and ready for the next point.

[COMMENTARY_EVAL] ROUGE score: {'rouge1': np.float64(0.03571428571428571), 'rouge2': np.float64(0.0), 'rougeL': np.float64(0.03571428571428571), 'rougeLsum': np.float64(0.03571428571428571)}
Generated sample at index 207

[COMMENTARY_EVAL] Sample index: 18
[COMMENTARY_EVAL] Ground truth description:
Williams aims a fine serve at T, Sharapova is unable to return it.
[COMMENTARY_EVAL] Model output:
The tennis clip captures a moment during a match between Serena Williams and Maria Sharapova, with the score at 40-0. The setting is a grass court, and the players are positioned on opposite sides of the net. Serena Williams, wearing a red and white outfit, is on the right side of the court, while Maria Sharapova, dressed in a blue and white outfit, is on the left. The match is in the early stages of the set, with Serena Williams preparing to serve. She takes a deep breath, lines up the ball, and tosses it into the air. As she hits the ball, it travels across the net and lands on the other side of the court. Maria Sharapova is on her knees, ready to receive the ball. She quickly moves her body and swings her racket, attempting to return the ball. However, the ball is not returned properly, and it lands in the service box. The score is now 40-0, indicating that Serena Williams has won the point. The players continue to exchange shots, with Serena Williams eventually winning the point. The clip ends with the players standing on the court, ready for the next point.

[COMMENTARY_EVAL] ROUGE score: {'rouge1': np.float64(0.0849056603773585), 'rouge2': np.float64(0.01904761904761905), 'rougeL': np.float64(0.07547169811320756), 'rougeLsum': np.float64(0.07547169811320756)}
Generated sample at index 666

[COMMENTARY_EVAL] Sample index: 43
[COMMENTARY_EVAL] Ground truth description:
Nice kick serve, Federer manages a backhand return, a few shots exchanged, Federer forehand lands long.
[COMMENTARY_EVAL] Model output:
In this tennis clip, Roger Federer and Juan Martin Del Potro are engaged in a point on a grass court. Federer is seen in a red shirt and white shorts, preparing to serve. He tosses the ball into the air and swings his racket, sending the ball over the net. Del Potro, wearing a light blue shirt and white shorts, is positioned on the opposite side of the court, ready to return the serve. After the serve, Federer moves to the baseline and prepares to return the ball. Del Potro then moves to the net to return the ball. The point ends with Del Potro winning the point, as he successfully returns the ball over the net. The score is 30-0.

[COMMENTARY_EVAL] ROUGE score: {'rouge1': np.float64(0.08695652173913043), 'rouge2': np.float64(0.014705882352941178), 'rougeL': np.float64(0.05797101449275363), 'rougeLsum': np.float64(0.05797101449275363)}
Generated sample at index 197

[COMMENTARY_EVAL] Sample index: 136
[COMMENTARY_EVAL] Ground truth description:
Good serve in the corner, Zvonareva returns a backhand return, Serena hits a forehand cross-court winner.
[COMMENTARY_EVAL] Model output:
In this tennis clip, the score is 15-15, indicating that the game is tied. The players are Serena Williams and Vera Zvonareva. The match is taking place on a grass court, which is typical for Wimbledon. The players are on opposite sides of the net, with the net displaying the Olympic rings, suggesting that this is a high-profile event.

Serena Williams is on the left side of the court, and Vera Zvonareva is on the right side. The clip begins with Serena Williams preparing to serve. She tosses the ball into the air and hits it with her racket. The ball is served over the net, and Vera Zvonareva is in position to return the serve. She hits the ball back, but it is not a strong return, and Serena Williams is able to keep the ball in play.

The point is then played with Serena Williams returning the ball. She hits the ball with her racket, and Vera Zvonareva is able to return it. The ball is then sent back over the net, and Serena Williams is able to keep the ball in play. The point is then played with Serena Williams returning the ball. She hits the ball with her racket, and Vera Zvonareva is able

[COMMENTARY_EVAL] ROUGE score: {'rouge1': np.float64(0.0881057268722467), 'rouge2': np.float64(0.0), 'rougeL': np.float64(0.06167400881057269), 'rougeLsum': np.float64(0.07929515418502203)}
Generated sample at index 677

[COMMENTARY_EVAL] Sample index: 62
[COMMENTARY_EVAL] Ground truth description:
Good serve in the middle, Federer returns a backhand return, Delpotro slams a forehand winner.
[COMMENTARY_EVAL] Model output:
In the tennis clip, Roger Federer and Juan Martin Del Potro are engaged in a match on a grass court. Federer is seen preparing to serve, holding a tennis ball in his hand. The scoreboard indicates that Federer is leading 30-0, suggesting that the point has already been won by Federer. As the match progresses, Federer is seen returning a shot from Del Potro, but the point is not won by Federers. The clip captures the moment when Federer serves the ball, and Del Potro returns it. The ball is then hit back to Federers, who is seen preparing to return the ball. The point is then won by Federers, as he successfully returns the ball to Del Potro. The final score is 30-0, with Federers winning the point.

[COMMENTARY_EVAL] ROUGE score: {'rouge1': np.float64(0.10958904109589042), 'rouge2': np.float64(0.01388888888888889), 'rougeL': np.float64(0.0821917808219178), 'rougeLsum': np.float64(0.0821917808219178)}
[COMMENTARY_EVAL] Average ROUGE score: {'rouge1': 0.07792198150711904, 'rouge2': 0.010140644295821153, 'rougeL': 0.05840661087986147, 'rougeLsum': 0.06016872541730641}
Generated sample at index 438
Total token count: 1839
Generated sample at index 525
Total token count: 941
Generated sample at index 165
Total token count: 1396
Generated sample at index 309
Total token count: 1399
Generated sample at index 657
Total token count: 949
Generated sample at index 140
Total token count: 2278
Generated sample at index 651
Total token count: 1846
Generated sample at index 314
Total token count: 1397
Emptied CUDA cache
{'loss': '21.64', 'grad_norm': '63.53', 'learning_rate': '8.448e-05', 'entropy': '1.346', 'num_tokens': '7.057e+05', 'mean_token_accuracy': '0.03012', 'epoch': '0.8188'}
Generated sample at index 341
Total token count: 1386
Generated sample at index 30
Total token count: 1406
Generated sample at index 179
Total token count: 1401
Generated sample at index 313
Total token count: 1409
Generated sample at index 289
Total token count: 936
Generated sample at index 272
Total token count: 954
Generated sample at index 70
Total token count: 1403
Generated sample at index 621
Total token count: 1843
Emptied CUDA cache
{'loss': '21.45', 'grad_norm': '64.08', 'learning_rate': '8.397e-05', 'entropy': '1.335', 'num_tokens': '7.16e+05', 'mean_token_accuracy': '0.03265', 'epoch': '0.8322'}
Generated sample at index 9
Total token count: 943
Generated sample at index 486
Total token count: 959
Generated sample at index 370
Total token count: 1381
Generated sample at index 75
Total token count: 1404
Generated sample at index 306
Total token count: 1396
Generated sample at index 302
Total token count: 1400
Generated sample at index 408
Total token count: 1403
Generated sample at index 743
Total token count: 1848
Emptied CUDA cache
{'loss': '21.45', 'grad_norm': '66.38', 'learning_rate': '8.346e-05', 'entropy': '1.33', 'num_tokens': '7.268e+05', 'mean_token_accuracy': '0.03188', 'epoch': '0.8456'}
Generated sample at index 607
Total token count: 1403
Generated sample at index 276
Total token count: 1375
Generated sample at index 338
Total token count: 944
Generated sample at index 133
Total token count: 1398
Generated sample at index 458
Total token count: 944
Generated sample at index 450
Total token count: 2723
Generated sample at index 397
Total token count: 946
Generated sample at index 524
Total token count: 1844
Emptied CUDA cache
{'loss': '21.6', 'grad_norm': '66.4', 'learning_rate': '8.293e-05', 'entropy': '1.333', 'num_tokens': '7.383e+05', 'mean_token_accuracy': '0.03028', 'epoch': '0.8591'}
Generated sample at index 162
Total token count: 1844
Generated sample at index 35
Total token count: 1406
Generated sample at index 219
Total token count: 1841
Generated sample at index 296
Total token count: 1405
Generated sample at index 77
Total token count: 1401
Generated sample at index 715
Total token count: 941
Generated sample at index 354
Total token count: 941
Generated sample at index 170
Total token count: 1395
Emptied CUDA cache
{'loss': '21.36', 'grad_norm': '67.91', 'learning_rate': '8.241e-05', 'entropy': '1.352', 'num_tokens': '7.5e+05', 'mean_token_accuracy': '0.03128', 'epoch': '0.8725'}
Generated sample at index 351
Total token count: 2725
Generated sample at index 599
Total token count: 947
Generated sample at index 348
Total token count: 1396
Generated sample at index 97
Total token count: 1406
Generated sample at index 368
Total token count: 950
Generated sample at index 469
Total token count: 1397
Generated sample at index 159
Total token count: 936
Generated sample at index 620
Total token count: 1845
Emptied CUDA cache
{'loss': '21.52', 'grad_norm': '67.36', 'learning_rate': '8.187e-05', 'entropy': '1.312', 'num_tokens': '7.611e+05', 'mean_token_accuracy': '0.03183', 'epoch': '0.8859'}
Generated sample at index 208
Total token count: 945
Generated sample at index 541
Total token count: 1847
Generated sample at index 94
Total token count: 951
Generated sample at index 573
Total token count: 1845
Generated sample at index 739
Total token count: 1411
Generated sample at index 407
Total token count: 1846
Generated sample at index 362
Total token count: 1394
Generated sample at index 56
Total token count: 951
Emptied CUDA cache
{'loss': '21.19', 'grad_norm': '71.11', 'learning_rate': '8.133e-05', 'entropy': '1.317', 'num_tokens': '7.732e+05', 'mean_token_accuracy': '0.0304', 'epoch': '0.8993'}
Generated sample at index 19
Total token count: 1409
Generated sample at index 201
Total token count: 2727
Generated sample at index 286
Total token count: 939
Generated sample at index 114
Total token count: 1405
Generated sample at index 723
Total token count: 949
Generated sample at index 630
Total token count: 1408
Generated sample at index 721
Total token count: 950
Generated sample at index 279
Total token count: 947
Emptied CUDA cache
{'loss': '21.09', 'grad_norm': '68.99', 'learning_rate': '8.078e-05', 'entropy': '1.348', 'num_tokens': '7.839e+05', 'mean_token_accuracy': '0.03438', 'epoch': '0.9128'}
Generated sample at index 2
Total token count: 947
Generated sample at index 171
Total token count: 1849
Generated sample at index 505
Total token count: 944
Generated sample at index 49
Total token count: 2293
Generated sample at index 189
Total token count: 1406
Generated sample at index 274
Total token count: 1406
Generated sample at index 160
Total token count: 1383
Generated sample at index 426
Total token count: 1400
Emptied CUDA cache
{'loss': '20.96', 'grad_norm': '71.35', 'learning_rate': '8.023e-05', 'entropy': '1.364', 'num_tokens': '7.951e+05', 'mean_token_accuracy': '0.03214', 'epoch': '0.9262'}
Generated sample at index 656
Total token count: 950
Generated sample at index 104
Total token count: 1847
Generated sample at index 603
Total token count: 1398
Generated sample at index 394
Total token count: 1402
Generated sample at index 655
Total token count: 964
Generated sample at index 250
Total token count: 1383
Generated sample at index 589
Total token count: 1405
Generated sample at index 683
Total token count: 951
Emptied CUDA cache
{'loss': '21.04', 'grad_norm': '73.04', 'learning_rate': '7.967e-05', 'entropy': '1.318', 'num_tokens': '8.059e+05', 'mean_token_accuracy': '0.03281', 'epoch': '0.9396'}
Generated sample at index 132
Generated sample at index 243
Total token count: 2277
Generated sample at index 122
Generated sample at index 489
Total token count: 1846
Generated sample at index 546
Generated sample at index 734
Total token count: 1842
Generated sample at index 584
Generated sample at index 437
Total token count: 1850
Generated sample at index 168
Generated sample at index 319
Total token count: 1391
Generated sample at index 744
Generated sample at index 577
Total token count: 2725
Generated sample at index 20
Generated sample at index 235
Total token count: 1395
Generated sample at index 601
Generated sample at index 353
Total token count: 1842
Generated sample at index 623
Generated sample at index 311
Total token count: 1403
Generated sample at index 207
Generated sample at index 501
Total token count: 1398
Generated sample at index 462
Generated sample at index 730
Total token count: 1406
Generated sample at index 477
Generated sample at index 380
Total token count: 1385
Generated sample at index 349
Generated sample at index 712
Total token count: 1845
Generated sample at index 467
Generated sample at index 547
Total token count: 2722
Generated sample at index 377
Generated sample at index 37
Total token count: 2282
Generated sample at index 310
Generated sample at index 239
Total token count: 947
Generated sample at index 259
Generated sample at index 578
Total token count: 1840
Generated sample at index 193
Generated sample at index 146
Total token count: 2731
Generated sample at index 116
Generated sample at index 614
Total token count: 2734
Generated sample at index 282
Generated sample at index 406
Total token count: 1844
Generated sample at index 80
Generated sample at index 141
Total token count: 1849
Generated sample at index 496
Generated sample at index 666
Total token count: 1398
Generated sample at index 154
Generated sample at index 307
Total token count: 1395
Generated sample at index 498
Generated sample at index 521
Total token count: 2300
Generated sample at index 177
Generated sample at index 457
Total token count: 1391
Generated sample at index 443
Generated sample at index 187
Total token count: 955
Generated sample at index 503
Generated sample at index 585
Total token count: 1843
Generated sample at index 567
Generated sample at index 421
Total token count: 2289
Generated sample at index 82
Generated sample at index 563
Total token count: 1854
Generated sample at index 44
Generated sample at index 553
Total token count: 2287
Generated sample at index 105
Generated sample at index 6
Total token count: 1847
Generated sample at index 677
Generated sample at index 611
Total token count: 1842
Generated sample at index 493
Generated sample at index 709
Total token count: 1385
Generated sample at index 373
Generated sample at index 248
Total token count: 1402
Generated sample at index 686
Generated sample at index 391
Total token count: 1412
Generated sample at index 473
Generated sample at index 372
Total token count: 956
Generated sample at index 88
Generated sample at index 581
Total token count: 1404
Generated sample at index 308
Generated sample at index 220
Total token count: 3175
Generated sample at index 575
Generated sample at index 594
Total token count: 1843
Generated sample at index 106
Generated sample at index 534
Total token count: 2290
Generated sample at index 120
Generated sample at index 323
Total token count: 954
Generated sample at index 157
Generated sample at index 298
Total token count: 1403
Generated sample at index 625
Generated sample at index 579
Total token count: 2286
Generated sample at index 345
Generated sample at index 258
Total token count: 1395
Generated sample at index 474
Generated sample at index 339
Total token count: 948
Generated sample at index 28
Generated sample at index 40
Total token count: 950
Generated sample at index 210
Generated sample at index 14
Total token count: 1399
Generated sample at index 544
Generated sample at index 357
Total token count: 1409
Generated sample at index 4
Generated sample at index 293
Total token count: 1402
Generated sample at index 238
Generated sample at index 714
Total token count: 2724
Generated sample at index 704
Generated sample at index 24
Total token count: 1413
Generated sample at index 635
Generated sample at index 530
Total token count: 3176
Generated sample at index 674
Generated sample at index 561
Total token count: 955
Generated sample at index 175
Generated sample at index 64
Total token count: 945
Generated sample at index 593
Generated sample at index 363
Total token count: 1841
Generated sample at index 214
Generated sample at index 717
Total token count: 2723
Generated sample at index 211
Generated sample at index 415
Total token count: 4498
Generated sample at index 556
Generated sample at index 195
Total token count: 1835
Generated sample at index 653
Generated sample at index 540
Total token count: 2726
Generated sample at index 93
Generated sample at index 472
Total token count: 1402
Generated sample at index 650
Generated sample at index 109
Total token count: 2295
Generated sample at index 548
Generated sample at index 100
Total token count: 1852
Generated sample at index 586
Generated sample at index 262
Total token count: 1843
Generated sample at index 693
Generated sample at index 221
Total token count: 1842
Generated sample at index 344
Generated sample at index 560
Total token count: 1833
Generated sample at index 184
Generated sample at index 342
Total token count: 1393
Generated sample at index 290
Generated sample at index 123
Total token count: 1392
Generated sample at index 417
Generated sample at index 681
Total token count: 2283
Generated sample at index 197
Generated sample at index 312
Total token count: 1399
Generated sample at index 148
Generated sample at index 562
Total token count: 1398
Generated sample at index 488
Generated sample at index 710
Total token count: 1397
Generated sample at index 396
Generated sample at index 36
Total token count: 958
Generated sample at index 413
Generated sample at index 598
Total token count: 968
Generated sample at index 204
Generated sample at index 670
Total token count: 1849
Generated sample at index 135
Generated sample at index 81
Total token count: 1850
Computing metrics on evaluation batch...
{'eval_loss': '21', 'eval_token_accuracy': '0', 'eval_runtime': '100.1', 'eval_samples_per_second': '1.498', 'eval_steps_per_second': '0.749', 'eval_entropy': '1.34', 'eval_num_tokens': '8.059e+05', 'eval_mean_token_accuracy': '0.03094', 'epoch': '0.9396'}
================================================================================
Generation evaluation callback
================================================================================
Generated sample at index 141

[COMMENTARY_EVAL] Sample index: 41
[COMMENTARY_EVAL] Ground truth description:
Quick serve, Williams delivers a backhand return, rally, Serena hits a forehand down the line but it's long.
[COMMENTARY_EVAL] Model output:
The clip shows a tennis match between Serena Williams and Vera Zvonareva. The score is 30-0, indicating that Serena Williams is leading. The match is taking place on a grass court, which is typical for Wimbledon. The players are in the middle of a point, and Serena Williams is in the process of serving. She is preparing to serve the ball, and the ball is in the air. The net is visible, and the players are positioned on opposite sides of the net. The score is 30-0, and the match is likely in the middle of a set. The players are focused and ready to continue the game. The clip captures the intensity and competitiveness of the match.

[COMMENTARY_EVAL] ROUGE score: {'rouge1': np.float64(0.08633093525179857), 'rouge2': np.float64(0.0), 'rougeL': np.float64(0.07194244604316546), 'rougeLsum': np.float64(0.07194244604316546)}
Generated sample at index 93

[COMMENTARY_EVAL] Sample index: 118
[COMMENTARY_EVAL] Ground truth description:
Fine serve, Tsonga works a forehand return, brief rally, Tsonga slices a backhand but catches the net.
[COMMENTARY_EVAL] Model output:
In this tennis clip, Jo-Wilfried Tsonga and Novak Djokovic are playing a point on a grass court. The score is Deuce, meaning both players have equal points. Tsonga is positioned on the left side of the court, wearing a blue outfit, and is preparing to return the serve. Djokovic is on the right side, dressed in a white shirt and blue shorts, and is in the process of serving. Tsonga swings his racket and hits the ball with a powerful shot. The ball travels across the net and lands on the other side of the court. Djokovic reaches out to return the ball, but the ball goes out of bounds. As a result, the point is won by Tsonga.

[COMMENTARY_EVAL] ROUGE score: {'rouge1': np.float64(0.13138686131386862), 'rouge2': np.float64(0.014814814814814815), 'rougeL': np.float64(0.1021897810218978), 'rougeLsum': np.float64(0.1021897810218978)}
Generated sample at index 293

[COMMENTARY_EVAL] Sample index: 97
[COMMENTARY_EVAL] Ground truth description:
Double Fault.
[COMMENTARY_EVAL] Model output:
In the tennis clip, Victoria Azarenka and Serena Williams are competing in a match on a grass court. The score is 15-40, indicating that Azarenka is leading in the game. The clip shows Azarenka preparing to return a serve, while Williams is positioned on the opposite side of the court. Azarenka is seen in a ready stance, holding her racket, and appears to be focusing on the incoming ball. Williams, on the other hand, is seen walking toward the net, possibly preparing to receive a return. The ball is in motion, and the players are actively engaged in the point. The match is likely in a crucial phase, with both players displaying their skills and strategies. The score is 15-40, suggesting that Azarenka is leading the game, but the outcome of the point is uncertain. The players' actions and the ball's movement are key to understanding the progression of the point.

[COMMENTARY_EVAL] ROUGE score: {'rouge1': np.float64(0.0), 'rouge2': np.float64(0.0), 'rougeL': np.float64(0.0), 'rougeLsum': np.float64(0.0)}
Generated sample at index 391

[COMMENTARY_EVAL] Sample index: 69
[COMMENTARY_EVAL] Ground truth description:
Delpotro arrows a bodyline serve, Federer puts back a backhand return, coming to net Delpotro struggles to keep a cross-court forehand in a rally.
[COMMENTARY_EVAL] Model output:
In this tennis clip, Roger Federer is seen preparing to serve the ball. He tosses the ball into the air and hits it with his racket. The ball is then seen traveling over the net, but it appears to be a missed shot. The opponent, Juan Martin Del Potro, is seen on the other side of the net, attempting to return the serve. However, the ball does not reach Del Potro's racket, and the point is not won by either player. The score is 0-30, indicating that the point is not won by either player. The clip ends with Federer stepping back and looking at the ball, possibly assessing the outcome of the point.

[COMMENTARY_EVAL] ROUGE score: {'rouge1': np.float64(0.12765957446808512), 'rouge2': np.float64(0.0), 'rougeL': np.float64(0.07092198581560284), 'rougeLsum': np.float64(0.07092198581560284)}
Generated sample at index 396

[COMMENTARY_EVAL] Sample index: 142
[COMMENTARY_EVAL] Ground truth description:
Delpotro arrows a bodyline serve, Federer struggles with it.
[COMMENTARY_EVAL] Model output:
In this tennis clip, the point is played between Roger Federer and Juan Martin Del Potro. The score is 40-40. Federer is serving, and Del Potro is on the receiving end. Federer serves the ball, and Del Potro returns it. Del Potro hits the ball back, and Federer responds by hitting the ball back. The point ends with Del Potro winning the point.

[COMMENTARY_EVAL] ROUGE score: {'rouge1': np.float64(0.08219178082191782), 'rouge2': np.float64(0.0), 'rougeL': np.float64(0.0547945205479452), 'rougeLsum': np.float64(0.0547945205479452)}
Generated sample at index 82

[COMMENTARY_EVAL] Sample index: 56
[COMMENTARY_EVAL] Ground truth description:
Acute angled slice serve, Djokovic puts back a forehand return, lengthy exchange between the players, Tsonga rushes to net and hits a forehand smash winner.
[COMMENTARY_EVAL] Model output:
In the tennis clip, Jo-Wilfried Tsonga and Novak Djokovic are engaged in a point during a match. Tsonga is positioned on the left side of the court, while Djokovic is on the right. Tsonga is seen preparing to serve, but the serve is not successful. Djokovic then returns the ball, and it lands on the court. Tsonga attempts to return the ball, but Djokovic successfully returns it. The point ends with Djokovic winning the point, giving him the advantage in the match.

[COMMENTARY_EVAL] ROUGE score: {'rouge1': np.float64(0.16666666666666666), 'rouge2': np.float64(0.0), 'rougeL': np.float64(0.11111111111111109), 'rougeLsum': np.float64(0.11111111111111109)}
Generated sample at index 298

[COMMENTARY_EVAL] Sample index: 83
[COMMENTARY_EVAL] Ground truth description:
Quick serve, Azarenka returns a quick forehand return, couple of shots exchanged, Azarenka forehand is unable to clear the net.
[COMMENTARY_EVAL] Model output:
The tennis clip features a match between Victoria Azarenka and Serena Williams. The score is 40-15, indicating that Azarenka is leading. The scene begins with Azarenka on the court, preparing to serve. She takes a few steps back, then swings her racket, sending the ball into the air. The ball travels across the court, and Williams is seen on the opposite side, ready to return the serve. 

The ball lands in the net, and Williams is able to return it, but it is not a successful return. The ball bounces off the net and lands in the court, allowing Azarenka to continue her rally. Azarenka then serves again, and the ball is returned by Williams. This exchange continues, with Azarenka successfully returning the ball, but Williams manages to keep the point alive. 

The point ends with Williams winning the point, as she is able to return the ball to Azarenka, but Azarenka is unable to return it. The point is won by Williams, and the score is now 40-15. The players continue to rally, but the point is ultimately won by Williams. The clip ends with the players standing on the court, ready for the next point.

[COMMENTARY_EVAL] ROUGE score: {'rouge1': np.float64(0.09132420091324202), 'rouge2': np.float64(0.027649769585253458), 'rougeL': np.float64(0.0730593607305936), 'rougeLsum': np.float64(0.0821917808219178)}
Generated sample at index 601

[COMMENTARY_EVAL] Sample index: 14
[COMMENTARY_EVAL] Ground truth description:
Delpotro arrows a good serve at T, Federer just manages a backhand return, Delpotro slams a forehand winner.
[COMMENTARY_EVAL] Model output:
The tennis clip captures a point between Roger Federer and Juan Martin Del Potro during a match. The score is 15-0, indicating that Federer has won the point. Federer is seen on the left side of the court, preparing to return the ball. Del Potro is on the right side of the court, ready to receive the ball. The ball is served by Federers, and Del Potro returns it with a forehand. Federer then hits a powerful backhand, sending the ball over the net and into the opponent's court. Del Potro is unable to return the ball, and Federer wins the point. The match continues with the score now at 15-0 in Federer's favor.

[COMMENTARY_EVAL] ROUGE score: {'rouge1': np.float64(0.1176470588235294), 'rouge2': np.float64(0.014925373134328361), 'rougeL': np.float64(0.08823529411764705), 'rougeLsum': np.float64(0.08823529411764705)}
Generated sample at index 44

[COMMENTARY_EVAL] Sample index: 58
[COMMENTARY_EVAL] Ground truth description:
Good serve in the middle, Djokovic delivers a backhand return, rally, Tsonga backhand slice fails to clear the net.
[COMMENTARY_EVAL] Model output:
In this tennis clip, Jo-Wilfried Tsonga and Novak Djokovic are engaged in a match on a grass court. The score is 0-15, indicating that Djokovic is leading. Tsonga is seen on the right side of the court, holding a racket and preparing to return a serve. He is wearing a blue outfit and is positioned to receive the ball. The ball is served by Djokovic, who is on the left side of the court and is wearing a white outfit. Djokovic serves the ball, and Tsonga is ready to return it. Tsonga moves forward and hits the ball with his racket. The ball travels across the net and lands on the other side of the court. Djokovic then returns the ball, but it is not a successful return. The ball bounces off the net and is returned by Tsonga. Tsonga is then seen returning the ball with a powerful swing. The ball lands on the other side of the court, and Djokovic is unable to return it. The ball goes out of bounds, and Djokovic is unable to return it. The point is won by Tsonga. The score is now 1-15.

[COMMENTARY_EVAL] ROUGE score: {'rouge1': np.float64(0.09389671361502347), 'rouge2': np.float64(0.00947867298578199), 'rougeL': np.float64(0.08450704225352113), 'rougeLsum': np.float64(0.08450704225352113)}
Generated sample at index 168

[COMMENTARY_EVAL] Sample index: 8
[COMMENTARY_EVAL] Ground truth description:
Zvonareva serves a short angled slice serve, Williams shoots a forehand return winner.
[COMMENTARY_EVAL] Model output:
The tennis clip captures a moment during a match between Serena Williams and Vera Zvonareva at the 2012 London Olympics. The score is 40-40, indicating that the game is tied at 40 points. Serena Williams, dressed in a red, white, and blue tennis outfit, is seen preparing to serve. She is positioned on the baseline, holding her racket and focusing on the ball. 

Vera Zvonareva, wearing a blue outfit, is positioned on the opposite side of the court, ready to receive the serve. The net is clearly visible, with the Olympic rings displayed on both sides, emphasizing the significance of the event. 

The serve is executed with precision, and the ball is sent towards the opponent's court. The ball is then returned by Zvonareva, who successfully returns the serve. The rally continues with both players demonstrating their skill and agility. 

The point is ultimately won by Serena Williams, who successfully returns the serve. The score is now 40-40, and the match is still tied. The players continue to rally, with each point adding to the tension and excitement of the match. The clip captures the intensity and athleticism of the sport, highlighting the skill and determination of

[COMMENTARY_EVAL] ROUGE score: {'rouge1': np.float64(0.046948356807511735), 'rouge2': np.float64(0.0), 'rougeL': np.float64(0.03755868544600939), 'rougeLsum': np.float64(0.02816901408450704)}
[COMMENTARY_EVAL] Average ROUGE score: {'rouge1': 0.09440521486816435, 'rouge2': 0.006686863052017862, 'rougeL': 0.06943202270874935, 'rougeLsum': 0.06940629758173153}
Generated sample at index 702
Total token count: 1844
Generated sample at index 130
Total token count: 1842
Generated sample at index 119
Total token count: 2288
Generated sample at index 317
Total token count: 1837
Generated sample at index 551
Total token count: 2278
Generated sample at index 87
Total token count: 1851
Generated sample at index 519
Total token count: 950
Generated sample at index 605
Total token count: 2728
Emptied CUDA cache
{'loss': '20.92', 'grad_norm': '75.32', 'learning_rate': '7.911e-05', 'entropy': '1.335', 'num_tokens': '8.197e+05', 'mean_token_accuracy': '0.02974', 'epoch': '0.953'}
Generated sample at index 395
Total token count: 944
Generated sample at index 301
Total token count: 948
Generated sample at index 65
Total token count: 1845
Generated sample at index 738
Total token count: 1851
Generated sample at index 517
Total token count: 1841
Generated sample at index 134
Total token count: 1850
Generated sample at index 445
Total token count: 1403
Generated sample at index 606
Total token count: 950
Emptied CUDA cache
{'loss': '21.08', 'grad_norm': '74.77', 'learning_rate': '7.854e-05', 'entropy': '1.325', 'num_tokens': '8.331e+05', 'mean_token_accuracy': '0.03002', 'epoch': '0.9664'}
Generated sample at index 285
Total token count: 938
Generated sample at index 126
Total token count: 946
Generated sample at index 11
Total token count: 1412
Generated sample at index 31
Total token count: 1397
Generated sample at index 701
Total token count: 949
Generated sample at index 198
Total token count: 1400
Generated sample at index 509
Total token count: 953
Generated sample at index 337
Total token count: 1400
Emptied CUDA cache
{'loss': '20.66', 'grad_norm': '74.16', 'learning_rate': '7.796e-05', 'entropy': '1.356', 'num_tokens': '8.421e+05', 'mean_token_accuracy': '0.03553', 'epoch': '0.9799'}
Generated sample at index 399
Total token count: 4059
Generated sample at index 475
Total token count: 950
Generated sample at index 646
Total token count: 937
Generated sample at index 3
Total token count: 966
Generated sample at index 552
Total token count: 950
Generated sample at index 284
Total token count: 943
Generated sample at index 718
Total token count: 1844
Generated sample at index 463
Total token count: 944
Emptied CUDA cache
{'loss': '20.74', 'grad_norm': '74.44', 'learning_rate': '7.738e-05', 'entropy': '1.36', 'num_tokens': '8.541e+05', 'mean_token_accuracy': '0.03435', 'epoch': '0.9933'}
Generated sample at index 269
Total token count: 932
Generated sample at index 389
Total token count: 952
Generated sample at index 737
Total token count: 2722
Emptied CUDA cache
{'loss': '20.92', 'grad_norm': 'inf', 'learning_rate': '7.679e-05', 'entropy': '1.394', 'num_tokens': '8.597e+05', 'mean_token_accuracy': '0.03264', 'epoch': '1'}
Generated sample at index 213
Total token count: 1399
Generated sample at index 33
Total token count: 1409
Generated sample at index 724
Total token count: 1404
Generated sample at index 589
Total token count: 1405
Generated sample at index 637
Total token count: 1855
Generated sample at index 468
Total token count: 959
Generated sample at index 426
Total token count: 1400
Generated sample at index 331
Total token count: 1836
Generated sample at index 569
Total token count: 948
Emptied CUDA cache
{'loss': '20.8', 'grad_norm': '76.44', 'learning_rate': '7.679e-05', 'entropy': '1.332', 'num_tokens': '8.713e+05', 'mean_token_accuracy': '0.03264', 'epoch': '1.013'}
Generated sample at index 608
Total token count: 958
Generated sample at index 742
Total token count: 2290
Generated sample at index 350
Total token count: 1384
Generated sample at index 321
Total token count: 2727
Generated sample at index 297
Total token count: 950
Generated sample at index 38
Total token count: 948
Generated sample at index 174
Total token count: 1401
Generated sample at index 255
Total token count: 949
Emptied CUDA cache
{'loss': '20.71', 'grad_norm': '76.42', 'learning_rate': '7.62e-05', 'entropy': '1.346', 'num_tokens': '8.829e+05', 'mean_token_accuracy': '0.03325', 'epoch': '1.027'}
Generated sample at index 185
Total token count: 951
Generated sample at index 456
Total token count: 1852
Generated sample at index 111
Total token count: 962
Generated sample at index 525
Total token count: 941
Generated sample at index 330
Total token count: 1845
Generated sample at index 352
Total token count: 2278
Generated sample at index 199
Total token count: 945
Generated sample at index 374
Total token count: 940
Emptied CUDA cache
{'loss': '20.43', 'grad_norm': '76.66', 'learning_rate': '7.56e-05', 'entropy': '1.381', 'num_tokens': '8.937e+05', 'mean_token_accuracy': '0.03364', 'epoch': '1.04'}
Generated sample at index 32
Total token count: 1404
Generated sample at index 180
Total token count: 1394
Generated sample at index 697
Total token count: 2292
Generated sample at index 612
Total token count: 1393
Generated sample at index 247
Total token count: 2288
Generated sample at index 733
Total token count: 1411
Generated sample at index 315
Total token count: 1391
Generated sample at index 325
Total token count: 1400
Emptied CUDA cache
{'loss': '20.56', 'grad_norm': '79.57', 'learning_rate': '7.5e-05', 'entropy': '1.357', 'num_tokens': '9.062e+05', 'mean_token_accuracy': '0.03008', 'epoch': '1.054'}
Generated sample at index 289
Total token count: 936
Generated sample at index 607
Total token count: 1403
Generated sample at index 696
Total token count: 1846
Generated sample at index 538
Total token count: 1404
Generated sample at index 278
Total token count: 1846
Generated sample at index 555
Total token count: 948
Generated sample at index 639
Total token count: 2727
Generated sample at index 134
Total token count: 1850
Emptied CUDA cache
{'loss': '20.49', 'grad_norm': '80.61', 'learning_rate': '7.439e-05', 'entropy': '1.354', 'num_tokens': '9.187e+05', 'mean_token_accuracy': '0.03073', 'epoch': '1.067'}
Generated sample at index 132
Generated sample at index 243
Total token count: 2277
Generated sample at index 122
Generated sample at index 489
Total token count: 1846
Generated sample at index 546
Generated sample at index 734
Total token count: 1842
Generated sample at index 584
Generated sample at index 437
Total token count: 1850
Generated sample at index 168
Generated sample at index 319
Total token count: 1391
Generated sample at index 744
Generated sample at index 577
Total token count: 2725
Generated sample at index 20
Generated sample at index 235
Total token count: 1395
Generated sample at index 601
Generated sample at index 353
Total token count: 1842
Generated sample at index 623
Generated sample at index 311
Total token count: 1403
Generated sample at index 207
Generated sample at index 501
Total token count: 1398
Generated sample at index 462
Generated sample at index 730
Total token count: 1406
Generated sample at index 477
Generated sample at index 380
Total token count: 1385
Generated sample at index 349
Generated sample at index 712
Total token count: 1845
Generated sample at index 467
Generated sample at index 547
Total token count: 2722
Generated sample at index 377
Generated sample at index 37
Total token count: 2282
Generated sample at index 310
Generated sample at index 239
Total token count: 947
Generated sample at index 259
Generated sample at index 578
Total token count: 1840
Generated sample at index 193
Generated sample at index 146
Total token count: 2731
Generated sample at index 116
Generated sample at index 614
Total token count: 2734
Generated sample at index 282
Generated sample at index 406
Total token count: 1844
Generated sample at index 80
Generated sample at index 141
Total token count: 1849
Generated sample at index 496
Generated sample at index 666
Total token count: 1398
Generated sample at index 154
Generated sample at index 307
Total token count: 1395
Generated sample at index 498
Generated sample at index 521
Total token count: 2300
Generated sample at index 177
Generated sample at index 457
Total token count: 1391
Generated sample at index 443
Generated sample at index 187
Total token count: 955
Generated sample at index 503
Generated sample at index 585
Total token count: 1843
Generated sample at index 567
Generated sample at index 421
Total token count: 2289
Generated sample at index 82
Generated sample at index 563
Total token count: 1854
Generated sample at index 44
Generated sample at index 553
Total token count: 2287
Generated sample at index 105
Generated sample at index 6
Total token count: 1847
Generated sample at index 677
Generated sample at index 611
Total token count: 1842
Generated sample at index 493
Generated sample at index 709
Total token count: 1385
Generated sample at index 373
Generated sample at index 248
Total token count: 1402
Generated sample at index 686
Generated sample at index 391
Total token count: 1412
Generated sample at index 473
Generated sample at index 372
Total token count: 956
Generated sample at index 88
Generated sample at index 581
Total token count: 1404
Generated sample at index 308
Generated sample at index 220
Total token count: 3175
Generated sample at index 575
Generated sample at index 594
Total token count: 1843
Generated sample at index 106
Generated sample at index 534
Total token count: 2290
Generated sample at index 120
Generated sample at index 323
Total token count: 954
Generated sample at index 157
Generated sample at index 298
Total token count: 1403
Generated sample at index 625
Generated sample at index 579
Total token count: 2286
Generated sample at index 345
Generated sample at index 258
Total token count: 1395
Generated sample at index 474
Generated sample at index 339
Total token count: 948
Generated sample at index 28
Generated sample at index 40
Total token count: 950
Generated sample at index 210
Generated sample at index 14
Total token count: 1399
Generated sample at index 544
Generated sample at index 357
Total token count: 1409
Generated sample at index 4
Generated sample at index 293
Total token count: 1402
Generated sample at index 238
Generated sample at index 714
Total token count: 2724
Generated sample at index 704
Generated sample at index 24
Total token count: 1413
Generated sample at index 635
Generated sample at index 530
Total token count: 3176
Generated sample at index 674
Generated sample at index 561
Total token count: 955
Generated sample at index 175
Generated sample at index 64
Total token count: 945
Generated sample at index 593
Generated sample at index 363
Total token count: 1841
Generated sample at index 214
Generated sample at index 717
Total token count: 2723
Generated sample at index 211
Generated sample at index 415
Total token count: 4498
Generated sample at index 556
Generated sample at index 195
Total token count: 1835
Generated sample at index 653
Generated sample at index 540
Total token count: 2726
Generated sample at index 93
Generated sample at index 472
Total token count: 1402
Generated sample at index 650
Generated sample at index 109
Total token count: 2295
Generated sample at index 548
Generated sample at index 100
Total token count: 1852
Generated sample at index 586
Generated sample at index 262
Total token count: 1843
Generated sample at index 693
Generated sample at index 221
Total token count: 1842
Generated sample at index 344
Generated sample at index 560
Total token count: 1833
Generated sample at index 184
Generated sample at index 342
Total token count: 1393
Generated sample at index 290
Generated sample at index 123
Total token count: 1392
Generated sample at index 417
Generated sample at index 681
Total token count: 2283
Generated sample at index 197
Generated sample at index 312
Total token count: 1399
Generated sample at index 148
Generated sample at index 562
Total token count: 1398
Generated sample at index 488
Generated sample at index 710
Total token count: 1397
Generated sample at index 396
Generated sample at index 36
Total token count: 958
Generated sample at index 413
Generated sample at index 598
Total token count: 968
Generated sample at index 204
Generated sample at index 670
Total token count: 1849
Generated sample at index 135
Generated sample at index 81
Total token count: 1850
Computing metrics on evaluation batch...
{'eval_loss': '20.45', 'eval_token_accuracy': '0', 'eval_runtime': '100.4', 'eval_samples_per_second': '1.495', 'eval_steps_per_second': '0.747', 'eval_entropy': '1.349', 'eval_num_tokens': '9.187e+05', 'eval_mean_token_accuracy': '0.03103', 'epoch': '1.067'}
================================================================================
Generation evaluation callback
================================================================================
Generated sample at index 120

[COMMENTARY_EVAL] Sample index: 80
[COMMENTARY_EVAL] Ground truth description:
Tsonga arrows a bodyline serve, Djokovic struggles with it.
[COMMENTARY_EVAL] Model output:
In this tennis clip, the score is 15-15, indicating that the match is tied at this point. The player on the left, wearing a blue outfit, is preparing to serve. The player on the right, wearing a white shirt and blue shorts, is ready to receive the serve. The player in blue is in a ready stance, holding the ball and preparing to serve. The player in white is standing in a ready stance, holding his racket and watching the ball. The player in blue serves the ball, and the player in white returns it. The player in blue then hits the ball back, and the player in white responds with a powerful return. The player in blue wins the point, and the score becomes 16-15. The player in white is still in a ready stance, holding his racket and watching the ball. The player in blue is now in a ready stance, holding the ball and preparing to serve. The player in white is still in a ready stance, holding his racket and watching the ball. The player in blue serves the ball, and the player in white returns it. The player in blue then hits the ball back, and the player in white responds with a powerful return. The player in blue wins the point

[COMMENTARY_EVAL] ROUGE score: {'rouge1': np.float64(0.03508771929824561), 'rouge2': np.float64(0.0), 'rougeL': np.float64(0.03508771929824561), 'rougeLsum': np.float64(0.03508771929824561)}
Generated sample at index 635

[COMMENTARY_EVAL] Sample index: 102
[COMMENTARY_EVAL] Ground truth description:
Delpotro serves a high kick serve, Federer delivers a backhand return, brief rally, Delpotro cross-court forehand fails to land inside the court.
[COMMENTARY_EVAL] Model output:
The tennis clip captures a point between Roger Federer and Juan Martin Del Potro during a match. The score is 0-15, indicating that Del Potro has won the point. The sequence begins with Federer serving the ball, but the ball is not returned by Del Potro. The ball is then hit back to Federor, who returns it. The ball is then hit back to Del Potro, who returns it. The ball is then hit back to Federor, who returns it. The ball is then hit back to Del Potro, who returns it. The ball is then hit back to Federor, who returns it. The ball is then hit back to Del Potro, who returns it. The ball is then hit back to Federor, who returns it. The ball is then hit back to Del Potro, who returns it. The ball is then hit back to Federor, who returns it. The ball is then hit back to Del Potro, who returns it. The ball is then hit back to Federor, who returns it. The ball is then hit back to Del Potro, who returns it. The ball is then hit back to Federor, who returns it. The ball is then hit back to Del

[COMMENTARY_EVAL] ROUGE score: {'rouge1': np.float64(0.04405286343612335), 'rouge2': np.float64(0.0), 'rougeL': np.float64(0.04405286343612335), 'rougeLsum': np.float64(0.04405286343612335)}
Generated sample at index 686

[COMMENTARY_EVAL] Sample index: 68
[COMMENTARY_EVAL] Ground truth description:
Huge serve is an ace.
[COMMENTARY_EVAL] Model output:
In the tennis clip, Roger Federer is seen preparing to return a serve from Juan Martin Del Potro. Federer is positioned on the baseline, holding his racket with both hands, ready to receive the serve. Del Potro is on the opposite side of the court, preparing to serve. As the serve lands, Federer quickly moves forward to return the ball, using his racket to make contact with the ball. The ball is then returned by Del Potro, but Federer manages to return it with precision, winning the point. The score is now 15-0 in favor of Federers.

[COMMENTARY_EVAL] ROUGE score: {'rouge1': np.float64(0.03883495145631067), 'rouge2': np.float64(0.0), 'rougeL': np.float64(0.03883495145631067), 'rougeLsum': np.float64(0.03883495145631067)}
Generated sample at index 623

[COMMENTARY_EVAL] Sample index: 16
[COMMENTARY_EVAL] Ground truth description:
Quick serve, Federer returns a quick backhand return, couple of shots exchanged, Federer blasts a forehand winner down the line.
[COMMENTARY_EVAL] Model output:
In this tennis clip, Roger Federer and Juan Martin Del Potro are engaged in a point during a match at the London 2012 Olympics. The score is 15-30, indicating that Federer is leading in the game. Federers serves the ball, and Del Potro is on the receiving end. The ball is served from the right side of the court, and Del Potro returns it with a forehand. Federer then moves to the right side of the court to prepare for the next point. Del Potro returns the ball with a forehand, but Federer manages to return it with a backhand. The ball is then returned to Del Potro, who hits it with a forehand. Federer is unable to return the ball, and Del Potro wins the point. The ball is then returned to Federer, who hits it with a backhand. Del Potro is unable to return the ball, and Federers wins the point. The ball is then returned to Del Potro, who hits it with a forehand. Federers is unable to return the ball, and Del Potro wins the point. The ball is then returned to Federers, who hits it with a backhand. Del Potro

[COMMENTARY_EVAL] ROUGE score: {'rouge1': np.float64(0.0925925925925926), 'rouge2': np.float64(0.009345794392523364), 'rougeL': np.float64(0.08333333333333334), 'rougeLsum': np.float64(0.08333333333333334)}
Generated sample at index 567

[COMMENTARY_EVAL] Sample index: 54
[COMMENTARY_EVAL] Ground truth description:
Fine serve, Delpotro returns a quick forehand return winner.
[COMMENTARY_EVAL] Model output:
The clip captures a moment during a tennis match between Roger Federer and Juan Martin Del Potro at the London 2012 Olympics. The score is 30-15, indicating that Federer is leading the match. Federer is in the process of serving the ball, as seen in the video. He is wearing a red shirt and white shorts, and he is preparing to serve the ball. The ball is in the air, and the net is visible in the middle of the court. The crowd is watching the match intently. The score is 30-15, which means that Federer is ahead in the game. The match is taking place on a grass court, which is typical for Wimbledon-style tennis. The players are both wearing tennis shoes and are ready to continue the match. The match is in progress, and the players are focused on the game. The score is 30-15, which means that Federer is ahead in the game. The match is taking place on a grass court, which is typical for Wimbledon-style tennis. The players are both wearing tennis shoes and are ready to continue the match. The match is in progress, and the players are focused on the game. The score is 30

[COMMENTARY_EVAL] ROUGE score: {'rouge1': np.float64(0.01851851851851852), 'rouge2': np.float64(0.0), 'rougeL': np.float64(0.01851851851851852), 'rougeLsum': np.float64(0.01851851851851852)}
Generated sample at index 598

[COMMENTARY_EVAL] Sample index: 145
[COMMENTARY_EVAL] Ground truth description:
Federer aims a fine serve out wide, Delpotro reaches for a backhand return, Federer comes to net and slams a forehand winner.
[COMMENTARY_EVAL] Model output:
The tennis clip captures a point in a match between Roger Federer and Juan Martin Del Potro, with the score at 30-0. The scene opens with a close-up of Roger Federer, who is wearing a red shirt and a red headband, focused and ready to play. The camera then shifts to a wide view of the tennis court, showing Federer in the middle of the court, preparing to serve. The net is visible, and the Olympic rings are displayed on the net, indicating the event is part of the Olympic Games.

Federer serves the ball with a powerful swing, sending it toward the opponent. Del Potro is positioned on the opposite side of the net, ready to return the serve. The ball travels through the air, and Del Potro successfully returns it, sending it back to Federer. Federer then hits the ball with a strong forehand, sending it back across the net. Del Potro reaches out to return the ball, but Federer manages to keep the point alive.

The ball lands in the court, and Del Potro attempts to return it, but Federer is able to keep the point. The ball is then returned to Federers side, and Del Potro is unable to return it. The

[COMMENTARY_EVAL] ROUGE score: {'rouge1': np.float64(0.12173913043478261), 'rouge2': np.float64(0.0), 'rougeL': np.float64(0.07826086956521738), 'rougeLsum': np.float64(0.08695652173913043)}
Generated sample at index 120

[COMMENTARY_EVAL] Sample index: 80
[COMMENTARY_EVAL] Ground truth description:
Tsonga arrows a bodyline serve, Djokovic struggles with it.
[COMMENTARY_EVAL] Model output:
In the tennis clip, Jo-Wilfried Tsonga and Novak Djokovic are competing in a match that is tied at 15-15. The scene shows Tsonga on the left side of the court, preparing to serve. He is wearing a blue shirt and shorts with red shoes, and he is holding his racket in a ready position. Djokovic, on the right side of the court, is wearing a white shirt and blue shorts, and he is standing near the net, ready to receive the serve.

The point is in the middle of the game, and the tension is high as both players are focused on the next move. Tsonga serves the ball, and it lands in the air, but Djokovic is quick to react. He moves forward to return the ball, and the point is won by Djokovic. The ball is returned with a strong shot, and Djokovic wins the point. The score is now 16-15 in favor of Djokovic. The crowd watches intently as the point is played out, and the players' expressions show their focus and determination. The match is intense, and the players are both skilled and competitive.

[COMMENTARY_EVAL] ROUGE score: {'rouge1': np.float64(0.05999999999999999), 'rouge2': np.float64(0.0), 'rougeL': np.float64(0.05), 'rougeLsum': np.float64(0.04)}
Generated sample at index 567

[COMMENTARY_EVAL] Sample index: 54
[COMMENTARY_EVAL] Ground truth description:
Fine serve, Delpotro returns a quick forehand return winner.
[COMMENTARY_EVAL] Model output:
The tennis clip shows a point between Roger Federer and Juan Martin Del Potro during a match at the London 2012 Olympics. The score is 30-15, indicating that Federer is leading. Federer is seen on the right side of the court, preparing to serve. He is wearing a red shirt and white shorts, and he is positioned near the baseline. The ball is in the air, and Federer is in the process of serving. Del Potro is on the left side of the court, wearing a light blue shirt and white shorts, and he is positioned near the baseline. He is ready to receive the serve. The net is visible in the center of the court, and the audience is seated in the background. The match is taking place on a grass court, which is typical for Wimbledon-style tennis. The score of 30-15 suggests that Federer has won the point, and he is likely leading the match. The audience is watching intently, and the players are focused on the game. The match is likely part of the Olympic tennis tournament, and the players are competing for a medal. The clip captures a moment of intense competition and skill, as the players battle for victory.

[COMMENTARY_EVAL] ROUGE score: {'rouge1': np.float64(0.01851851851851852), 'rouge2': np.float64(0.0), 'rougeL': np.float64(0.01851851851851852), 'rougeLsum': np.float64(0.01851851851851852)}
Generated sample at index 221

[COMMENTARY_EVAL] Sample index: 127
[COMMENTARY_EVAL] Ground truth description:
Quick serve, Williams returns a quick backhand return, couple of shots exchanged, Sharapova sprays a forehand outside the court.
[COMMENTARY_EVAL] Model output:
The clip captures a dynamic tennis point between Serena Williams and Maria Sharapova during a match at the 2012 London Olympics. The scene is set on a grass court, with the players positioned on opposite sides of the net. Serena Williams, dressed in a black and red outfit, is in a ready stance, holding her racket, while Maria Sharapova, wearing a red and white outfit, is in motion, preparing to serve.

The point begins with Sharapova serving. She toss the ball into the air and strikes it with force, sending it towards the net. Serena Williams, anticipating the serve, moves into position to return the ball. She swings her racket with precision, hitting the ball back over the net. The ball travels across the court, and Sharapova responds by moving quickly to return it, showcasing her agility and skill.

The point concludes with Sharapova successfully returning the ball, winning the point. The score is now 15-30. The players continue their intense rally, with Sharapova demonstrating her dominance in this particular point. The match continues with both players focused and determined, highlighting the competitive nature of the game.

[COMMENTARY_EVAL] ROUGE score: {'rouge1': np.float64(0.08695652173913042), 'rouge2': np.float64(0.00975609756097561), 'rougeL': np.float64(0.0676328502415459), 'rougeLsum': np.float64(0.08695652173913042)}
Generated sample at index 24

[COMMENTARY_EVAL] Sample index: 101
[COMMENTARY_EVAL] Ground truth description:
Good serve in the middle, Djokovic works a forehand return, short rally, Tsonga runs to the net, crafts a forehand volley but misses the target.
[COMMENTARY_EVAL] Model output:
The clip captures a moment during a tennis match between Jo-Wilfried Tsonga and Novak Djokovic, with the score at 30-30. The scene begins with Tsonga, dressed in a blue outfit, preparing to serve. He holds the tennis ball in his right hand and is in the process of preparing his serve. The camera then pans to show Djokovic, who is wearing a white shirt and blue shorts, standing on the opposite side of the net, ready to receive the serve. 

As Tsonga serves, Djokovic is positioned to return the ball. The ball is served with a powerful swing, and Djokovic quickly reacts by moving to his right to return the ball. The ball is then seen in motion as Djokovic hits it back, and the camera captures the ball's trajectory as it travels towards the opponent's side of the court. 

The clip shows a moment of intense focus and athleticism as both players strive to outmaneuver each other. The audience watches intently, anticipating the next move. The ball is then seen in motion as it travels towards the opponent's side of the court, and the camera captures the ball's trajectory as it travels towards the opponent's side of the court. 

The

[COMMENTARY_EVAL] ROUGE score: {'rouge1': np.float64(0.10300429184549356), 'rouge2': np.float64(0.017316017316017313), 'rougeL': np.float64(0.08583690987124463), 'rougeLsum': np.float64(0.08583690987124463)}
[COMMENTARY_EVAL] Average ROUGE score: {'rouge1': 0.06193051078397158, 'rouge2': 0.003641790926951628, 'rougeL': 0.0520076534239058, 'rougeLsum': 0.05380958579105555}
Generated sample at index 203
Total token count: 953
Generated sample at index 359
Total token count: 943
Generated sample at index 610
Total token count: 950
Generated sample at index 690
Total token count: 949
Generated sample at index 729
Total token count: 2292
Generated sample at index 140
Total token count: 2278
Generated sample at index 347
Total token count: 1839
Generated sample at index 707
Total token count: 944
Emptied CUDA cache
{'loss': '20.38', 'grad_norm': '81.44', 'learning_rate': '7.378e-05', 'entropy': '1.352', 'num_tokens': '9.307e+05', 'mean_token_accuracy': '0.03129', 'epoch': '1.081'}
Generated sample at index 343
Total token count: 1388
Generated sample at index 736
Total token count: 1401
Generated sample at index 425
Total token count: 3176
Generated sample at index 634
Total token count: 945
Generated sample at index 424
Total token count: 2302
Generated sample at index 531
Total token count: 2284
Generated sample at index 629
Total token count: 2730
Generated sample at index 285
Total token count: 938
Emptied CUDA cache
{'loss': '20.48', 'grad_norm': '82.41', 'learning_rate': '7.316e-05', 'entropy': '1.351', 'num_tokens': '9.459e+05', 'mean_token_accuracy': '0.02815', 'epoch': '1.094'}
Generated sample at index 202
Total token count: 1841
Generated sample at index 564
Total token count: 1400
Generated sample at index 568
Total token count: 1413
Generated sample at index 422
Total token count: 944
Generated sample at index 17
Total token count: 1850
Generated sample at index 604
Total token count: 1404
Generated sample at index 513
Total token count: 959
Generated sample at index 480
Total token count: 1397
Emptied CUDA cache
{'loss': '20.21', 'grad_norm': '80.91', 'learning_rate': '7.254e-05', 'entropy': '1.368', 'num_tokens': '9.566e+05', 'mean_token_accuracy': '0.03326', 'epoch': '1.107'}
Generated sample at index 382
Total token count: 2283
Generated sample at index 701
Total token count: 949
Generated sample at index 89
Total token count: 1397
Generated sample at index 365
Total token count: 1399
Generated sample at index 627
Total token count: 1841
Generated sample at index 395
Total token count: 944
Generated sample at index 603
Total token count: 1398
Generated sample at index 354
Total token count: 941
Emptied CUDA cache
{'loss': '20.28', 'grad_norm': '83.48', 'learning_rate': '7.192e-05', 'entropy': '1.365', 'num_tokens': '9.683e+05', 'mean_token_accuracy': '0.03089', 'epoch': '1.121'}
Generated sample at index 299
Total token count: 942
Generated sample at index 615
Total token count: 1843
Generated sample at index 244
Total token count: 1835
Generated sample at index 655
Total token count: 964
Generated sample at index 178
Total token count: 1839
Generated sample at index 386
Total token count: 945
Generated sample at index 265
Total token count: 952
Generated sample at index 74
Total token count: 954
Emptied CUDA cache
{'loss': '20.24', 'grad_norm': '82.49', 'learning_rate': '7.129e-05', 'entropy': '1.378', 'num_tokens': '9.785e+05', 'mean_token_accuracy': '0.03306', 'epoch': '1.134'}
Generated sample at index 469
Total token count: 1397
Generated sample at index 732
Total token count: 940
Generated sample at index 351
Total token count: 2725
Generated sample at index 505
Total token count: 944
Generated sample at index 176
Total token count: 948
Generated sample at index 376
Total token count: 1842
Generated sample at index 458
Total token count: 944
Generated sample at index 633
Total token count: 1404
Emptied CUDA cache
{'loss': '20.22', 'grad_norm': '83.38', 'learning_rate': '7.066e-05', 'entropy': '1.327', 'num_tokens': '9.892e+05', 'mean_token_accuracy': '0.03265', 'epoch': '1.148'}
Generated sample at index 222
Total token count: 1400
Generated sample at index 407
Total token count: 1846
Generated sample at index 706
Total token count: 948
Generated sample at index 566
Total token count: 954
Generated sample at index 183
Total token count: 1830
Generated sample at index 441
Total token count: 1402
Generated sample at index 294
Total token count: 1396
Generated sample at index 302
Total token count: 1400
Emptied CUDA cache
{'loss': '19.96', 'grad_norm': '86.25', 'learning_rate': '7.002e-05', 'entropy': '1.374', 'num_tokens': '1e+06', 'mean_token_accuracy': '0.0322', 'epoch': '1.161'}
Generated sample at index 110
Total token count: 1851
Generated sample at index 208
Total token count: 945
Generated sample at index 495
Total token count: 950
Generated sample at index 745
Total token count: 2722
Generated sample at index 605
Total token count: 2728
Generated sample at index 97
Total token count: 1406
Generated sample at index 694
Total token count: 1401
Generated sample at index 515
Total token count: 1403
Emptied CUDA cache
{'loss': '20.1', 'grad_norm': '86.42', 'learning_rate': '6.938e-05', 'entropy': '1.346', 'num_tokens': '1.014e+06', 'mean_token_accuracy': '0.03157', 'epoch': '1.174'}
Generated sample at index 205
Total token count: 1401
Generated sample at index 416
Total token count: 2731
Generated sample at index 39
Total token count: 1389
Generated sample at index 381
Total token count: 4489
Generated sample at index 242
Total token count: 932
Generated sample at index 286
Total token count: 939
Generated sample at index 668
Total token count: 1405
Generated sample at index 117
Total token count: 1407
Emptied CUDA cache
{'loss': '19.79', 'grad_norm': '89.54', 'learning_rate': '6.873e-05', 'entropy': '1.378', 'num_tokens': '1.028e+06', 'mean_token_accuracy': '0.02886', 'epoch': '1.188'}
Generated sample at index 672
Total token count: 943
Generated sample at index 68
Total token count: 1409
Generated sample at index 66
Total token count: 956
Generated sample at index 332
Total token count: 1405
Generated sample at index 57
Total token count: 1409
Generated sample at index 1
Total token count: 951
Generated sample at index 322
Total token count: 941
Generated sample at index 196
Total token count: 1844
Emptied CUDA cache
{'loss': '19.67', 'grad_norm': '86.24', 'learning_rate': '6.808e-05', 'entropy': '1.379', 'num_tokens': '1.038e+06', 'mean_token_accuracy': '0.03773', 'epoch': '1.201'}
Generated sample at index 132
Generated sample at index 243
Total token count: 2277
Generated sample at index 122
Generated sample at index 489
Total token count: 1846
Generated sample at index 546
Generated sample at index 734
Total token count: 1842
Generated sample at index 584
Generated sample at index 437
Total token count: 1850
Generated sample at index 168
Generated sample at index 319
Total token count: 1391
Generated sample at index 744
Generated sample at index 577
Total token count: 2725
Generated sample at index 20
Generated sample at index 235
Total token count: 1395
Generated sample at index 601
Generated sample at index 353
Total token count: 1842
Generated sample at index 623
Generated sample at index 311
Total token count: 1403
Generated sample at index 207
Generated sample at index 501
Total token count: 1398
Generated sample at index 462
Generated sample at index 730
Total token count: 1406
Generated sample at index 477
Generated sample at index 380
Total token count: 1385
Generated sample at index 349
Generated sample at index 712
Total token count: 1845
Generated sample at index 467
Generated sample at index 547
Total token count: 2722
Generated sample at index 377
Generated sample at index 37
Total token count: 2282
Generated sample at index 310
Generated sample at index 239
Total token count: 947
Generated sample at index 259
Generated sample at index 578
Total token count: 1840
Generated sample at index 193
Generated sample at index 146
Total token count: 2731
Generated sample at index 116
Generated sample at index 614
Total token count: 2734
Generated sample at index 282
Generated sample at index 406
Total token count: 1844
Generated sample at index 80
Generated sample at index 141
Total token count: 1849
Generated sample at index 496
Generated sample at index 666
Total token count: 1398
Generated sample at index 154
Generated sample at index 307
Total token count: 1395
Generated sample at index 498
Generated sample at index 521
Total token count: 2300
Generated sample at index 177
Generated sample at index 457
Total token count: 1391
Generated sample at index 443
Generated sample at index 187
Total token count: 955
Generated sample at index 503
Generated sample at index 585
Total token count: 1843
Generated sample at index 567
Generated sample at index 421
Total token count: 2289
Generated sample at index 82
Generated sample at index 563
Total token count: 1854
Generated sample at index 44
Generated sample at index 553
Total token count: 2287
Generated sample at index 105
Generated sample at index 6
Total token count: 1847
Generated sample at index 677
Generated sample at index 611
Total token count: 1842
Generated sample at index 493
Generated sample at index 709
Total token count: 1385
Generated sample at index 373
Generated sample at index 248
Total token count: 1402
Generated sample at index 686
Generated sample at index 391
Total token count: 1412
Generated sample at index 473
Generated sample at index 372
Total token count: 956
Generated sample at index 88
Generated sample at index 581
Total token count: 1404
Generated sample at index 308
Generated sample at index 220
Total token count: 3175
Generated sample at index 575
Generated sample at index 594
Total token count: 1843
Generated sample at index 106
Generated sample at index 534
Total token count: 2290
Generated sample at index 120
Generated sample at index 323
Total token count: 954
Generated sample at index 157
Generated sample at index 298
Total token count: 1403
Generated sample at index 625
Generated sample at index 579
Total token count: 2286
Generated sample at index 345
Generated sample at index 258
Total token count: 1395
Generated sample at index 474
Generated sample at index 339
Total token count: 948
Generated sample at index 28
Generated sample at index 40
Total token count: 950
Generated sample at index 210
Generated sample at index 14
Total token count: 1399
Generated sample at index 544
Generated sample at index 357
Total token count: 1409
Generated sample at index 4
Generated sample at index 293
Total token count: 1402
Generated sample at index 238
Generated sample at index 714
Total token count: 2724
Generated sample at index 704
Generated sample at index 24
Total token count: 1413
Generated sample at index 635
Generated sample at index 530
Total token count: 3176
Generated sample at index 674
Generated sample at index 561
Total token count: 955
Generated sample at index 175
Generated sample at index 64
Total token count: 945
Generated sample at index 593
Generated sample at index 363
Total token count: 1841
Generated sample at index 214
Generated sample at index 717
Total token count: 2723
Generated sample at index 211
Generated sample at index 415
Total token count: 4498
Generated sample at index 556
Generated sample at index 195
Total token count: 1835
Generated sample at index 653
Generated sample at index 540
Total token count: 2726
Generated sample at index 93
Generated sample at index 472
Total token count: 1402
Generated sample at index 650
Generated sample at index 109
Total token count: 2295
Generated sample at index 548
Generated sample at index 100
Total token count: 1852
Generated sample at index 586
Generated sample at index 262
Total token count: 1843
Generated sample at index 693
Generated sample at index 221
Total token count: 1842
Generated sample at index 344
Generated sample at index 560
Total token count: 1833
Generated sample at index 184
Generated sample at index 342
Total token count: 1393
Generated sample at index 290
Generated sample at index 123
Total token count: 1392
Generated sample at index 417
Generated sample at index 681
Total token count: 2283
Generated sample at index 197
Generated sample at index 312
Total token count: 1399
Generated sample at index 148
Generated sample at index 562
Total token count: 1398
Generated sample at index 488
Generated sample at index 710
Total token count: 1397
Generated sample at index 396
Generated sample at index 36
Total token count: 958
Generated sample at index 413
Generated sample at index 598
Total token count: 968
Generated sample at index 204
Generated sample at index 670
Total token count: 1849
Generated sample at index 135
Generated sample at index 81
Total token count: 1850
Computing metrics on evaluation batch...
{'eval_loss': '19.82', 'eval_token_accuracy': '0', 'eval_runtime': '100.4', 'eval_samples_per_second': '1.495', 'eval_steps_per_second': '0.747', 'eval_entropy': '1.359', 'eval_num_tokens': '1.038e+06', 'eval_mean_token_accuracy': '0.03116', 'epoch': '1.201'}
================================================================================
Generation evaluation callback
================================================================================
Generated sample at index 540

[COMMENTARY_EVAL] Sample index: 117
[COMMENTARY_EVAL] Ground truth description:
Quick serve pointed out wide, Delpotro delivers a forehand return, Federer hits a backhand long out of court.
[COMMENTARY_EVAL] Model output:
The clip begins with a close-up of Roger Federer, who is wearing a red shirt and a red headband. He is focused and ready to play. The scene then transitions to a wider view of the tennis court, where Federer is seen preparing to serve. He toss the ball up and swings his racket, sending the ball into the air. The ball travels over the net and lands on the opponent's side of the court.

The opponent, Juan Martin Del Potro, is positioned on the opposite side of the court. He is wearing a blue shirt and white shorts. He is in a ready stance, anticipating the serve. Del Potro quickly moves to receive the serve, but the ball is not properly controlled, and he misses the ball. The ball lands on the ground, and Federer's serve is not a successful point.

The camera then focuses on Federer, who is now standing on the court. He looks at the ball, which is still on the ground, and then turns to face the opponent. He appears to be preparing for the next point. The opponent, Del Potro, is now in a ready stance, anticipating the next move. The score is now 15-30, and the point is over.

The clip ends

[COMMENTARY_EVAL] ROUGE score: {'rouge1': np.float64(0.05194805194805195), 'rouge2': np.float64(0.0), 'rougeL': np.float64(0.04329004329004329), 'rougeLsum': np.float64(0.05194805194805195)}
Generated sample at index 116

[COMMENTARY_EVAL] Sample index: 36
[COMMENTARY_EVAL] Ground truth description:
Huge serve guided at T, Tsonga puts back a forehand return, well contensted rally, Tsonga struggles to keep a forehand lob in a rally.
[COMMENTARY_EVAL] Model output:
In this tennis clip, Jo-Wilfried Tsonga and Novak Djokovic are engaged in a point on a grass court. The score is 30-0, indicating that Tsonga has won the point. Tsonga is seen in the foreground, preparing to return the ball. Djokovic is positioned on the opposite side of the net, ready to respond to Tsonga's return. The ball is served, and Djokovic is seen moving to receive it. The point is won by Tsonga, who successfully returns the ball. The clip captures the intensity and focus of the players as they compete.

[COMMENTARY_EVAL] ROUGE score: {'rouge1': np.float64(0.11764705882352941), 'rouge2': np.float64(0.017094017094017092), 'rougeL': np.float64(0.08403361344537816), 'rougeLsum': np.float64(0.08403361344537816)}
Generated sample at index 248

[COMMENTARY_EVAL] Sample index: 67
[COMMENTARY_EVAL] Ground truth description:
Williams aims a high kick serve, Sharapova puts back a backhand return, good rally, Serena produces a forehand cross-court winner.
[COMMENTARY_EVAL] Model output:
The tennis clip shows a point between Serena Williams and Maria Sharapova during a match. The score is 40-15, indicating that Serena Williams is leading. The sequence begins with Serena Williams preparing to serve, standing on her side of the court. She is focused and ready to make her serve. The camera then shifts to a wide view of the court, showing both players on the court. Serena Williams is in the process of serving, with her racket raised above her head, and Maria Sharapova is positioned on the other side of the net, ready to receive the serve. The ball is then seen in mid-air, heading towards Maria Sharapova. The ball is served with a powerful swing, and Maria Sharapova is seen preparing to return the serve. The ball is then seen bouncing off the court's surface and landing in the court's center. The point is then decided by the ball's trajectory and the players' actions. The ball is then seen in mid-air, heading towards Maria Sharapova. The ball is then seen in mid-air, heading towards Maria Sharapova. The ball is then seen in mid-air, heading towards Maria Sharapova. The ball is then seen in mid-air, heading towards Maria Sharapova

[COMMENTARY_EVAL] ROUGE score: {'rouge1': np.float64(0.07792207792207792), 'rouge2': np.float64(0.0), 'rougeL': np.float64(0.0606060606060606), 'rougeLsum': np.float64(0.0606060606060606)}
Generated sample at index 146

[COMMENTARY_EVAL] Sample index: 35
[COMMENTARY_EVAL] Ground truth description:
Williams serves a good one, Zvonareva delivers a backhand return, good rally, Serena hits a backhand cross-court but it lands wide of the court.
[COMMENTARY_EVAL] Model output:
In this tennis clip, the score is 15-15, indicating a tie at the start of the point. The players, Serena Williams and Vera Zvonareva, are on a grass court with the Olympic rings visible on the net, suggesting the match is part of a major tournament. Serena Williams is seen preparing to serve, holding her racket with both hands and positioning herself in the ready stance. She then serves the ball with a powerful swing, sending it toward the opponent. Vera Zvonareva, standing on the opposite side of the net, is ready to return the serve. She swings her racket and successfully returns the ball. The ball lands on the court, and the point is awarded to Vera Zvonareva. She then moves to the next point, but Serena Williams is seen returning the ball, indicating a possible continuation of the rally. The clip captures the intensity and skill of the players as they engage in the match.

[COMMENTARY_EVAL] ROUGE score: {'rouge1': np.float64(0.17486338797814208), 'rouge2': np.float64(0.022099447513812157), 'rougeL': np.float64(0.09836065573770493), 'rougeLsum': np.float64(0.09836065573770493)}
Generated sample at index 611

[COMMENTARY_EVAL] Sample index: 63
[COMMENTARY_EVAL] Ground truth description:
Fine serve, Federer delivers a backhand return, brief rally, Federer attempts a forehand cross-court but it lands wide.
[COMMENTARY_EVAL] Model output:
In the tennis clip, Roger Federer, wearing a red shirt and white shorts, is seen preparing to serve. He stands on the left side of the court, ready to initiate the point. The camera captures his focused expression as he positions himself for the serve. The ball is then tossed into the air, and Federer swings his racket with precision, sending the ball into the air. The ball travels across the net, and the camera follows it as it lands on the opposite side of the court.

On the other side of the court, Juan Martin Del Potro, dressed in a light blue shirt and white shorts, is ready to return the serve. He is positioned near the baseline, anticipating the incoming ball. As the ball comes down, Del Potro moves swiftly, preparing to return the serve. He swings his racket, making contact with the ball and sending it back across the net. The ball travels back towards Federer, who is now in a ready stance, anticipating the return.

The point continues with Del Potro successfully returning the serve, and the score is now 30-0. The players maintain their focus and precision throughout the point, demonstrating their skill and athleticism. The camera captures the intensity and excitement of the match, highlighting the players' movements

[COMMENTARY_EVAL] ROUGE score: {'rouge1': np.float64(0.07692307692307691), 'rouge2': np.float64(0.008620689655172414), 'rougeL': np.float64(0.05128205128205127), 'rougeLsum': np.float64(0.059829059829059825)}
Generated sample at index 36

[COMMENTARY_EVAL] Sample index: 143
[COMMENTARY_EVAL] Ground truth description:
Tsonga serves a good one out wide, Djokovic backhand return fails to make it over the net.
[COMMENTARY_EVAL] Model output:
The tennis clip captures a point between Jo-Wilfried Tsonga and Novak Djokovic during a match. The score is at Deuce, indicating that both players have equal points. Tsonga, positioned on the left side of the court, is in a ready stance, preparing to return the serve. Djokovic, on the right side, is also in position, anticipating the ball's trajectory. The ball is served, and Tsonga is ready to respond. Djokovic returns the ball with a forehand, but the ball is not in the right direction. The ball goes out of bounds, and Tsonga is able to return it with a forehand. The point is won by Tsonga, and the score is now 15-40.

[COMMENTARY_EVAL] ROUGE score: {'rouge1': np.float64(0.12030075187969924), 'rouge2': np.float64(0.0), 'rougeL': np.float64(0.09022556390977443), 'rougeLsum': np.float64(0.09022556390977443)}
Generated sample at index 312

[COMMENTARY_EVAL] Sample index: 137
[COMMENTARY_EVAL] Ground truth description:
Fine serve, backhand return from Williams finds the net.
[COMMENTARY_EVAL] Model output:
The tennis clip captures a pivotal moment in a match between Victoria Azarenka and Serena Williams. The score is 15-0, indicating that Serena Williams is leading the game. The scene begins with a close-up of Serena Williams, who is in a focused and intense stance, ready to return a shot. She is wearing a black and red outfit with a red headband, and her expression shows determination. The camera then pulls back to a wider view of the court, where Serena is positioned on the right side of the court, facing the net. The ball is in the air, just over the net, and Serena is preparing to return it. The opposing player, Victoria Azarenka, is on the left side of the court, and she is also in a ready position. The match is taking place on a grass court, and the atmosphere is intense. The score is 15-0, and the game is in the final point. Serena Williams is about to make a crucial shot, and the outcome of the point will determine the score. The ball is in the air, and Serena is preparing to return it. The opposing player is also in a ready position. The match is taking place on a grass court, and the atmosphere is intense. The

[COMMENTARY_EVAL] ROUGE score: {'rouge1': np.float64(0.035555555555555556), 'rouge2': np.float64(0.008968609865470854), 'rougeL': np.float64(0.026666666666666665), 'rougeLsum': np.float64(0.026666666666666665)}
Generated sample at index 248

[COMMENTARY_EVAL] Sample index: 67
[COMMENTARY_EVAL] Ground truth description:
Williams aims a high kick serve, Sharapova puts back a backhand return, good rally, Serena produces a forehand cross-court winner.
[COMMENTARY_EVAL] Model output:
In this tennis clip, Serena Williams and Maria Sharapova are engaged in a point during their match. The score is 40-15, indicating that Serena Williams is leading. The clip begins with Serena Williams in a focused stance, preparing to return a serve. She is wearing a red headband and a black and red athletic outfit with an American flag patch on her tank top. She is positioned on the left side of the court, ready to respond to the serve.

Maria Sharapova is on the right side of the court, in a ready stance, preparing to receive the serve. She is wearing a red top and white skirt, which is typical for her playing style. The camera captures the intensity of the moment as Serena Williams prepares to return the serve.

As the serve is delivered, Maria Sharapova is seen in motion, anticipating the return. Serena Williams swings her racket and hits the ball with precision, sending it back towards the net. The ball is then caught by Maria Sharapova, who is positioned to return it. The point ends with Maria Sharapova winning the point, as she successfully returns the serve. The camera captures the moment, highlighting the athleticism and skill of both players.

The clip emphasizes the competitive nature of the match and

[COMMENTARY_EVAL] ROUGE score: {'rouge1': np.float64(0.0847457627118644), 'rouge2': np.float64(0.0), 'rougeL': np.float64(0.059322033898305086), 'rougeLsum': np.float64(0.07627118644067797)}
Generated sample at index 81

[COMMENTARY_EVAL] Sample index: 149
[COMMENTARY_EVAL] Ground truth description:
Good serve in the middle, Djokovic returns a quick forehand return, rally, Tsonga rushes in quickly and volleys a backhand winner.
[COMMENTARY_EVAL] Model output:
The clip captures a pivotal moment in a tennis match between Jo-Wilfried Tsonga and Novak Djokovic, with the score at 15-15. The scene begins with Tsonga on the left side of the court, preparing to return a serve. He is positioned in a ready stance, focusing intently on the incoming ball. The opponent, Djokovic, is on the right side of the court, positioned to receive the serve.

As the serve lands, Djokovic swiftly moves to his right to return the ball. The ball is struck with precision, and Djokovic's return is strong and well-placed. The ball then travels across the net, and Tsonga is seen reacting quickly, attempting to return the ball. However, Djokovic's return is not as strong as expected, and the ball is not successfully returned.

The ball then bounces off the net and lands in the opponent's court. Djokovic is seen in a position to return the ball, but he fails to make contact. The ball is then returned to Tsonga, who is now in a position to win the point. Tsonga successfully returns the ball, and the point is won by Djokovic.

The clip captures the intensity and precision of

[COMMENTARY_EVAL] ROUGE score: {'rouge1': np.float64(0.10859728506787328), 'rouge2': np.float64(0.0091324200913242), 'rougeL': np.float64(0.08144796380090498), 'rougeLsum': np.float64(0.09954751131221719)}
Generated sample at index 363

[COMMENTARY_EVAL] Sample index: 109
[COMMENTARY_EVAL] Ground truth description:
Quick serve, Williams returns a quick backhand return, couple of shots exchanged, Azarenka forehand is unable to clear the net.
[COMMENTARY_EVAL] Model output:
In this tennis clip, Victoria Azarenka and Serena Williams are engaged in a point on a grass court. The score is 0-30, indicating that Azarenka has won the point. Azarenka is seen preparing to serve, with her racket raised and her body positioned for a powerful serve. She then serves the ball, which is seen traveling across the net. The ball is then returned by Williams, who is positioned on the other side of the net. Williams is seen returning the ball with a powerful swing, but Azarenka manages to return the ball with a well-placed shot, sending it back to Williams. The point is won by Azarenka, as she successfully returns the ball and wins the point. The clip captures the intensity and skill of both players as they compete on the court.

[COMMENTARY_EVAL] ROUGE score: {'rouge1': np.float64(0.14102564102564102), 'rouge2': np.float64(0.012987012987012988), 'rougeL': np.float64(0.08974358974358974), 'rougeLsum': np.float64(0.08974358974358974)}
[COMMENTARY_EVAL] Average ROUGE score: {'rouge1': 0.09895286498355119, 'rouge2': 0.007890219720680972, 'rougeL': 0.06849782423804793, 'rougeLsum': 0.07372319596391815}
Generated sample at index 136
Total token count: 942
Generated sample at index 61
Total token count: 1395
Generated sample at index 26
Total token count: 941
Generated sample at index 113
Total token count: 1417
Generated sample at index 583
Total token count: 948
Generated sample at index 108
Total token count: 1399
Generated sample at index 400
Total token count: 949
Generated sample at index 499
Total token count: 1404
Emptied CUDA cache
{'loss': '19.85', 'grad_norm': '87.33', 'learning_rate': '6.743e-05', 'entropy': '1.348', 'num_tokens': '1.048e+06', 'mean_token_accuracy': '0.03509', 'epoch': '1.215'}
Generated sample at index 510
Total token count: 1386
Generated sample at index 270
Total token count: 1391
Generated sample at index 334
Total token count: 1403
Generated sample at index 301
Total token count: 948
Generated sample at index 99
Total token count: 1852
Generated sample at index 75
Total token count: 1404
Generated sample at index 138
Total token count: 1399
Generated sample at index 662
Total token count: 954
Emptied CUDA cache
{'loss': '19.74', 'grad_norm': '89.66', 'learning_rate': '6.677e-05', 'entropy': '1.355', 'num_tokens': '1.059e+06', 'mean_token_accuracy': '0.03125', 'epoch': '1.228'}
Generated sample at index 429
Total token count: 1845
Generated sample at index 159
Total token count: 936
Generated sample at index 336
Total token count: 945
Generated sample at index 621
Total token count: 1843
Generated sample at index 287
Total token count: 939
Generated sample at index 179
Total token count: 1401
Generated sample at index 276
Total token count: 1375
Generated sample at index 537
Total token count: 1839
Emptied CUDA cache
{'loss': '19.86', 'grad_norm': '87.98', 'learning_rate': '6.611e-05', 'entropy': '1.37', 'num_tokens': '1.069e+06', 'mean_token_accuracy': '0.03147', 'epoch': '1.242'}
Generated sample at index 252
Total token count: 951
Generated sample at index 702
Total token count: 1844
Generated sample at index 518
Total token count: 1401
Generated sample at index 394
Total token count: 1402
Generated sample at index 232
Total token count: 1404
Generated sample at index 450
Total token count: 2723
Generated sample at index 162
Total token count: 1844
Generated sample at index 649
Total token count: 938
Emptied CUDA cache
{'loss': '19.71', 'grad_norm': '90.05', 'learning_rate': '6.545e-05', 'entropy': '1.387', 'num_tokens': '1.083e+06', 'mean_token_accuracy': '0.03045', 'epoch': '1.255'}
Generated sample at index 676
Total token count: 949
Generated sample at index 500
Total token count: 1398
Generated sample at index 264
Total token count: 1401
Generated sample at index 580
Total token count: 3171
Generated sample at index 507
Total token count: 938
Generated sample at index 665
Total token count: 1402
Generated sample at index 263
Total token count: 1382
Generated sample at index 557
Total token count: 964
Emptied CUDA cache
{'loss': '19.39', 'grad_norm': '93.52', 'learning_rate': '6.479e-05', 'entropy': '1.349', 'num_tokens': '1.094e+06', 'mean_token_accuracy': '0.03121', 'epoch': '1.268'}
Generated sample at index 143
Total token count: 1839
Generated sample at index 172
Total token count: 1399
Generated sample at index 181
Total token count: 1377
Generated sample at index 209
Total token count: 927
Generated sample at index 673
Total token count: 955
Generated sample at index 296
Total token count: 1405
Generated sample at index 602
Total token count: 1409
Generated sample at index 240
Total token count: 1402
Emptied CUDA cache
{'loss': '19.32', 'grad_norm': '92.52', 'learning_rate': '6.412e-05', 'entropy': '1.371', 'num_tokens': '1.104e+06', 'mean_token_accuracy': '0.0333', 'epoch': '1.282'}
Generated sample at index 687
Total token count: 3165
Generated sample at index 190
Total token count: 1402
Generated sample at index 53
Total token count: 1847
Generated sample at index 599
Total token count: 947
Generated sample at index 461
Total token count: 2291
Generated sample at index 5
Total token count: 956
Generated sample at index 708
Total token count: 1404
Generated sample at index 658
Total token count: 1400
Emptied CUDA cache
{'loss': '19.31', 'grad_norm': '94.46', 'learning_rate': '6.345e-05', 'entropy': '1.369', 'num_tokens': '1.118e+06', 'mean_token_accuracy': '0.03157', 'epoch': '1.295'}
Generated sample at index 229
Total token count: 1395
Generated sample at index 671
Total token count: 963
Generated sample at index 0
Total token count: 948
Generated sample at index 645
Total token count: 938
Generated sample at index 743
Total token count: 1848
Generated sample at index 65
Total token count: 1845
Generated sample at index 254
Total token count: 945
Generated sample at index 526
Total token count: 1843
Emptied CUDA cache
{'loss': '19.46', 'grad_norm': '92.07', 'learning_rate': '6.277e-05', 'entropy': '1.369', 'num_tokens': '1.128e+06', 'mean_token_accuracy': '0.034', 'epoch': '1.309'}
Generated sample at index 295
Total token count: 1401
Generated sample at index 573
Total token count: 1845
Generated sample at index 52
Total token count: 964
Generated sample at index 592
Total token count: 1404
Generated sample at index 335
Total token count: 2283
Generated sample at index 688
Total token count: 945
Generated sample at index 595
Total token count: 952
Generated sample at index 212
Total token count: 1397
Emptied CUDA cache
{'loss': '19.31', 'grad_norm': '93.65', 'learning_rate': '6.21e-05', 'entropy': '1.388', 'num_tokens': '1.14e+06', 'mean_token_accuracy': '0.03303', 'epoch': '1.322'}
Generated sample at index 715
Total token count: 941
Generated sample at index 466
Total token count: 1401
Generated sample at index 453
Total token count: 948
Generated sample at index 559
Total token count: 1847
Generated sample at index 527
Total token count: 953
Generated sample at index 476
Total token count: 1402
Generated sample at index 454
Total token count: 1848
Generated sample at index 83
Total token count: 1851
Emptied CUDA cache
{'loss': '19.22', 'grad_norm': '94.73', 'learning_rate': '6.142e-05', 'entropy': '1.374', 'num_tokens': '1.15e+06', 'mean_token_accuracy': '0.03291', 'epoch': '1.336'}
Generated sample at index 132
Generated sample at index 243
Total token count: 2277
Generated sample at index 122
Generated sample at index 489
Total token count: 1846
Generated sample at index 546
Generated sample at index 734
Total token count: 1842
Generated sample at index 584
Generated sample at index 437
Total token count: 1850
Generated sample at index 168
Generated sample at index 319
Total token count: 1391
Generated sample at index 744
Generated sample at index 577
Total token count: 2725
Generated sample at index 20
Generated sample at index 235
Total token count: 1395
Generated sample at index 601
Generated sample at index 353
Total token count: 1842
Generated sample at index 623
Generated sample at index 311
Total token count: 1403
Generated sample at index 207
Generated sample at index 501
Total token count: 1398
Generated sample at index 462
Generated sample at index 730
Total token count: 1406
Generated sample at index 477
Generated sample at index 380
Total token count: 1385
Generated sample at index 349
Generated sample at index 712
Total token count: 1845
Generated sample at index 467
Generated sample at index 547
Total token count: 2722
Generated sample at index 377
Generated sample at index 37
Total token count: 2282
Generated sample at index 310
Generated sample at index 239
Total token count: 947
Generated sample at index 259
Generated sample at index 578
Total token count: 1840
Generated sample at index 193
Generated sample at index 146
Total token count: 2731
Generated sample at index 116
Generated sample at index 614
Total token count: 2734
Generated sample at index 282
Generated sample at index 406
Total token count: 1844
Generated sample at index 80
Generated sample at index 141
Total token count: 1849
Generated sample at index 496
Generated sample at index 666
Total token count: 1398
Generated sample at index 154
Generated sample at index 307
Total token count: 1395
Generated sample at index 498
Generated sample at index 521
Total token count: 2300
Generated sample at index 177
Generated sample at index 457
Total token count: 1391
Generated sample at index 443
Generated sample at index 187
Total token count: 955
Generated sample at index 503
Generated sample at index 585
Total token count: 1843
Generated sample at index 567
Generated sample at index 421
Total token count: 2289
Generated sample at index 82
Generated sample at index 563
Total token count: 1854
Generated sample at index 44
Generated sample at index 553
Total token count: 2287
Generated sample at index 105
Generated sample at index 6
Total token count: 1847
Generated sample at index 677
Generated sample at index 611
Total token count: 1842
Generated sample at index 493
Generated sample at index 709
Total token count: 1385
Generated sample at index 373
Generated sample at index 248
Total token count: 1402
Generated sample at index 686
Generated sample at index 391
Total token count: 1412
Generated sample at index 473
Generated sample at index 372
Total token count: 956
Generated sample at index 88
Generated sample at index 581
Total token count: 1404
Generated sample at index 308
Generated sample at index 220
Total token count: 3175
Generated sample at index 575
Generated sample at index 594
Total token count: 1843
Generated sample at index 106
Generated sample at index 534
Total token count: 2290
Generated sample at index 120
Generated sample at index 323
Total token count: 954
Generated sample at index 157
Generated sample at index 298
Total token count: 1403
Generated sample at index 625
Generated sample at index 579
Total token count: 2286
Generated sample at index 345
Generated sample at index 258
Total token count: 1395
Generated sample at index 474
Generated sample at index 339
Total token count: 948
Generated sample at index 28
Generated sample at index 40
Total token count: 950
Generated sample at index 210
Generated sample at index 14
Total token count: 1399
Generated sample at index 544
Generated sample at index 357
Total token count: 1409
Generated sample at index 4
Generated sample at index 293
Total token count: 1402
Generated sample at index 238
Generated sample at index 714
Total token count: 2724
Generated sample at index 704
Generated sample at index 24
Total token count: 1413
Generated sample at index 635
Generated sample at index 530
Total token count: 3176
Generated sample at index 674
Generated sample at index 561
Total token count: 955
Generated sample at index 175
Generated sample at index 64
Total token count: 945
Generated sample at index 593
Generated sample at index 363
Total token count: 1841
Generated sample at index 214
Generated sample at index 717
Total token count: 2723
Generated sample at index 211
Generated sample at index 415
Total token count: 4498
Generated sample at index 556
Generated sample at index 195
Total token count: 1835
Generated sample at index 653
Generated sample at index 540
Total token count: 2726
Generated sample at index 93
Generated sample at index 472
Total token count: 1402
Generated sample at index 650
Generated sample at index 109
Total token count: 2295
Generated sample at index 548
Generated sample at index 100
Total token count: 1852
Generated sample at index 586
Generated sample at index 262
Total token count: 1843
Generated sample at index 693
Generated sample at index 221
Total token count: 1842
Generated sample at index 344
Generated sample at index 560
Total token count: 1833
Generated sample at index 184
Generated sample at index 342
Total token count: 1393
Generated sample at index 290
Generated sample at index 123
Total token count: 1392
Generated sample at index 417
Generated sample at index 681
Total token count: 2283
Generated sample at index 197
Generated sample at index 312
Total token count: 1399
Generated sample at index 148
Generated sample at index 562
Total token count: 1398
Generated sample at index 488
Generated sample at index 710
Total token count: 1397
Generated sample at index 396
Generated sample at index 36
Total token count: 958
Generated sample at index 413
Generated sample at index 598
Total token count: 968
Generated sample at index 204
Generated sample at index 670
Total token count: 1849
Generated sample at index 135
Generated sample at index 81
Total token count: 1850
Computing metrics on evaluation batch...
{'eval_loss': '19.19', 'eval_token_accuracy': '0', 'eval_runtime': '100.2', 'eval_samples_per_second': '1.497', 'eval_steps_per_second': '0.748', 'eval_entropy': '1.369', 'eval_num_tokens': '1.15e+06', 'eval_mean_token_accuracy': '0.03124', 'epoch': '1.336'}
================================================================================
Generation evaluation callback
================================================================================
Generated sample at index 81

[COMMENTARY_EVAL] Sample index: 149
[COMMENTARY_EVAL] Ground truth description:
Good serve in the middle, Djokovic returns a quick forehand return, rally, Tsonga rushes in quickly and volleys a backhand winner.
[COMMENTARY_EVAL] Model output:
The clip shows a point in a tennis match between Jo-Wilfried Tsonga and Novak Djokovic, with the score at 15-15. The players are on a grass court, and the match is taking place under the Olympic logo, indicating it is part of a major tournament. The first player, Tsonga, is on the left side of the court, and the second player, Djokovic, is on the right side. Tsonga is in a ready stance, holding his racket, and Djokovic is in a similar position. The ball is in motion, and Djokovic is preparing to return it. Tsonga then swings his racket, attempting to hit the ball. The ball is returned by Djokovic, who then moves forward to return the ball. The ball is then hit back by Tsonga, who is now in a ready stance, preparing to return the ball. The ball is then hit back by Djokovic, who is now in a ready stance, preparing to return the ball. The ball is then hit back by Tsonga, who is now in a ready stance, preparing to return the ball. The ball is then hit back by Djokovic, who is now in a ready stance, preparing to

[COMMENTARY_EVAL] ROUGE score: {'rouge1': np.float64(0.0821917808219178), 'rouge2': np.float64(0.0), 'rougeL': np.float64(0.07305936073059362), 'rougeLsum': np.float64(0.07305936073059362)}
Generated sample at index 635

[COMMENTARY_EVAL] Sample index: 102
[COMMENTARY_EVAL] Ground truth description:
Delpotro serves a high kick serve, Federer delivers a backhand return, brief rally, Delpotro cross-court forehand fails to land inside the court.
[COMMENTARY_EVAL] Model output:
The tennis clip shows a point being played between Roger Federer and Juan Martin Del Potro during a match. The score is 0-15, indicating that Del Potro is leading the set. The match is taking place on a grass court, and the players are positioned on opposite sides of the net. Federer is seen preparing to serve, while Del Potro is positioned on the opposite side of the court. The ball is served, and Del Potro returns it with a forehand. Federer then attempts to return the ball, but it is not successful. The ball goes out of bounds, and Del Potro wins the point. The players then exchange a few words before the next point. The clip captures the intensity and competitiveness of the match, as well as the skill and precision required to win a point in tennis.

[COMMENTARY_EVAL] ROUGE score: {'rouge1': np.float64(0.12195121951219512), 'rouge2': np.float64(0.012345679012345678), 'rougeL': np.float64(0.08536585365853658), 'rougeLsum': np.float64(0.08536585365853658)}
Generated sample at index 210

[COMMENTARY_EVAL] Sample index: 92
[COMMENTARY_EVAL] Ground truth description:
Fine serve, Williams delivers a backhand return, brief rally, Sharapova sends a forehand cross-court out of the court.
[COMMENTARY_EVAL] Model output:
In this tennis clip, we observe a point between Serena Williams and Maria Sharapova during a match. The score is 0-30, indicating that Serena Williams is serving. The scene begins with Serena Williams, dressed in a red top and white skirt, standing on the baseline, preparing to serve. She toss the ball into the air and strikes it with her racket, sending it over the net. The ball is then returned by Maria Sharapova, who is positioned on the opposite side of the court. Sharapova, wearing a dark outfit, returns the ball with her racket. The point ends with Sharapova winning the point. The score is now 0-30. The clip captures the dynamic exchange between the two players, highlighting their skill and precision in the game.

[COMMENTARY_EVAL] ROUGE score: {'rouge1': np.float64(0.10884353741496598), 'rouge2': np.float64(0.027586206896551724), 'rougeL': np.float64(0.08163265306122448), 'rougeLsum': np.float64(0.08163265306122448)}
Generated sample at index 82

[COMMENTARY_EVAL] Sample index: 56
[COMMENTARY_EVAL] Ground truth description:
Acute angled slice serve, Djokovic puts back a forehand return, lengthy exchange between the players, Tsonga rushes to net and hits a forehand smash winner.
[COMMENTARY_EVAL] Model output:
The clip captures a pivotal moment in a tennis match between Jo-Wilfried Tsonga and Novak Djokovic. The score is 30-15, indicating that Tsonga is leading. The scene begins with Tsonga serving the ball. He is seen in a dynamic position, preparing to serve, with his body poised and ready. As he serves, the ball is seen traveling across the net, indicating a strong serve.

In response, Djokovic is seen preparing to return the serve. He is positioned on the opposite side of the court, ready to react. The ball is then seen in motion, traveling across the net. Djokovic is seen reacting to the ball, attempting to return it. The ball is seen in motion, traveling across the net.

The clip captures the intensity of the match, with both players demonstrating their skills and athleticism. The score is 30-15, indicating that Tsonga is leading. The players' actions are focused on the ball, with both players trying to gain an advantage. The clip captures the tension and excitement of the match, as both players strive to win the point.

[COMMENTARY_EVAL] ROUGE score: {'rouge1': np.float64(0.11650485436893201), 'rouge2': np.float64(0.00980392156862745), 'rougeL': np.float64(0.07766990291262135), 'rougeLsum': np.float64(0.11650485436893201)}
Generated sample at index 146

[COMMENTARY_EVAL] Sample index: 35
[COMMENTARY_EVAL] Ground truth description:
Williams serves a good one, Zvonareva delivers a backhand return, good rally, Serena hits a backhand cross-court but it lands wide of the court.
[COMMENTARY_EVAL] Model output:
The clip captures a point during a tennis match between Serena Williams and Vera Zvonareva. The match is taking place on a grass court, which is evident from the striped pattern of the surface. The court is marked with the Olympic rings logo, indicating it might be part of a larger tournament, possibly the Olympics. The players are both dressed in athletic attire, with Serena Williams wearing a blue outfit and Vera Zvonareva in a darker outfit.

The sequence begins with Serena Williams preparing to serve. She is positioned on the left side of the court, holding her racket with both hands and getting ready to serve. The ball is then tossed into the air, and she swings her racket, sending the ball over the net. The ball travels across the net and lands on the opposite side of the court. 

Vera Zvonareva is then seen returning the ball with her racket. She is positioned on the right side of the court, and she swings her racket to return the ball. The ball is then hit back over the net, and it lands on the left side of the court. 

The point is then played out as Serena Williams attempts to return the ball. She is seen running across the court, and she swings her racket to return the ball. The

[COMMENTARY_EVAL] ROUGE score: {'rouge1': np.float64(0.10569105691056911), 'rouge2': np.float64(0.02459016393442623), 'rougeL': np.float64(0.08943089430894309), 'rougeLsum': np.float64(0.10569105691056911)}
Generated sample at index 184

[COMMENTARY_EVAL] Sample index: 130
[COMMENTARY_EVAL] Ground truth description:
Massive serve is an ace.
[COMMENTARY_EVAL] Model output:
In this tennis clip, Serena Williams is on the left side of the court, and Vera Zvonareva is on the right side. The score is 15-0, indicating that Serena Williams is leading. Serena Williams is preparing to serve the ball. She takes a few steps back, raises her racket, and then serves the ball. The ball travels over the net, and Vera Zvonareva is ready to return the serve. She swings her racket and hits the ball. The ball lands on the other side of the net. The score is now 15-0, and the point is won by Serena Williams. The clip shows the intensity and skill of both players as they compete in the match.

[COMMENTARY_EVAL] ROUGE score: {'rouge1': np.float64(0.032520325203252036), 'rouge2': np.float64(0.0), 'rougeL': np.float64(0.032520325203252036), 'rougeLsum': np.float64(0.032520325203252036)}
Generated sample at index 693

[COMMENTARY_EVAL] Sample index: 126
[COMMENTARY_EVAL] Ground truth description:
Federer serves a good one, Delpotro delivers a backhand return, good rally, Federer hits a forehand cross-court drop-shot winner.
[COMMENTARY_EVAL] Model output:
In this tennis clip, Roger Federer is seen on the left side of the court, preparing to return a serve. He is in a ready stance, holding his racket with both hands, and is focused on the incoming ball. The ball is served by Juan Martin Del Potro, who is positioned on the right side of the court. Del Potro's serve is powerful and fast, and Federer is able to react quickly, moving forward and hitting the ball with precision. The ball is then returned by Federer, who is able to keep the point alive. The point ends with Federer winning the point, as he is able to return the ball with a strong shot. The score is now 40-0. The clip captures the intensity and skill of the players as they compete in this high-pressure match.

[COMMENTARY_EVAL] ROUGE score: {'rouge1': np.float64(0.09937888198757763), 'rouge2': np.float64(0.0), 'rougeL': np.float64(0.07453416149068323), 'rougeLsum': np.float64(0.07453416149068323)}
Generated sample at index 380

[COMMENTARY_EVAL] Sample index: 23
[COMMENTARY_EVAL] Ground truth description:
Good bodyline serve, Federer miss-hits the return which doesn't make it over the net.
[COMMENTARY_EVAL] Model output:
In this tennis clip, Roger Federer and Juan Martin Del Potro are engaged in a point during a match. Federer, dressed in a light blue shirt and white shorts, is positioned on the right side of the court. Del Potro, wearing a red shirt and white shorts, is on the left side. The match is taking place on a grass court, which is marked with white lines and a net with the Olympic rings on both sides. The score is 15-0, indicating that Federer is leading. Federer is preparing to serve, holding his racket in his right hand and standing with his body slightly turned. Del Potro is in a ready stance, holding his racket in his right hand and watching Federer. The ball is in the air, and Federer is about to serve. The match is intense, and the players are focused on each other. The score is 15-0, and Federer is leading. The players are ready to serve, and the ball is in the air. The match is intense, and the players are focused on each other. The score is 15-0, and Federer is leading. The players are ready to serve, and the ball is in the air. The match is

[COMMENTARY_EVAL] ROUGE score: {'rouge1': np.float64(0.05405405405405406), 'rouge2': np.float64(0.0), 'rougeL': np.float64(0.036036036036036036), 'rougeLsum': np.float64(0.036036036036036036)}
Generated sample at index 20

[COMMENTARY_EVAL] Sample index: 12
[COMMENTARY_EVAL] Ground truth description:
Good serve aimed at T, Tsonga forehand return doesn't land inside the court.
[COMMENTARY_EVAL] Model output:
In this tennis clip, Jo-Wilfried Tsonga is seen on the left side of the court, preparing to return a shot. He is positioned near the baseline, ready to react to the incoming ball. The ball is seen in motion, traveling from the right side of the court towards the left side, indicating that the point is in progress. Tsonga takes a step forward and swings his racket, attempting to return the ball. However, the ball is not returned effectively, and it lands on the ground. The point is then scored by Novak Djokovic, who is positioned on the right side of the court. Djokovic takes a step forward and successfully returns the ball, winning the point. The clip captures the intensity and precision of the match, showcasing the players' skills and the competitive nature of the game.

[COMMENTARY_EVAL] ROUGE score: {'rouge1': np.float64(0.05263157894736841), 'rouge2': np.float64(0.013333333333333332), 'rougeL': np.float64(0.05263157894736841), 'rougeLsum': np.float64(0.05263157894736841)}
Generated sample at index 377

[COMMENTARY_EVAL] Sample index: 28
[COMMENTARY_EVAL] Ground truth description:
Heavy serve aimed at T, Azarenka crafts a forehand return, long rally, Azarenka thumps a forehand winner down the line.
[COMMENTARY_EVAL] Model output:
In the tennis clip, the match is between Victoria Azarenka and Serena Williams. The score is Deuce, indicating that both players have equal points. The video begins with Victoria Azarenka, wearing a white shirt and a green headband, preparing to return a serve. Serena Williams, dressed in a red and black outfit, is on the opposite side of the net, ready to receive the ball.

As the rally progresses, Serena Williams hits the ball back to Victoria Azarenka. Victoria Azarenka responds by hitting the ball back to Serena Williams. The point continues with both players exchanging shots, but the ball eventually goes out of bounds. The score remains Deuce, and the players are seen celebrating the point. The video captures the intensity and skill of the match, highlighting the players' determination and athleticism.

[COMMENTARY_EVAL] ROUGE score: {'rouge1': np.float64(0.10457516339869281), 'rouge2': np.float64(0.0), 'rougeL': np.float64(0.0784313725490196), 'rougeLsum': np.float64(0.0784313725490196)}
[COMMENTARY_EVAL] Average ROUGE score: {'rouge1': 0.08783424526195248, 'rouge2': 0.00876593047452844, 'rougeL': 0.06813121388982783, 'rougeLsum': 0.07364072529562152}
Generated sample at index 508
Total token count: 946
Generated sample at index 536
Total token count: 938
Generated sample at index 369
Total token count: 2285
Generated sample at index 574
Total token count: 953
Generated sample at index 260
Total token count: 949
Generated sample at index 685
Total token count: 1404
Generated sample at index 735
Total token count: 2283
Generated sample at index 47
Total token count: 950
Emptied CUDA cache
{'loss': '18.97', 'grad_norm': '96.17', 'learning_rate': '6.074e-05', 'entropy': '1.391', 'num_tokens': '1.162e+06', 'mean_token_accuracy': '0.03295', 'epoch': '1.349'}
Generated sample at index 587
Total token count: 1847
Generated sample at index 596
Total token count: 941
Generated sample at index 398
Total token count: 1845
Generated sample at index 703
Total token count: 954
Generated sample at index 191
Total token count: 1404
Generated sample at index 94
Total token count: 951
Generated sample at index 465
Total token count: 941
Generated sample at index 552
Total token count: 950
Emptied CUDA cache
{'loss': '18.92', 'grad_norm': '95.94', 'learning_rate': '6.005e-05', 'entropy': '1.359', 'num_tokens': '1.172e+06', 'mean_token_accuracy': '0.03527', 'epoch': '1.362'}
Generated sample at index 103
Total token count: 1402
Generated sample at index 275
Total token count: 944
Generated sample at index 641
Total token count: 2290
Generated sample at index 410
Total token count: 1399
Generated sample at index 228
Total token count: 1395
Generated sample at index 129
Total token count: 1840
Generated sample at index 542
Total token count: 1410
Generated sample at index 118
Total token count: 962
Emptied CUDA cache
{'loss': '18.93', 'grad_norm': '97.35', 'learning_rate': '5.937e-05', 'entropy': '1.399', 'num_tokens': '1.184e+06', 'mean_token_accuracy': '0.03229', 'epoch': '1.376'}
Generated sample at index 582
Total token count: 1402
Generated sample at index 341
Total token count: 1386
Generated sample at index 288
Total token count: 956
Generated sample at index 483
Total token count: 1406
Generated sample at index 96
Total token count: 1849
Generated sample at index 19
Total token count: 1409
Generated sample at index 12
Total token count: 961
Generated sample at index 160
Total token count: 1383
Emptied CUDA cache
{'loss': '18.68', 'grad_norm': '97.09', 'learning_rate': '5.868e-05', 'entropy': '1.412', 'num_tokens': '1.194e+06', 'mean_token_accuracy': '0.03742', 'epoch': '1.389'}
Generated sample at index 166
Total token count: 1835
Generated sample at index 661
Total token count: 947
Generated sample at index 620
Total token count: 1845
Generated sample at index 722
Total token count: 945
Generated sample at index 636
Total token count: 1405
Generated sample at index 570
Total token count: 1401
Generated sample at index 491
Total token count: 2732
Generated sample at index 337
Total token count: 1400
Emptied CUDA cache
{'loss': '19.05', 'grad_norm': '98.95', 'learning_rate': '5.799e-05', 'entropy': '1.354', 'num_tokens': '1.206e+06', 'mean_token_accuracy': '0.03029', 'epoch': '1.403'}
Generated sample at index 571
Total token count: 1393
Generated sample at index 600
Total token count: 938
Generated sample at index 59
Total token count: 952
Generated sample at index 404
Total token count: 1841
Generated sample at index 390
Total token count: 2285
Generated sample at index 438
Total token count: 1839
Generated sample at index 549
Total token count: 956
Generated sample at index 597
Total token count: 950
Emptied CUDA cache
{'loss': '18.95', 'grad_norm': '99.16', 'learning_rate': '5.73e-05', 'entropy': '1.356', 'num_tokens': '1.218e+06', 'mean_token_accuracy': '0.032', 'epoch': '1.416'}
Generated sample at index 112
Total token count: 1415
Generated sample at index 470
Total token count: 948
Generated sample at index 153
Total token count: 1377
Generated sample at index 486
Total token count: 959
Generated sample at index 137
Total token count: 941
Generated sample at index 590
Total token count: 1840
Generated sample at index 233
Total token count: 1376
Generated sample at index 215
Total token count: 1395
Emptied CUDA cache
{'loss': '18.61', 'grad_norm': '99.85', 'learning_rate': '5.661e-05', 'entropy': '1.396', 'num_tokens': '1.228e+06', 'mean_token_accuracy': '0.0336', 'epoch': '1.43'}
Generated sample at index 338
Total token count: 944
Generated sample at index 188
Total token count: 1376
Generated sample at index 383
Total token count: 2283
Generated sample at index 460
Total token count: 1403
Generated sample at index 436
Total token count: 1841
Generated sample at index 367
Total token count: 948
Generated sample at index 182
Total token count: 2284
Generated sample at index 328
Total token count: 946
Emptied CUDA cache
{'loss': '18.85', 'grad_norm': '101.3', 'learning_rate': '5.592e-05', 'entropy': '1.347', 'num_tokens': '1.24e+06', 'mean_token_accuracy': '0.03057', 'epoch': '1.443'}
Generated sample at index 375
Total token count: 1402
Generated sample at index 54
Total token count: 961
Generated sample at index 384
Total token count: 1404
Generated sample at index 657
Total token count: 949
Generated sample at index 78
Total token count: 950
Generated sample at index 606
Total token count: 950
Generated sample at index 225
Total token count: 1840
Generated sample at index 664
Total token count: 1396
Emptied CUDA cache
{'loss': '18.34', 'grad_norm': '101.3', 'learning_rate': '5.523e-05', 'entropy': '1.393', 'num_tokens': '1.25e+06', 'mean_token_accuracy': '0.03602', 'epoch': '1.456'}
Generated sample at index 683
Total token count: 951
Generated sample at index 646
Total token count: 937
Generated sample at index 399
Total token count: 4059
Generated sample at index 638
Total token count: 954
Generated sample at index 280
Total token count: 1834
Generated sample at index 716
Total token count: 1851
Generated sample at index 218
Total token count: 936
Generated sample at index 277
Total token count: 935
Emptied CUDA cache
{'loss': '18.42', 'grad_norm': '102.4', 'learning_rate': '5.453e-05', 'entropy': '1.43', 'num_tokens': '1.263e+06', 'mean_token_accuracy': '0.03111', 'epoch': '1.47'}
Generated sample at index 132
Generated sample at index 243
Total token count: 2277
Generated sample at index 122
Generated sample at index 489
Total token count: 1846
Generated sample at index 546
Generated sample at index 734
Total token count: 1842
Generated sample at index 584
Generated sample at index 437
Total token count: 1850
Generated sample at index 168
Generated sample at index 319
Total token count: 1391
Generated sample at index 744
Generated sample at index 577
Total token count: 2725
Generated sample at index 20
Generated sample at index 235
Total token count: 1395
Generated sample at index 601
Generated sample at index 353
Total token count: 1842
Generated sample at index 623
Generated sample at index 311
Total token count: 1403
Generated sample at index 207
Generated sample at index 501
Total token count: 1398
Generated sample at index 462
Generated sample at index 730
Total token count: 1406
Generated sample at index 477
Generated sample at index 380
Total token count: 1385
Generated sample at index 349
Generated sample at index 712
Total token count: 1845
Generated sample at index 467
Generated sample at index 547
Total token count: 2722
Generated sample at index 377
Generated sample at index 37
Total token count: 2282
Generated sample at index 310
Generated sample at index 239
Total token count: 947
Generated sample at index 259
Generated sample at index 578
Total token count: 1840
Generated sample at index 193
Generated sample at index 146
Total token count: 2731
Generated sample at index 116
Generated sample at index 614
Total token count: 2734
Generated sample at index 282
Generated sample at index 406
Total token count: 1844
Generated sample at index 80
Generated sample at index 141
Total token count: 1849
Generated sample at index 496
Generated sample at index 666
Total token count: 1398
Generated sample at index 154
Generated sample at index 307
Total token count: 1395
Generated sample at index 498
Generated sample at index 521
Total token count: 2300
Generated sample at index 177
Generated sample at index 457
Total token count: 1391
Generated sample at index 443
Generated sample at index 187
Total token count: 955
Generated sample at index 503
Generated sample at index 585
Total token count: 1843
Generated sample at index 567
Generated sample at index 421
Total token count: 2289
Generated sample at index 82
Generated sample at index 563
Total token count: 1854
Generated sample at index 44
Generated sample at index 553
Total token count: 2287
Generated sample at index 105
Generated sample at index 6
Total token count: 1847
Generated sample at index 677
Generated sample at index 611
Total token count: 1842
Generated sample at index 493
Generated sample at index 709
Total token count: 1385
Generated sample at index 373
Generated sample at index 248
Total token count: 1402
Generated sample at index 686
Generated sample at index 391
Total token count: 1412
Generated sample at index 473
Generated sample at index 372
Total token count: 956
Generated sample at index 88
Generated sample at index 581
Total token count: 1404
Generated sample at index 308
Generated sample at index 220
Total token count: 3175
Generated sample at index 575
Generated sample at index 594
Total token count: 1843
Generated sample at index 106
Generated sample at index 534
Total token count: 2290
Generated sample at index 120
Generated sample at index 323
Total token count: 954
Generated sample at index 157
Generated sample at index 298
Total token count: 1403
Generated sample at index 625
Generated sample at index 579
Total token count: 2286
Generated sample at index 345
Generated sample at index 258
Total token count: 1395
Generated sample at index 474
Generated sample at index 339
Total token count: 948
Generated sample at index 28
Generated sample at index 40
Total token count: 950
Generated sample at index 210
Generated sample at index 14
Total token count: 1399
Generated sample at index 544
Generated sample at index 357
Total token count: 1409
Generated sample at index 4
Generated sample at index 293
Total token count: 1402
Generated sample at index 238
Generated sample at index 714
Total token count: 2724
Generated sample at index 704
Generated sample at index 24
Total token count: 1413
Generated sample at index 635
Generated sample at index 530
Total token count: 3176
Generated sample at index 674
Generated sample at index 561
Total token count: 955
Generated sample at index 175
Generated sample at index 64
Total token count: 945
Generated sample at index 593
Generated sample at index 363
Total token count: 1841
Generated sample at index 214
Generated sample at index 717
Total token count: 2723
Generated sample at index 211
Generated sample at index 415
Total token count: 4498
Generated sample at index 556
Generated sample at index 195
Total token count: 1835
Generated sample at index 653
Generated sample at index 540
Total token count: 2726
Generated sample at index 93
Generated sample at index 472
Total token count: 1402
Generated sample at index 650
Generated sample at index 109
Total token count: 2295
Generated sample at index 548
Generated sample at index 100
Total token count: 1852
Generated sample at index 586
Generated sample at index 262
Total token count: 1843
Generated sample at index 693
Generated sample at index 221
Total token count: 1842
Generated sample at index 344
Generated sample at index 560
Total token count: 1833
Generated sample at index 184
Generated sample at index 342
Total token count: 1393
Generated sample at index 290
Generated sample at index 123
Total token count: 1392
Generated sample at index 417
Generated sample at index 681
Total token count: 2283
Generated sample at index 197
Generated sample at index 312
Total token count: 1399
Generated sample at index 148
Generated sample at index 562
Total token count: 1398
Generated sample at index 488
Generated sample at index 710
Total token count: 1397
Generated sample at index 396
Generated sample at index 36
Total token count: 958
Generated sample at index 413
Generated sample at index 598
Total token count: 968
Generated sample at index 204
Generated sample at index 670
Total token count: 1849
Generated sample at index 135
Generated sample at index 81
Total token count: 1850
Computing metrics on evaluation batch...
{'eval_loss': '18.59', 'eval_token_accuracy': '0', 'eval_runtime': '100.8', 'eval_samples_per_second': '1.488', 'eval_steps_per_second': '0.744', 'eval_entropy': '1.379', 'eval_num_tokens': '1.263e+06', 'eval_mean_token_accuracy': '0.0314', 'epoch': '1.47'}
================================================================================
Generation evaluation callback
================================================================================
Generated sample at index 406

[COMMENTARY_EVAL] Sample index: 39
[COMMENTARY_EVAL] Ground truth description:
Fine serve placed at T, Federer returns a backhand slice return, short rally, Federer nets a forehand down the line.
[COMMENTARY_EVAL] Model output:
In this tennis clip, the score is 30-15, indicating that the player in red is leading. The player in red, who is likely Roger Federer, is seen preparing to return the serve. He is positioned on the right side of the court, with his back to the net, and he is ready to receive the serve. The player in blue, who is likely Juan Martin Del Potro, is on the left side of the court, preparing to serve. The serve is sent from the player in blue, and the player in red, who is now in a ready position, returns the ball. The player in red then hits the ball with his racket, and it lands on the opponent's side of the court. The player in blue, who is now on the right side of the court, returns the ball. The player in red then hits the ball back to the player in blue, who is now on the left side of the court. The player in blue then returns the ball, and the point is won by the player in red. The player in red then walks back to his position on the right side of the court, and the point is over. The player in blue then walks back to his position on the left side of the

[COMMENTARY_EVAL] ROUGE score: {'rouge1': np.float64(0.049586776859504134), 'rouge2': np.float64(0.0), 'rougeL': np.float64(0.033057851239669415), 'rougeLsum': np.float64(0.033057851239669415)}
Generated sample at index 80

[COMMENTARY_EVAL] Sample index: 40
[COMMENTARY_EVAL] Ground truth description:
Sharp angled slice serve, Djokovic returns a forehand return, couple of shots exchanged, Djokovic slaps a forehand cross-court winner.
[COMMENTARY_EVAL] Model output:
The clip captures a dynamic moment during the men's singles quarter-final match between Jo-Wilfried Tsonga and Novak Djokovic. The scoreboard indicates that Tsonga is leading 1-3, but the score has just shifted to 1-15, suggesting a significant point has been scored by Djokovic. Tsonga is seen on the left side of the court, preparing to return a shot. He takes a step forward, then swings his racket, attempting to return the ball. The ball is seen in mid-air, indicating a powerful serve or a strong return. The ball lands on the opposite side of the net, where Djokovic is positioned. Djokovic, standing on the right side of the court, is seen reaching for the ball, indicating a possible return. However, the ball appears to be out of bounds or missed, as Djokovic fails to return it. The net is visible in the center of the court, and the players are in full motion. The crowd is visible in the background, watching the match intently. The score remains at 1-15, with Djokovic leading. The players' actions and point outcome are captured in this moment, highlighting the intensity and skill of the match.

[COMMENTARY_EVAL] ROUGE score: {'rouge1': np.float64(0.07339449541284405), 'rouge2': np.float64(0.0), 'rougeL': np.float64(0.06422018348623852), 'rougeLsum': np.float64(0.06422018348623852)}
Generated sample at index 593

[COMMENTARY_EVAL] Sample index: 108
[COMMENTARY_EVAL] Ground truth description:
Delpotro serves in the middle, Federer returns a backhand return, Delpotro fails to keep a forehand in the play.
[COMMENTARY_EVAL] Model output:
In this tennis clip, the players are engaged in a point during a match. The player in the blue shirt is on the left side of the court, and the player in the red shirt is on the right side. The player in the blue shirt is serving the ball, and the player in the red shirt is preparing to return the serve. The player in the blue shirt serves the ball, and the player in the red shirt returns it. The player in the blue shirt then hits the ball, and the player in the red shirt returns it. The player in the blue shirt then hits the ball, and the player in the red shirt returns it. The player in the blue shirt then hits the ball, and the player in the red shirt returns it. The player in the blue shirt then hits the ball, and the player in the red shirt returns it. The player in the blue shirt then hits the ball, and the player in the red shirt returns it. The player in the blue shirt then hits the ball, and the player in the red shirt returns it. The player in the blue shirt then hits the ball, and the player in the red shirt returns it. The player in the blue shirt then hits the ball, and the player in the red shirt returns it

[COMMENTARY_EVAL] ROUGE score: {'rouge1': np.float64(0.07936507936507936), 'rouge2': np.float64(0.016), 'rougeL': np.float64(0.047619047619047616), 'rougeLsum': np.float64(0.047619047619047616)}
Generated sample at index 623

[COMMENTARY_EVAL] Sample index: 16
[COMMENTARY_EVAL] Ground truth description:
Quick serve, Federer returns a quick backhand return, couple of shots exchanged, Federer blasts a forehand winner down the line.
[COMMENTARY_EVAL] Model output:
The clip captures a tennis point between Roger Federer and Juan Martin Del Potro during a match at the London 2012 Olympics. The scoreboard shows the score as 15-30, indicating that Del Potro is leading in this point. Federer is positioned on the right side of the court, preparing to return the ball. Del Potro is on the left side, ready to attack. The match is taking place on a grass court, and the players are dressed in their respective team uniforms. The court is surrounded by a purple wall with the Olympic rings and the text "London 2012." The players are focused and determined as they prepare for the next point. Del Potro is in a strong position, ready to make a move, while Federer is preparing to return the ball. The clip captures the intensity and skill of the players as they compete in this high-pressure match.

[COMMENTARY_EVAL] ROUGE score: {'rouge1': np.float64(0.08187134502923976), 'rouge2': np.float64(0.0), 'rougeL': np.float64(0.058479532163742694), 'rougeLsum': np.float64(0.058479532163742694)}
Generated sample at index 238

[COMMENTARY_EVAL] Sample index: 98
[COMMENTARY_EVAL] Ground truth description:
Nice serve guided at T, Williams puts back a forehand return before a Sharapova forehand flies outside the court.
[COMMENTARY_EVAL] Model output:
In the tennis clip, Serena Williams and Maria Sharapova are engaged in a point on a grass court. The score is 40-15, indicating that Serena Williams is leading. The clip begins with a close-up of Serena Williams, who is wearing a red viser and appears to be preparing for the next shot. She is focused and ready to make her move.

As the clip progresses, Serena Williams is seen in a ready stance, holding her racket and preparing to serve. She toss the ball up and serves it to Maria Sharapova. Maria Sharapova is positioned on the opposite side of the court, ready to return the serve. The camera captures the serve and the initial exchange of the ball, showing the intensity of the match.

The point continues with Serena Williams attempting to return the serve. Maria Sharapova is seen in motion, preparing to return the ball. The rally is intense, with both players demonstrating their skills and determination. The clip captures the dynamic movement and competitive spirit of the match, highlighting the athleticism and focus of both players.

The point concludes with Serena Williams successfully returning the serve, putting her in a strong position to win the point. The final shot of the clip shows Serena Williams in control, with the score now 4

[COMMENTARY_EVAL] ROUGE score: {'rouge1': np.float64(0.06779661016949153), 'rouge2': np.float64(0.008547008547008546), 'rougeL': np.float64(0.05084745762711865), 'rougeLsum': np.float64(0.06779661016949153)}
Generated sample at index 293

[COMMENTARY_EVAL] Sample index: 97
[COMMENTARY_EVAL] Ground truth description:
Double Fault.
[COMMENTARY_EVAL] Model output:
In this tennis clip, the point is being played between Victoria Azarenka and Serena Williams. The score is 15-40, which means Azarenka is serving. Azarenka is seen preparing to serve, holding her racket with both hands, and focusing on the ball. The ball is then tossed into the air and struck with force, sending it towards the net. The ball is then hit by Williams, who is positioned on the other side of the net. Williams is seen hitting the ball back to Azarenka, who is now on the receiving end of the return. The ball is then hit back again by Williams, who is now on the other side of the net. The ball is then hit by Azarenka, who is now on the other side of the net. The ball is then hit back again by Williams, who is now on the other side of the net. The ball is then hit by Azarenka, who is now on the other side of the net. The ball is then hit back again by Williams, who is now on the other side of the net. The ball is then hit by Azarenka, who is now on the other side of the net. The ball is then hit back again by Williams,

[COMMENTARY_EVAL] ROUGE score: {'rouge1': np.float64(0.0), 'rouge2': np.float64(0.0), 'rougeL': np.float64(0.0), 'rougeLsum': np.float64(0.0)}
Generated sample at index 472

[COMMENTARY_EVAL] Sample index: 119
[COMMENTARY_EVAL] Ground truth description:
Fine serve, Delpotro works a backhand return, brief rally, Delpotro forehand down the line just lands long.
[COMMENTARY_EVAL] Model output:
In the tennis clip, Roger Federer, dressed in a red shirt and wearing a Swiss flag emblem, is seen on the court preparing to return a serve. He is positioned on the left side of the court, and the ball is in the air, indicating a serve. The opposing player, Juan Martin Del Potro, is on the right side of the court, wearing a blue shirt and white shorts. Del Potro is preparing to return the serve.

Federer takes a powerful swing, sending the ball over the net. The ball lands on the opposite side of the court. Del Potro quickly responds, reaching for the ball and attempting to return it. However, the ball is not strong enough to make contact, and it falls short. The point is then awarded to Federer, as Del Potro fails to return the serve successfully.

The score is now A-40, indicating that Federer has won the point. The scene captures the intensity and precision of the match, with Federer's powerful serve and Del Potro's quick reaction. The clip highlights the skill and strategy involved in this high-pressure moment of the game.

[COMMENTARY_EVAL] ROUGE score: {'rouge1': np.float64(0.04807692307692307), 'rouge2': np.float64(0.0), 'rougeL': np.float64(0.04807692307692307), 'rougeLsum': np.float64(0.03846153846153846)}
Generated sample at index 681

[COMMENTARY_EVAL] Sample index: 135
[COMMENTARY_EVAL] Ground truth description:
High kick serve, Delpotro returns a forehand return, long rally, Federer overcooks a forehand long.
[COMMENTARY_EVAL] Model output:
In this tennis clip, Roger Federer, dressed in a red shirt and white shorts, is seen preparing to serve. He is positioned on the left side of the court, holding his racket and looking focused. He toss the ball into the air and then swings his racket to make contact with the ball. The ball is then sent over the net to Juan Martin Del Potro, who is positioned on the right side of the court, wearing a blue shirt and white shorts. Del Potro is in a ready stance, anticipating the serve. He is then seen preparing to return the serve. The ball is then seen traveling over the net, and Del Potro is seen hitting the ball back over the net. The ball is then seen traveling over the net, and Federer is seen returning the ball. The ball is then seen traveling over the net, and Del Potro is seen hitting the ball back over the net. The ball is then seen traveling over the net, and Federer is seen returning the ball. The ball is then seen traveling over the net, and Del Potro is seen hitting the ball back over the net. The ball is then seen traveling over the net, and Federer is seen returning the ball. The ball is then seen traveling over the net

[COMMENTARY_EVAL] ROUGE score: {'rouge1': np.float64(0.04219409282700422), 'rouge2': np.float64(0.0), 'rougeL': np.float64(0.03375527426160338), 'rougeLsum': np.float64(0.03375527426160338)}
Generated sample at index 493

[COMMENTARY_EVAL] Sample index: 64
[COMMENTARY_EVAL] Ground truth description:
Delpotro hits a good serve, Federer struggles with it.
[COMMENTARY_EVAL] Model output:
In this tennis clip, Roger Federer and Juan Martin Del Potro are engaged in a point during a match. The sequence begins with Federer preparing to serve, holding his racket and focusing on the ball. He then serves the ball with precision, sending it into the air. The ball travels across the court and lands near the net, where Del Potro is positioned. Del Potro is ready to return the serve, but Federer's serve is well-placed, allowing him to keep the ball in play. The ball is then returned by Del Potro, who is in a strong position to make a good return. The point is won by Federer, as he successfully returns the ball to the net and wins the point. The audience watches intently, anticipating the next move in the match.

[COMMENTARY_EVAL] ROUGE score: {'rouge1': np.float64(0.08333333333333334), 'rouge2': np.float64(0.014084507042253521), 'rougeL': np.float64(0.05555555555555556), 'rougeLsum': np.float64(0.05555555555555556)}
Generated sample at index 710

[COMMENTARY_EVAL] Sample index: 141
[COMMENTARY_EVAL] Ground truth description:
Flat serve aimed out wide, Delpotro works a backhand return, Federer forehand lands out-side the court.
[COMMENTARY_EVAL] Model output:
In the tennis clip, Roger Federer and Juan Martin Del Potro are engaged in a point during a match. The score is Deuce, meaning both players have equal points. Federer is seen in a powerful stance, preparing to return a serve. He swings his racket with precision, executing a strong forehand shot. The ball is sent towards Del Potro, who is positioned on the opposite side of the court. Del Potro reacts quickly, moving to intercept the ball with his forehand. However, Federer's shot is well-placed and lands just beyond Del Potro's reach. The ball goes over the net and lands on the far side of the court, indicating a successful point for Federer. Del Potro appears to be momentarily stunned by the outcome. The match continues with both players adjusting their positions, ready for the next point. The clip captures the intensity and skill involved in this crucial moment of the match.

[COMMENTARY_EVAL] ROUGE score: {'rouge1': np.float64(0.10404624277456648), 'rouge2': np.float64(0.011695906432748537), 'rougeL': np.float64(0.08092485549132948), 'rougeLsum': np.float64(0.08092485549132948)}
[COMMENTARY_EVAL] Average ROUGE score: {'rouge1': 0.06296648988479861, 'rouge2': 0.00503274220220106, 'rougeL': 0.04725366805212284, 'rougeLsum': 0.047987044844821664}
Generated sample at index 532
Total token count: 938
Generated sample at index 514
Total token count: 944
Generated sample at index 713
Total token count: 1850
Generated sample at index 385
Total token count: 955
Generated sample at index 101
Total token count: 950
Generated sample at index 121
Total token count: 1401
Generated sample at index 726
Total token count: 1406
Generated sample at index 63
Total token count: 951
Emptied CUDA cache
{'loss': '18.5', 'grad_norm': '100.9', 'learning_rate': '5.384e-05', 'entropy': '1.387', 'num_tokens': '1.272e+06', 'mean_token_accuracy': '0.03472', 'epoch': '1.483'}
Generated sample at index 149
Total token count: 936
Generated sample at index 427
Total token count: 2731
Generated sample at index 711
Total token count: 946
Generated sample at index 535
Total token count: 1405
Generated sample at index 379
Total token count: 937
Generated sample at index 647
Total token count: 1846
Generated sample at index 223
Total token count: 1404
Generated sample at index 667
Total token count: 2728
Emptied CUDA cache
{'loss': '18.44', 'grad_norm': '102.7', 'learning_rate': '5.314e-05', 'entropy': '1.397', 'num_tokens': '1.283e+06', 'mean_token_accuracy': '0.03172', 'epoch': '1.497'}
Generated sample at index 479
Total token count: 2289
Generated sample at index 481
Total token count: 1405
Generated sample at index 72
Total token count: 952
Generated sample at index 409
Total token count: 1408
Generated sample at index 23
Total token count: 957
Generated sample at index 741
Total token count: 1405
Generated sample at index 366
Total token count: 1383
Generated sample at index 77
Total token count: 1401
Emptied CUDA cache
{'loss': '18.31', 'grad_norm': '103.6', 'learning_rate': '5.244e-05', 'entropy': '1.392', 'num_tokens': '1.296e+06', 'mean_token_accuracy': '0.03235', 'epoch': '1.51'}
Generated sample at index 217
Total token count: 2726
Generated sample at index 613
Total token count: 1405
Generated sample at index 165
Total token count: 1396
Generated sample at index 401
Total token count: 955
Generated sample at index 692
Total token count: 957
Generated sample at index 56
Total token count: 951
Generated sample at index 455
Total token count: 952
Generated sample at index 451
Total token count: 942
Emptied CUDA cache
{'loss': '18.02', 'grad_norm': '104.5', 'learning_rate': '5.174e-05', 'entropy': '1.4', 'num_tokens': '1.306e+06', 'mean_token_accuracy': '0.03508', 'epoch': '1.523'}
Generated sample at index 516
Total token count: 1390
Generated sample at index 200
Total token count: 942
Generated sample at index 226
Total token count: 1398
Generated sample at index 107
Total token count: 1848
Generated sample at index 364
Total token count: 2285
Generated sample at index 234
Total token count: 936
Generated sample at index 7
Total token count: 1846
Generated sample at index 95
Total token count: 1844
Emptied CUDA cache
{'loss': '18.34', 'grad_norm': '104.9', 'learning_rate': '5.105e-05', 'entropy': '1.404', 'num_tokens': '1.318e+06', 'mean_token_accuracy': '0.02922', 'epoch': '1.537'}
Generated sample at index 84
Total token count: 1398
Generated sample at index 324
Total token count: 940
Generated sample at index 69
Total token count: 956
Generated sample at index 251
Total token count: 1398
Generated sample at index 261
Total token count: 1840
Generated sample at index 392
Total token count: 1394
Generated sample at index 523
Total token count: 4494
Generated sample at index 256
Total token count: 1404
Emptied CUDA cache
{'loss': '18.25', 'grad_norm': '106.1', 'learning_rate': '5.035e-05', 'entropy': '1.391', 'num_tokens': '1.332e+06', 'mean_token_accuracy': '0.03206', 'epoch': '1.55'}
Generated sample at index 725
Total token count: 1407
Generated sample at index 151
Total token count: 1848
Generated sample at index 675
Total token count: 956
Generated sample at index 617
Total token count: 950
Generated sample at index 680
Total token count: 1838
Generated sample at index 632
Total token count: 949
Generated sample at index 378
Total token count: 2283
Generated sample at index 497
Total token count: 1401
Emptied CUDA cache
{'loss': '18.25', 'grad_norm': '104.3', 'learning_rate': '4.965e-05', 'entropy': '1.392', 'num_tokens': '1.344e+06', 'mean_token_accuracy': '0.03174', 'epoch': '1.564'}
Generated sample at index 393
Total token count: 953
Generated sample at index 76
Total token count: 956
Generated sample at index 700
Total token count: 1844
Generated sample at index 198
Total token count: 1400
Generated sample at index 471
Total token count: 1400
Generated sample at index 266
Total token count: 1406
Generated sample at index 124
Total token count: 1848
Generated sample at index 490
Total token count: 1385
Emptied CUDA cache
{'loss': '18', 'grad_norm': '105.4', 'learning_rate': '4.895e-05', 'entropy': '1.412', 'num_tokens': '1.355e+06', 'mean_token_accuracy': '0.03435', 'epoch': '1.577'}
Generated sample at index 119
Total token count: 2288
Generated sample at index 305
Total token count: 1395
Generated sample at index 16
Total token count: 968
Generated sample at index 446
Total token count: 950
Generated sample at index 281
Total token count: 1402
Generated sample at index 227
Total token count: 1402
Generated sample at index 435
Total token count: 2287
Generated sample at index 104
Total token count: 1847
Emptied CUDA cache
{'loss': '17.92', 'grad_norm': '107.1', 'learning_rate': '4.826e-05', 'entropy': '1.407', 'num_tokens': '1.367e+06', 'mean_token_accuracy': '0.03336', 'epoch': '1.591'}
Generated sample at index 432
Total token count: 2285
Generated sample at index 11
Total token count: 1412
Generated sample at index 449
Total token count: 1393
Generated sample at index 194
Total token count: 1835
Generated sample at index 30
Total token count: 1406
Generated sample at index 695
Total token count: 1399
Generated sample at index 485
Total token count: 949
Generated sample at index 333
Total token count: 1385
Emptied CUDA cache
{'loss': '18.03', 'grad_norm': '108.5', 'learning_rate': '4.756e-05', 'entropy': '1.378', 'num_tokens': '1.38e+06', 'mean_token_accuracy': '0.03106', 'epoch': '1.604'}
Generated sample at index 132
Generated sample at index 243
Total token count: 2277
Generated sample at index 122
Generated sample at index 489
Total token count: 1846
Generated sample at index 546
Generated sample at index 734
Total token count: 1842
Generated sample at index 584
Generated sample at index 437
Total token count: 1850
Generated sample at index 168
Generated sample at index 319
Total token count: 1391
Generated sample at index 744
Generated sample at index 577
Total token count: 2725
Generated sample at index 20
Generated sample at index 235
Total token count: 1395
Generated sample at index 601
Generated sample at index 353
Total token count: 1842
Generated sample at index 623
Generated sample at index 311
Total token count: 1403
Generated sample at index 207
Generated sample at index 501
Total token count: 1398
Generated sample at index 462
Generated sample at index 730
Total token count: 1406
Generated sample at index 477
Generated sample at index 380
Total token count: 1385
Generated sample at index 349
Generated sample at index 712
Total token count: 1845
Generated sample at index 467
Generated sample at index 547
Total token count: 2722
Generated sample at index 377
Generated sample at index 37
Total token count: 2282
Generated sample at index 310
Generated sample at index 239
Total token count: 947
Generated sample at index 259
Generated sample at index 578
Total token count: 1840
Generated sample at index 193
Generated sample at index 146
Total token count: 2731
Generated sample at index 116
Generated sample at index 614
Total token count: 2734
Generated sample at index 282
Generated sample at index 406
Total token count: 1844
Generated sample at index 80
Generated sample at index 141
Total token count: 1849
Generated sample at index 496
Generated sample at index 666
Total token count: 1398
Generated sample at index 154
Generated sample at index 307
Total token count: 1395
Generated sample at index 498
Generated sample at index 521
Total token count: 2300
Generated sample at index 177
Generated sample at index 457
Total token count: 1391
Generated sample at index 443
Generated sample at index 187
Total token count: 955
Generated sample at index 503
Generated sample at index 585
Total token count: 1843
Generated sample at index 567
Generated sample at index 421
Total token count: 2289
Generated sample at index 82
Generated sample at index 563
Total token count: 1854
Generated sample at index 44
Generated sample at index 553
Total token count: 2287
Generated sample at index 105
Generated sample at index 6
Total token count: 1847
Generated sample at index 677
Generated sample at index 611
Total token count: 1842
Generated sample at index 493
Generated sample at index 709
Total token count: 1385
Generated sample at index 373
Generated sample at index 248
Total token count: 1402
Generated sample at index 686
Generated sample at index 391
Total token count: 1412
Generated sample at index 473
Generated sample at index 372
Total token count: 956
Generated sample at index 88
Generated sample at index 581
Total token count: 1404
Generated sample at index 308
Generated sample at index 220
Total token count: 3175
Generated sample at index 575
Generated sample at index 594
Total token count: 1843
Generated sample at index 106
Generated sample at index 534
Total token count: 2290
Generated sample at index 120
Generated sample at index 323
Total token count: 954
Generated sample at index 157
Generated sample at index 298
Total token count: 1403
Generated sample at index 625
Generated sample at index 579
Total token count: 2286
Generated sample at index 345
Generated sample at index 258
Total token count: 1395
Generated sample at index 474
Generated sample at index 339
Total token count: 948
Generated sample at index 28
Generated sample at index 40
Total token count: 950
Generated sample at index 210
Generated sample at index 14
Total token count: 1399
Generated sample at index 544
Generated sample at index 357
Total token count: 1409
Generated sample at index 4
Generated sample at index 293
Total token count: 1402
Generated sample at index 238
Generated sample at index 714
Total token count: 2724
Generated sample at index 704
Generated sample at index 24
Total token count: 1413
Generated sample at index 635
Generated sample at index 530
Total token count: 3176
Generated sample at index 674
Generated sample at index 561
Total token count: 955
Generated sample at index 175
Generated sample at index 64
Total token count: 945
Generated sample at index 593
Generated sample at index 363
Total token count: 1841
Generated sample at index 214
Generated sample at index 717
Total token count: 2723
Generated sample at index 211
Generated sample at index 415
Total token count: 4498
Generated sample at index 556
Generated sample at index 195
Total token count: 1835
Generated sample at index 653
Generated sample at index 540
Total token count: 2726
Generated sample at index 93
Generated sample at index 472
Total token count: 1402
Generated sample at index 650
Generated sample at index 109
Total token count: 2295
Generated sample at index 548
Generated sample at index 100
Total token count: 1852
Generated sample at index 586
Generated sample at index 262
Total token count: 1843
Generated sample at index 693
Generated sample at index 221
Total token count: 1842
Generated sample at index 344
Generated sample at index 560
Total token count: 1833
Generated sample at index 184
Generated sample at index 342
Total token count: 1393
Generated sample at index 290
Generated sample at index 123
Total token count: 1392
Generated sample at index 417
Generated sample at index 681
Total token count: 2283
Generated sample at index 197
Generated sample at index 312
Total token count: 1399
Generated sample at index 148
Generated sample at index 562
Total token count: 1398
Generated sample at index 488
Generated sample at index 710
Total token count: 1397
Generated sample at index 396
Generated sample at index 36
Total token count: 958
Generated sample at index 413
Generated sample at index 598
Total token count: 968
Generated sample at index 204
Generated sample at index 670
Total token count: 1849
Generated sample at index 135
Generated sample at index 81
Total token count: 1850
Computing metrics on evaluation batch...
{'eval_loss': '18.03', 'eval_token_accuracy': '0', 'eval_runtime': '101.5', 'eval_samples_per_second': '1.478', 'eval_steps_per_second': '0.739', 'eval_entropy': '1.389', 'eval_num_tokens': '1.38e+06', 'eval_mean_token_accuracy': '0.03148', 'epoch': '1.604'}
================================================================================
Generation evaluation callback
================================================================================
Generated sample at index 122

[COMMENTARY_EVAL] Sample index: 2
[COMMENTARY_EVAL] Ground truth description:
Quick serve, Djokovic crafts a forehand return, rally, Tsonga cross-court forehand fails to land inside the court.
[COMMENTARY_EVAL] Model output:
In the tennis clip, Jo-Wilfried Tsonga and Novak Djokovic are engaged in a point on a grass court. Tsonga, wearing a blue shirt and shorts, is positioned on the left side of the court. He is seen preparing to return a serve. The opponent, Novak Djokovic, is on the right side of the court, wearing a white shirt and blue shorts. The serve is made by Djokovic, who is positioned at the back of the court. Tsonga then attempts to return the serve, but the ball goes out of bounds. The point is then awarded to Djokovic, who has won the point. The score is now 15-40. The clip shows the players' actions and the point outcome in detail.

[COMMENTARY_EVAL] ROUGE score: {'rouge1': np.float64(0.12949640287769784), 'rouge2': np.float64(0.014598540145985401), 'rougeL': np.float64(0.10071942446043165), 'rougeLsum': np.float64(0.10071942446043165)}
Generated sample at index 37

[COMMENTARY_EVAL] Sample index: 29
[COMMENTARY_EVAL] Ground truth description:
Tsonga serves a acute angled slice serve, Djokovic crafts a forehand return, couple of shots exchanged, Djokovic hits a forehand down the line but fails to clear the net.
[COMMENTARY_EVAL] Model output:
The clip begins with a close-up of Jo-Wilfried Tsonga, who is intensely focused, likely preparing for a crucial point. The scene then transitions to a wide view of the tennis court, where two players are in the middle of a point. The player on the left, wearing a blue outfit, is preparing to serve. The player on the right, wearing a white outfit, is ready to receive the serve. The serve is executed with precision, and the ball is sent across the net. The player in white then returns the serve with a powerful forehand, sending the ball back towards the opponent. The player in blue, in a defensive stance, attempts to return the ball but misses. The point ends with the player in white winning the point. The score is now A-40, indicating a close match. The players' actions are focused and intense, showcasing their skill and determination. The court is well-lit, and the players' movements are fluid and precise. The clip captures the intensity and excitement of a high-pressure match.

[COMMENTARY_EVAL] ROUGE score: {'rouge1': np.float64(0.1262135922330097), 'rouge2': np.float64(0.00980392156862745), 'rougeL': np.float64(0.08737864077669902), 'rougeLsum': np.float64(0.08737864077669902)}
Generated sample at index 312

[COMMENTARY_EVAL] Sample index: 137
[COMMENTARY_EVAL] Ground truth description:
Fine serve, backhand return from Williams finds the net.
[COMMENTARY_EVAL] Model output:
In the tennis clip, Victoria Azarenka and Serena Williams are engaged in a point during their match. The score is 15-0, indicating that Azarenka has won the point. Azarenka is seen preparing to serve, holding her racket with both hands and positioning herself on the court. She then swings her racket and sends the ball towards the net. The ball is caught by the opposing player, who is positioned on the other side of the net. Azarenka's serve is well-executed, and the ball lands on the opponent's side of the court. The opponent, Serena Williams, is seen reacting to the serve and preparing to return the ball. The ball is then returned by Williams, who is also positioned on the other side of the net. The point is won by Azarenka, who successfully returns the ball and scores the point. The score is now 15-0 in favor of Azarenka. The clip captures the intensity and skill of both players as they compete in the match.

[COMMENTARY_EVAL] ROUGE score: {'rouge1': np.float64(0.0558659217877095), 'rouge2': np.float64(0.011299435028248588), 'rougeL': np.float64(0.0558659217877095), 'rougeLsum': np.float64(0.0558659217877095)}
Generated sample at index 686

[COMMENTARY_EVAL] Sample index: 68
[COMMENTARY_EVAL] Ground truth description:
Huge serve is an ace.
[COMMENTARY_EVAL] Model output:
The clip captures a moment during a tennis match between Roger Federer and Juan Martin Del Potro at the 2012 London Olympics. The score is 15-0, indicating that Federer has won the point. The scene is set on a grass court, with Federer in a red shirt and white shorts, preparing to return a serve. Del Potro, in a blue shirt and white shorts, is positioned on the other side of the net. Federer is seen in a ready stance, holding his racket, and appears to be preparing to return a serve. Del Potro is in a similar stance, ready to receive the ball. The background features the Olympic logo and the words "London 2012," emphasizing the significance of the event. The court is surrounded by spectators and officials, adding to the atmosphere of the match. The players' actions and the point outcome suggest a competitive and intense moment in the game.

[COMMENTARY_EVAL] ROUGE score: {'rouge1': np.float64(0.02531645569620253), 'rouge2': np.float64(0.0), 'rougeL': np.float64(0.02531645569620253), 'rougeLsum': np.float64(0.02531645569620253)}
Generated sample at index 258

[COMMENTARY_EVAL] Sample index: 87
[COMMENTARY_EVAL] Ground truth description:
Fine serve, Sharapova puts back a backhand return, brief rally, Serena smacks a forehand winner down the line.
[COMMENTARY_EVAL] Model output:
In this tennis clip, Serena Williams and Maria Sharapova are competing in a point during their match. Serena Williams is seen preparing to serve the ball, standing on the baseline with her racket raised. She then serves the ball, and it goes into the air. Maria Sharapova is positioned on the other side of the net, ready to return the serve. She hits the ball back, but it is not a successful return, as it lands out of bounds. The point is then scored in favor of Serena Williams.

[COMMENTARY_EVAL] ROUGE score: {'rouge1': np.float64(0.14953271028037382), 'rouge2': np.float64(0.0), 'rougeL': np.float64(0.11214953271028037), 'rougeLsum': np.float64(0.11214953271028037)}
Generated sample at index 377

[COMMENTARY_EVAL] Sample index: 28
[COMMENTARY_EVAL] Ground truth description:
Heavy serve aimed at T, Azarenka crafts a forehand return, long rally, Azarenka thumps a forehand winner down the line.
[COMMENTARY_EVAL] Model output:
The tennis clip features a point between Victoria Azarenka and Serena Williams during a match at the Olympics. The score is Deuce, indicating that both players have equal points. The clip begins with a close-up of Victoria Azarenka, who is focused and ready to play. She is seen preparing for the next move, possibly anticipating a serve or a return. 

The camera then shifts to a wider view of the court, showing both players on opposite sides of the net. Serena Williams is seen preparing to return the ball, with her body positioned to make a strong return. Victoria Azarenka is in a ready stance, anticipating the ball's trajectory. The ball is then seen in motion, being hit back and forth between the two players.

As the point progresses, Victoria Azarenka is seen making a powerful shot, sending the ball across the net. Serena Williams responds by returning the ball with a strong forehand. The ball is then seen in mid-air, heading towards the other side of the court. Victoria Azarenka is seen reacting to the return, possibly preparing for a follow-up shot.

The clip ends with Serena Williams having successfully returned the ball, and Victoria Azarenka looking towards the net. The score is now 30-30,

[COMMENTARY_EVAL] ROUGE score: {'rouge1': np.float64(0.07792207792207792), 'rouge2': np.float64(0.0), 'rougeL': np.float64(0.06926406926406926), 'rougeLsum': np.float64(0.06926406926406926)}
Generated sample at index 220

[COMMENTARY_EVAL] Sample index: 75
[COMMENTARY_EVAL] Ground truth description:
Good serve aimed at T, it's an ace.
[COMMENTARY_EVAL] Model output:
In this tennis clip, Serena Williams and Maria Sharapova are competing in a point during a match. The score is tied at 15-15. Serena Williams is on the left side of the court, preparing to return a shot. She is in a ready stance, holding her racket, and is looking towards the ball. The ball is in the air, and Serena is about to make a return. Maria Sharapova is on the right side of the court, also preparing to respond to the serve. She is standing near the baseline, ready to react to the ball. The match is in progress, and both players are focused on the ball. The point is about to be decided by the outcome of this return.

[COMMENTARY_EVAL] ROUGE score: {'rouge1': np.float64(0.030303030303030307), 'rouge2': np.float64(0.0), 'rougeL': np.float64(0.015151515151515154), 'rougeLsum': np.float64(0.015151515151515154)}
Generated sample at index 717

[COMMENTARY_EVAL] Sample index: 111
[COMMENTARY_EVAL] Ground truth description:
Good serve aimed in the middle, Federer backhand return, good rally, Federer backhand down the line lands wide.
[COMMENTARY_EVAL] Model output:
In this tennis clip, we observe a point between Roger Federer and Juan Martin Del Potro during a match. The score is 40-30, indicating that Federer is leading in this game. The sequence begins with Federer preparing to serve. He is seen in a focused stance, ready to initiate the point. Del Potro, on the other side of the net, is in a ready position, anticipating Federer's serve. 

The serve is successfully returned by Del Potro, who then moves to the other side of the court. Federer, in response, attempts to return the ball, but Del Potro manages to keep the point alive. The rally continues with Del Potro advancing towards the baseline, trying to maintain control of the point. Federer, on the other hand, is seen preparing to respond to the return.

The point concludes with Federer winning the point. He successfully returns the ball and lands a solid shot, securing the point. The score updates to 40-30, reflecting Federer's lead. The players then take a brief pause, with Federer walking back to his position and Del Potro remaining on the court, preparing for the next point. The match is in progress, and the players are

[COMMENTARY_EVAL] ROUGE score: {'rouge1': np.float64(0.0821917808219178), 'rouge2': np.float64(0.0), 'rougeL': np.float64(0.0821917808219178), 'rougeLsum': np.float64(0.07305936073059362)}
Generated sample at index 80

[COMMENTARY_EVAL] Sample index: 40
[COMMENTARY_EVAL] Ground truth description:
Sharp angled slice serve, Djokovic returns a forehand return, couple of shots exchanged, Djokovic slaps a forehand cross-court winner.
[COMMENTARY_EVAL] Model output:
The clip begins with a wide shot of a tennis match in progress, featuring Jo-Wilfried Tsonga and Novak Djokovic in the men's singles quarter-final. The scoreboard shows Tsonga leading 1-3. The players are on a grass court, with a large crowd watching intently. Tsonga is on the left side of the court, and Djokovic is on the right. The camera then zooms in on the net, showing Tsonga preparing to return a serve. Tsonga hits the ball, but it goes out of bounds. The ball lands on the court, and Djokovic is able to return it. The ball is then hit back over the net, and Djokovic is able to return it. The ball is then hit back over the net, and Djokovic is able to return it. The ball is then hit back over the net, and Djokovic is able to return it. The ball is then hit back over the net, and Djokovic is able to return it. The ball is then hit back over the net, and Djokovic is able to return it. The ball is then hit back over the net, and Djokovic is able to return it. The ball is then hit

[COMMENTARY_EVAL] ROUGE score: {'rouge1': np.float64(0.07239819004524886), 'rouge2': np.float64(0.0), 'rougeL': np.float64(0.05429864253393665), 'rougeLsum': np.float64(0.05429864253393665)}
Generated sample at index 653

[COMMENTARY_EVAL] Sample index: 116
[COMMENTARY_EVAL] Ground truth description:
Fine serve, Delpotro puts back a backhand return, intense rally, Delpotro flashes a forehand cross-court winner.
[COMMENTARY_EVAL] Model output:
In this tennis clip, we observe a point between Roger Federer and Juan Martin Del Potro on a grass court. The score is 0-30, indicating that Federer has won the point. The sequence begins with Federer preparing to serve. He is positioned on the left side of the court, and he takes a few steps back to get into his serving stance. He then serves the ball, which is hit with a powerful swing. The ball travels across the net and lands on the opponent's side of the court. Del Potro is seen reacting to the serve, and he is in a ready position to return the ball. He reaches for the ball and hits it back, but it is not enough to keep the point. The ball goes out of bounds, and the point is awarded to Federer. Federer then takes a few steps forward and stands in his ready position, preparing for the next point. The clip captures the intensity and skill of the players as they battle for control of the point.

[COMMENTARY_EVAL] ROUGE score: {'rouge1': np.float64(0.06185567010309278), 'rouge2': np.float64(0.0), 'rougeL': np.float64(0.05154639175257732), 'rougeLsum': np.float64(0.05154639175257732)}
[COMMENTARY_EVAL] Average ROUGE score: {'rouge1': 0.08110958320703612, 'rouge2': 0.0035701896742861435, 'rougeL': 0.06538823749553394, 'rougeLsum': 0.06447499548640152}
Generated sample at index 71
Total token count: 1847
Generated sample at index 519
Total token count: 950
Generated sample at index 87
Total token count: 1851
Generated sample at index 565
Total token count: 2729
Generated sample at index 482
Total token count: 2729
Generated sample at index 739
Total token count: 1411
Generated sample at index 163
Total token count: 1406
Generated sample at index 418
Total token count: 1396
Emptied CUDA cache
{'loss': '17.9', 'grad_norm': '109.4', 'learning_rate': '4.686e-05', 'entropy': '1.405', 'num_tokens': '1.394e+06', 'mean_token_accuracy': '0.03048', 'epoch': '1.617'}
Generated sample at index 189
Total token count: 1406
Generated sample at index 329
Total token count: 1409
Generated sample at index 388
Total token count: 938
Generated sample at index 86
Total token count: 966
Generated sample at index 25
Total token count: 1858
Generated sample at index 43
Total token count: 945
Generated sample at index 630
Total token count: 1408
Generated sample at index 402
Total token count: 1397
Emptied CUDA cache
{'loss': '17.59', 'grad_norm': '108.4', 'learning_rate': '4.616e-05', 'entropy': '1.407', 'num_tokens': '1.404e+06', 'mean_token_accuracy': '0.03602', 'epoch': '1.631'}
Generated sample at index 682
Total token count: 1392
Generated sample at index 740
Total token count: 938
Generated sample at index 115
Total token count: 960
Generated sample at index 79
Total token count: 953
Generated sample at index 551
Total token count: 2278
Generated sample at index 533
Total token count: 1393
Generated sample at index 648
Total token count: 1388
Generated sample at index 463
Total token count: 944
Emptied CUDA cache
{'loss': '18', 'grad_norm': '108.1', 'learning_rate': '4.547e-05', 'entropy': '1.364', 'num_tokens': '1.415e+06', 'mean_token_accuracy': '0.03301', 'epoch': '1.644'}
Generated sample at index 58
Total token count: 952
Generated sample at index 720
Total token count: 1845
Generated sample at index 326
Total token count: 946
Generated sample at index 27
Total token count: 1404
Generated sample at index 133
Total token count: 1398
Generated sample at index 90
Total token count: 1403
Generated sample at index 511
Total token count: 960
Generated sample at index 131
Total token count: 1841
Emptied CUDA cache
{'loss': '17.81', 'grad_norm': '107.2', 'learning_rate': '4.477e-05', 'entropy': '1.39', 'num_tokens': '1.425e+06', 'mean_token_accuracy': '0.03644', 'epoch': '1.658'}
Generated sample at index 155
Total token count: 1397
Generated sample at index 464
Total token count: 1849
Generated sample at index 663
Total token count: 1403
Generated sample at index 291
Total token count: 2721
Generated sample at index 414
Total token count: 1839
Generated sample at index 173
Total token count: 2281
Generated sample at index 628
Total token count: 942
Generated sample at index 128
Total token count: 944
Emptied CUDA cache
{'loss': '17.76', 'grad_norm': '111.3', 'learning_rate': '4.408e-05', 'entropy': '1.39', 'num_tokens': '1.439e+06', 'mean_token_accuracy': '0.02836', 'epoch': '1.671'}
Generated sample at index 640
Total token count: 1846
Generated sample at index 303
Total token count: 1843
Generated sample at index 114
Total token count: 1405
Generated sample at index 631
Total token count: 1413
Generated sample at index 522
Total token count: 1404
Generated sample at index 320
Total token count: 1852
Generated sample at index 423
Total token count: 1405
Generated sample at index 46
Total token count: 1412
Emptied CUDA cache
{'loss': '17.91', 'grad_norm': '109.3', 'learning_rate': '4.339e-05', 'entropy': '1.38', 'num_tokens': '1.451e+06', 'mean_token_accuracy': '0.03437', 'epoch': '1.685'}
Generated sample at index 139
Total token count: 937
Generated sample at index 245
Total token count: 941
Generated sample at index 445
Total token count: 1403
Generated sample at index 60
Total token count: 1409
Generated sample at index 550
Total token count: 1409
Generated sample at index 643
Total token count: 945
Generated sample at index 728
Total token count: 944
Generated sample at index 130
Total token count: 1842
Emptied CUDA cache
{'loss': '17.64', 'grad_norm': '110', 'learning_rate': '4.27e-05', 'entropy': '1.384', 'num_tokens': '1.461e+06', 'mean_token_accuracy': '0.0339', 'epoch': '1.698'}
Generated sample at index 55
Total token count: 1400
Generated sample at index 201
Total token count: 2727
Generated sample at index 236
Total token count: 1387
Generated sample at index 237
Total token count: 1395
Generated sample at index 49
Total token count: 2293
Generated sample at index 317
Total token count: 1837
Generated sample at index 554
Total token count: 1851
Generated sample at index 272
Total token count: 954
Emptied CUDA cache
{'loss': '17.56', 'grad_norm': '113.9', 'learning_rate': '4.201e-05', 'entropy': '1.394', 'num_tokens': '1.475e+06', 'mean_token_accuracy': '0.02893', 'epoch': '1.711'}
Generated sample at index 691
Total token count: 948
Generated sample at index 50
Total token count: 943
Generated sample at index 309
Total token count: 1399
Generated sample at index 253
Total token count: 1396
Generated sample at index 267
Total token count: 1402
Generated sample at index 156
Total token count: 946
Generated sample at index 91
Total token count: 1410
Generated sample at index 18
Total token count: 963
Emptied CUDA cache
{'loss': '17.58', 'grad_norm': '109.4', 'learning_rate': '4.132e-05', 'entropy': '1.393', 'num_tokens': '1.485e+06', 'mean_token_accuracy': '0.03527', 'epoch': '1.725'}
Generated sample at index 737
Total token count: 2722
Generated sample at index 679
Total token count: 1407
Generated sample at index 142
Total token count: 955
Generated sample at index 273
Total token count: 1394
Generated sample at index 684
Total token count: 945
Generated sample at index 368
Total token count: 950
Generated sample at index 387
Total token count: 1407
Generated sample at index 241
Total token count: 2719
Emptied CUDA cache
{'loss': '17.41', 'grad_norm': '110.1', 'learning_rate': '4.063e-05', 'entropy': '1.415', 'num_tokens': '1.496e+06', 'mean_token_accuracy': '0.03541', 'epoch': '1.738'}
Generated sample at index 132
Generated sample at index 243
Total token count: 2277
Generated sample at index 122
Generated sample at index 489
Total token count: 1846
Generated sample at index 546
Generated sample at index 734
Total token count: 1842
Generated sample at index 584
Generated sample at index 437
Total token count: 1850
Generated sample at index 168
Generated sample at index 319
Total token count: 1391
Generated sample at index 744
Generated sample at index 577
Total token count: 2725
Generated sample at index 20
Generated sample at index 235
Total token count: 1395
Generated sample at index 601
Generated sample at index 353
Total token count: 1842
Generated sample at index 623
Generated sample at index 311
Total token count: 1403
Generated sample at index 207
Generated sample at index 501
Total token count: 1398
Generated sample at index 462
Generated sample at index 730
Total token count: 1406
Generated sample at index 477
Generated sample at index 380
Total token count: 1385
Generated sample at index 349
Generated sample at index 712
Total token count: 1845
Generated sample at index 467
Generated sample at index 547
Total token count: 2722
Generated sample at index 377
Generated sample at index 37
Total token count: 2282
Generated sample at index 310
Generated sample at index 239
Total token count: 947
Generated sample at index 259
Generated sample at index 578
Total token count: 1840
Generated sample at index 193
Generated sample at index 146
Total token count: 2731
Generated sample at index 116
Generated sample at index 614
Total token count: 2734
Generated sample at index 282
Generated sample at index 406
Total token count: 1844
Generated sample at index 80
Generated sample at index 141
Total token count: 1849
Generated sample at index 496
Generated sample at index 666
Total token count: 1398
Generated sample at index 154
Generated sample at index 307
Total token count: 1395
Generated sample at index 498
Generated sample at index 521
Total token count: 2300
Generated sample at index 177
Generated sample at index 457
Total token count: 1391
Generated sample at index 443
Generated sample at index 187
Total token count: 955
Generated sample at index 503
Generated sample at index 585
Total token count: 1843
Generated sample at index 567
Generated sample at index 421
Total token count: 2289
Generated sample at index 82
Generated sample at index 563
Total token count: 1854
Generated sample at index 44
Generated sample at index 553
Total token count: 2287
Generated sample at index 105
Generated sample at index 6
Total token count: 1847
Generated sample at index 677
Generated sample at index 611
Total token count: 1842
Generated sample at index 493
Generated sample at index 709
Total token count: 1385
Generated sample at index 373
Generated sample at index 248
Total token count: 1402
Generated sample at index 686
Generated sample at index 391
Total token count: 1412
Generated sample at index 473
Generated sample at index 372
Total token count: 956
Generated sample at index 88
Generated sample at index 581
Total token count: 1404
Generated sample at index 308
Generated sample at index 220
Total token count: 3175
Generated sample at index 575
Generated sample at index 594
Total token count: 1843
Generated sample at index 106
Generated sample at index 534
Total token count: 2290
Generated sample at index 120
Generated sample at index 323
Total token count: 954
Generated sample at index 157
Generated sample at index 298
Total token count: 1403
Generated sample at index 625
Generated sample at index 579
Total token count: 2286
Generated sample at index 345
Generated sample at index 258
Total token count: 1395
Generated sample at index 474
Generated sample at index 339
Total token count: 948
Generated sample at index 28
Generated sample at index 40
Total token count: 950
Generated sample at index 210
Generated sample at index 14
Total token count: 1399
Generated sample at index 544
Generated sample at index 357
Total token count: 1409
Generated sample at index 4
Generated sample at index 293
Total token count: 1402
Generated sample at index 238
Generated sample at index 714
Total token count: 2724
Generated sample at index 704
Generated sample at index 24
Total token count: 1413
Generated sample at index 635
Generated sample at index 530
Total token count: 3176
Generated sample at index 674
Generated sample at index 561
Total token count: 955
Generated sample at index 175
Generated sample at index 64
Total token count: 945
Generated sample at index 593
Generated sample at index 363
Total token count: 1841
Generated sample at index 214
Generated sample at index 717
Total token count: 2723
Generated sample at index 211
Generated sample at index 415
Total token count: 4498
Generated sample at index 556
Generated sample at index 195
Total token count: 1835
Generated sample at index 653
Generated sample at index 540
Total token count: 2726
Generated sample at index 93
Generated sample at index 472
Total token count: 1402
Generated sample at index 650
Generated sample at index 109
Total token count: 2295
Generated sample at index 548
Generated sample at index 100
Total token count: 1852
Generated sample at index 586
Generated sample at index 262
Total token count: 1843
Generated sample at index 693
Generated sample at index 221
Total token count: 1842
Generated sample at index 344
Generated sample at index 560
Total token count: 1833
Generated sample at index 184
Generated sample at index 342
Total token count: 1393
Generated sample at index 290
Generated sample at index 123
Total token count: 1392
Generated sample at index 417
Generated sample at index 681
Total token count: 2283
Generated sample at index 197
Generated sample at index 312
Total token count: 1399
Generated sample at index 148
Generated sample at index 562
Total token count: 1398
Generated sample at index 488
Generated sample at index 710
Total token count: 1397
Generated sample at index 396
Generated sample at index 36
Total token count: 958
Generated sample at index 413
Generated sample at index 598
Total token count: 968
Generated sample at index 204
Generated sample at index 670
Total token count: 1849
Generated sample at index 135
Generated sample at index 81
Total token count: 1850
Computing metrics on evaluation batch...
{'eval_loss': '17.52', 'eval_token_accuracy': '0', 'eval_runtime': '102.2', 'eval_samples_per_second': '1.468', 'eval_steps_per_second': '0.734', 'eval_entropy': '1.399', 'eval_num_tokens': '1.496e+06', 'eval_mean_token_accuracy': '0.03152', 'epoch': '1.738'}
================================================================================
Generation evaluation callback
================================================================================
Generated sample at index 132

[COMMENTARY_EVAL] Sample index: 0
[COMMENTARY_EVAL] Ground truth description:
Zvonareva serves a good one, Williams crafts a backhand return but it lands wide of the court.
[COMMENTARY_EVAL] Model output:
In this tennis clip, we observe a point between Serena Williams and Vera Zvonareva. The match is taking place on a grass court, which is typical for the Wimbledon Championships. The score is 15-40, indicating that Serena Williams is leading the score in the point.

The sequence begins with Serena Williams preparing to serve. She stands at the baseline, focusing on her serve. Vera Zvonareva is positioned on the opposite side of the court, ready to receive the serve. The camera captures both players in action, with Serena Williams preparing to execute her serve.

The serve is delivered, and Vera Zvonareva responds by returning the ball. The rally continues with both players moving around the court, trying to gain an advantage. The ball is then hit back and forth, with both players demonstrating their skills and agility.

The point ends with Serena Williams winning the point. She successfully returns the ball to Vera Zvonareva, who attempts to return it but misses. Serena Williams then wins the point, as the score reaches 15-40. The outcome of the point is a decisive win for Serena Williams, showcasing her skill and determination in the match.

[COMMENTARY_EVAL] ROUGE score: {'rouge1': np.float64(0.0947867298578199), 'rouge2': np.float64(0.019138755980861243), 'rougeL': np.float64(0.06635071090047392), 'rougeLsum': np.float64(0.07582938388625593)}
Generated sample at index 248

[COMMENTARY_EVAL] Sample index: 67
[COMMENTARY_EVAL] Ground truth description:
Williams aims a high kick serve, Sharapova puts back a backhand return, good rally, Serena produces a forehand cross-court winner.
[COMMENTARY_EVAL] Model output:
In the tennis clip, Serena Williams is seen preparing to serve, wearing a red headband and a black and red tennis outfit. The scene then shifts to a wide shot of the court, where Maria Sharapova is positioned on the opposite side. Serena Williams serves the ball, and Maria Sharapova responds with a forehand shot. The ball lands on the court, and Serena Williams successfully returns it with a powerful forehand. The point is won by Serena Williams, and the score is now 40-15. The clip captures the intensity and skill of both players as they compete in the match.

[COMMENTARY_EVAL] ROUGE score: {'rouge1': np.float64(0.14754098360655735), 'rouge2': np.float64(0.016666666666666666), 'rougeL': np.float64(0.11475409836065575), 'rougeLsum': np.float64(0.11475409836065575)}
Generated sample at index 344

[COMMENTARY_EVAL] Sample index: 128
[COMMENTARY_EVAL] Ground truth description:
Good serve in the middle, Williams returns a forehand return, rally, Serena strokes a backhand cross-court winner.
[COMMENTARY_EVAL] Model output:
The clip captures a tennis match between Victoria Azarenka and Serena Williams on a grass court. The scene begins with Victoria Azarenka preparing to serve, her body poised and ready as she toss the ball into the air. She then serves the ball, and it lands on the opposite side of the court. Serena Williams, on the other side, is in a ready stance, anticipating the serve. She then returns the ball with a powerful forehand, sending it back to Azarenka. Azarenka responds with a strong backhand, but the ball is not enough to keep the point alive. Serena Williams then returns the ball with a forehand, and Azarenka is unable to keep up. The point is won by Serena Williams, who then celebrates her victory. The crowd cheers as she takes the point.

[COMMENTARY_EVAL] ROUGE score: {'rouge1': np.float64(0.14473684210526316), 'rouge2': np.float64(0.013333333333333332), 'rougeL': np.float64(0.10526315789473685), 'rougeLsum': np.float64(0.10526315789473685)}
Generated sample at index 307

[COMMENTARY_EVAL] Sample index: 45
[COMMENTARY_EVAL] Ground truth description:
Fine serve, Azarenka returns a forehand return, Serena hits a backhand winner down the line.
[COMMENTARY_EVAL] Model output:
In this tennis clip, Victoria Azarenka and Serena Williams are engaged in a point during a match. The score is tied at 15-15. The scene captures a moment where Azarenka is preparing to serve, standing on the left side of the court. She is dressed in a red and black outfit, and her hair is tied back. She holds her racket in her right hand and is positioned near the baseline. 

As the clip progresses, Azarenka serves the ball. The ball is sent over the net and lands on the other side of the court. Serena Williams is positioned on the right side of the court, ready to receive the serve. She is wearing a green and white outfit, and her stance is focused. She is also holding her racket and is prepared to return the serve.

After the serve, Azarenka is seen in motion, likely preparing for her next move. The ball is then returned by Williams, who is in a ready stance. The clip ends with Azarenka in motion, possibly preparing to return the ball. The point is not yet over, as the score remains tied at 15-15.

The players' actions are focused on the serve and return, with Azarenka and Williams both demonstrating

[COMMENTARY_EVAL] ROUGE score: {'rouge1': np.float64(0.06278026905829596), 'rouge2': np.float64(0.00904977375565611), 'rougeL': np.float64(0.05381165919282511), 'rougeLsum': np.float64(0.05381165919282511)}
Generated sample at index 560

[COMMENTARY_EVAL] Sample index: 129
[COMMENTARY_EVAL] Ground truth description:
Delpotro serves a heavy ace.
[COMMENTARY_EVAL] Model output:
The tennis clip shows a point between Roger Federer and Juan Martin Del Potro. The score is 15-15. Federer is serving the ball, but Del Potro is not able to return it. Federer then takes the point and scores it.

[COMMENTARY_EVAL] ROUGE score: {'rouge1': np.float64(0.04347826086956522), 'rouge2': np.float64(0.0), 'rougeL': np.float64(0.04347826086956522), 'rougeLsum': np.float64(0.04347826086956522)}
Generated sample at index 547

[COMMENTARY_EVAL] Sample index: 27
[COMMENTARY_EVAL] Ground truth description:
Quick serve, Federer returns a backhand return, long rally, Delpotro forehand finds the net.
[COMMENTARY_EVAL] Model output:
The tennis clip shows a point between Roger Federer and Juan Martin Del Potro during a match. The score is tied at 15-15. Federer is seen preparing to serve, holding his racket and focusing on the ball. Del Potro is positioned on the opposite side of the net, ready to return. Federer serves the ball, and Del Potro responds by returning it. The ball is hit back and forth between them, with both players demonstrating their skills. The point is ultimately won by Federer, who manages to keep the ball in play and secure the point. The crowd watches intently, and the players continue to exchange shots, showcasing their agility and precision. The match continues with the players pushing their limits, striving to gain the upper hand.

[COMMENTARY_EVAL] ROUGE score: {'rouge1': np.float64(0.08450704225352113), 'rouge2': np.float64(0.014285714285714285), 'rougeL': np.float64(0.056338028169014086), 'rougeLsum': np.float64(0.056338028169014086)}
Generated sample at index 575

[COMMENTARY_EVAL] Sample index: 76
[COMMENTARY_EVAL] Ground truth description:
Quick serve, Federer crafts a backhand return, couple of shots exchanged, Federer hits a forehand but fails to clear the net.
[COMMENTARY_EVAL] Model output:
In the tennis clip, Roger Federer, dressed in a light blue shirt and white shorts, is preparing to serve. He toss the ball into the air and hits it with his racket. The ball travels across the net and lands on the other side. The opposing player, Juan Martin Del Potro, wearing a red shirt and white shorts, is positioned on the opposite side of the net. Del Potro reaches out to receive the ball and then returns it with his racket. The ball lands on the other side of the net, and Del Potro is seen preparing to serve. The point is then played out, with Del Potro hitting the ball back to Federer. Federer responds by hitting the ball back, and Del Potro successfully returns it. The point is won by Del Potro, as he hits the ball past Federer. The score is now 40-30.

[COMMENTARY_EVAL] ROUGE score: {'rouge1': np.float64(0.1183431952662722), 'rouge2': np.float64(0.011976047904191617), 'rougeL': np.float64(0.08284023668639053), 'rougeLsum': np.float64(0.08284023668639053)}
Generated sample at index 560

[COMMENTARY_EVAL] Sample index: 129
[COMMENTARY_EVAL] Ground truth description:
Delpotro serves a heavy ace.
[COMMENTARY_EVAL] Model output:
In this tennis clip, Roger Federer and Juan Martin Del Potro are engaged in a point during a match. The score is tied at 15-15, indicating that both players have reached the same score in the game. The clip shows Federer preparing to serve. He is standing on the left side of the court, facing the net. He takes a few steps back and then swings his racket, preparing to serve. The ball is tossed into the air, and Federer follows through with his serve. The ball travels over the net, and Del Potro is positioned on the right side of the court, ready to return the serve. Del Potro watches the ball's trajectory and prepares to react accordingly. The ball lands on the court, and Del Potro is ready to make his return. The point is played out, and the score remains at 15-15. The clip captures the intensity and focus of the players as they compete for the next point.

[COMMENTARY_EVAL] ROUGE score: {'rouge1': np.float64(0.01176470588235294), 'rouge2': np.float64(0.0), 'rougeL': np.float64(0.01176470588235294), 'rougeLsum': np.float64(0.01176470588235294)}
Generated sample at index 443

[COMMENTARY_EVAL] Sample index: 50
[COMMENTARY_EVAL] Ground truth description:
Delpotro aims a fine bodyline, Federer only manages a forehand that hits the net.
[COMMENTARY_EVAL] Model output:
The clip shows a tennis match between Roger Federer and Juan Martin Del Potro, with the score at 40-40. Federer is in the process of serving the ball, and Del Potro is preparing to return it. Del Potro is in a good position to return the serve, but Federer is able to keep the ball in play and make a successful return. The point ends with Del Potro winning the point, which puts him ahead in the match.

[COMMENTARY_EVAL] ROUGE score: {'rouge1': np.float64(0.08602150537634409), 'rouge2': np.float64(0.0), 'rougeL': np.float64(0.08602150537634409), 'rougeLsum': np.float64(0.08602150537634409)}
Generated sample at index 406

[COMMENTARY_EVAL] Sample index: 39
[COMMENTARY_EVAL] Ground truth description:
Fine serve placed at T, Federer returns a backhand slice return, short rally, Federer nets a forehand down the line.
[COMMENTARY_EVAL] Model output:
In this tennis clip, Roger Federer is seen on the left side of the court, preparing to serve. He is positioned near the baseline, with his body angled towards the net. He toss the ball into the air and swings his racket, sending the ball over the net. The ball lands on the other side of the court, where Juan Martin Del Potro is positioned. Del Potro is in a ready stance, anticipating the serve. He jumps and reaches out to return the ball, but the ball lands just short of the net. Del Potro fails to return the ball properly, resulting in a point being awarded to Federer. Federer then celebrates the point, walking forward with a satisfied expression. The clip captures the intensity and skill of the players as they compete on the court.

[COMMENTARY_EVAL] ROUGE score: {'rouge1': np.float64(0.10256410256410256), 'rouge2': np.float64(0.0), 'rougeL': np.float64(0.08974358974358974), 'rougeLsum': np.float64(0.08974358974358974)}
[COMMENTARY_EVAL] Average ROUGE score: {'rouge1': 0.08965236368400945, 'rouge2': 0.008445029192642325, 'rougeL': 0.07103659530759483, 'rougeLsum': 0.07198446260617304}
Generated sample at index 206
Total token count: 946
Generated sample at index 654
Total token count: 2285
Generated sample at index 719
Total token count: 942
Generated sample at index 269
Total token count: 932
Generated sample at index 656
Total token count: 950
Generated sample at index 622
Total token count: 1405
Generated sample at index 572
Total token count: 2291
Generated sample at index 644
Total token count: 1416
Emptied CUDA cache
{'loss': '17.43', 'grad_norm': '112', 'learning_rate': '3.995e-05', 'entropy': '1.445', 'num_tokens': '1.508e+06', 'mean_token_accuracy': '0.03064', 'epoch': '1.752'}
Generated sample at index 70
Total token count: 1403
Generated sample at index 652
Total token count: 2287
Generated sample at index 152
Total token count: 961
Generated sample at index 430
Total token count: 955
Generated sample at index 524
Total token count: 1844
Generated sample at index 626
Total token count: 1845
Generated sample at index 274
Total token count: 1406
Generated sample at index 689
Total token count: 1409
Emptied CUDA cache
{'loss': '17.29', 'grad_norm': '113.5', 'learning_rate': '3.926e-05', 'entropy': '1.404', 'num_tokens': '1.52e+06', 'mean_token_accuracy': '0.03511', 'epoch': '1.765'}
Generated sample at index 520
Total token count: 1395
Generated sample at index 170
Total token count: 1395
Generated sample at index 283
Total token count: 2724
Generated sample at index 452
Total token count: 2288
Generated sample at index 545
Total token count: 1387
Generated sample at index 371
Total token count: 1388
Generated sample at index 167
Total token count: 949
Generated sample at index 431
Total token count: 1844
Emptied CUDA cache
{'loss': '17.78', 'grad_norm': '112.5', 'learning_rate': '3.858e-05', 'entropy': '1.373', 'num_tokens': '1.533e+06', 'mean_token_accuracy': '0.02986', 'epoch': '1.779'}
Generated sample at index 659
Total token count: 2286
Generated sample at index 73
Total token count: 948
Generated sample at index 145
Total token count: 1407
Generated sample at index 161
Total token count: 1401
Generated sample at index 51
Total token count: 947
Generated sample at index 439
Total token count: 1402
Generated sample at index 268
Total token count: 959
Generated sample at index 22
Total token count: 1415
Emptied CUDA cache
{'loss': '17.4', 'grad_norm': '112.4', 'learning_rate': '3.79e-05', 'entropy': '1.393', 'num_tokens': '1.544e+06', 'mean_token_accuracy': '0.03641', 'epoch': '1.792'}
Generated sample at index 558
Total token count: 951
Generated sample at index 492
Total token count: 945
Generated sample at index 41
Total token count: 954
Generated sample at index 192
Total token count: 1847
Generated sample at index 517
Total token count: 1841
Generated sample at index 529
Total token count: 2728
Generated sample at index 42
Total token count: 1403
Generated sample at index 448
Total token count: 3167
Emptied CUDA cache
{'loss': '17.13', 'grad_norm': '115.2', 'learning_rate': '3.723e-05', 'entropy': '1.403', 'num_tokens': '1.556e+06', 'mean_token_accuracy': '0.03392', 'epoch': '1.805'}
Generated sample at index 2
Total token count: 947
Generated sample at index 362
Total token count: 1394
Generated sample at index 21
Total token count: 951
Generated sample at index 539
Total token count: 948
Generated sample at index 144
Total token count: 1396
Generated sample at index 224
Total token count: 942
Generated sample at index 313
Total token count: 1409
Generated sample at index 62
Total token count: 1407
Emptied CUDA cache
{'loss': '17.43', 'grad_norm': '112.5', 'learning_rate': '3.655e-05', 'entropy': '1.384', 'num_tokens': '1.567e+06', 'mean_token_accuracy': '0.03444', 'epoch': '1.819'}
Generated sample at index 125
Total token count: 1403
Generated sample at index 442
Total token count: 2279
Generated sample at index 8
Total token count: 1409
Generated sample at index 45
Total token count: 1857
Generated sample at index 356
Total token count: 942
Generated sample at index 397
Total token count: 946
Generated sample at index 721
Total token count: 950
Generated sample at index 102
Total token count: 948
Emptied CUDA cache
{'loss': '17.08', 'grad_norm': '114.4', 'learning_rate': '3.588e-05', 'entropy': '1.412', 'num_tokens': '1.579e+06', 'mean_token_accuracy': '0.03445', 'epoch': '1.832'}
Generated sample at index 361
Total token count: 1842
Generated sample at index 314
Total token count: 1397
Generated sample at index 230
Total token count: 950
Generated sample at index 306
Total token count: 1396
Generated sample at index 642
Total token count: 1405
Generated sample at index 358
Total token count: 1845
Generated sample at index 444
Total token count: 1405
Generated sample at index 738
Total token count: 1851
Emptied CUDA cache
{'loss': '17.16', 'grad_norm': '114.8', 'learning_rate': '3.521e-05', 'entropy': '1.41', 'num_tokens': '1.59e+06', 'mean_token_accuracy': '0.03338', 'epoch': '1.846'}
Generated sample at index 459
Total token count: 1394
Generated sample at index 609
Total token count: 1401
Generated sample at index 126
Total token count: 946
Generated sample at index 541
Total token count: 1847
Generated sample at index 171
Total token count: 1849
Generated sample at index 512
Total token count: 953
Generated sample at index 618
Total token count: 949
Generated sample at index 440
Total token count: 1406
Emptied CUDA cache
{'loss': '17.29', 'grad_norm': '115.4', 'learning_rate': '3.455e-05', 'entropy': '1.362', 'num_tokens': '1.601e+06', 'mean_token_accuracy': '0.03322', 'epoch': '1.859'}
Generated sample at index 543
Total token count: 1394
Generated sample at index 478
Total token count: 1851
Generated sample at index 10
Total token count: 1408
Generated sample at index 412
Total token count: 1402
Generated sample at index 147
Total token count: 943
Generated sample at index 164
Total token count: 1401
Generated sample at index 475
Total token count: 950
Generated sample at index 169
Total token count: 1840
Emptied CUDA cache
{'loss': '17.14', 'grad_norm': '114.4', 'learning_rate': '3.389e-05', 'entropy': '1.395', 'num_tokens': '1.612e+06', 'mean_token_accuracy': '0.03426', 'epoch': '1.872'}
Generated sample at index 132
Generated sample at index 243
Total token count: 2277
Generated sample at index 122
Generated sample at index 489
Total token count: 1846
Generated sample at index 546
Generated sample at index 734
Total token count: 1842
Generated sample at index 584
Generated sample at index 437
Total token count: 1850
Generated sample at index 168
Generated sample at index 319
Total token count: 1391
Generated sample at index 744
Generated sample at index 577
Total token count: 2725
Generated sample at index 20
Generated sample at index 235
Total token count: 1395
Generated sample at index 601
Generated sample at index 353
Total token count: 1842
Generated sample at index 623
Generated sample at index 311
Total token count: 1403
Generated sample at index 207
Generated sample at index 501
Total token count: 1398
Generated sample at index 462
Generated sample at index 730
Total token count: 1406
Generated sample at index 477
Generated sample at index 380
Total token count: 1385
Generated sample at index 349
Generated sample at index 712
Total token count: 1845
Generated sample at index 467
Generated sample at index 547
Total token count: 2722
Generated sample at index 377
Generated sample at index 37
Total token count: 2282
Generated sample at index 310
Generated sample at index 239
Total token count: 947
Generated sample at index 259
Generated sample at index 578
Total token count: 1840
Generated sample at index 193
Generated sample at index 146
Total token count: 2731
Generated sample at index 116
Generated sample at index 614
Total token count: 2734
Generated sample at index 282
Generated sample at index 406
Total token count: 1844
Generated sample at index 80
Generated sample at index 141
Total token count: 1849
Generated sample at index 496
Generated sample at index 666
Total token count: 1398
Generated sample at index 154
Generated sample at index 307
Total token count: 1395
Generated sample at index 498
Generated sample at index 521
Total token count: 2300
Generated sample at index 177
Generated sample at index 457
Total token count: 1391
Generated sample at index 443
Generated sample at index 187
Total token count: 955
Generated sample at index 503
Generated sample at index 585
Total token count: 1843
Generated sample at index 567
Generated sample at index 421
Total token count: 2289
Generated sample at index 82
Generated sample at index 563
Total token count: 1854
Generated sample at index 44
Generated sample at index 553
Total token count: 2287
Generated sample at index 105
Generated sample at index 6
Total token count: 1847
Generated sample at index 677
Generated sample at index 611
Total token count: 1842
Generated sample at index 493
Generated sample at index 709
Total token count: 1385
Generated sample at index 373
Generated sample at index 248
Total token count: 1402
Generated sample at index 686
Generated sample at index 391
Total token count: 1412
Generated sample at index 473
Generated sample at index 372
Total token count: 956
Generated sample at index 88
Generated sample at index 581
Total token count: 1404
Generated sample at index 308
Generated sample at index 220
Total token count: 3175
Generated sample at index 575
Generated sample at index 594
Total token count: 1843
Generated sample at index 106
Generated sample at index 534
Total token count: 2290
Generated sample at index 120
Generated sample at index 323
Total token count: 954
Generated sample at index 157
Generated sample at index 298
Total token count: 1403
Generated sample at index 625
Generated sample at index 579
Total token count: 2286
Generated sample at index 345
Generated sample at index 258
Total token count: 1395
Generated sample at index 474
Generated sample at index 339
Total token count: 948
Generated sample at index 28
Generated sample at index 40
Total token count: 950
Generated sample at index 210
Generated sample at index 14
Total token count: 1399
Generated sample at index 544
Generated sample at index 357
Total token count: 1409
Generated sample at index 4
Generated sample at index 293
Total token count: 1402
Generated sample at index 238
Generated sample at index 714
Total token count: 2724
Generated sample at index 704
Generated sample at index 24
Total token count: 1413
Generated sample at index 635
Generated sample at index 530
Total token count: 3176
Generated sample at index 674
Generated sample at index 561
Total token count: 955
Generated sample at index 175
Generated sample at index 64
Total token count: 945
Generated sample at index 593
Generated sample at index 363
Total token count: 1841
Generated sample at index 214
Generated sample at index 717
Total token count: 2723
Generated sample at index 211
Generated sample at index 415
Total token count: 4498
Generated sample at index 556
Generated sample at index 195
Total token count: 1835
Generated sample at index 653
Generated sample at index 540
Total token count: 2726
Generated sample at index 93
Generated sample at index 472
Total token count: 1402
Generated sample at index 650
Generated sample at index 109
Total token count: 2295
Generated sample at index 548
Generated sample at index 100
Total token count: 1852
Generated sample at index 586
Generated sample at index 262
Total token count: 1843
Generated sample at index 693
Generated sample at index 221
Total token count: 1842
Generated sample at index 344
Generated sample at index 560
Total token count: 1833
Generated sample at index 184
Generated sample at index 342
Total token count: 1393
Generated sample at index 290
Generated sample at index 123
Total token count: 1392
Generated sample at index 417
Generated sample at index 681
Total token count: 2283
Generated sample at index 197
Generated sample at index 312
Total token count: 1399
Generated sample at index 148
Generated sample at index 562
Total token count: 1398
Generated sample at index 488
Generated sample at index 710
Total token count: 1397
Generated sample at index 396
Generated sample at index 36
Total token count: 958
Generated sample at index 413
Generated sample at index 598
Total token count: 968
Generated sample at index 204
Generated sample at index 670
Total token count: 1849
Generated sample at index 135
Generated sample at index 81
Total token count: 1850
Computing metrics on evaluation batch...
{'eval_loss': '17.08', 'eval_token_accuracy': '0', 'eval_runtime': '105.8', 'eval_samples_per_second': '1.418', 'eval_steps_per_second': '0.709', 'eval_entropy': '1.408', 'eval_num_tokens': '1.612e+06', 'eval_mean_token_accuracy': '0.03158', 'epoch': '1.872'}
================================================================================
Generation evaluation callback
================================================================================
Generated sample at index 357

[COMMENTARY_EVAL] Sample index: 95
[COMMENTARY_EVAL] Ground truth description:
Quick serve wide is an ace.
[COMMENTARY_EVAL] Model output:
The clip captures a moment during a tennis match between Victoria Azarenka and Serena Williams. The score is 30-0, indicating that Azarenka is leading. Azarenka is seen on the left side of the court, preparing to serve. She holds her racket and positions herself at the baseline, ready to make her serve. The net is clearly visible in the middle of the court, with the Olympic rings logo prominently displayed on it. The court is well-labeled, with white lines marking the boundaries and the net. The players are dressed in their respective tennis attire, with Azarenka in a green outfit and Williams in a white outfit. The match is taking place under bright sunlight, casting shadows on the court. The players are focused and ready for the next point, with Azarenka preparing to serve. The outcome of the point is not yet determined, but the score suggests that Azarenka is in control of the game.

[COMMENTARY_EVAL] ROUGE score: {'rouge1': np.float64(0.024539877300613498), 'rouge2': np.float64(0.0), 'rougeL': np.float64(0.024539877300613498), 'rougeLsum': np.float64(0.024539877300613498)}
Generated sample at index 141

[COMMENTARY_EVAL] Sample index: 41
[COMMENTARY_EVAL] Ground truth description:
Quick serve, Williams delivers a backhand return, rally, Serena hits a forehand down the line but it's long.
[COMMENTARY_EVAL] Model output:
In this tennis clip, the point is won by Serena Williams. The score is 30-0, indicating that Serena Williams has won the point. The clip shows Serena Williams serving the ball, and the ball lands in the opponent's court. The opponent fails to return the ball, allowing Serena Williams to score the point. The clip also shows the score being updated to 30-0, reflecting Serena Williams' victory. The players' actions are clearly visible, with Serena Williams successfully executing her shot and the opponent unable to return the ball.

[COMMENTARY_EVAL] ROUGE score: {'rouge1': np.float64(0.09090909090909091), 'rouge2': np.float64(0.0), 'rougeL': np.float64(0.07272727272727272), 'rougeLsum': np.float64(0.07272727272727272)}
Generated sample at index 148

[COMMENTARY_EVAL] Sample index: 138
[COMMENTARY_EVAL] Ground truth description:
Williams serves a good one, Zvonareva backhand return fails to make it over the net.
[COMMENTARY_EVAL] Model output:
The clip captures a point in a women's singles tennis match between Serena Williams and Vera Zvonareva. The match is taking place on a grass court, with the score currently at 40-15, indicating that Serena Williams is leading. The scene begins with Serena Williams preparing to serve. She is seen standing on her side of the court, holding her racket, and looking focused. The opposing player, Vera Zvonareva, is positioned on the other side of the net, ready to receive the serve. As the serve is delivered, the ball is seen in motion, traveling across the court. 

The next moment shows Serena Williams returning the ball. She is seen in mid-motion, using her racket to return the ball. The ball is seen traveling back across the court, with Serena Williams attempting to keep it in play. The opposing player, Vera Zvonareva, is seen reacting to the return. The ball is then seen in motion again, traveling across the court. 

The clip then shows Serena Williams walking off the court, indicating that she has successfully completed her point. The score is now 40-15, with Serena Williams leading. The clip ends with Serena Williams walking off the court, and the opposing player, Vera Z

[COMMENTARY_EVAL] ROUGE score: {'rouge1': np.float64(0.07239819004524886), 'rouge2': np.float64(0.0091324200913242), 'rougeL': np.float64(0.06334841628959276), 'rougeLsum': np.float64(0.06334841628959276)}
Generated sample at index 681

[COMMENTARY_EVAL] Sample index: 135
[COMMENTARY_EVAL] Ground truth description:
High kick serve, Delpotro returns a forehand return, long rally, Federer overcooks a forehand long.
[COMMENTARY_EVAL] Model output:
In this tennis clip, Roger Federer is seen on the left side of the court, preparing to serve. He toss the ball into the air and then swings his racket to make contact with the ball. The ball is then sent over the net towards Juan Martin Del Potro, who is positioned on the right side of the court. Del Potro is seen in the process of returning the ball, but it is not clear if he successfully returns the serve. The point is then over to the next player, and the score is 0-15. The outcome of the point is not clearly visible in the clip.

[COMMENTARY_EVAL] ROUGE score: {'rouge1': np.float64(0.048780487804878044), 'rouge2': np.float64(0.0), 'rougeL': np.float64(0.03252032520325203), 'rougeLsum': np.float64(0.03252032520325203)}
Generated sample at index 132

[COMMENTARY_EVAL] Sample index: 0
[COMMENTARY_EVAL] Ground truth description:
Zvonareva serves a good one, Williams crafts a backhand return but it lands wide of the court.
[COMMENTARY_EVAL] Model output:
In the tennis clip, Serena Williams is seen preparing to return a serve. She is positioned on the right side of the court, holding her racket with both hands, and is ready to respond to the incoming ball. Vera Zvonareva is on the left side of the court, also holding her racket and preparing to serve. The point is in the middle of the court, with the net separating the two players. The ball is in motion, and Serena Williams is ready to make her move. The point is won by Serena Williams, who successfully returns the serve. The score is now 15-40. The players then take a brief pause to celebrate the point. The clip captures the intensity and skill of the players as they compete in the match.

[COMMENTARY_EVAL] ROUGE score: {'rouge1': np.float64(0.1081081081081081), 'rouge2': np.float64(0.027397260273972605), 'rougeL': np.float64(0.06756756756756757), 'rougeLsum': np.float64(0.06756756756756757)}
Generated sample at index 157

[COMMENTARY_EVAL] Sample index: 82
[COMMENTARY_EVAL] Ground truth description:
Gigantic serve in the middle is an ace.
[COMMENTARY_EVAL] Model output:
In this tennis clip, Serena Williams is seen preparing to serve. She is positioned on the left side of the court, with her back to the net. She toss the ball into the air and hits it with her racket. The ball is served over the net, and Vera Zvonareva is seen preparing to return the serve. She is positioned on the right side of the court and is ready to react to the serve. The point is won by Serena Williams, as she successfully returns the serve. The score is now 30-0, with Serena Williams leading.

[COMMENTARY_EVAL] ROUGE score: {'rouge1': np.float64(0.07547169811320753), 'rouge2': np.float64(0.0), 'rougeL': np.float64(0.056603773584905655), 'rougeLsum': np.float64(0.056603773584905655)}
Generated sample at index 262

[COMMENTARY_EVAL] Sample index: 125
[COMMENTARY_EVAL] Ground truth description:
Sharapova serves a good one, Williams puts back a forehand return, good rally, Serena sends a forehand long of the court.
[COMMENTARY_EVAL] Model output:
In the tennis clip, the point is being played between Serena Williams and Maria Sharapova. The score is 40-15, which indicates that Serena Williams is leading. The clip begins with Serena Williams preparing to serve, holding her racket and focusing on the ball. She then serves the ball with a powerful swing, sending it towards the net. Maria Sharapova is seen preparing to return the serve, but she fails to make contact with the ball. The ball lands on the ground, and Serena Williams has the opportunity to make a point. She hits the ball with her racket, and it lands in the opponent's court. The point is won by Serena Williams, as she successfully returns the ball and scores a point. The clip captures the intensity and skill of the players as they compete in the match.

[COMMENTARY_EVAL] ROUGE score: {'rouge1': np.float64(0.13664596273291924), 'rouge2': np.float64(0.01257861635220126), 'rougeL': np.float64(0.11180124223602483), 'rougeLsum': np.float64(0.11180124223602483)}
Generated sample at index 546

[COMMENTARY_EVAL] Sample index: 4
[COMMENTARY_EVAL] Ground truth description:
Quick out-wide down the T, Federer stretches to return a backhand, Delpotro comes to net and slams a forehand winner.
[COMMENTARY_EVAL] Model output:
In this tennis clip, Roger Federer and Juan Martin Del Potro are engaged in a point during a match. The score is 15-0, indicating that Federer has won the point. The clip shows Federer in the process of serving the ball, preparing to make contact with the ball. He is seen in a ready stance, holding his racket and focusing on the ball. Del Potro is positioned on the opposite side of the net, anticipating the serve. As the ball is served, Del Potro is seen reacting to the serve. The ball is then returned by Federer, who is seen in motion, hitting the ball back over the net. The point is won by Federer, as he successfully returns the serve. The score is now 15-0, with Federer leading. The clip captures the intensity and skill of both players as they compete in this match.

[COMMENTARY_EVAL] ROUGE score: {'rouge1': np.float64(0.09523809523809523), 'rouge2': np.float64(0.0), 'rougeL': np.float64(0.08333333333333333), 'rougeLsum': np.float64(0.08333333333333333)}
Generated sample at index 377

[COMMENTARY_EVAL] Sample index: 28
[COMMENTARY_EVAL] Ground truth description:
Heavy serve aimed at T, Azarenka crafts a forehand return, long rally, Azarenka thumps a forehand winner down the line.
[COMMENTARY_EVAL] Model output:
In this tennis clip, Victoria Azarenka and Serena Williams are playing a point on a grass court. The score is Deuce, indicating that both players have equal points. The clip begins with Azarenka preparing to return the ball. She is seen in a ready stance, focusing intently on the ball. The ball is then hit back by Azarenka, and Serena Williams responds by returning it. The point is then continued with Azarenka's powerful return, which is aimed at the back of the court. The ball is then sent back by Williams, who is seen in a high, powerful serve. The ball is then returned by Azarenka, who is seen in a powerful serve. The point is then continued with Azarenka's powerful return, which is aimed at the back of the court. The ball is then sent back by Williams, who is seen in a high, powerful serve. The point is then continued with Azarenka's powerful return, which is aimed at the back of the court. The ball is then sent back by Williams, who is seen in a high, powerful serve. The point is then continued with Azarenka's powerful return, which is aimed at the back of the court. The ball is then sent back by

[COMMENTARY_EVAL] ROUGE score: {'rouge1': np.float64(0.0782608695652174), 'rouge2': np.float64(0.008771929824561403), 'rougeL': np.float64(0.06956521739130436), 'rougeLsum': np.float64(0.06956521739130436)}
Generated sample at index 210

[COMMENTARY_EVAL] Sample index: 92
[COMMENTARY_EVAL] Ground truth description:
Fine serve, Williams delivers a backhand return, brief rally, Sharapova sends a forehand cross-court out of the court.
[COMMENTARY_EVAL] Model output:
The tennis clip captures a point between Serena Williams and Maria Sharapova during a match. The score is 0-30, indicating that Serena Williams is leading. The sequence begins with Serena Williams preparing to serve. She toss the ball into the air and then hits it with her racket, sending it over the net. The ball is then returned by Maria Sharapova, who hits it back. The point is then won by Serena Williams, who successfully returns the ball. The clip shows the players' actions and the outcome of the point.

[COMMENTARY_EVAL] ROUGE score: {'rouge1': np.float64(0.1272727272727273), 'rouge2': np.float64(0.018518518518518517), 'rougeL': np.float64(0.09090909090909091), 'rougeLsum': np.float64(0.09090909090909091)}
[COMMENTARY_EVAL] Average ROUGE score: {'rouge1': 0.08576251070901061, 'rouge2': 0.007639874506057798, 'rougeL': 0.06729161165429577, 'rougeLsum': 0.06729161165429577}
Generated sample at index 231
Total token count: 941
Generated sample at index 576
Total token count: 1841
Generated sample at index 651
Total token count: 1846
Generated sample at index 669
Total token count: 950
Generated sample at index 327
Total token count: 935
Generated sample at index 506
Total token count: 2291
Generated sample at index 300
Total token count: 1385
Generated sample at index 292
Total token count: 1839
Emptied CUDA cache
{'loss': '17.15', 'grad_norm': '115.8', 'learning_rate': '3.323e-05', 'entropy': '1.422', 'num_tokens': '1.624e+06', 'mean_token_accuracy': '0.02969', 'epoch': '1.886'}
Generated sample at index 92
Total token count: 1412
Generated sample at index 318
Total token count: 1841
Generated sample at index 98
Total token count: 2291
Generated sample at index 316
Total token count: 2285
Generated sample at index 502
Total token count: 948
Generated sample at index 340
Total token count: 944
Generated sample at index 678
Total token count: 1842
Generated sample at index 403
Total token count: 2283
Emptied CUDA cache
{'loss': '17.23', 'grad_norm': '116.2', 'learning_rate': '3.257e-05', 'entropy': '1.381', 'num_tokens': '1.637e+06', 'mean_token_accuracy': '0.03002', 'epoch': '1.899'}
Generated sample at index 257
Total token count: 1397
Generated sample at index 3
Total token count: 966
Generated sample at index 219
Total token count: 1841
Generated sample at index 698
Total token count: 2288
Generated sample at index 509
Total token count: 953
Generated sample at index 616
Total token count: 1855
Generated sample at index 433
Total token count: 943
Generated sample at index 85
Total token count: 946
Emptied CUDA cache
{'loss': '16.94', 'grad_norm': '117.3', 'learning_rate': '3.192e-05', 'entropy': '1.407', 'num_tokens': '1.65e+06', 'mean_token_accuracy': '0.03328', 'epoch': '1.913'}
Generated sample at index 699
Total token count: 1398
Generated sample at index 271
Total token count: 956
Generated sample at index 428
Total token count: 1399
Generated sample at index 67
Total token count: 1846
Generated sample at index 31
Total token count: 1397
Generated sample at index 731
Total token count: 1853
Generated sample at index 284
Total token count: 943
Generated sample at index 727
Total token count: 2278
Emptied CUDA cache
{'loss': '16.67', 'grad_norm': '118.2', 'learning_rate': '3.127e-05', 'entropy': '1.419', 'num_tokens': '1.661e+06', 'mean_token_accuracy': '0.03452', 'epoch': '1.926'}
Generated sample at index 360
Total token count: 1402
Generated sample at index 723
Total token count: 949
Generated sample at index 624
Total token count: 2291
Generated sample at index 718
Total token count: 1844
Generated sample at index 249
Total token count: 941
Generated sample at index 346
Total token count: 1403
Generated sample at index 705
Total token count: 966
Generated sample at index 370
Total token count: 1381
Emptied CUDA cache
{'loss': '17.03', 'grad_norm': '116.4', 'learning_rate': '3.062e-05', 'entropy': '1.413', 'num_tokens': '1.673e+06', 'mean_token_accuracy': '0.03298', 'epoch': '1.94'}
Generated sample at index 150
Total token count: 1842
Generated sample at index 127
Total token count: 1402
Generated sample at index 15
Total token count: 1857
Generated sample at index 48
Total token count: 965
Generated sample at index 216
Total token count: 939
Generated sample at index 279
Total token count: 947
Generated sample at index 619
Total token count: 1410
Generated sample at index 528
Total token count: 1409
Emptied CUDA cache
{'loss': '16.84', 'grad_norm': '116.8', 'learning_rate': '2.998e-05', 'entropy': '1.394', 'num_tokens': '1.683e+06', 'mean_token_accuracy': '0.03414', 'epoch': '1.953'}
Generated sample at index 484
Total token count: 943
Generated sample at index 186
Total token count: 1400
Generated sample at index 13
Total token count: 1842
Generated sample at index 660
Total token count: 1845
Generated sample at index 447
Total token count: 1404
Generated sample at index 389
Total token count: 952
Generated sample at index 591
Total token count: 1414
Generated sample at index 35
Total token count: 1406
Emptied CUDA cache
{'loss': '17.06', 'grad_norm': '115.7', 'learning_rate': '2.934e-05', 'entropy': '1.413', 'num_tokens': '1.695e+06', 'mean_token_accuracy': '0.03502', 'epoch': '1.966'}
Generated sample at index 246
Total token count: 949
Generated sample at index 348
Total token count: 1396
Generated sample at index 434
Total token count: 2288
Generated sample at index 420
Total token count: 941
Generated sample at index 588
Total token count: 1407
Generated sample at index 34
Total token count: 1406
Generated sample at index 355
Total token count: 1378
Generated sample at index 408
Total token count: 1403
Emptied CUDA cache
{'loss': '16.66', 'grad_norm': '118.5', 'learning_rate': '2.871e-05', 'entropy': '1.431', 'num_tokens': '1.706e+06', 'mean_token_accuracy': '0.0336', 'epoch': '1.98'}
Generated sample at index 9
Total token count: 943
Generated sample at index 419
Total token count: 938
Generated sample at index 494
Total token count: 940
Generated sample at index 29
Total token count: 953
Generated sample at index 304
Total token count: 1398
Generated sample at index 487
Total token count: 1409
Generated sample at index 411
Total token count: 952
Generated sample at index 158
Total token count: 941
Emptied CUDA cache
{'loss': '16.67', 'grad_norm': '116.9', 'learning_rate': '2.808e-05', 'entropy': '1.432', 'num_tokens': '1.715e+06', 'mean_token_accuracy': '0.0353', 'epoch': '1.993'}
Generated sample at index 250
Total token count: 1383
Generated sample at index 504
Total token count: 942
Generated sample at index 405
Total token count: 1399
Emptied CUDA cache
{'loss': '16.83', 'grad_norm': 'inf', 'learning_rate': '2.746e-05', 'entropy': '1.368', 'num_tokens': '1.719e+06', 'mean_token_accuracy': '0.03082', 'epoch': '2'}
Generated sample at index 132
Generated sample at index 243
Total token count: 2277
Generated sample at index 122
Generated sample at index 489
Total token count: 1846
Generated sample at index 546
Generated sample at index 734
Total token count: 1842
Generated sample at index 584
Generated sample at index 437
Total token count: 1850
Generated sample at index 168
Generated sample at index 319
Total token count: 1391
Generated sample at index 744
Generated sample at index 577
Total token count: 2725
Generated sample at index 20
Generated sample at index 235
Total token count: 1395
Generated sample at index 601
Generated sample at index 353
Total token count: 1842
Generated sample at index 623
Generated sample at index 311
Total token count: 1403
Generated sample at index 207
Generated sample at index 501
Total token count: 1398
Generated sample at index 462
Generated sample at index 730
Total token count: 1406
Generated sample at index 477
Generated sample at index 380
Total token count: 1385
Generated sample at index 349
Generated sample at index 712
Total token count: 1845
Generated sample at index 467
Generated sample at index 547
Total token count: 2722
Generated sample at index 377
Generated sample at index 37
Total token count: 2282
Generated sample at index 310
Generated sample at index 239
Total token count: 947
Generated sample at index 259
Generated sample at index 578
Total token count: 1840
Generated sample at index 193
Generated sample at index 146
Total token count: 2731
Generated sample at index 116
Generated sample at index 614
Total token count: 2734
Generated sample at index 282
Generated sample at index 406
Total token count: 1844
Generated sample at index 80
Generated sample at index 141
Total token count: 1849
Generated sample at index 496
Generated sample at index 666
Total token count: 1398
Generated sample at index 154
Generated sample at index 307
Total token count: 1395
Generated sample at index 498
Generated sample at index 521
Total token count: 2300
Generated sample at index 177
Generated sample at index 457
Total token count: 1391
Generated sample at index 443
Generated sample at index 187
Total token count: 955
Generated sample at index 503
Generated sample at index 585
Total token count: 1843
Generated sample at index 567
Generated sample at index 421
Total token count: 2289
Generated sample at index 82
Generated sample at index 563
Total token count: 1854
Generated sample at index 44
Generated sample at index 553
Total token count: 2287
Generated sample at index 105
Generated sample at index 6
Total token count: 1847
Generated sample at index 677
Generated sample at index 611
Total token count: 1842
Generated sample at index 493
Generated sample at index 709
Total token count: 1385
Generated sample at index 373
Generated sample at index 248
Total token count: 1402
Generated sample at index 686
Generated sample at index 391
Total token count: 1412
Generated sample at index 473
Generated sample at index 372
Total token count: 956
Generated sample at index 88
Generated sample at index 581
Total token count: 1404
Generated sample at index 308
Generated sample at index 220
Total token count: 3175
Generated sample at index 575
Generated sample at index 594
Total token count: 1843
Generated sample at index 106
Generated sample at index 534
Total token count: 2290
Generated sample at index 120
Generated sample at index 323
Total token count: 954
Generated sample at index 157
Generated sample at index 298
Total token count: 1403
Generated sample at index 625
Generated sample at index 579
Total token count: 2286
Generated sample at index 345
Generated sample at index 258
Total token count: 1395
Generated sample at index 474
Generated sample at index 339
Total token count: 948
Generated sample at index 28
Generated sample at index 40
Total token count: 950
Generated sample at index 210
Generated sample at index 14
Total token count: 1399
Generated sample at index 544
Generated sample at index 357
Total token count: 1409
Generated sample at index 4
Generated sample at index 293
Total token count: 1402
Generated sample at index 238
Generated sample at index 714
Total token count: 2724
Generated sample at index 704
Generated sample at index 24
Total token count: 1413
Generated sample at index 635
Generated sample at index 530
Total token count: 3176
Generated sample at index 674
Generated sample at index 561
Total token count: 955
Generated sample at index 175
Generated sample at index 64
Total token count: 945
Generated sample at index 593
Generated sample at index 363
Total token count: 1841
Generated sample at index 214
Generated sample at index 717
Total token count: 2723
Generated sample at index 211
Generated sample at index 415
Total token count: 4498
Generated sample at index 556
Generated sample at index 195
Total token count: 1835
Generated sample at index 653
Generated sample at index 540
Total token count: 2726
Generated sample at index 93
Generated sample at index 472
Total token count: 1402
Generated sample at index 650
Generated sample at index 109
Total token count: 2295
Generated sample at index 548
Generated sample at index 100
Total token count: 1852
Generated sample at index 586
Generated sample at index 262
Total token count: 1843
Generated sample at index 693
Generated sample at index 221
Total token count: 1842
Generated sample at index 344
Generated sample at index 560
Total token count: 1833
Generated sample at index 184
Generated sample at index 342
Total token count: 1393
Generated sample at index 290
Generated sample at index 123
Total token count: 1392
Generated sample at index 417
Generated sample at index 681
Total token count: 2283
Generated sample at index 197
Generated sample at index 312
Total token count: 1399
Generated sample at index 148
Generated sample at index 562
Total token count: 1398
Generated sample at index 488
Generated sample at index 710
Total token count: 1397
Generated sample at index 396
Generated sample at index 36
Total token count: 958
Generated sample at index 413
Generated sample at index 598
Total token count: 968
Generated sample at index 204
Generated sample at index 670
Total token count: 1849
Generated sample at index 135
Generated sample at index 81
Total token count: 1850
Computing metrics on evaluation batch...
{'eval_loss': '16.73', 'eval_token_accuracy': '0', 'eval_runtime': '101.3', 'eval_samples_per_second': '1.48', 'eval_steps_per_second': '0.74', 'eval_entropy': '1.414', 'eval_num_tokens': '1.719e+06', 'eval_mean_token_accuracy': '0.03169', 'epoch': '2'}
================================================================================
Generation evaluation callback
================================================================================
Generated sample at index 106

[COMMENTARY_EVAL] Sample index: 78
[COMMENTARY_EVAL] Ground truth description:
Fine serve, Tsonga crafts a forehand return, intense rally, Djokovic moves closer to net, goes for a backhand volley but it lands just wide.
[COMMENTARY_EVAL] Model output:
The clip shows a point in a tennis match between Jo-Wilfried Tsonga and Novak Djokovic. The score is Deuce, indicating that both players have equal points. Tsonga is seen on the left side of the court, preparing to serve. He toss the ball into the air and hits it with his racket, sending it towards the net. The ball travels through the air and lands on the opposite side of the net. Tsonga then runs to retrieve the ball and prepares to return it. The ball is then returned to Tsonga, who is now on the right side of the court. He then hits the ball back towards the net. The ball is then sent back to the opposite side of the court. Tsonga then runs to retrieve the ball and prepares to return it. The ball is then returned to Tsonga, who is now on the right side of the court. He then hits the ball back towards the net. The ball is then sent back to the opposite side of the court. Tsonga then runs to retrieve the ball and prepares to return it. The ball is then returned to Tsonga, who is now on the right side of the court. He then hits the ball back towards the net. The ball is then sent back to

[COMMENTARY_EVAL] ROUGE score: {'rouge1': np.float64(0.08196721311475409), 'rouge2': np.float64(0.0), 'rougeL': np.float64(0.04918032786885246), 'rougeLsum': np.float64(0.04918032786885246)}
Generated sample at index 6

[COMMENTARY_EVAL] Sample index: 61
[COMMENTARY_EVAL] Ground truth description:
High kick serve, Djokovic crafts a backhand return, rally, Djokovic thumps a forehand winner down the line.
[COMMENTARY_EVAL] Model output:
In this tennis clip, Jo-Wilfried Tsonga, wearing a blue outfit, is seen on the left side of the court, preparing to serve. He toss the ball into the air, then hits it with his racket. The ball goes over the net and lands on the other side of the court. The opponent, Novak Djokovic, is on the right side of the court, ready to return the serve. Djokovic then hits the ball back over the net. The point ends with Djokovic winning the point. The score is now 15-15.

[COMMENTARY_EVAL] ROUGE score: {'rouge1': np.float64(0.1111111111111111), 'rouge2': np.float64(0.018867924528301886), 'rougeL': np.float64(0.0925925925925926), 'rougeLsum': np.float64(0.0925925925925926)}
Generated sample at index 601

[COMMENTARY_EVAL] Sample index: 14
[COMMENTARY_EVAL] Ground truth description:
Delpotro arrows a good serve at T, Federer just manages a backhand return, Delpotro slams a forehand winner.
[COMMENTARY_EVAL] Model output:
In this tennis clip, Roger Federer is seen preparing to serve. He is positioned on the left side of the court, ready to make his serve. Juan Martin Del Potro is on the right side of the court, standing in a ready stance, anticipating Federer's serve. The score is 15-0, indicating that Del Potro has already won the point. Federer's serve is a powerful and precise shot, aimed at Del Potro's backhand. Del Potro, in response, returns the serve with a strong and accurate shot, hitting it back over the net. The point is won by Del Potro, who successfully returns the serve. The clip captures the intensity and skill of both players as they battle for the point.

[COMMENTARY_EVAL] ROUGE score: {'rouge1': np.float64(0.09929078014184398), 'rouge2': np.float64(0.0), 'rougeL': np.float64(0.0851063829787234), 'rougeLsum': np.float64(0.0851063829787234)}
Generated sample at index 6

[COMMENTARY_EVAL] Sample index: 61
[COMMENTARY_EVAL] Ground truth description:
High kick serve, Djokovic crafts a backhand return, rally, Djokovic thumps a forehand winner down the line.
[COMMENTARY_EVAL] Model output:
In this tennis clip, Jo-Wilfried Tsonga, dressed in a blue outfit, is seen preparing to serve the ball. He toss the ball into the air and hits it with his racket. The ball travels over the net and lands on the other side. Tsonga then returns to his position, ready to receive the next serve. The opponent, Novak Djokovic, is seen on the other side of the net, preparing to receive the serve. Djokovic then hits the ball back over the net. The ball lands on the other side, and Tsonga is seen returning the ball. The point is then awarded to Tsonga. The score is now 15-15. The clip shows the players' actions and the point outcome, with Tsonga winning the point.

[COMMENTARY_EVAL] ROUGE score: {'rouge1': np.float64(0.07042253521126761), 'rouge2': np.float64(0.014285714285714287), 'rougeL': np.float64(0.05633802816901409), 'rougeLsum': np.float64(0.05633802816901409)}
Generated sample at index 598

[COMMENTARY_EVAL] Sample index: 145
[COMMENTARY_EVAL] Ground truth description:
Federer aims a fine serve out wide, Delpotro reaches for a backhand return, Federer comes to net and slams a forehand winner.
[COMMENTARY_EVAL] Model output:
In this tennis clip, Roger Federer and Juan Martin Del Potro are competing in a match on a grass court. The score is 30-0, indicating that Federer is leading. Federer is seen preparing to serve, with his body poised and focused. He then serves the ball, sending it into the air with precision. Del Potro, on the other side of the net, is ready to return the serve. As the ball lands, Del Potro quickly responds, hitting a forehand shot. However, the ball is not returned effectively, and Federer manages to return the point. The point is won by Federer, who is seen celebrating his successful return. The clip captures the intensity and skill of the players as they compete on the court.

[COMMENTARY_EVAL] ROUGE score: {'rouge1': np.float64(0.1506849315068493), 'rouge2': np.float64(0.013888888888888888), 'rougeL': np.float64(0.1095890410958904), 'rougeLsum': np.float64(0.1095890410958904)}
Generated sample at index 462

[COMMENTARY_EVAL] Sample index: 20
[COMMENTARY_EVAL] Ground truth description:
Fast serve down T, Delpotro backhand slice fails to land in the court.
[COMMENTARY_EVAL] Model output:
The clip shows a point in a tennis match between Roger Federer and Juan Martin Del Potro. Federer is on the left side of the court, and Del Potro is on the right side. The score is 15-30, indicating that Del Potro is leading in the point. Federer is in the process of returning the ball. He swings his racket and hits the ball with his forehand. The ball travels to the right side of the court. Del Potro is on the right side of the court and is preparing to return the ball. He swings his racket and hits the ball with his forehand. The ball travels to the left side of the court. Federer is on the left side of the court and is preparing to return the ball. He swings his racket and hits the ball with his forehand. The ball travels to the right side of the court. Del Potro is on the right side of the court and is preparing to return the ball. He swings his racket and hits the ball with his forehand. The ball travels to the left side of the court. Federer is on the left side of the court and is preparing to return the ball. He swings his racket and hits the ball with his forehand.

[COMMENTARY_EVAL] ROUGE score: {'rouge1': np.float64(0.03463203463203463), 'rouge2': np.float64(0.017467248908296946), 'rougeL': np.float64(0.025974025974025976), 'rougeLsum': np.float64(0.025974025974025976)}
Generated sample at index 730

[COMMENTARY_EVAL] Sample index: 21
[COMMENTARY_EVAL] Ground truth description:
Federer hits a slice serve into the corner, Delpotro manages a forehand return, Federer crafts a forehand cross-court winner.
[COMMENTARY_EVAL] Model output:
The clip captures a moment during a tennis match between Roger Federer and Juan Martin Del Potro. The score is 30-15, indicating that Federer is leading. Federer is seen on the left side of the court, wearing a red shirt and white shorts, and is in the process of executing a forehand shot. He is focused and determined, with his body positioned to make contact with the ball. The ball is in mid-air, and Federer's racket is in motion, indicating he is about to make contact. The background shows a crowd of spectators, adding to the atmosphere of the match.

Del Potro, on the right side of the court, is wearing a blue shirt and white shorts. He is positioned to receive the ball, preparing to return it. He is in a ready stance, with his racket held back, indicating he is anticipating the ball's trajectory. As Federer's forehand is executed, Del Potro is in a defensive position, ready to respond. The net is visible in the center of the court, and the court's surface is clearly marked with white lines.

The clip shows the dynamic action of the match, with Federer attempting to score a point and Del Potro preparing to return. The outcome of

[COMMENTARY_EVAL] ROUGE score: {'rouge1': np.float64(0.08620689655172414), 'rouge2': np.float64(0.008695652173913045), 'rougeL': np.float64(0.07758620689655173), 'rougeLsum': np.float64(0.06896551724137931)}
Generated sample at index 586

[COMMENTARY_EVAL] Sample index: 124
[COMMENTARY_EVAL] Ground truth description:
Federer arrows a good serve in the middle, Delpotro manages a backhand return, Federer hits a forehand winner cross-court.
[COMMENTARY_EVAL] Model output:
In this tennis clip, the match is between Roger Federer and Juan Martin Del Potro, and the score is tied at Game. The scene begins with Federer, dressed in a red shirt with a Swiss flag on it, looking down, possibly reflecting on a previous point or preparing for the next one. The camera then shifts to a wider view of the court, showing Del Potro, who is wearing a blue shirt and white shorts, standing near the baseline. Federer is seen preparing to serve, with Del Potro positioned on the other side of the net. The camera captures the serve and the ensuing rally, highlighting the players' movements and strategies. The clip ends with the score still tied at Game, indicating that the point has been played out and the outcome is uncertain.

[COMMENTARY_EVAL] ROUGE score: {'rouge1': np.float64(0.11688311688311688), 'rouge2': np.float64(0.0), 'rougeL': np.float64(0.06493506493506493), 'rougeLsum': np.float64(0.06493506493506493)}
Generated sample at index 311

[COMMENTARY_EVAL] Sample index: 17
[COMMENTARY_EVAL] Ground truth description:
Williams serves a heavy ace out wide.
[COMMENTARY_EVAL] Model output:
In this tennis clip, Victoria Azarenka and Serena Williams are competing in a point during a match. The score is tied at Game. Azarenka is on the left side of the court, and Williams is on the right. Azarenka is seen preparing to serve, but she doesn't serve. Instead, she takes a step forward and then hits the ball back. Williams then returns the ball, and Azarenka manages to keep the point. The clip shows the players' actions and the outcome of the point.

[COMMENTARY_EVAL] ROUGE score: {'rouge1': np.float64(0.043478260869565216), 'rouge2': np.float64(0.0), 'rougeL': np.float64(0.043478260869565216), 'rougeLsum': np.float64(0.043478260869565216)}
Generated sample at index 197

[COMMENTARY_EVAL] Sample index: 136
[COMMENTARY_EVAL] Ground truth description:
Good serve in the corner, Zvonareva returns a backhand return, Serena hits a forehand cross-court winner.
[COMMENTARY_EVAL] Model output:
In this tennis clip, Serena Williams and Vera Zvonareva are engaged in a point during a match. The score is tied at 15-15. Serena Williams, positioned on the left side of the court, is preparing to serve. She toss the ball into the air and hits it with her racket. The ball travels across the net and lands on the other side of the court. Vera Zvonareva, standing on the right side of the court, is ready to receive the serve. She moves her body and prepares to return the ball. The ball lands on the other side of the court, and Vera Zvonareva hits it back with her racket. The ball goes over the net and lands on the other side of the court. Serena Williams is unable to return the ball and is unable to make the point. The point is won by Vera Zvonareva. The score is now 16-15.

[COMMENTARY_EVAL] ROUGE score: {'rouge1': np.float64(0.11695906432748537), 'rouge2': np.float64(0.0), 'rougeL': np.float64(0.07017543859649122), 'rougeLsum': np.float64(0.07017543859649122)}
[COMMENTARY_EVAL] Average ROUGE score: {'rouge1': 0.09116359443497522, 'rouge2': 0.007320542878511506, 'rougeL': 0.06749553699767721, 'rougeLsum': 0.06663346803215996}
Generated sample at index 147
Total token count: 943
Generated sample at index 595
Total token count: 952
Generated sample at index 642
Total token count: 1405
Generated sample at index 118
Total token count: 962
Generated sample at index 545
Total token count: 1387
Generated sample at index 436
Total token count: 1841
Generated sample at index 427
Total token count: 2731
Generated sample at index 697
Total token count: 2292
Generated sample at index 199
Total token count: 945
Emptied CUDA cache
{'loss': '16.74', 'grad_norm': '119.5', 'learning_rate': '2.746e-05', 'entropy': '1.414', 'num_tokens': '1.732e+06', 'mean_token_accuracy': '0.03214', 'epoch': '2.013'}
Generated sample at index 158
Total token count: 941
Generated sample at index 48
Total token count: 965
Generated sample at index 713
Total token count: 1850
Generated sample at index 125
Total token count: 1403
Generated sample at index 538
Total token count: 1404
Generated sample at index 526
Total token count: 1843
Generated sample at index 491
Total token count: 2732
Generated sample at index 309
Total token count: 1399
Emptied CUDA cache
{'loss': '16.72', 'grad_norm': '119.3', 'learning_rate': '2.684e-05', 'entropy': '1.405', 'num_tokens': '1.744e+06', 'mean_token_accuracy': '0.03385', 'epoch': '2.027'}
Generated sample at index 176
Total token count: 948
Generated sample at index 35
Total token count: 1406
Generated sample at index 454
Total token count: 1848
Generated sample at index 683
Total token count: 951
Generated sample at index 570
Total token count: 1401
Generated sample at index 669
Total token count: 950
Generated sample at index 405
Total token count: 1399
Generated sample at index 209
Total token count: 927
Emptied CUDA cache
{'loss': '16.65', 'grad_norm': '117.8', 'learning_rate': '2.622e-05', 'entropy': '1.433', 'num_tokens': '1.754e+06', 'mean_token_accuracy': '0.03532', 'epoch': '2.04'}
Generated sample at index 328
Total token count: 946
Generated sample at index 512
Total token count: 953
Generated sample at index 96
Total token count: 1849
Generated sample at index 49
Total token count: 2293
Generated sample at index 385
Total token count: 955
Generated sample at index 465
Total token count: 941
Generated sample at index 583
Total token count: 948
Generated sample at index 482
Total token count: 2729
Emptied CUDA cache
{'loss': '16.64', 'grad_norm': '118.3', 'learning_rate': '2.561e-05', 'entropy': '1.423', 'num_tokens': '1.764e+06', 'mean_token_accuracy': '0.03502', 'epoch': '2.054'}
Generated sample at index 726
Total token count: 1406
Generated sample at index 206
Total token count: 946
Generated sample at index 203
Total token count: 953
Generated sample at index 246
Total token count: 949
Generated sample at index 346
Total token count: 1403
Generated sample at index 658
Total token count: 1400
Generated sample at index 316
Total token count: 2285
Generated sample at index 370
Total token count: 1381
Emptied CUDA cache
{'loss': '16.54', 'grad_norm': '119', 'learning_rate': '2.5e-05', 'entropy': '1.43', 'num_tokens': '1.776e+06', 'mean_token_accuracy': '0.0339', 'epoch': '2.067'}
Generated sample at index 651
Total token count: 1846
Generated sample at index 720
Total token count: 1845
Generated sample at index 460
Total token count: 1403
Generated sample at index 185
Total token count: 951
Generated sample at index 668
Total token count: 1405
Generated sample at index 160
Total token count: 1383
Generated sample at index 469
Total token count: 1397
Generated sample at index 270
Total token count: 1391
Emptied CUDA cache
{'loss': '16.67', 'grad_norm': '120.2', 'learning_rate': '2.44e-05', 'entropy': '1.408', 'num_tokens': '1.788e+06', 'mean_token_accuracy': '0.0311', 'epoch': '2.081'}
Generated sample at index 348
Total token count: 1396
Generated sample at index 1
Total token count: 951
Generated sample at index 741
Total token count: 1405
Generated sample at index 115
Total token count: 960
Generated sample at index 555
Total token count: 948
Generated sample at index 431
Total token count: 1844
Generated sample at index 351
Total token count: 2725
Generated sample at index 12
Total token count: 961
Emptied CUDA cache
{'loss': '16.38', 'grad_norm': '121.6', 'learning_rate': '2.38e-05', 'entropy': '1.408', 'num_tokens': '1.799e+06', 'mean_token_accuracy': '0.03409', 'epoch': '2.094'}
Generated sample at index 667
Total token count: 2728
Generated sample at index 490
Total token count: 1385
Generated sample at index 664
Total token count: 1396
Generated sample at index 242
Total token count: 932
Generated sample at index 278
Total token count: 1846
Generated sample at index 205
Total token count: 1401
Generated sample at index 412
Total token count: 1402
Generated sample at index 22
Total token count: 1415
Emptied CUDA cache
{'loss': '16.4', 'grad_norm': '122.7', 'learning_rate': '2.321e-05', 'entropy': '1.404', 'num_tokens': '1.811e+06', 'mean_token_accuracy': '0.03209', 'epoch': '2.107'}
Generated sample at index 400
Total token count: 949
Generated sample at index 26
Total token count: 941
Generated sample at index 492
Total token count: 945
Generated sample at index 616
Total token count: 1855
Generated sample at index 85
Total token count: 946
Generated sample at index 638
Total token count: 954
Generated sample at index 574
Total token count: 953
Generated sample at index 399
Total token count: 4059
Emptied CUDA cache
{'loss': '16.08', 'grad_norm': '121.4', 'learning_rate': '2.262e-05', 'entropy': '1.432', 'num_tokens': '1.82e+06', 'mean_token_accuracy': '0.03847', 'epoch': '2.121'}
Generated sample at index 247
Total token count: 2288
Generated sample at index 63
Total token count: 951
Generated sample at index 252
Total token count: 951
Generated sample at index 439
Total token count: 1402
Generated sample at index 620
Total token count: 1845
Generated sample at index 419
Total token count: 938
Generated sample at index 428
Total token count: 1399
Generated sample at index 641
Total token count: 2290
Emptied CUDA cache
{'loss': '16.53', 'grad_norm': '120.7', 'learning_rate': '2.204e-05', 'entropy': '1.42', 'num_tokens': '1.834e+06', 'mean_token_accuracy': '0.03247', 'epoch': '2.134'}
Generated sample at index 132
Generated sample at index 243
Total token count: 2277
Generated sample at index 122
Generated sample at index 489
Total token count: 1846
Generated sample at index 546
Generated sample at index 734
Total token count: 1842
Generated sample at index 584
Generated sample at index 437
Total token count: 1850
Generated sample at index 168
Generated sample at index 319
Total token count: 1391
Generated sample at index 744
Generated sample at index 577
Total token count: 2725
Generated sample at index 20
Generated sample at index 235
Total token count: 1395
Generated sample at index 601
Generated sample at index 353
Total token count: 1842
Generated sample at index 623
Generated sample at index 311
Total token count: 1403
Generated sample at index 207
Generated sample at index 501
Total token count: 1398
Generated sample at index 462
Generated sample at index 730
Total token count: 1406
Generated sample at index 477
Generated sample at index 380
Total token count: 1385
Generated sample at index 349
Generated sample at index 712
Total token count: 1845
Generated sample at index 467
Generated sample at index 547
Total token count: 2722
Generated sample at index 377
Generated sample at index 37
Total token count: 2282
Generated sample at index 310
Generated sample at index 239
Total token count: 947
Generated sample at index 259
Generated sample at index 578
Total token count: 1840
Generated sample at index 193
Generated sample at index 146
Total token count: 2731
Generated sample at index 116
Generated sample at index 614
Total token count: 2734
Generated sample at index 282
Generated sample at index 406
Total token count: 1844
Generated sample at index 80
Generated sample at index 141
Total token count: 1849
Generated sample at index 496
Generated sample at index 666
Total token count: 1398
Generated sample at index 154
Generated sample at index 307
Total token count: 1395
Generated sample at index 498
Generated sample at index 521
Total token count: 2300
Generated sample at index 177
Generated sample at index 457
Total token count: 1391
Generated sample at index 443
Generated sample at index 187
Total token count: 955
Generated sample at index 503
Generated sample at index 585
Total token count: 1843
Generated sample at index 567
Generated sample at index 421
Total token count: 2289
Generated sample at index 82
Generated sample at index 563
Total token count: 1854
Generated sample at index 44
Generated sample at index 553
Total token count: 2287
Generated sample at index 105
Generated sample at index 6
Total token count: 1847
Generated sample at index 677
Generated sample at index 611
Total token count: 1842
Generated sample at index 493
Generated sample at index 709
Total token count: 1385
Generated sample at index 373
Generated sample at index 248
Total token count: 1402
Generated sample at index 686
Generated sample at index 391
Total token count: 1412
Generated sample at index 473
Generated sample at index 372
Total token count: 956
Generated sample at index 88
Generated sample at index 581
Total token count: 1404
Generated sample at index 308
Generated sample at index 220
Total token count: 3175
Generated sample at index 575
Generated sample at index 594
Total token count: 1843
Generated sample at index 106
Generated sample at index 534
Total token count: 2290
Generated sample at index 120
Generated sample at index 323
Total token count: 954
Generated sample at index 157
Generated sample at index 298
Total token count: 1403
Generated sample at index 625
Generated sample at index 579
Total token count: 2286
Generated sample at index 345
Generated sample at index 258
Total token count: 1395
Generated sample at index 474
Generated sample at index 339
Total token count: 948
Generated sample at index 28
Generated sample at index 40
Total token count: 950
Generated sample at index 210
Generated sample at index 14
Total token count: 1399
Generated sample at index 544
Generated sample at index 357
Total token count: 1409
Generated sample at index 4
Generated sample at index 293
Total token count: 1402
Generated sample at index 238
Generated sample at index 714
Total token count: 2724
Generated sample at index 704
Generated sample at index 24
Total token count: 1413
Generated sample at index 635
Generated sample at index 530
Total token count: 3176
Generated sample at index 674
Generated sample at index 561
Total token count: 955
Generated sample at index 175
Generated sample at index 64
Total token count: 945
Generated sample at index 593
Generated sample at index 363
Total token count: 1841
Generated sample at index 214
Generated sample at index 717
Total token count: 2723
Generated sample at index 211
Generated sample at index 415
Total token count: 4498
Generated sample at index 556
Generated sample at index 195
Total token count: 1835
Generated sample at index 653
Generated sample at index 540
Total token count: 2726
Generated sample at index 93
Generated sample at index 472
Total token count: 1402
Generated sample at index 650
Generated sample at index 109
Total token count: 2295
Generated sample at index 548
Generated sample at index 100
Total token count: 1852
Generated sample at index 586
Generated sample at index 262
Total token count: 1843
Generated sample at index 693
Generated sample at index 221
Total token count: 1842
Generated sample at index 344
Generated sample at index 560
Total token count: 1833
Generated sample at index 184
Generated sample at index 342
Total token count: 1393
Generated sample at index 290
Generated sample at index 123
Total token count: 1392
Generated sample at index 417
Generated sample at index 681
Total token count: 2283
Generated sample at index 197
Generated sample at index 312
Total token count: 1399
Generated sample at index 148
Generated sample at index 562
Total token count: 1398
Generated sample at index 488
Generated sample at index 710
Total token count: 1397
Generated sample at index 396
Generated sample at index 36
Total token count: 958
Generated sample at index 413
Generated sample at index 598
Total token count: 968
Generated sample at index 204
Generated sample at index 670
Total token count: 1849
Generated sample at index 135
Generated sample at index 81
Total token count: 1850
Computing metrics on evaluation batch...
{'eval_loss': '16.41', 'eval_token_accuracy': '0', 'eval_runtime': '101.5', 'eval_samples_per_second': '1.478', 'eval_steps_per_second': '0.739', 'eval_entropy': '1.421', 'eval_num_tokens': '1.834e+06', 'eval_mean_token_accuracy': '0.03173', 'epoch': '2.134'}
================================================================================
Generation evaluation callback
================================================================================
Generated sample at index 259

[COMMENTARY_EVAL] Sample index: 32
[COMMENTARY_EVAL] Ground truth description:
Good serve in the middle, Williams smashes a backhand return which Sharapova is unable to return.
[COMMENTARY_EVAL] Model output:
The tennis clip features a match between Serena Williams and Maria Sharapova. The score is 0-15, indicating that Serena Williams has won the point. The clip begins with Serena Williams preparing to serve. She stands on the baseline, holding her racket, and focuses on her serve. The camera captures her form as she toss the ball and swings her racket. The ball is served over the net, and Maria Sharapova is seen preparing to return. The serve lands in the direction of Sharapova, who attempts to return it. However, the ball is not properly returned, and the point is won by Serena Williams. The clip ends with Serena Williams celebrating her successful point.

[COMMENTARY_EVAL] ROUGE score: {'rouge1': np.float64(0.15384615384615383), 'rouge2': np.float64(0.046875), 'rougeL': np.float64(0.0923076923076923), 'rougeLsum': np.float64(0.0923076923076923)}
Generated sample at index 259

[COMMENTARY_EVAL] Sample index: 32
[COMMENTARY_EVAL] Ground truth description:
Good serve in the middle, Williams smashes a backhand return which Sharapova is unable to return.
[COMMENTARY_EVAL] Model output:
The tennis clip captures a point between Serena Williams and Maria Sharapova during a match. The scene begins with Serena Williams, dressed in a red top and white skirt, preparing to serve. She stands on the left side of the court, holding her racket with both hands. The net is visible in the center of the court, with the Olympic rings on it, indicating the match is part of the Olympic Games. The audience is seated in the background, watching the match intently.

Serena Williams serves the ball, and Maria Sharapova, on the right side of the court, is ready to return. Sharapova is wearing a black outfit and is positioned to receive the serve. As the ball is served, Sharapova is seen reaching up to make contact with the ball. The ball is then sent back to Serena Williams, who is now in a ready stance, preparing to return the serve.

The point is over, and the score is 0-15. This indicates that Serena Williams has won the point. The clip ends with Serena Williams standing on the court, holding her racket, and looking at the ball. The audience is still watching, and the match continues. The clip highlights the intensity and skill of the players as they compete in the Olympic

[COMMENTARY_EVAL] ROUGE score: {'rouge1': np.float64(0.08695652173913043), 'rouge2': np.float64(0.02631578947368421), 'rougeL': np.float64(0.0782608695652174), 'rougeLsum': np.float64(0.06956521739130435)}
Generated sample at index 109

[COMMENTARY_EVAL] Sample index: 121
[COMMENTARY_EVAL] Ground truth description:
Slice serve, Djokovic has no answer to it.
[COMMENTARY_EVAL] Model output:
In this tennis clip, Jo-Wilfried Tsonga, wearing a blue shirt and red shoes, is seen preparing to serve. He is positioned on the left side of the court, holding his racket and focusing on the ball. The score is 15-0, indicating that Tsonga has just won a point. The ball is then served from Tsonga's side, and Djokovic, wearing a white shirt and blue shorts, is seen ready to receive the serve. Djokovic is positioned on the right side of the court, with his racket in hand and eyes focused on the incoming ball. As the ball travels, Djokovic makes a quick reaction and successfully returns the serve. The point is won by Djokovic, and the score updates to 15-1. The clip captures the intensity and precision of the players' actions as they compete in this high-pressure match.

[COMMENTARY_EVAL] ROUGE score: {'rouge1': np.float64(0.05298013245033112), 'rouge2': np.float64(0.013422818791946308), 'rougeL': np.float64(0.039735099337748346), 'rougeLsum': np.float64(0.039735099337748346)}
Generated sample at index 488

[COMMENTARY_EVAL] Sample index: 140
[COMMENTARY_EVAL] Ground truth description:
Fine serve, Delpotro is unable to return it.
[COMMENTARY_EVAL] Model output:
In this tennis clip, Roger Federer is seen on the court, preparing to serve. He is wearing a red shirt and white shorts, with a red headband. The score is 15-7 in favor of Federer, indicating he is leading in the game. The ball is in motion, and Federer is about to make his next move. The opponent, Juan Martin Del Potro, is positioned on the opposite side of the net, ready to respond. The scene captures the intensity and focus of the match, with both players displaying their skills and determination. The crowd is visible in the background, adding to the atmosphere of the competition. The clip highlights the strategic nature of the game, as both players anticipate each other's moves and work to gain an advantage.

[COMMENTARY_EVAL] ROUGE score: {'rouge1': np.float64(0.043478260869565216), 'rouge2': np.float64(0.0), 'rougeL': np.float64(0.043478260869565216), 'rougeLsum': np.float64(0.043478260869565216)}
Generated sample at index 496

[COMMENTARY_EVAL] Sample index: 42
[COMMENTARY_EVAL] Ground truth description:
Federer hits a fast serve in the middle, Delpotro backhand lands out.
[COMMENTARY_EVAL] Model output:
In this tennis clip, we observe a point between Roger Federer and Juan Martin Del Potro during a match. The score is 40-0, indicating that Federer is leading in this point. The player in the red shirt, likely Federer, is in the process of serving, and Del Potro is positioned on the other side of the net, ready to receive. The clip shows Federer preparing to serve, with his body poised and his racket raised, indicating he is about to make contact with the ball. Del Potro is in a ready stance, anticipating the serve. The scene captures the intensity and focus of the match, highlighting the players' concentration and skill as they compete. The outcome of this point is not explicitly stated, but the score suggests that Federer has a strong chance of winning this point. The visual elements of the court, including the net and the players' positions, emphasize the competitive nature of the match.

[COMMENTARY_EVAL] ROUGE score: {'rouge1': np.float64(0.05882352941176471), 'rouge2': np.float64(0.011904761904761906), 'rougeL': np.float64(0.05882352941176471), 'rougeLsum': np.float64(0.05882352941176471)}
Generated sample at index 248

[COMMENTARY_EVAL] Sample index: 67
[COMMENTARY_EVAL] Ground truth description:
Williams aims a high kick serve, Sharapova puts back a backhand return, good rally, Serena produces a forehand cross-court winner.
[COMMENTARY_EVAL] Model output:
In the tennis clip, Serena Williams and Maria Sharapova are engaged in a point during a match. The score is 40-15, indicating that Serena Williams is leading. The sequence begins with Serena Williams preparing to return a shot. She is focused and ready to execute her next move. The camera then shifts to a wider view, showing the entire court. Maria Sharapova is positioned on the other side of the net, preparing to respond. The match is intense, and both players are displaying their skills and determination. The point is won by Serena Williams, who successfully returns the ball with precision and power. The crowd erupts in cheers as she celebrates her victory. The match continues with the players pushing their limits, striving for the next point. The score remains at 40-15, reflecting the dominance of Serena Williams in this match. The clip captures the intensity and excitement of the game, highlighting the skill and determination of both players.

[COMMENTARY_EVAL] ROUGE score: {'rouge1': np.float64(0.08791208791208792), 'rouge2': np.float64(0.0), 'rougeL': np.float64(0.06593406593406594), 'rougeLsum': np.float64(0.06593406593406594)}
Generated sample at index 681

[COMMENTARY_EVAL] Sample index: 135
[COMMENTARY_EVAL] Ground truth description:
High kick serve, Delpotro returns a forehand return, long rally, Federer overcooks a forehand long.
[COMMENTARY_EVAL] Model output:
The clip captures a tennis point between Roger Federer and Juan Martin Del Potro on a grass court. The score is 0-15, indicating that Del Potro has won the point. The sequence begins with Del Potro serving the ball. Federer is positioned on the opposite side of the net, ready to return the serve. Del Potro hits the ball with a powerful forehand, but Federer manages to return it with a precise shot. The ball lands just beyond the baseline, and Del Potro wins the point with a solid return. The score is now 0-15. The clip ends with Del Potro celebrating his successful point.

[COMMENTARY_EVAL] ROUGE score: {'rouge1': np.float64(0.09836065573770492), 'rouge2': np.float64(0.0), 'rougeL': np.float64(0.08196721311475409), 'rougeLsum': np.float64(0.08196721311475409)}
Generated sample at index 593

[COMMENTARY_EVAL] Sample index: 108
[COMMENTARY_EVAL] Ground truth description:
Delpotro serves in the middle, Federer returns a backhand return, Delpotro fails to keep a forehand in the play.
[COMMENTARY_EVAL] Model output:
In this tennis clip, the point is being played between Roger Federer and Juan Martin Del Potro. The score is 40-A, which means Federer is serving. The clip begins with Federer in the process of serving the ball. He toss the ball into the air and then hits it with his racket. The ball goes over the net and lands on the other side of the court. The ball lands in the court, and the player on the other side of the court, Del Potro, tries to return the ball. Del Potro hits the ball back, but it goes out of bounds. The point is won by Federer. The clip ends with Federer celebrating the point.

[COMMENTARY_EVAL] ROUGE score: {'rouge1': np.float64(0.11764705882352942), 'rouge2': np.float64(0.029850746268656716), 'rougeL': np.float64(0.08823529411764706), 'rougeLsum': np.float64(0.08823529411764706)}
Generated sample at index 567

[COMMENTARY_EVAL] Sample index: 54
[COMMENTARY_EVAL] Ground truth description:
Fine serve, Delpotro returns a quick forehand return winner.
[COMMENTARY_EVAL] Model output:
In the tennis clip, Roger Federer is seen on the right side of the court, preparing to serve. He is in a ready stance, with his body facing the net, and he is about to execute his serve. Juan Martin Del Potro is positioned on the left side of the court, ready to receive the serve. The score is 30-15, indicating that Del Potro is leading the match. The clip captures the moment just before Federer serves, showing the anticipation and tension of the game. The players' actions and the point outcome are not fully visible in this clip, but it is clear that the match is in progress and the score is at a critical juncture.

[COMMENTARY_EVAL] ROUGE score: {'rouge1': np.float64(0.031496062992125984), 'rouge2': np.float64(0.0), 'rougeL': np.float64(0.031496062992125984), 'rougeLsum': np.float64(0.031496062992125984)}
Generated sample at index 148

[COMMENTARY_EVAL] Sample index: 138
[COMMENTARY_EVAL] Ground truth description:
Williams serves a good one, Zvonareva backhand return fails to make it over the net.
[COMMENTARY_EVAL] Model output:
The clip shows a tennis match between Serena Williams and Vera Zvonareva on a grass court. The score is 40-15, indicating that Serena Williams is leading. The match is part of a challenge, as indicated by the scoreboard. Serena Williams is on the left side of the court, and Vera Zvonareva is on the right. The players are in the middle of a point, with Serena Williams preparing to serve. The ball is served, and the point is won by Serena Williams. The score is now 40-15. The players are then seen walking off the court.

[COMMENTARY_EVAL] ROUGE score: {'rouge1': np.float64(0.08849557522123894), 'rouge2': np.float64(0.0), 'rougeL': np.float64(0.08849557522123894), 'rougeLsum': np.float64(0.08849557522123894)}
[COMMENTARY_EVAL] Average ROUGE score: {'rouge1': 0.08199960390036326, 'rouge2': 0.012836911643904913, 'rougeL': 0.066873366287182, 'rougeLsum': 0.0660038010697907}
Generated sample at index 68
Total token count: 1409
Generated sample at index 679
Total token count: 1407
Generated sample at index 434
Total token count: 2288
Generated sample at index 696
Total token count: 1846
Generated sample at index 46
Total token count: 1412
Generated sample at index 73
Total token count: 948
Generated sample at index 723
Total token count: 949
Generated sample at index 236
Total token count: 1387
Emptied CUDA cache
{'loss': '16.18', 'grad_norm': '123', 'learning_rate': '2.146e-05', 'entropy': '1.43', 'num_tokens': '1.847e+06', 'mean_token_accuracy': '0.03443', 'epoch': '2.148'}
Generated sample at index 107
Total token count: 1848
Generated sample at index 182
Total token count: 2284
Generated sample at index 379
Total token count: 937
Generated sample at index 732
Total token count: 940
Generated sample at index 634
Total token count: 945
Generated sample at index 303
Total token count: 1843
Generated sample at index 51
Total token count: 947
Generated sample at index 200
Total token count: 942
Emptied CUDA cache
{'loss': '16.48', 'grad_norm': '121.3', 'learning_rate': '2.089e-05', 'entropy': '1.424', 'num_tokens': '1.858e+06', 'mean_token_accuracy': '0.03189', 'epoch': '2.161'}
Generated sample at index 192
Total token count: 1847
Generated sample at index 442
Total token count: 2279
Generated sample at index 133
Total token count: 1398
Generated sample at index 129
Total token count: 1840
Generated sample at index 541
Total token count: 1847
Generated sample at index 301
Total token count: 948
Generated sample at index 453
Total token count: 948
Generated sample at index 637
Total token count: 1855
Emptied CUDA cache
{'loss': '16.14', 'grad_norm': '123.9', 'learning_rate': '2.033e-05', 'entropy': '1.433', 'num_tokens': '1.87e+06', 'mean_token_accuracy': '0.03137', 'epoch': '2.174'}
Generated sample at index 376
Total token count: 1842
Generated sample at index 159
Total token count: 936
Generated sample at index 550
Total token count: 1409
Generated sample at index 240
Total token count: 1402
Generated sample at index 665
Total token count: 1402
Generated sample at index 34
Total token count: 1406
Generated sample at index 113
Total token count: 1417
Generated sample at index 698
Total token count: 2288
Emptied CUDA cache
{'loss': '16.28', 'grad_norm': '121.9', 'learning_rate': '1.977e-05', 'entropy': '1.442', 'num_tokens': '1.882e+06', 'mean_token_accuracy': '0.0338', 'epoch': '2.188'}
Generated sample at index 494
Total token count: 940
Generated sample at index 618
Total token count: 949
Generated sample at index 227
Total token count: 1402
Generated sample at index 25
Total token count: 1858
Generated sample at index 475
Total token count: 950
Generated sample at index 383
Total token count: 2283
Generated sample at index 612
Total token count: 1393
Generated sample at index 590
Total token count: 1840
Emptied CUDA cache
{'loss': '16.32', 'grad_norm': '122.7', 'learning_rate': '1.922e-05', 'entropy': '1.395', 'num_tokens': '1.894e+06', 'mean_token_accuracy': '0.03197', 'epoch': '2.201'}
Generated sample at index 245
Total token count: 941
Generated sample at index 502
Total token count: 948
Generated sample at index 652
Total token count: 2287
Generated sample at index 631
Total token count: 1413
Generated sample at index 294
Total token count: 1396
Generated sample at index 361
Total token count: 1842
Generated sample at index 112
Total token count: 1415
Generated sample at index 729
Total token count: 2292
Emptied CUDA cache
{'loss': '16.24', 'grad_norm': '123.4', 'learning_rate': '1.867e-05', 'entropy': '1.415', 'num_tokens': '1.906e+06', 'mean_token_accuracy': '0.03124', 'epoch': '2.215'}
Generated sample at index 600
Total token count: 938
Generated sample at index 533
Total token count: 1393
Generated sample at index 411
Total token count: 952
Generated sample at index 188
Total token count: 1376
Generated sample at index 337
Total token count: 1400
Generated sample at index 375
Total token count: 1402
Generated sample at index 497
Total token count: 1401
Generated sample at index 539
Total token count: 948
Emptied CUDA cache
{'loss': '16.14', 'grad_norm': '124', 'learning_rate': '1.813e-05', 'entropy': '1.427', 'num_tokens': '1.917e+06', 'mean_token_accuracy': '0.03098', 'epoch': '2.228'}
Generated sample at index 143
Total token count: 1839
Generated sample at index 636
Total token count: 1405
Generated sample at index 425
Total token count: 3176
Generated sample at index 321
Total token count: 2727
Generated sample at index 126
Total token count: 946
Generated sample at index 378
Total token count: 2283
Generated sample at index 202
Total token count: 1841
Generated sample at index 657
Total token count: 949
Emptied CUDA cache
{'loss': '16.43', 'grad_norm': '123.7', 'learning_rate': '1.759e-05', 'entropy': '1.413', 'num_tokens': '1.932e+06', 'mean_token_accuracy': '0.02879', 'epoch': '2.242'}
Generated sample at index 189
Total token count: 1406
Generated sample at index 5
Total token count: 956
Generated sample at index 557
Total token count: 964
Generated sample at index 343
Total token count: 1388
Generated sample at index 727
Total token count: 2278
Generated sample at index 325
Total token count: 1400
Generated sample at index 103
Total token count: 1402
Generated sample at index 470
Total token count: 948
Emptied CUDA cache
{'loss': '15.93', 'grad_norm': '124', 'learning_rate': '1.707e-05', 'entropy': '1.437', 'num_tokens': '1.943e+06', 'mean_token_accuracy': '0.03539', 'epoch': '2.255'}
Generated sample at index 186
Total token count: 1400
Generated sample at index 573
Total token count: 1845
Generated sample at index 659
Total token count: 2286
Generated sample at index 279
Total token count: 947
Generated sample at index 287
Total token count: 939
Generated sample at index 212
Total token count: 1397
Generated sample at index 60
Total token count: 1409
Generated sample at index 178
Total token count: 1839
Emptied CUDA cache
{'loss': '16.04', 'grad_norm': '124.3', 'learning_rate': '1.654e-05', 'entropy': '1.428', 'num_tokens': '1.954e+06', 'mean_token_accuracy': '0.03169', 'epoch': '2.268'}
Generated sample at index 132
Generated sample at index 243
Total token count: 2277
Generated sample at index 122
Generated sample at index 489
Total token count: 1846
Generated sample at index 546
Generated sample at index 734
Total token count: 1842
Generated sample at index 584
Generated sample at index 437
Total token count: 1850
Generated sample at index 168
Generated sample at index 319
Total token count: 1391
Generated sample at index 744
Generated sample at index 577
Total token count: 2725
Generated sample at index 20
Generated sample at index 235
Total token count: 1395
Generated sample at index 601
Generated sample at index 353
Total token count: 1842
Generated sample at index 623
Generated sample at index 311
Total token count: 1403
Generated sample at index 207
Generated sample at index 501
Total token count: 1398
Generated sample at index 462
Generated sample at index 730
Total token count: 1406
Generated sample at index 477
Generated sample at index 380
Total token count: 1385
Generated sample at index 349
Generated sample at index 712
Total token count: 1845
Generated sample at index 467
Generated sample at index 547
Total token count: 2722
Generated sample at index 377
Generated sample at index 37
Total token count: 2282
Generated sample at index 310
Generated sample at index 239
Total token count: 947
Generated sample at index 259
Generated sample at index 578
Total token count: 1840
Generated sample at index 193
Generated sample at index 146
Total token count: 2731
Generated sample at index 116
Generated sample at index 614
Total token count: 2734
Generated sample at index 282
Generated sample at index 406
Total token count: 1844
Generated sample at index 80
Generated sample at index 141
Total token count: 1849
Generated sample at index 496
Generated sample at index 666
Total token count: 1398
Generated sample at index 154
Generated sample at index 307
Total token count: 1395
Generated sample at index 498
Generated sample at index 521
Total token count: 2300
Generated sample at index 177
Generated sample at index 457
Total token count: 1391
Generated sample at index 443
Generated sample at index 187
Total token count: 955
Generated sample at index 503
Generated sample at index 585
Total token count: 1843
Generated sample at index 567
Generated sample at index 421
Total token count: 2289
Generated sample at index 82
Generated sample at index 563
Total token count: 1854
Generated sample at index 44
Generated sample at index 553
Total token count: 2287
Generated sample at index 105
Generated sample at index 6
Total token count: 1847
Generated sample at index 677
Generated sample at index 611
Total token count: 1842
Generated sample at index 493
Generated sample at index 709
Total token count: 1385
Generated sample at index 373
Generated sample at index 248
Total token count: 1402
Generated sample at index 686
Generated sample at index 391
Total token count: 1412
Generated sample at index 473
Generated sample at index 372
Total token count: 956
Generated sample at index 88
Generated sample at index 581
Total token count: 1404
Generated sample at index 308
Generated sample at index 220
Total token count: 3175
Generated sample at index 575
Generated sample at index 594
Total token count: 1843
Generated sample at index 106
Generated sample at index 534
Total token count: 2290
Generated sample at index 120
Generated sample at index 323
Total token count: 954
Generated sample at index 157
Generated sample at index 298
Total token count: 1403
Generated sample at index 625
Generated sample at index 579
Total token count: 2286
Generated sample at index 345
Generated sample at index 258
Total token count: 1395
Generated sample at index 474
Generated sample at index 339
Total token count: 948
Generated sample at index 28
Generated sample at index 40
Total token count: 950
Generated sample at index 210
Generated sample at index 14
Total token count: 1399
Generated sample at index 544
Generated sample at index 357
Total token count: 1409
Generated sample at index 4
Generated sample at index 293
Total token count: 1402
Generated sample at index 238
Generated sample at index 714
Total token count: 2724
Generated sample at index 704
Generated sample at index 24
Total token count: 1413
Generated sample at index 635
Generated sample at index 530
Total token count: 3176
Generated sample at index 674
Generated sample at index 561
Total token count: 955
Generated sample at index 175
Generated sample at index 64
Total token count: 945
Generated sample at index 593
Generated sample at index 363
Total token count: 1841
Generated sample at index 214
Generated sample at index 717
Total token count: 2723
Generated sample at index 211
Generated sample at index 415
Total token count: 4498
Generated sample at index 556
Generated sample at index 195
Total token count: 1835
Generated sample at index 653
Generated sample at index 540
Total token count: 2726
Generated sample at index 93
Generated sample at index 472
Total token count: 1402
Generated sample at index 650
Generated sample at index 109
Total token count: 2295
Generated sample at index 548
Generated sample at index 100
Total token count: 1852
Generated sample at index 586
Generated sample at index 262
Total token count: 1843
Generated sample at index 693
Generated sample at index 221
Total token count: 1842
Generated sample at index 344
Generated sample at index 560
Total token count: 1833
Generated sample at index 184
Generated sample at index 342
Total token count: 1393
Generated sample at index 290
Generated sample at index 123
Total token count: 1392
Generated sample at index 417
Generated sample at index 681
Total token count: 2283
Generated sample at index 197
Generated sample at index 312
Total token count: 1399
Generated sample at index 148
Generated sample at index 562
Total token count: 1398
Generated sample at index 488
Generated sample at index 710
Total token count: 1397
Generated sample at index 396
Generated sample at index 36
Total token count: 958
Generated sample at index 413
Generated sample at index 598
Total token count: 968
Generated sample at index 204
Generated sample at index 670
Total token count: 1849
Generated sample at index 135
Generated sample at index 81
Total token count: 1850
Computing metrics on evaluation batch...
{'eval_loss': '16.16', 'eval_token_accuracy': '0', 'eval_runtime': '100.6', 'eval_samples_per_second': '1.492', 'eval_steps_per_second': '0.746', 'eval_entropy': '1.426', 'eval_num_tokens': '1.954e+06', 'eval_mean_token_accuracy': '0.03175', 'epoch': '2.268'}
================================================================================
Generation evaluation callback
================================================================================
Generated sample at index 187

[COMMENTARY_EVAL] Sample index: 51
[COMMENTARY_EVAL] Ground truth description:
Monumental serve is an ace.
[COMMENTARY_EVAL] Model output:
The clip shows a point between Serena Williams and Vera Zvonareva during a tennis match. The match is taking place on a grass court, which is a typical setting for the sport. The score is tied at Game, meaning that both players have reached the same number of games in the match, and it's a crucial point in the game.

In the clip, Serena Williams is seen preparing to serve. She is wearing a blue outfit, and her body is positioned in a ready stance. The ball is in the air, and she is about to serve it. The net is visible in the middle of the court, and the score is displayed on the right side of the screen. The score is currently tied at Game, indicating that both players are at the same score.

As the ball is served, Vera Zvonareva is seen preparing to return the serve. She is also wearing a blue outfit, and her body is in a ready stance. The ball is in the air, and she is about to return it. The net is visible in the middle of the court, and the score is displayed on the right side of the screen. The score is currently tied at Game, indicating that both players are at the same score.

The clip captures the moment when Serena

[COMMENTARY_EVAL] ROUGE score: {'rouge1': np.float64(0.017467248908296942), 'rouge2': np.float64(0.0), 'rougeL': np.float64(0.017467248908296942), 'rougeLsum': np.float64(0.017467248908296942)}
Generated sample at index 534

[COMMENTARY_EVAL] Sample index: 79
[COMMENTARY_EVAL] Ground truth description:
Delpotro arrows a good serve at T, Federer is unable to return it.
[COMMENTARY_EVAL] Model output:
In this tennis clip, Roger Federer is on the left side of the court, wearing a blue shirt and white shorts. He is preparing to serve. Juan Martin Del Potro, wearing a red shirt and white shorts, is on the right side of the court. Del Potro is positioned on the far side of the net, ready to receive the serve. The serve is served from the left side of the court, and Del Potro is able to return it. The point is won by Del Potro, as he manages to return the serve and then goes for a volley. The point is then won by Federer, as he manages to return the volley and then goes for a cross-court backhand. The point is then won by Del Potro, as he manages to return the cross-court backhand and then goes for a volley. The point is then won by Federers, as he manages to return the volley and then goes for a cross-court backhand. The point is then won by Del Potro, as he manages to return the cross-court backhand and then goes for a volley. The point is then won by Federers, as he manages to return the volley and then goes for a cross-court backhand. The point is then won by

[COMMENTARY_EVAL] ROUGE score: {'rouge1': np.float64(0.06060606060606061), 'rouge2': np.float64(0.026200873362445417), 'rougeL': np.float64(0.05194805194805195), 'rougeLsum': np.float64(0.05194805194805195)}
Generated sample at index 635

[COMMENTARY_EVAL] Sample index: 102
[COMMENTARY_EVAL] Ground truth description:
Delpotro serves a high kick serve, Federer delivers a backhand return, brief rally, Delpotro cross-court forehand fails to land inside the court.
[COMMENTARY_EVAL] Model output:
The clip begins with a close-up of a digital scoreboard showing the time as 03:00. The scene then transitions to an overhead view of a grass tennis court, where two players are positioned on opposite sides of the net. The player on the left, wearing a blue shirt and white shorts, is Roger Federer, and the player on the right, wearing a red shirt and white shorts, is Juan Martin Del Potro. 

Federer is seen preparing to serve, with his body poised and his racket raised. The ball is then tossed into the air, and he swings his racket with precision, sending the ball flying over the net. Del Potro is in position to return the serve, but he is unable to keep up with the pace. The ball lands just outside the boundary of the court, and Del Potro fails to return it properly. The score is now 0-15, indicating that Federer has won the point.

The camera then focuses on Federer as he celebrates his successful point. He is seen smiling and pumping his fist in the air, clearly pleased with his performance. The scene captures the intensity and excitement of the match, with Federer's confident demeanor and Del Potro's evident struggle to keep up. The

[COMMENTARY_EVAL] ROUGE score: {'rouge1': np.float64(0.0847457627118644), 'rouge2': np.float64(0.017094017094017092), 'rougeL': np.float64(0.06779661016949154), 'rougeLsum': np.float64(0.07627118644067797)}
Generated sample at index 357

[COMMENTARY_EVAL] Sample index: 95
[COMMENTARY_EVAL] Ground truth description:
Quick serve wide is an ace.
[COMMENTARY_EVAL] Model output:
In this tennis clip, Victoria Azarenka and Serena Williams are engaged in a point during a match. The score is 30-0, indicating that Azarenka has a lead in this point. Azarenka is seen preparing to serve, holding her racket with both hands and positioning herself in the ready stance. She then toss the ball into the air and hits it with her racket, aiming for a precise shot. The ball travels across the net and lands on the opponent's side, where Serena Williams is positioned. Williams is in a ready stance, anticipating the ball's trajectory, and is likely to return the serve. The outcome of the point is not yet known, but the clip shows the dynamic exchange between the two players, highlighting the intensity and skill involved in their match.

[COMMENTARY_EVAL] ROUGE score: {'rouge1': np.float64(0.028571428571428574), 'rouge2': np.float64(0.0), 'rougeL': np.float64(0.028571428571428574), 'rougeLsum': np.float64(0.028571428571428574)}
Generated sample at index 211

[COMMENTARY_EVAL] Sample index: 112
[COMMENTARY_EVAL] Ground truth description:
Sharapova aims a bodyline serve, Williams works a backhand return, Sharapova struggles to keep a cross-court backhand in a rally.
[COMMENTARY_EVAL] Model output:
The tennis clip captures a point between Serena Williams and Maria Sharapova during a match. The score is 0-40, indicating that Serena Williams is serving, and the point is in her favor. The scene begins with Serena Williams, dressed in a red top and white skirt, preparing to serve. She is positioned on the right side of the court, with her racket raised, ready to make contact with the ball. Maria Sharapova, wearing a dark outfit, is on the opposite side of the court, preparing to return the serve.

As the serve is made, Serena Williams hits the ball with precision, sending it across the net. Maria Sharapova responds by returning the ball with a powerful shot, but the ball lands just outside the boundary, resulting in a point for Serena Williams. The camera then pans to show the entire court, capturing the aftermath of the point. The ball lands on the far side of the court, and the scoreboard updates to reflect the new score.

The clip ends with Serena Williams walking back to her position, holding her racket, and the crowd watching the match. The atmosphere is intense, with the players fully focused on the game. The outcome of the point is a significant win for Serena Williams, as she secures the point

[COMMENTARY_EVAL] ROUGE score: {'rouge1': np.float64(0.10126582278481013), 'rouge2': np.float64(0.00851063829787234), 'rougeL': np.float64(0.0759493670886076), 'rougeLsum': np.float64(0.09282700421940927)}
Generated sample at index 290

[COMMENTARY_EVAL] Sample index: 132
[COMMENTARY_EVAL] Ground truth description:
Good serve in the middle, Williams hits a backhand return but it lands wide of the court.
[COMMENTARY_EVAL] Model output:
The clip captures a point in a women's tennis match between Victoria Azarenka and Serena Williams. The match is taking place on a grass court, and the score is 15-0, indicating that Victoria Azarenka has won the point. The sequence begins with Victoria Azarenka, dressed in a white shirt and green skirt, standing on her side of the court, ready to serve. She toss the ball into the air and serves it with her racket. Serena Williams, wearing a black outfit, is positioned on the opposite side of the net, preparing to return the serve. As the ball is served, Serena Williams moves to receive it. The ball is then returned by Victoria Azarenka, who hits it back with her racket. The point ends with Victoria Azarenka winning the point. The camera captures the action from a high angle, providing a clear view of the players' movements and the ball's trajectory. The score is displayed on the screen, showing that Victoria Azarenka has won the point. The match continues with the players ready for the next point.

[COMMENTARY_EVAL] ROUGE score: {'rouge1': np.float64(0.11167512690355329), 'rouge2': np.float64(0.020512820512820516), 'rougeL': np.float64(0.08121827411167515), 'rougeLsum': np.float64(0.08121827411167515)}
Generated sample at index 195

[COMMENTARY_EVAL] Sample index: 115
[COMMENTARY_EVAL] Ground truth description:
Quick serve, Williams returns a backhand return, couple of shots exchanged, Serena blasts a forehand winner down the line.
[COMMENTARY_EVAL] Model output:
In this tennis clip, Serena Williams and Vera Zvonareva are engaged in a point during a match. The sequence begins with Serena Williams preparing to serve. She toss the ball into the air and hits it with her racket, sending it towards the net. Vera Zvonareva is positioned on the opposite side of the net, ready to return the serve. As the ball is in motion, Serena Williams is seen executing a powerful forehand stroke, which she aims to hit with precision. The ball travels across the net, and Vera Zvonareva is seen preparing to respond. She quickly moves her body and swings her racket, attempting to return the ball. The ball is then seen in motion, and Serena Williams is seen reacting to the return. She attempts to keep the ball in play, but Vera Zvonareva manages to return it with a strong shot. The point is then seen as a tie, with both players having equal chances of winning. The clip captures the intensity and skill of the players as they compete for victory.

[COMMENTARY_EVAL] ROUGE score: {'rouge1': np.float64(0.09230769230769233), 'rouge2': np.float64(0.0), 'rougeL': np.float64(0.07179487179487179), 'rougeLsum': np.float64(0.07179487179487179)}
Generated sample at index 310

[COMMENTARY_EVAL] Sample index: 30
[COMMENTARY_EVAL] Ground truth description:
Sizzling serve down the T is an ace.
[COMMENTARY_EVAL] Model output:
The clip shows a point in a tennis match between Victoria Azarenka and Serena Williams. The score is 40-30, indicating that Azarenka is leading. The players are on a grass court, and the match is likely part of a larger tournament. The score is 40-30, which means Azarenka is leading by two games. The clip shows Azarenka preparing to serve, but the focus is on the point that just occurred. Azarenka is likely to serve, but the clip does not show the serve. The clip does not show the point being won by Azarenka, as she is leading. The clip does not show the point being won by Williams, as she is trailing. The clip does not show the point being won by Azarenka, as she is leading. The clip does not show the point being won by Williams, as she is trailing. The clip does not show the point being won by Azarenka, as she is leading. The clip does not show the point being won by Williams, as she is trailing. The clip does not show the point being won by Azarenka, as she is leading. The clip does not show the point being won by Williams, as she is

[COMMENTARY_EVAL] ROUGE score: {'rouge1': np.float64(0.028301886792452827), 'rouge2': np.float64(0.0), 'rougeL': np.float64(0.028301886792452827), 'rougeLsum': np.float64(0.028301886792452827)}
Generated sample at index 611

[COMMENTARY_EVAL] Sample index: 63
[COMMENTARY_EVAL] Ground truth description:
Fine serve, Federer delivers a backhand return, brief rally, Federer attempts a forehand cross-court but it lands wide.
[COMMENTARY_EVAL] Model output:
The clip captures a pivotal moment in a tennis match between Roger Federer and Juan Martin Del Potro. The score is 30-0, indicating that Federer is leading. Federer is seen preparing to serve, standing on the left side of the court with his body in a ready stance. The audience is visible in the background, attentively watching the match. The ball is then served, and Del Potro responds by returning it with a powerful shot. The ball is sent back towards Federers, who is then able to return it with a precise shot. Del Potro, however, is unable to keep up with the pace and the ball lands out of bounds. The score is then updated to 30-0, reflecting Federer's lead. The clip captures the intensity and skill of the players as they battle for control of the point.

[COMMENTARY_EVAL] ROUGE score: {'rouge1': np.float64(0.11180124223602485), 'rouge2': np.float64(0.0), 'rougeL': np.float64(0.062111801242236024), 'rougeLsum': np.float64(0.062111801242236024)}
Generated sample at index 563

[COMMENTARY_EVAL] Sample index: 57
[COMMENTARY_EVAL] Ground truth description:
Quick serve, Federer crafts a backhand return, couple of shots exchanged, Federer sends a forehand outside the court.
[COMMENTARY_EVAL] Model output:
In this tennis clip, Roger Federer is seen on the left side of the court, preparing to return a serve. He is wearing a blue shirt and white shorts. Juan Martin Del Potro, wearing a red shirt and white shorts, is on the right side of the court. Del Potro serves the ball, and Federer responds with a forehand shot. The ball is returned by Del Potro, who then serves again. Federer returns the serve with a forehand, and Del Potro responds with a backhand. The point is won by Federers, who then returns the ball. The score is now 40-30.

[COMMENTARY_EVAL] ROUGE score: {'rouge1': np.float64(0.18333333333333335), 'rouge2': np.float64(0.05084745762711864), 'rougeL': np.float64(0.11666666666666667), 'rougeLsum': np.float64(0.11666666666666667)}
[COMMENTARY_EVAL] Average ROUGE score: {'rouge1': 0.08200756051555172, 'rouge2': 0.012316580689427401, 'rougeL': 0.06018262072937791, 'rougeLsum': 0.06271784206957672}
Generated sample at index 71
Total token count: 1847
Generated sample at index 424
Total token count: 2302
Generated sample at index 327
Total token count: 935
Generated sample at index 268
Total token count: 959
Generated sample at index 456
Total token count: 1852
Generated sample at index 500
Total token count: 1398
Generated sample at index 725
Total token count: 1407
Generated sample at index 272
Total token count: 954
Emptied CUDA cache
{'loss': '15.99', 'grad_norm': '125.6', 'learning_rate': '1.603e-05', 'entropy': '1.447', 'num_tokens': '1.966e+06', 'mean_token_accuracy': '0.03203', 'epoch': '2.282'}
Generated sample at index 156
Total token count: 946
Generated sample at index 75
Total token count: 1404
Generated sample at index 511
Total token count: 960
Generated sample at index 404
Total token count: 1841
Generated sample at index 84
Total token count: 1398
Generated sample at index 397
Total token count: 946
Generated sample at index 458
Total token count: 944
Generated sample at index 174
Total token count: 1401
Emptied CUDA cache
{'loss': '15.93', 'grad_norm': '123.3', 'learning_rate': '1.552e-05', 'entropy': '1.435', 'num_tokens': '1.976e+06', 'mean_token_accuracy': '0.03594', 'epoch': '2.295'}
Generated sample at index 23
Total token count: 957
Generated sample at index 180
Total token count: 1394
Generated sample at index 589
Total token count: 1405
Generated sample at index 289
Total token count: 936
Generated sample at index 65
Total token count: 1845
Generated sample at index 55
Total token count: 1400
Generated sample at index 387
Total token count: 1407
Generated sample at index 261
Total token count: 1840
Emptied CUDA cache
{'loss': '16.13', 'grad_norm': '123.9', 'learning_rate': '1.502e-05', 'entropy': '1.419', 'num_tokens': '1.987e+06', 'mean_token_accuracy': '0.03447', 'epoch': '2.309'}
Generated sample at index 615
Total token count: 1843
Generated sample at index 58
Total token count: 952
Generated sample at index 441
Total token count: 1402
Generated sample at index 264
Total token count: 1401
Generated sample at index 692
Total token count: 957
Generated sample at index 495
Total token count: 950
Generated sample at index 222
Total token count: 1400
Generated sample at index 254
Total token count: 945
Emptied CUDA cache
{'loss': '16.14', 'grad_norm': '123.8', 'learning_rate': '1.452e-05', 'entropy': '1.4', 'num_tokens': '1.997e+06', 'mean_token_accuracy': '0.03462', 'epoch': '2.322'}
Generated sample at index 152
Total token count: 961
Generated sample at index 47
Total token count: 950
Generated sample at index 291
Total token count: 2721
Generated sample at index 596
Total token count: 941
Generated sample at index 745
Total token count: 2722
Generated sample at index 554
Total token count: 1851
Generated sample at index 535
Total token count: 1405
Generated sample at index 486
Total token count: 959
Emptied CUDA cache
{'loss': '16.02', 'grad_norm': '124.4', 'learning_rate': '1.403e-05', 'entropy': '1.444', 'num_tokens': '2.01e+06', 'mean_token_accuracy': '0.03291', 'epoch': '2.336'}
Generated sample at index 447
Total token count: 1404
Generated sample at index 700
Total token count: 1844
Generated sample at index 624
Total token count: 2291
Generated sample at index 299
Total token count: 942
Generated sample at index 215
Total token count: 1395
Generated sample at index 30
Total token count: 1406
Generated sample at index 599
Total token count: 947
Generated sample at index 138
Total token count: 1399
Emptied CUDA cache
{'loss': '16.03', 'grad_norm': '124.3', 'learning_rate': '1.355e-05', 'entropy': '1.412', 'num_tokens': '2.021e+06', 'mean_token_accuracy': '0.03387', 'epoch': '2.349'}
Generated sample at index 386
Total token count: 945
Generated sample at index 151
Total token count: 1848
Generated sample at index 691
Total token count: 948
Generated sample at index 514
Total token count: 944
Generated sample at index 288
Total token count: 956
Generated sample at index 92
Total token count: 1412
Generated sample at index 569
Total token count: 948
Generated sample at index 639
Total token count: 2727
Emptied CUDA cache
{'loss': '15.92', 'grad_norm': '124.2', 'learning_rate': '1.308e-05', 'entropy': '1.445', 'num_tokens': '2.03e+06', 'mean_token_accuracy': '0.03658', 'epoch': '2.362'}
Generated sample at index 409
Total token count: 1408
Generated sample at index 381
Total token count: 4489
Generated sample at index 139
Total token count: 937
Generated sample at index 568
Total token count: 1413
Generated sample at index 515
Total token count: 1403
Generated sample at index 430
Total token count: 955
Generated sample at index 149
Total token count: 936
Generated sample at index 94
Total token count: 951
Emptied CUDA cache
{'loss': '16.09', 'grad_norm': '125.6', 'learning_rate': '1.261e-05', 'entropy': '1.42', 'num_tokens': '2.045e+06', 'mean_token_accuracy': '0.03121', 'epoch': '2.376'}
Generated sample at index 673
Total token count: 955
Generated sample at index 230
Total token count: 950
Generated sample at index 542
Total token count: 1410
Generated sample at index 191
Total token count: 1404
Generated sample at index 414
Total token count: 1839
Generated sample at index 260
Total token count: 949
Generated sample at index 592
Total token count: 1404
Generated sample at index 331
Total token count: 1836
Emptied CUDA cache
{'loss': '15.62', 'grad_norm': '124.9', 'learning_rate': '1.215e-05', 'entropy': '1.464', 'num_tokens': '2.055e+06', 'mean_token_accuracy': '0.0368', 'epoch': '2.389'}
Generated sample at index 694
Total token count: 1401
Generated sample at index 54
Total token count: 961
Generated sample at index 459
Total token count: 1394
Generated sample at index 237
Total token count: 1395
Generated sample at index 401
Total token count: 955
Generated sample at index 520
Total token count: 1395
Generated sample at index 558
Total token count: 951
Generated sample at index 622
Total token count: 1405
Emptied CUDA cache
{'loss': '15.71', 'grad_norm': '124.5', 'learning_rate': '1.17e-05', 'entropy': '1.462', 'num_tokens': '2.065e+06', 'mean_token_accuracy': '0.03455', 'epoch': '2.403'}
Generated sample at index 132
Generated sample at index 243
Total token count: 2277
Generated sample at index 122
Generated sample at index 489
Total token count: 1846
Generated sample at index 546
Generated sample at index 734
Total token count: 1842
Generated sample at index 584
Generated sample at index 437
Total token count: 1850
Generated sample at index 168
Generated sample at index 319
Total token count: 1391
Generated sample at index 744
Generated sample at index 577
Total token count: 2725
Generated sample at index 20
Generated sample at index 235
Total token count: 1395
Generated sample at index 601
Generated sample at index 353
Total token count: 1842
Generated sample at index 623
Generated sample at index 311
Total token count: 1403
Generated sample at index 207
Generated sample at index 501
Total token count: 1398
Generated sample at index 462
Generated sample at index 730
Total token count: 1406
Generated sample at index 477
Generated sample at index 380
Total token count: 1385
Generated sample at index 349
Generated sample at index 712
Total token count: 1845
Generated sample at index 467
Generated sample at index 547
Total token count: 2722
Generated sample at index 377
Generated sample at index 37
Total token count: 2282
Generated sample at index 310
Generated sample at index 239
Total token count: 947
Generated sample at index 259
Generated sample at index 578
Total token count: 1840
Generated sample at index 193
Generated sample at index 146
Total token count: 2731
Generated sample at index 116
Generated sample at index 614
Total token count: 2734
Generated sample at index 282
Generated sample at index 406
Total token count: 1844
Generated sample at index 80
Generated sample at index 141
Total token count: 1849
Generated sample at index 496
Generated sample at index 666
Total token count: 1398
Generated sample at index 154
Generated sample at index 307
Total token count: 1395
Generated sample at index 498
Generated sample at index 521
Total token count: 2300
Generated sample at index 177
Generated sample at index 457
Total token count: 1391
Generated sample at index 443
Generated sample at index 187
Total token count: 955
Generated sample at index 503
Generated sample at index 585
Total token count: 1843
Generated sample at index 567
Generated sample at index 421
Total token count: 2289
Generated sample at index 82
Generated sample at index 563
Total token count: 1854
Generated sample at index 44
Generated sample at index 553
Total token count: 2287
Generated sample at index 105
Generated sample at index 6
Total token count: 1847
Generated sample at index 677
Generated sample at index 611
Total token count: 1842
Generated sample at index 493
Generated sample at index 709
Total token count: 1385
Generated sample at index 373
Generated sample at index 248
Total token count: 1402
Generated sample at index 686
Generated sample at index 391
Total token count: 1412
Generated sample at index 473
Generated sample at index 372
Total token count: 956
Generated sample at index 88
Generated sample at index 581
Total token count: 1404
Generated sample at index 308
Generated sample at index 220
Total token count: 3175
Generated sample at index 575
Generated sample at index 594
Total token count: 1843
Generated sample at index 106
Generated sample at index 534
Total token count: 2290
Generated sample at index 120
Generated sample at index 323
Total token count: 954
Generated sample at index 157
Generated sample at index 298
Total token count: 1403
Generated sample at index 625
Generated sample at index 579
Total token count: 2286
Generated sample at index 345
Generated sample at index 258
Total token count: 1395
Generated sample at index 474
Generated sample at index 339
Total token count: 948
Generated sample at index 28
Generated sample at index 40
Total token count: 950
Generated sample at index 210
Generated sample at index 14
Total token count: 1399
Generated sample at index 544
Generated sample at index 357
Total token count: 1409
Generated sample at index 4
Generated sample at index 293
Total token count: 1402
Generated sample at index 238
Generated sample at index 714
Total token count: 2724
Generated sample at index 704
Generated sample at index 24
Total token count: 1413
Generated sample at index 635
Generated sample at index 530
Total token count: 3176
Generated sample at index 674
Generated sample at index 561
Total token count: 955
Generated sample at index 175
Generated sample at index 64
Total token count: 945
Generated sample at index 593
Generated sample at index 363
Total token count: 1841
Generated sample at index 214
Generated sample at index 717
Total token count: 2723
Generated sample at index 211
Generated sample at index 415
Total token count: 4498
Generated sample at index 556
Generated sample at index 195
Total token count: 1835
Generated sample at index 653
Generated sample at index 540
Total token count: 2726
Generated sample at index 93
Generated sample at index 472
Total token count: 1402
Generated sample at index 650
Generated sample at index 109
Total token count: 2295
Generated sample at index 548
Generated sample at index 100
Total token count: 1852
Generated sample at index 586
Generated sample at index 262
Total token count: 1843
Generated sample at index 693
Generated sample at index 221
Total token count: 1842
Generated sample at index 344
Generated sample at index 560
Total token count: 1833
Generated sample at index 184
Generated sample at index 342
Total token count: 1393
Generated sample at index 290
Generated sample at index 123
Total token count: 1392
Generated sample at index 417
Generated sample at index 681
Total token count: 2283
Generated sample at index 197
Generated sample at index 312
Total token count: 1399
Generated sample at index 148
Generated sample at index 562
Total token count: 1398
Generated sample at index 488
Generated sample at index 710
Total token count: 1397
Generated sample at index 396
Generated sample at index 36
Total token count: 958
Generated sample at index 413
Generated sample at index 598
Total token count: 968
Generated sample at index 204
Generated sample at index 670
Total token count: 1849
Generated sample at index 135
Generated sample at index 81
Total token count: 1850
Computing metrics on evaluation batch...
{'eval_loss': '15.98', 'eval_token_accuracy': '0', 'eval_runtime': '100.1', 'eval_samples_per_second': '1.499', 'eval_steps_per_second': '0.75', 'eval_entropy': '1.43', 'eval_num_tokens': '2.065e+06', 'eval_mean_token_accuracy': '0.03176', 'epoch': '2.403'}
================================================================================
Generation evaluation callback
================================================================================
Generated sample at index 623

[COMMENTARY_EVAL] Sample index: 16
[COMMENTARY_EVAL] Ground truth description:
Quick serve, Federer returns a quick backhand return, couple of shots exchanged, Federer blasts a forehand winner down the line.
[COMMENTARY_EVAL] Model output:
In this tennis clip, we observe a point being played between Roger Federer and Juan Martin Del Potro during a match at the London 2012 Olympics. The score is 15-30, indicating that the score is in favor of the player who is currently serving. The player in the red shirt, who is Roger Federer, is in a ready stance on the left side of the court, preparing to receive the serve. The player in the blue shirt, Juan Martin Del Potro, is on the right side of the court, having just served the ball.

The serve is sent into the court, and Federer is seen moving to his right to return the ball. The ball is then sent back into the court, and Del Potro is seen preparing to return it. The ball is then sent back into the court, and Federer is seen moving to his right to return the ball. The ball is then sent back into the court, and Del Potro is seen preparing to return it. The ball is then sent back into the court, and Federers is seen moving to his right to return the ball. The ball is then sent back into the court, and Del Potro is seen preparing to return it. The ball is then

[COMMENTARY_EVAL] ROUGE score: {'rouge1': np.float64(0.06837606837606837), 'rouge2': np.float64(0.0), 'rougeL': np.float64(0.05128205128205129), 'rougeLsum': np.float64(0.06837606837606837)}
Generated sample at index 345

[COMMENTARY_EVAL] Sample index: 86
[COMMENTARY_EVAL] Ground truth description:
Fine serve, Azarenka is unable to return it.
[COMMENTARY_EVAL] Model output:
In this tennis clip, Victoria Azarenka and Serena Williams are competing in a match. The score is 15-0, indicating that Victoria Azarenka has won the point. The clip shows Victoria Azarenka preparing to serve, and then she serves the ball. Serena Williams is positioned on the other side of the net, ready to return the serve. The ball is then returned by Serena Williams, but Victoria Azarenka manages to return it successfully. The point is won by Victoria Azarenka, and the score is now 15-0. The clip captures the intensity and skill of both players as they compete in this match.

[COMMENTARY_EVAL] ROUGE score: {'rouge1': np.float64(0.10810810810810811), 'rouge2': np.float64(0.03669724770642201), 'rougeL': np.float64(0.0900900900900901), 'rougeLsum': np.float64(0.0900900900900901)}
Generated sample at index 734

[COMMENTARY_EVAL] Sample index: 5
[COMMENTARY_EVAL] Ground truth description:
Good serve in the middle, Federer returns a backhand return, short rally, Federer flashes a forehand cross-court winner.
[COMMENTARY_EVAL] Model output:
In the tennis clip, Roger Federer is seen on the left side of the court, wearing a red shirt and white shorts, and Juan Martin Del Potro is on the right side, dressed in a blue shirt and white shorts. The score is 0-30, indicating that Del Potro is leading. Federer is positioned near the baseline, preparing to return a serve. Del Potro serves the ball, which Federer hits back. Federer then moves to the right side of the court and hits the ball with his forehand. Del Potro responds by hitting the ball with his forehand. The ball goes into the net, and Del Potro wins the point. Federer then returns to the baseline and prepares to serve again. The clip ends with Federers preparing to serve.

[COMMENTARY_EVAL] ROUGE score: {'rouge1': np.float64(0.14864864864864863), 'rouge2': np.float64(0.0136986301369863), 'rougeL': np.float64(0.0945945945945946), 'rougeLsum': np.float64(0.0945945945945946)}
Generated sample at index 710

[COMMENTARY_EVAL] Sample index: 141
[COMMENTARY_EVAL] Ground truth description:
Flat serve aimed out wide, Delpotro works a backhand return, Federer forehand lands out-side the court.
[COMMENTARY_EVAL] Model output:
In this tennis clip, we observe a point between Roger Federer and Juan Martin Del Potro during a match at the Wimbledon Championships. The score is Deuce, indicating that both players have equal points and the game is tied. The scene starts with Federer preparing to serve. He is in a ready stance, holding his racket, and the crowd is visible in the background, watching intently. The camera focuses on Federers' form and technique as he prepares to serve.

The serve is executed with precision, and the ball is sent into the air. Del Potro, on the other side of the net, is positioned to receive the serve. He is in motion, moving forward to make his return. The ball is then seen in mid-air, traveling towards Del Potro's side of the court. Del Potro, anticipating the serve, is ready to react and return the ball.

As the ball lands, Del Potro hits it back with force, aiming to keep the point competitive. The ball is then seen bouncing off the court, and the outcome of the point is determined by the outcome of the return. The final outcome of the point is that Del Potro wins it, as he successfully returns the ball and puts pressure on Federer. The crowd reacts

[COMMENTARY_EVAL] ROUGE score: {'rouge1': np.float64(0.06926406926406925), 'rouge2': np.float64(0.008733624454148471), 'rougeL': np.float64(0.051948051948051945), 'rougeLsum': np.float64(0.060606060606060594)}
Generated sample at index 44

[COMMENTARY_EVAL] Sample index: 58
[COMMENTARY_EVAL] Ground truth description:
Good serve in the middle, Djokovic delivers a backhand return, rally, Tsonga backhand slice fails to clear the net.
[COMMENTARY_EVAL] Model output:
In this tennis clip, Jo-Wilfried Tsonga and Novak Djokovic are playing a point on a grass court. Tsonga is positioned on the right side of the court, preparing to serve. He holds his racket and takes a few steps back to get ready. He then serves the ball, sending it over the net. Djokovic, on the opposite side of the court, is in a ready stance, anticipating the serve. He quickly reacts, moving his body to make a good return. Tsonga's serve lands in the right corner of the court, but Djokovic manages to return it with a powerful shot. The ball goes into the left corner of the court, and Djokovic scores the point. The score is now 0-15. The clip shows the players' movements and their ability to respond to each other's shots.

[COMMENTARY_EVAL] ROUGE score: {'rouge1': np.float64(0.13924050632911392), 'rouge2': np.float64(0.02564102564102564), 'rougeL': np.float64(0.10126582278481013), 'rougeLsum': np.float64(0.10126582278481013)}
Generated sample at index 82

[COMMENTARY_EVAL] Sample index: 56
[COMMENTARY_EVAL] Ground truth description:
Acute angled slice serve, Djokovic puts back a forehand return, lengthy exchange between the players, Tsonga rushes to net and hits a forehand smash winner.
[COMMENTARY_EVAL] Model output:
The clip captures a dynamic point during a tennis match between Jo-Wilfried Tsonga and Novak Djokovic. The score is 30-15, indicating that Tsonga is leading. The scene begins with Tsonga in the process of serving, his body poised and ready as he launches the ball. The ball travels across the net, and Djokovic, positioned on the other side, is in full anticipation, preparing to respond. 

As the ball approaches Djokovic, he quickly moves to his right, anticipating the serve. The ball lands on the opposite side of the court, and Djokovic is seen preparing to return. He takes a step forward, ready to execute his shot. However, Tsonga manages to keep his balance and hits a forehand shot, sending the ball towards the net. 

The ball is then returned by Djokovic, who manages to keep it in play. The ball is then sent back to Tsonga, who is seen in a ready stance, preparing to return the ball. Tsonga takes a step forward, and the ball is then returned by Djokovic, who is seen in a ready stance, preparing to return the ball. The ball is then sent back to Tsonga, who is seen in

[COMMENTARY_EVAL] ROUGE score: {'rouge1': np.float64(0.12612612612612614), 'rouge2': np.float64(0.03636363636363636), 'rougeL': np.float64(0.08108108108108107), 'rougeLsum': np.float64(0.12612612612612614)}
Generated sample at index 243

[COMMENTARY_EVAL] Sample index: 1
[COMMENTARY_EVAL] Ground truth description:
Good serve, Williams returns a quick forehand return, short rally, Serena cracks a backhand winner down the line.
[COMMENTARY_EVAL] Model output:
In this tennis clip, Serena Williams and Maria Sharapova are competing in a match on a grass court. The point begins with Serena Williams preparing to serve. She is in a focused stance, holding her racket and looking straight ahead. The ball is in motion, and she is about to serve. 

As the ball is served, Maria Sharapova is positioned on the other side of the net, ready to return. She is in a low stance, anticipating the serve. The ball is then hit by Serena Williams and lands on the court. Maria Sharapova reacts quickly, moving forward and hitting the ball with her racket. 

The point is then won by Serena Williams, as she successfully returns the ball. She then walks back to her side of the court, with the score now at 40-A. The clip captures the intensity and skill of both players as they compete in this match.

[COMMENTARY_EVAL] ROUGE score: {'rouge1': np.float64(0.09411764705882353), 'rouge2': np.float64(0.0), 'rougeL': np.float64(0.07058823529411765), 'rougeLsum': np.float64(0.08235294117647059)}
Generated sample at index 207

[COMMENTARY_EVAL] Sample index: 18
[COMMENTARY_EVAL] Ground truth description:
Williams aims a fine serve at T, Sharapova is unable to return it.
[COMMENTARY_EVAL] Model output:
The tennis clip shows a point between Serena Williams and Maria Sharapova during a match. The score is 40-0, indicating that Serena Williams is leading. The clip captures the moment just before the point is played. Serena Williams is standing on her side of the court, preparing to serve. She is holding her racket in her right hand and has her left hand on her waist. She is looking at the ball, which is in the air, and she is ready to make her serve. Maria Sharapova is on the other side of the court, standing in her ready position. She is holding her racket in her right hand and has her left hand on her waist. She is looking at the ball, which is in the air, and she is ready to make her return. The point is about to be played, and the score is 40-0.

[COMMENTARY_EVAL] ROUGE score: {'rouge1': np.float64(0.098159509202454), 'rouge2': np.float64(0.012422360248447204), 'rougeL': np.float64(0.098159509202454), 'rougeLsum': np.float64(0.098159509202454)}
Generated sample at index 353

[COMMENTARY_EVAL] Sample index: 15
[COMMENTARY_EVAL] Ground truth description:
Azarenka serves a good one, Williams works a forehand return, rally, Serena cross-court forehand lands out-side the court.
[COMMENTARY_EVAL] Model output:
The tennis clip captures a pivotal moment in a match between Victoria Azarenka and Serena Williams. The score is tied at 30-30, indicating that the game is in a critical phase where both players are under pressure. The scene begins with Azarenka on the baseline, preparing to return a serve. She is in a ready stance, her body poised to respond to the incoming ball. The ball is served from the opposite side, and Azarenka's opponent, Serena Williams, is positioned on the other side of the net, ready to receive.

As the ball approaches, Azarenka executes a powerful forehand stroke. Her body rotates swiftly, showcasing her agility and strength. The ball is sent towards the net, and Azarenka's follow-through is fluid, indicating a well-executing shot. The ball lands near the net, and Azarenka follows through with her racket, her focus intense. The ball is then returned by Williams, who is positioned to receive it, but Azarenka manages to return it with a strong serve.

The point is then decided by the outcome of the return. Azarenka's return is successful, and she manages to keep the ball in play. The ball is then sent back to Williams, who is now

[COMMENTARY_EVAL] ROUGE score: {'rouge1': np.float64(0.08888888888888888), 'rouge2': np.float64(0.0), 'rougeL': np.float64(0.07111111111111111), 'rougeLsum': np.float64(0.08)}
Generated sample at index 44

[COMMENTARY_EVAL] Sample index: 58
[COMMENTARY_EVAL] Ground truth description:
Good serve in the middle, Djokovic delivers a backhand return, rally, Tsonga backhand slice fails to clear the net.
[COMMENTARY_EVAL] Model output:
In the tennis clip, Jo-Wilfried Tsonga is seen preparing to serve. He stands on the left side of the court, holding his racket and focusing on the ball. He then toss the ball up and serves it with a powerful swing. The ball travels across the net and lands on the other side of the court. The opposing player, Novak Djokovic, is seen preparing to return the serve. He reaches for the ball and hits it back with a strong return. The ball lands on the other side of the court and is caught by Tsonga. Tsonga then runs to the other side of the court and prepares to serve again. The opposing player, Novak Djokovic, is seen preparing to return the serve. He reaches for the ball and hits it back with a strong return. The ball lands on the other side of the court and is caught by Tsonga. Tsonga then runs to the other side of the court and prepares to serve again. The opposing player, Novak Djokovic, is seen preparing to return the serve. He reaches for the ball and hits it back with a strong return. The ball lands on the other side of the court and is caught by Tsonga. Tsonga then runs to the other side of

[COMMENTARY_EVAL] ROUGE score: {'rouge1': np.float64(0.08547008547008547), 'rouge2': np.float64(0.017241379310344827), 'rougeL': np.float64(0.06837606837606837), 'rougeLsum': np.float64(0.06837606837606837)}
[COMMENTARY_EVAL] Average ROUGE score: {'rouge1': 0.10263996574723863, 'rouge2': 0.015079790386101083, 'rougeL': 0.07784966157644302, 'rougeLsum': 0.08699472813327427}
Generated sample at index 217
Total token count: 2726
Generated sample at index 559
Total token count: 1847
Generated sample at index 33
Total token count: 1409
Generated sample at index 408
Total token count: 1403
Generated sample at index 359
Total token count: 943
Generated sample at index 703
Total token count: 954
Generated sample at index 41
Total token count: 954
Generated sample at index 523
Total token count: 4494
Emptied CUDA cache
{'loss': '15.62', 'grad_norm': '127.6', 'learning_rate': '1.125e-05', 'entropy': '1.431', 'num_tokens': '2.077e+06', 'mean_token_accuracy': '0.03336', 'epoch': '2.416'}
Generated sample at index 382
Total token count: 2283
Generated sample at index 300
Total token count: 1385
Generated sample at index 224
Total token count: 942
Generated sample at index 632
Total token count: 949
Generated sample at index 591
Total token count: 1414
Generated sample at index 371
Total token count: 1388
Generated sample at index 721
Total token count: 950
Generated sample at index 69
Total token count: 956
Emptied CUDA cache
{'loss': '16.16', 'grad_norm': '124.4', 'learning_rate': '1.082e-05', 'entropy': '1.407', 'num_tokens': '2.09e+06', 'mean_token_accuracy': '0.03167', 'epoch': '2.43'}
Generated sample at index 705
Total token count: 966
Generated sample at index 161
Total token count: 1401
Generated sample at index 724
Total token count: 1404
Generated sample at index 388
Total token count: 938
Generated sample at index 435
Total token count: 2287
Generated sample at index 296
Total token count: 1405
Generated sample at index 566
Total token count: 954
Generated sample at index 76
Total token count: 956
Emptied CUDA cache
{'loss': '15.56', 'grad_norm': '126.1', 'learning_rate': '1.039e-05', 'entropy': '1.449', 'num_tokens': '2.101e+06', 'mean_token_accuracy': '0.03742', 'epoch': '2.443'}
Generated sample at index 531
Total token count: 2284
Generated sample at index 716
Total token count: 1851
Generated sample at index 121
Total token count: 1401
Generated sample at index 317
Total token count: 1837
Generated sample at index 70
Total token count: 1403
Generated sample at index 608
Total token count: 958
Generated sample at index 628
Total token count: 942
Generated sample at index 198
Total token count: 1400
Emptied CUDA cache
{'loss': '15.7', 'grad_norm': '126.8', 'learning_rate': '9.963e-06', 'entropy': '1.439', 'num_tokens': '2.112e+06', 'mean_token_accuracy': '0.03395', 'epoch': '2.456'}
Generated sample at index 707
Total token count: 944
Generated sample at index 173
Total token count: 2281
Generated sample at index 690
Total token count: 949
Generated sample at index 517
Total token count: 1841
Generated sample at index 216
Total token count: 939
Generated sample at index 9
Total token count: 943
Generated sample at index 364
Total token count: 2285
Generated sample at index 263
Total token count: 1382
Emptied CUDA cache
{'loss': '16.1', 'grad_norm': '124.7', 'learning_rate': '9.549e-06', 'entropy': '1.418', 'num_tokens': '2.124e+06', 'mean_token_accuracy': '0.0319', 'epoch': '2.47'}
Generated sample at index 688
Total token count: 945
Generated sample at index 145
Total token count: 1407
Generated sample at index 305
Total token count: 1395
Generated sample at index 463
Total token count: 944
Generated sample at index 644
Total token count: 1416
Generated sample at index 602
Total token count: 1409
Generated sample at index 362
Total token count: 1394
Generated sample at index 59
Total token count: 952
Emptied CUDA cache
{'loss': '15.92', 'grad_norm': '124.7', 'learning_rate': '9.143e-06', 'entropy': '1.429', 'num_tokens': '2.134e+06', 'mean_token_accuracy': '0.03494', 'epoch': '2.483'}
Generated sample at index 219
Total token count: 1841
Generated sample at index 302
Total token count: 1400
Generated sample at index 170
Total token count: 1395
Generated sample at index 334
Total token count: 1403
Generated sample at index 509
Total token count: 953
Generated sample at index 2
Total token count: 947
Generated sample at index 31
Total token count: 1397
Generated sample at index 702
Total token count: 1844
Emptied CUDA cache
{'loss': '15.97', 'grad_norm': '124.3', 'learning_rate': '8.744e-06', 'entropy': '1.426', 'num_tokens': '2.144e+06', 'mean_token_accuracy': '0.03579', 'epoch': '2.497'}
Generated sample at index 604
Total token count: 1404
Generated sample at index 315
Total token count: 1391
Generated sample at index 124
Total token count: 1848
Generated sample at index 18
Total token count: 963
Generated sample at index 448
Total token count: 3167
Generated sample at index 53
Total token count: 1847
Generated sample at index 110
Total token count: 1851
Generated sample at index 422
Total token count: 944
Emptied CUDA cache
{'loss': '15.81', 'grad_norm': '127.8', 'learning_rate': '8.354e-06', 'entropy': '1.432', 'num_tokens': '2.159e+06', 'mean_token_accuracy': '0.03226', 'epoch': '2.51'}
Generated sample at index 304
Total token count: 1398
Generated sample at index 179
Total token count: 1401
Generated sample at index 140
Total token count: 2278
Generated sample at index 131
Total token count: 1841
Generated sample at index 536
Total token count: 938
Generated sample at index 322
Total token count: 941
Generated sample at index 445
Total token count: 1403
Generated sample at index 481
Total token count: 1405
Emptied CUDA cache
{'loss': '16.08', 'grad_norm': '123.7', 'learning_rate': '7.972e-06', 'entropy': '1.438', 'num_tokens': '2.17e+06', 'mean_token_accuracy': '0.03182', 'epoch': '2.523'}
Generated sample at index 610
Total token count: 950
Generated sample at index 649
Total token count: 938
Generated sample at index 196
Total token count: 1844
Generated sample at index 91
Total token count: 1410
Generated sample at index 78
Total token count: 950
Generated sample at index 471
Total token count: 1400
Generated sample at index 684
Total token count: 945
Generated sample at index 72
Total token count: 952
Emptied CUDA cache
{'loss': '15.62', 'grad_norm': '126.1', 'learning_rate': '7.598e-06', 'entropy': '1.454', 'num_tokens': '2.18e+06', 'mean_token_accuracy': '0.0356', 'epoch': '2.537'}
Generated sample at index 132
Generated sample at index 243
Total token count: 2277
Generated sample at index 122
Generated sample at index 489
Total token count: 1846
Generated sample at index 546
Generated sample at index 734
Total token count: 1842
Generated sample at index 584
Generated sample at index 437
Total token count: 1850
Generated sample at index 168
Generated sample at index 319
Total token count: 1391
Generated sample at index 744
Generated sample at index 577
Total token count: 2725
Generated sample at index 20
Generated sample at index 235
Total token count: 1395
Generated sample at index 601
Generated sample at index 353
Total token count: 1842
Generated sample at index 623
Generated sample at index 311
Total token count: 1403
Generated sample at index 207
Generated sample at index 501
Total token count: 1398
Generated sample at index 462
Generated sample at index 730
Total token count: 1406
Generated sample at index 477
Generated sample at index 380
Total token count: 1385
Generated sample at index 349
Generated sample at index 712
Total token count: 1845
Generated sample at index 467
Generated sample at index 547
Total token count: 2722
Generated sample at index 377
Generated sample at index 37
Total token count: 2282
Generated sample at index 310
Generated sample at index 239
Total token count: 947
Generated sample at index 259
Generated sample at index 578
Total token count: 1840
Generated sample at index 193
Generated sample at index 146
Total token count: 2731
Generated sample at index 116
Generated sample at index 614
Total token count: 2734
Generated sample at index 282
Generated sample at index 406
Total token count: 1844
Generated sample at index 80
Generated sample at index 141
Total token count: 1849
Generated sample at index 496
Generated sample at index 666
Total token count: 1398
Generated sample at index 154
Generated sample at index 307
Total token count: 1395
Generated sample at index 498
Generated sample at index 521
Total token count: 2300
Generated sample at index 177
Generated sample at index 457
Total token count: 1391
Generated sample at index 443
Generated sample at index 187
Total token count: 955
Generated sample at index 503
Generated sample at index 585
Total token count: 1843
Generated sample at index 567
Generated sample at index 421
Total token count: 2289
Generated sample at index 82
Generated sample at index 563
Total token count: 1854
Generated sample at index 44
Generated sample at index 553
Total token count: 2287
Generated sample at index 105
Generated sample at index 6
Total token count: 1847
Generated sample at index 677
Generated sample at index 611
Total token count: 1842
Generated sample at index 493
Generated sample at index 709
Total token count: 1385
Generated sample at index 373
Generated sample at index 248
Total token count: 1402
Generated sample at index 686
Generated sample at index 391
Total token count: 1412
Generated sample at index 473
Generated sample at index 372
Total token count: 956
Generated sample at index 88
Generated sample at index 581
Total token count: 1404
Generated sample at index 308
Generated sample at index 220
Total token count: 3175
Generated sample at index 575
Generated sample at index 594
Total token count: 1843
Generated sample at index 106
Generated sample at index 534
Total token count: 2290
Generated sample at index 120
Generated sample at index 323
Total token count: 954
Generated sample at index 157
Generated sample at index 298
Total token count: 1403
Generated sample at index 625
Generated sample at index 579
Total token count: 2286
Generated sample at index 345
Generated sample at index 258
Total token count: 1395
Generated sample at index 474
Generated sample at index 339
Total token count: 948
Generated sample at index 28
Generated sample at index 40
Total token count: 950
Generated sample at index 210
Generated sample at index 14
Total token count: 1399
Generated sample at index 544
Generated sample at index 357
Total token count: 1409
Generated sample at index 4
Generated sample at index 293
Total token count: 1402
Generated sample at index 238
Generated sample at index 714
Total token count: 2724
Generated sample at index 704
Generated sample at index 24
Total token count: 1413
Generated sample at index 635
Generated sample at index 530
Total token count: 3176
Generated sample at index 674
Generated sample at index 561
Total token count: 955
Generated sample at index 175
Generated sample at index 64
Total token count: 945
Generated sample at index 593
Generated sample at index 363
Total token count: 1841
Generated sample at index 214
Generated sample at index 717
Total token count: 2723
Generated sample at index 211
Generated sample at index 415
Total token count: 4498
Generated sample at index 556
Generated sample at index 195
Total token count: 1835
Generated sample at index 653
Generated sample at index 540
Total token count: 2726
Generated sample at index 93
Generated sample at index 472
Total token count: 1402
Generated sample at index 650
Generated sample at index 109
Total token count: 2295
Generated sample at index 548
Generated sample at index 100
Total token count: 1852
Generated sample at index 586
Generated sample at index 262
Total token count: 1843
Generated sample at index 693
Generated sample at index 221
Total token count: 1842
Generated sample at index 344
Generated sample at index 560
Total token count: 1833
Generated sample at index 184
Generated sample at index 342
Total token count: 1393
Generated sample at index 290
Generated sample at index 123
Total token count: 1392
Generated sample at index 417
Generated sample at index 681
Total token count: 2283
Generated sample at index 197
Generated sample at index 312
Total token count: 1399
Generated sample at index 148
Generated sample at index 562
Total token count: 1398
Generated sample at index 488
Generated sample at index 710
Total token count: 1397
Generated sample at index 396
Generated sample at index 36
Total token count: 958
Generated sample at index 413
Generated sample at index 598
Total token count: 968
Generated sample at index 204
Generated sample at index 670
Total token count: 1849
Generated sample at index 135
Generated sample at index 81
Total token count: 1850
Computing metrics on evaluation batch...
{'eval_loss': '15.85', 'eval_token_accuracy': '0', 'eval_runtime': '100.5', 'eval_samples_per_second': '1.493', 'eval_steps_per_second': '0.747', 'eval_entropy': '1.433', 'eval_num_tokens': '2.18e+06', 'eval_mean_token_accuracy': '0.03175', 'epoch': '2.537'}
================================================================================
Generation evaluation callback
================================================================================
Generated sample at index 311

[COMMENTARY_EVAL] Sample index: 17
[COMMENTARY_EVAL] Ground truth description:
Williams serves a heavy ace out wide.
[COMMENTARY_EVAL] Model output:
In this tennis clip, Victoria Azarenka and Serena Williams are competing in a point during their match. Victoria Azarenka is on the left side of the court, holding her racket and preparing to return a serve. Serena Williams is on the right side of the court, standing in her ready position. The score is Game, indicating that the point is currently tied. Victoria Azarenka hits the ball with her racket, but it is not a successful return. Serena Williams then hits the ball with her racket, but it is also not a successful return. The point is not won by either player, and the score remains tied at Game.

[COMMENTARY_EVAL] ROUGE score: {'rouge1': np.float64(0.034482758620689655), 'rouge2': np.float64(0.0), 'rougeL': np.float64(0.034482758620689655), 'rougeLsum': np.float64(0.034482758620689655)}
Generated sample at index 168

[COMMENTARY_EVAL] Sample index: 8
[COMMENTARY_EVAL] Ground truth description:
Zvonareva serves a short angled slice serve, Williams shoots a forehand return winner.
[COMMENTARY_EVAL] Model output:
In this tennis clip, Serena Williams is seen on the court, preparing for a point against Vera Zvonareva. The setting is a grass court, and the backdrop includes the London 2012 Olympic branding. Serena, dressed in a red, white, and blue outfit, is positioned on her side of the court, ready to serve. Vera, wearing a blue outfit, is on the opposite side, ready to receive the serve.

As the serve is made, Serena's body is in a ready stance, holding her racket high above her head. The serve is delivered with power and precision, sending the ball towards Vera. Vera responds by moving quickly to her right, anticipating the ball's trajectory. She is in a ready position, with her racket held back and her eyes focused on the incoming ball.

The ball is then seen traveling across the net, and Vera manages to return it with a powerful shot. The ball lands on the other side of the net, and Serena is unable to keep up with the return. The point ends with Serena losing the point, and the score is now 40-A. The clip captures the intensity and skill of both players, as well as the competitive nature of the match.

[COMMENTARY_EVAL] ROUGE score: {'rouge1': np.float64(0.05479452054794521), 'rouge2': np.float64(0.0), 'rougeL': np.float64(0.04566210045662101), 'rougeLsum': np.float64(0.0365296803652968)}
Generated sample at index 625

[COMMENTARY_EVAL] Sample index: 84
[COMMENTARY_EVAL] Ground truth description:
Good serve in the middle, Federer crafts a forehand return, brief rally, Delpotro sprays a forehand outside the court.
[COMMENTARY_EVAL] Model output:
In this tennis clip, Roger Federer and Juan Martin Del Potro are competing in a point on a grass court. The score is 30-40, indicating that Federer is leading. Federer is seen preparing to serve, but Del Potro is not visible in the frame. Federer serves the ball, and Del Potro returns it. The ball is then hit back and forth between the two players, with Del Potro returning the ball to Federers side. The ball lands on the other side of the net, and Federer is seen preparing to return it. The ball is then hit back and forth again, with Del Potro returning it to Federers side. The ball lands on the other side of the net, and Federer is seen preparing to return it. The ball is then hit back and forth again, with Del Potro returning it to Federers side. The ball lands on the other side of the net, and Federers side is seen preparing to return it. The ball is then hit back and forth again, with Del Potro returning it to Federers side. The ball lands on the other side of the net, and Federers side is seen preparing to return it. The ball is then hit back and forth again

[COMMENTARY_EVAL] ROUGE score: {'rouge1': np.float64(0.07894736842105263), 'rouge2': np.float64(0.008849557522123895), 'rougeL': np.float64(0.05263157894736842), 'rougeLsum': np.float64(0.05263157894736842)}
Generated sample at index 207

[COMMENTARY_EVAL] Sample index: 18
[COMMENTARY_EVAL] Ground truth description:
Williams aims a fine serve at T, Sharapova is unable to return it.
[COMMENTARY_EVAL] Model output:
In this tennis clip, we observe a point between Serena Williams and Maria Sharapova during what appears to be a professional tennis match. The score is 40-0, indicating that Serena Williams is leading the point, and she is in the process of serving. The player on the right, who is likely Maria Sharapova, is positioned on the opposite side of the net, ready to return the serve. Serena Williams, dressed in a blue and red outfit, is standing on her side of the court, holding her racket and preparing to serve. She begins her serve with a powerful motion, sending the ball across the net. Maria Sharapova, on the other side, is in a ready stance, anticipating the serve. As the ball crosses the net, Sharapova moves her body in response, attempting to return the serve. However, the ball appears to be out of bounds, resulting in a point for Serena Williams. The outcome of the point is a win for Serena Williams, as she successfully returns the serve and wins the point. The match continues with the score now at 40-1.

[COMMENTARY_EVAL] ROUGE score: {'rouge1': np.float64(0.08121827411167512), 'rouge2': np.float64(0.020512820512820513), 'rougeL': np.float64(0.07106598984771574), 'rougeLsum': np.float64(0.07106598984771574)}
Generated sample at index 342

[COMMENTARY_EVAL] Sample index: 131
[COMMENTARY_EVAL] Ground truth description:
Quick serve, Williams crafts a forehand return, Azarenka forehand flies outside the court.
[COMMENTARY_EVAL] Model output:
The tennis clip shows a point being played between Victoria Azarenka and Serena Williams. Victoria Azarenka is on the left side of the court, and Serena Williams is on the right side. Azarenka is serving, and Williams is preparing to return the serve. Azarenka hits the ball, and Williams responds with a backhand. The point is won by Williams, and the score is now 15-40. The clip shows the players' actions and the point outcome.

[COMMENTARY_EVAL] ROUGE score: {'rouge1': np.float64(0.15730337078651685), 'rouge2': np.float64(0.022988505747126436), 'rougeL': np.float64(0.0898876404494382), 'rougeLsum': np.float64(0.0898876404494382)}
Generated sample at index 105

[COMMENTARY_EVAL] Sample index: 60
[COMMENTARY_EVAL] Ground truth description:
Good serve in the middle, Tsonga works a backhand return, short rally, Djokovic pulls a backhand long.
[COMMENTARY_EVAL] Model output:
In this tennis clip, Jo-Wilfried Tsonga and Novak Djokovic are engaged in a point on a grass court. Tsonga is seen preparing to serve, but the ball is not in his reach. He attempts to serve but fails to make contact, and the ball goes out of bounds. The point is then awarded to Djokovic, who is on the opposite side of the court. Djokovic is seen preparing to return the serve, but he is unable to make contact with the ball. The ball goes out of bounds, and the point is awarded to Tsonga. Tsonga then returns the ball with a powerful forehand, and the point is won by Djokovic. The score is now 40-30 in favor of Djokovic.

[COMMENTARY_EVAL] ROUGE score: {'rouge1': np.float64(0.11510791366906477), 'rouge2': np.float64(0.0), 'rougeL': np.float64(0.08633093525179855), 'rougeLsum': np.float64(0.08633093525179855)}
Generated sample at index 372

[COMMENTARY_EVAL] Sample index: 71
[COMMENTARY_EVAL] Ground truth description:
Lightening serve in the corner is an ace.
[COMMENTARY_EVAL] Model output:
In this tennis clip, Victoria Azarenka and Serena Williams are engaged in a point during a match. The score is 15-0, indicating that Victoria Azarenka is leading. Azarenka is seen preparing to serve, holding her racket and focusing on the ball. She then serves the ball, which is then returned by Serena Williams. The point ends with Serena Williams winning the point, as she successfully returns the serve. The outcome of the point is a win for Serena Williams, bringing her closer to the match's end.

[COMMENTARY_EVAL] ROUGE score: {'rouge1': np.float64(0.08333333333333334), 'rouge2': np.float64(0.0), 'rougeL': np.float64(0.0625), 'rougeLsum': np.float64(0.0625)}
Generated sample at index 586

[COMMENTARY_EVAL] Sample index: 124
[COMMENTARY_EVAL] Ground truth description:
Federer arrows a good serve in the middle, Delpotro manages a backhand return, Federer hits a forehand winner cross-court.
[COMMENTARY_EVAL] Model output:
The clip captures a pivotal moment in a tennis match between Roger Federer and Juan Martin Del Potro. The scene begins with Federer, dressed in a red shirt, appearing to be in a moment of intense focus or perhaps frustration, possibly after a challenging point. He is seen bending over, possibly indicating a moment of emotional or physical exertion.

The camera then shifts to a wider view of the court, showing the full setup of the match. The players are positioned on the grass court, with the net dividing the two sides. Federer is seen on the right side of the court, preparing for his next move, while Del Potro is on the left. The background shows a crowd of spectators, adding to the atmosphere of the match.

The action unfolds as Federers serves, but the ball is not properly placed, leading to a point being awarded to Del Potro. Del Potro then returns the serve, and the point is won by Del Potro. The outcome of this point is a crucial moment in the game, as it shifts the momentum in favor of Del Potro.

The clip captures the intensity and skill involved in the match, highlighting the strategic and physical demands of tennis. The players' actions and the outcome of the point reflect the competitive nature of

[COMMENTARY_EVAL] ROUGE score: {'rouge1': np.float64(0.07531380753138076), 'rouge2': np.float64(0.008438818565400843), 'rougeL': np.float64(0.05857740585774058), 'rougeLsum': np.float64(0.06694560669456066)}
Generated sample at index 567

[COMMENTARY_EVAL] Sample index: 54
[COMMENTARY_EVAL] Ground truth description:
Fine serve, Delpotro returns a quick forehand return winner.
[COMMENTARY_EVAL] Model output:
The clip captures a moment during a tennis match between Roger Federer and Juan Martin Del Potro, with the score at 30-15. The scene shows Federer, dressed in a red shirt and white shorts, in the process of executing a powerful forehand shot. He is positioned on the right side of the court, with the net in front of him and Del Potro on the opposite side. Del Potro, wearing a light blue shirt and white shorts, is standing near the net, ready to respond to Federer's serve. The camera angle provides a clear view of the court and the players' movements, highlighting the intensity of the match. The score of 30-15 suggests that Federers has gained the lead in this point. The clip captures the dynamic action of the game, with Federer's aggressive play and Del Potro's readiness to counter. The moment is tense and exciting, reflecting the high stakes of the match.

[COMMENTARY_EVAL] ROUGE score: {'rouge1': np.float64(0.03571428571428571), 'rouge2': np.float64(0.0), 'rougeL': np.float64(0.023809523809523808), 'rougeLsum': np.float64(0.023809523809523808)}
Generated sample at index 148

[COMMENTARY_EVAL] Sample index: 138
[COMMENTARY_EVAL] Ground truth description:
Williams serves a good one, Zvonareva backhand return fails to make it over the net.
[COMMENTARY_EVAL] Model output:
In this tennis clip, the point is won by Serena Williams. The score is 40-15, indicating that Serena Williams has won the point. The clip shows Serena Williams preparing to serve, and then she hits the ball with her racket. The ball is then returned by Vera Zvonareva, who is on the other side of the net. However, Serena Williams manages to return the ball, and she wins the point. The clip ends with Serena Williams walking away from the court.

[COMMENTARY_EVAL] ROUGE score: {'rouge1': np.float64(0.12371134020618556), 'rouge2': np.float64(0.021052631578947368), 'rougeL': np.float64(0.08247422680412371), 'rougeLsum': np.float64(0.08247422680412371)}
[COMMENTARY_EVAL] Average ROUGE score: {'rouge1': 0.08399269729421296, 'rouge2': 0.008184233392641906, 'rougeL': 0.06074221600450197, 'rougeLsum': 0.06066579407905156}
Generated sample at index 194
Total token count: 1835
Generated sample at index 335
Total token count: 2283
Generated sample at index 418
Total token count: 1396
Generated sample at index 682
Total token count: 1392
Generated sample at index 231
Total token count: 941
Generated sample at index 137
Total token count: 941
Generated sample at index 394
Total token count: 1402
Generated sample at index 67
Total token count: 1846
Emptied CUDA cache
{'loss': '15.76', 'grad_norm': '126.9', 'learning_rate': '7.232e-06', 'entropy': '1.437', 'num_tokens': '2.191e+06', 'mean_token_accuracy': '0.03265', 'epoch': '2.55'}
Generated sample at index 407
Total token count: 1846
Generated sample at index 66
Total token count: 956
Generated sample at index 167
Total token count: 949
Generated sample at index 685
Total token count: 1404
Generated sample at index 543
Total token count: 1394
Generated sample at index 366
Total token count: 1383
Generated sample at index 738
Total token count: 1851
Generated sample at index 510
Total token count: 1386
Emptied CUDA cache
{'loss': '15.59', 'grad_norm': '128.1', 'learning_rate': '6.874e-06', 'entropy': '1.436', 'num_tokens': '2.202e+06', 'mean_token_accuracy': '0.03285', 'epoch': '2.564'}
Generated sample at index 739
Total token count: 1411
Generated sample at index 318
Total token count: 1841
Generated sample at index 77
Total token count: 1401
Generated sample at index 402
Total token count: 1397
Generated sample at index 150
Total token count: 1842
Generated sample at index 504
Total token count: 942
Generated sample at index 507
Total token count: 938
Generated sample at index 117
Total token count: 1407
Emptied CUDA cache
{'loss': '15.83', 'grad_norm': '127.1', 'learning_rate': '6.525e-06', 'entropy': '1.432', 'num_tokens': '2.214e+06', 'mean_token_accuracy': '0.0308', 'epoch': '2.577'}
Generated sample at index 736
Total token count: 1401
Generated sample at index 208
Total token count: 945
Generated sample at index 108
Total token count: 1399
Generated sample at index 369
Total token count: 2285
Generated sample at index 410
Total token count: 1399
Generated sample at index 663
Total token count: 1403
Generated sample at index 680
Total token count: 1838
Generated sample at index 295
Total token count: 1401
Emptied CUDA cache
{'loss': '15.68', 'grad_norm': '127', 'learning_rate': '6.185e-06', 'entropy': '1.473', 'num_tokens': '2.226e+06', 'mean_token_accuracy': '0.0315', 'epoch': '2.591'}
Generated sample at index 416
Total token count: 2731
Generated sample at index 423
Total token count: 1405
Generated sample at index 98
Total token count: 2291
Generated sample at index 97
Total token count: 1406
Generated sample at index 11
Total token count: 1412
Generated sample at index 253
Total token count: 1396
Generated sample at index 731
Total token count: 1853
Generated sample at index 661
Total token count: 947
Emptied CUDA cache
{'loss': '15.91', 'grad_norm': '127.8', 'learning_rate': '5.853e-06', 'entropy': '1.416', 'num_tokens': '2.24e+06', 'mean_token_accuracy': '0.03291', 'epoch': '2.604'}
Generated sample at index 271
Total token count: 956
Generated sample at index 440
Total token count: 1406
Generated sample at index 62
Total token count: 1407
Generated sample at index 483
Total token count: 1406
Generated sample at index 719
Total token count: 942
Generated sample at index 389
Total token count: 952
Generated sample at index 86
Total token count: 966
Generated sample at index 190
Total token count: 1402
Emptied CUDA cache
{'loss': '15.39', 'grad_norm': '126.2', 'learning_rate': '5.529e-06', 'entropy': '1.446', 'num_tokens': '2.249e+06', 'mean_token_accuracy': '0.03851', 'epoch': '2.617'}
Generated sample at index 320
Total token count: 1852
Generated sample at index 276
Total token count: 1375
Generated sample at index 57
Total token count: 1409
Generated sample at index 466
Total token count: 1401
Generated sample at index 654
Total token count: 2285
Generated sample at index 332
Total token count: 1405
Generated sample at index 368
Total token count: 950
Generated sample at index 286
Total token count: 939
Emptied CUDA cache
{'loss': '16.02', 'grad_norm': '125.6', 'learning_rate': '5.214e-06', 'entropy': '1.423', 'num_tokens': '2.261e+06', 'mean_token_accuracy': '0.03091', 'epoch': '2.631'}
Generated sample at index 127
Total token count: 1402
Generated sample at index 580
Total token count: 3171
Generated sample at index 461
Total token count: 2291
Generated sample at index 336
Total token count: 945
Generated sample at index 74
Total token count: 954
Generated sample at index 613
Total token count: 1405
Generated sample at index 662
Total token count: 954
Generated sample at index 10
Total token count: 1408
Emptied CUDA cache
{'loss': '15.62', 'grad_norm': '127.2', 'learning_rate': '4.908e-06', 'entropy': '1.435', 'num_tokens': '2.273e+06', 'mean_token_accuracy': '0.03503', 'epoch': '2.644'}
Generated sample at index 706
Total token count: 948
Generated sample at index 269
Total token count: 932
Generated sample at index 171
Total token count: 1849
Generated sample at index 356
Total token count: 942
Generated sample at index 433
Total token count: 943
Generated sample at index 3
Total token count: 966
Generated sample at index 142
Total token count: 955
Generated sample at index 111
Total token count: 962
Emptied CUDA cache
{'loss': '15.75', 'grad_norm': '122.6', 'learning_rate': '4.611e-06', 'entropy': '1.465', 'num_tokens': '2.282e+06', 'mean_token_accuracy': '0.03783', 'epoch': '2.658'}
Generated sample at index 267
Total token count: 1402
Generated sample at index 83
Total token count: 1851
Generated sample at index 101
Total token count: 950
Generated sample at index 617
Total token count: 950
Generated sample at index 114
Total token count: 1405
Generated sample at index 90
Total token count: 1403
Generated sample at index 8
Total token count: 1409
Generated sample at index 645
Total token count: 938
Emptied CUDA cache
{'loss': '15.49', 'grad_norm': '126.6', 'learning_rate': '4.323e-06', 'entropy': '1.444', 'num_tokens': '2.292e+06', 'mean_token_accuracy': '0.03797', 'epoch': '2.671'}
Generated sample at index 132
Generated sample at index 243
Total token count: 2277
Generated sample at index 122
Generated sample at index 489
Total token count: 1846
Generated sample at index 546
Generated sample at index 734
Total token count: 1842
Generated sample at index 584
Generated sample at index 437
Total token count: 1850
Generated sample at index 168
Generated sample at index 319
Total token count: 1391
Generated sample at index 744
Generated sample at index 577
Total token count: 2725
Generated sample at index 20
Generated sample at index 235
Total token count: 1395
Generated sample at index 601
Generated sample at index 353
Total token count: 1842
Generated sample at index 623
Generated sample at index 311
Total token count: 1403
Generated sample at index 207
Generated sample at index 501
Total token count: 1398
Generated sample at index 462
Generated sample at index 730
Total token count: 1406
Generated sample at index 477
Generated sample at index 380
Total token count: 1385
Generated sample at index 349
Generated sample at index 712
Total token count: 1845
Generated sample at index 467
Generated sample at index 547
Total token count: 2722
Generated sample at index 377
Generated sample at index 37
Total token count: 2282
Generated sample at index 310
Generated sample at index 239
Total token count: 947
Generated sample at index 259
Generated sample at index 578
Total token count: 1840
Generated sample at index 193
Generated sample at index 146
Total token count: 2731
Generated sample at index 116
Generated sample at index 614
Total token count: 2734
Generated sample at index 282
Generated sample at index 406
Total token count: 1844
Generated sample at index 80
Generated sample at index 141
Total token count: 1849
Generated sample at index 496
Generated sample at index 666
Total token count: 1398
Generated sample at index 154
Generated sample at index 307
Total token count: 1395
Generated sample at index 498
Generated sample at index 521
Total token count: 2300
Generated sample at index 177
Generated sample at index 457
Total token count: 1391
Generated sample at index 443
Generated sample at index 187
Total token count: 955
Generated sample at index 503
Generated sample at index 585
Total token count: 1843
Generated sample at index 567
Generated sample at index 421
Total token count: 2289
Generated sample at index 82
Generated sample at index 563
Total token count: 1854
Generated sample at index 44
Generated sample at index 553
Total token count: 2287
Generated sample at index 105
Generated sample at index 6
Total token count: 1847
Generated sample at index 677
Generated sample at index 611
Total token count: 1842
Generated sample at index 493
Generated sample at index 709
Total token count: 1385
Generated sample at index 373
Generated sample at index 248
Total token count: 1402
Generated sample at index 686
Generated sample at index 391
Total token count: 1412
Generated sample at index 473
Generated sample at index 372
Total token count: 956
Generated sample at index 88
Generated sample at index 581
Total token count: 1404
Generated sample at index 308
Generated sample at index 220
Total token count: 3175
Generated sample at index 575
Generated sample at index 594
Total token count: 1843
Generated sample at index 106
Generated sample at index 534
Total token count: 2290
Generated sample at index 120
Generated sample at index 323
Total token count: 954
Generated sample at index 157
Generated sample at index 298
Total token count: 1403
Generated sample at index 625
Generated sample at index 579
Total token count: 2286
Generated sample at index 345
Generated sample at index 258
Total token count: 1395
Generated sample at index 474
Generated sample at index 339
Total token count: 948
Generated sample at index 28
Generated sample at index 40
Total token count: 950
Generated sample at index 210
Generated sample at index 14
Total token count: 1399
Generated sample at index 544
Generated sample at index 357
Total token count: 1409
Generated sample at index 4
Generated sample at index 293
Total token count: 1402
Generated sample at index 238
Generated sample at index 714
Total token count: 2724
Generated sample at index 704
Generated sample at index 24
Total token count: 1413
Generated sample at index 635
Generated sample at index 530
Total token count: 3176
Generated sample at index 674
Generated sample at index 561
Total token count: 955
Generated sample at index 175
Generated sample at index 64
Total token count: 945
Generated sample at index 593
Generated sample at index 363
Total token count: 1841
Generated sample at index 214
Generated sample at index 717
Total token count: 2723
Generated sample at index 211
Generated sample at index 415
Total token count: 4498
Generated sample at index 556
Generated sample at index 195
Total token count: 1835
Generated sample at index 653
Generated sample at index 540
Total token count: 2726
Generated sample at index 93
Generated sample at index 472
Total token count: 1402
Generated sample at index 650
Generated sample at index 109
Total token count: 2295
Generated sample at index 548
Generated sample at index 100
Total token count: 1852
Generated sample at index 586
Generated sample at index 262
Total token count: 1843
Generated sample at index 693
Generated sample at index 221
Total token count: 1842
Generated sample at index 344
Generated sample at index 560
Total token count: 1833
Generated sample at index 184
Generated sample at index 342
Total token count: 1393
Generated sample at index 290
Generated sample at index 123
Total token count: 1392
Generated sample at index 417
Generated sample at index 681
Total token count: 2283
Generated sample at index 197
Generated sample at index 312
Total token count: 1399
Generated sample at index 148
Generated sample at index 562
Total token count: 1398
Generated sample at index 488
Generated sample at index 710
Total token count: 1397
Generated sample at index 396
Generated sample at index 36
Total token count: 958
Generated sample at index 413
Generated sample at index 598
Total token count: 968
Generated sample at index 204
Generated sample at index 670
Total token count: 1849
Generated sample at index 135
Generated sample at index 81
Total token count: 1850
Computing metrics on evaluation batch...
{'eval_loss': '15.78', 'eval_token_accuracy': '0', 'eval_runtime': '100.2', 'eval_samples_per_second': '1.496', 'eval_steps_per_second': '0.748', 'eval_entropy': '1.434', 'eval_num_tokens': '2.292e+06', 'eval_mean_token_accuracy': '0.03173', 'epoch': '2.671'}
================================================================================
Generation evaluation callback
================================================================================
Generated sample at index 578

[COMMENTARY_EVAL] Sample index: 33
[COMMENTARY_EVAL] Ground truth description:
Fine serve, Federer delivers a forehand return, brief rally, Delpotro cross-court forehand goes into the the net.
[COMMENTARY_EVAL] Model output:
In this tennis clip, Roger Federer and Juan Martin Del Potro are engaged in a point during a match on a grass court. The score is Deuce, indicating that both players have equal points and the game is tied. The sequence begins with Federer preparing to serve. He is seen standing on the left side of the court, holding his racket and focusing on his serve. Del Potro is positioned on the right side of the court, ready to receive the serve.

As Federers serves, Del Potro anticipates the serve and moves to return it. The serve lands in the middle of the court, and Del Potro reaches for it. However, the ball is not returned properly, and Federer is able to return it. Federer then moves to the right side of the court and begins to move forward to prepare for the next point. Del Potro is now on the right side of the court, ready to receive the next serve.

The point continues with Del Potro attempting to return the serve. Federer is now on the right side of the court, preparing to serve again. Del Potro is on the left side of the court, ready to receive the next serve. The point ends with Del Potro winning the point. The score is

[COMMENTARY_EVAL] ROUGE score: {'rouge1': np.float64(0.060085836909871244), 'rouge2': np.float64(0.008658008658008656), 'rougeL': np.float64(0.05150214592274679), 'rougeLsum': np.float64(0.060085836909871244)}
Generated sample at index 204

[COMMENTARY_EVAL] Sample index: 146
[COMMENTARY_EVAL] Ground truth description:
Zvonareva serves a good one, Williams works a backhand return, Zvonareva sends a backhand into the net.
[COMMENTARY_EVAL] Model output:
In this tennis clip, Serena Williams and Vera Zvonareva are competing in a point during a match. The setting is a grass court with the Olympic rings displayed on the net, indicating it is a significant event. The score is tied at Game. 

Serene Williams is positioned on the left side of the court, ready to return a shot. She is in a low stance, indicating she is preparing to receive the ball. Vera Zvonareva is on the right side of the court, holding her racket and ready to serve. 

As the clip progresses, Vera Zvonareva serves the ball. Serena Williams anticipates the serve and moves quickly to her position, preparing to return the ball. The ball is hit with force, and Serena Williams manages to return it. The ball lands on the other side of the net, and Vera Zvonareva responds by returning it. The point is then continued with both players making their moves.

The outcome of the point is not explicitly stated in the clip, but based on the actions of the players, it is likely that the point was won by one of the players. The players' actions suggest a competitive and intense match, with both Serena Williams and Vera Zvonareva demonstrating skill and determination.

[COMMENTARY_EVAL] ROUGE score: {'rouge1': np.float64(0.09734513274336282), 'rouge2': np.float64(0.01785714285714286), 'rougeL': np.float64(0.06194690265486726), 'rougeLsum': np.float64(0.08849557522123894)}
Generated sample at index 670

[COMMENTARY_EVAL] Sample index: 147
[COMMENTARY_EVAL] Ground truth description:
Federer goes for a out-wide serve, Delpotro crafts a forehand return, good rally, Federer struggles to keep a forehand in play.
[COMMENTARY_EVAL] Model output:
The clip shows a point during a tennis match between Roger Federer and Juan Martin Del Potro. The score is 0-15, indicating that Federer has not won the point. The video captures the action from a high angle, providing a clear view of the court and the players' movements.

Roger Federer, wearing a red shirt and white shorts, is seen preparing to serve. He takes a few steps back, aims his racket, and serves the ball. The ball travels over the net and lands on the opponent's side. Del Potro, wearing a blue shirt and white shorts, is positioned on the other side of the net, ready to return the serve.

Del Potro receives the serve and attempts to return it. He swings his racket, but the ball goes out of bounds. The point is then replayed from the start, as Del Potro is unable to return the serve. The video shows the ball traveling back and forth between the two players, but the outcome of the point is not clear from the clip.

The clip ends with Del Potro still on the court, possibly preparing for the next point. The score remains 0-15, indicating that Federer has not won the point. The video captures the intensity of the

[COMMENTARY_EVAL] ROUGE score: {'rouge1': np.float64(0.09401709401709402), 'rouge2': np.float64(0.0), 'rougeL': np.float64(0.05128205128205128), 'rougeLsum': np.float64(0.08547008547008547)}
Generated sample at index 109

[COMMENTARY_EVAL] Sample index: 121
[COMMENTARY_EVAL] Ground truth description:
Slice serve, Djokovic has no answer to it.
[COMMENTARY_EVAL] Model output:
In this tennis clip, Jo-Wilfried Tsonga, wearing a blue shirt and red shoes, is seen on the left side of the court. He is preparing to serve. The opponent, Novak Djokovic, is positioned on the right side of the court, wearing a white shirt and blue shorts. Djokovic is in a ready stance, anticipating the serve. Tsonga serves the ball, and it is returned by Djokovic. Djokovic then hits the ball back over the net, and Tsonga fails to return it. The score is now 15-0.

[COMMENTARY_EVAL] ROUGE score: {'rouge1': np.float64(0.08333333333333334), 'rouge2': np.float64(0.0), 'rougeL': np.float64(0.08333333333333334), 'rougeLsum': np.float64(0.08333333333333334)}
Generated sample at index 677

[COMMENTARY_EVAL] Sample index: 62
[COMMENTARY_EVAL] Ground truth description:
Good serve in the middle, Federer returns a backhand return, Delpotro slams a forehand winner.
[COMMENTARY_EVAL] Model output:
In this tennis clip, Roger Federer and Juan Martin Del Potro are engaged in a point during their match. Federer is seen preparing to serve, holding the ball and positioning himself on the court. Del Potro is positioned on the opposite side of the net, ready to receive the serve. The camera captures Federers' serve, which is aimed at Del Potro. Del Potro responds by returning the ball with a forehand shot, attempting to keep the point alive. Federer then follows through with his shot, aiming to keep the point competitive. The score is 30-0, indicating that Federer has won the point. The clip shows the players' actions and their interaction during the point, highlighting their skill and strategy.

[COMMENTARY_EVAL] ROUGE score: {'rouge1': np.float64(0.1037037037037037), 'rouge2': np.float64(0.015037593984962407), 'rougeL': np.float64(0.07407407407407407), 'rougeLsum': np.float64(0.07407407407407407)}
Generated sample at index 109

[COMMENTARY_EVAL] Sample index: 121
[COMMENTARY_EVAL] Ground truth description:
Slice serve, Djokovic has no answer to it.
[COMMENTARY_EVAL] Model output:
In this tennis clip, Jo-Wilfried Tsonga is seen preparing to serve. He is positioned on the left side of the court, ready to initiate the point. Tsonga is in a low stance, focusing on the ball. The opposing player, Novak Djokovic, is positioned on the right side of the court, ready to receive the serve. Djokovic is in a defensive stance, anticipating Tsonga's serve. The score is 15-0, indicating that Tsonga has won the point. Tsonga's serve is powerful and well-placed, landing on Djokovic's side of the court. Djokovic attempts to return the serve, but Tsonga's shot is too strong and lands just outside the court. The point is won by Tsonga, who has successfully completed his serve and is now preparing to return the next point. The clip captures the intensity and precision of the match, showcasing the players' skills and the competitive nature of the game.

[COMMENTARY_EVAL] ROUGE score: {'rouge1': np.float64(0.049079754601226995), 'rouge2': np.float64(0.012422360248447206), 'rougeL': np.float64(0.049079754601226995), 'rougeLsum': np.float64(0.049079754601226995)}
Generated sample at index 674

[COMMENTARY_EVAL] Sample index: 104
[COMMENTARY_EVAL] Ground truth description:
Federer arrows a good serve at T, Delpotro is unable to return it.
[COMMENTARY_EVAL] Model output:
In this tennis clip, Roger Federer and Juan Martin Del Potro are engaged in a point during their match. The score is 40-30, indicating that Federer is leading. Federers is on the left side of the court, and Del Potro is on the right. The clip shows Federer preparing to serve, but Del Potro is already in position to return the serve. Federer serves the ball, and Del Potro returns it. The ball lands on the court, and Del Potro attempts to return it. However, the ball is not returned properly, and Del Potro is unable to keep it in play. The ball goes out of bounds, and Del Potro loses the point. Federer then celebrates the point, and Del Potro walks off the court. The clip ends with Federer celebrating the point.

[COMMENTARY_EVAL] ROUGE score: {'rouge1': np.float64(0.108843537414966), 'rouge2': np.float64(0.05517241379310345), 'rougeL': np.float64(0.09523809523809523), 'rougeLsum': np.float64(0.09523809523809523)}
Generated sample at index 177

[COMMENTARY_EVAL] Sample index: 48
[COMMENTARY_EVAL] Ground truth description:
Williams aims a serve at the T and it's an ace.
[COMMENTARY_EVAL] Model output:
In this tennis clip, the match is between Serena Williams and Vera Zvonareva. The score is Game. Serena Williams is seen preparing to serve, with her body positioned in a ready stance. She then takes a few steps back and swings her racket, initiating her serve. Vera Zvonareva is positioned on the opposite side of the net, ready to receive the serve. The serve lands just outside the valid service area, but the ball is not cleared, so the point is not scored. The outcome of the point is not clear, but the serve is not a valid return, so the point is not scored. The clip ends with Serena Williams walking away from the court, possibly in a state of disappointment or frustration.

[COMMENTARY_EVAL] ROUGE score: {'rouge1': np.float64(0.07352941176470587), 'rouge2': np.float64(0.0), 'rougeL': np.float64(0.0588235294117647), 'rougeLsum': np.float64(0.0588235294117647)}
Generated sample at index 349

[COMMENTARY_EVAL] Sample index: 24
[COMMENTARY_EVAL] Ground truth description:
Monumental serve is an ace.
[COMMENTARY_EVAL] Model output:
In this tennis clip, Victoria Azarenka and Serena Williams are competing in a point on a grass court. The score is tied at Game. Victoria Azarenka is positioned on the right side of the court, preparing to serve. She holds her racket in her right hand and is in a ready stance, with her body slightly turned towards the net. Serena Williams is on the left side of the court, standing in a ready position, with her racket in her right hand and her body slightly turned towards the net. The net is visible in the middle of the court, and the score is tied at Game. The clip captures the moment just before the serve, with both players focused on the upcoming point.

[COMMENTARY_EVAL] ROUGE score: {'rouge1': np.float64(0.031007751937984496), 'rouge2': np.float64(0.0), 'rougeL': np.float64(0.031007751937984496), 'rougeLsum': np.float64(0.031007751937984496)}
Generated sample at index 349

[COMMENTARY_EVAL] Sample index: 24
[COMMENTARY_EVAL] Ground truth description:
Monumental serve is an ace.
[COMMENTARY_EVAL] Model output:
The clip shows a point in a tennis match between Victoria Azarenka and Serena Williams. The score is Game, indicating that the game is tied. Azarenka is seen preparing to serve, holding her racket and ball, and she is positioned on the left side of the court. She takes a few steps back, then serves the ball. The ball is served over the net and lands on the other side of the court. Serena Williams is on the right side of the court, ready to receive the serve. She moves forward to receive the ball and prepares to return it. The ball is returned by Williams, and she hits it back over the net. Azarenka is unable to return the ball, and it lands in the opponent's court. The point is won by Serena Williams. The score is now 15-0 in favor of Serena Williams. The clip shows the players' actions and the point outcome.

[COMMENTARY_EVAL] ROUGE score: {'rouge1': np.float64(0.02469135802469136), 'rouge2': np.float64(0.0), 'rougeL': np.float64(0.02469135802469136), 'rougeLsum': np.float64(0.02469135802469136)}
[COMMENTARY_EVAL] Average ROUGE score: {'rouge1': 0.07256369144509399, 'rouge2': 0.010914751954166458, 'rougeL': 0.058097899648083554, 'rougeLsum': 0.06502993942223657}
Generated sample at index 340
Total token count: 944
Generated sample at index 104
Total token count: 1847
Generated sample at index 455
Total token count: 952
Generated sample at index 134
Total token count: 1850
Generated sample at index 354
Total token count: 941
Generated sample at index 587
Total token count: 1847
Generated sample at index 136
Total token count: 942
Generated sample at index 519
Total token count: 950
Emptied CUDA cache
{'loss': '15.82', 'grad_norm': '126.1', 'learning_rate': '4.043e-06', 'entropy': '1.423', 'num_tokens': '2.302e+06', 'mean_token_accuracy': '0.0337', 'epoch': '2.685'}
Generated sample at index 277
Total token count: 935
Generated sample at index 358
Total token count: 1845
Generated sample at index 484
Total token count: 943
Generated sample at index 281
Total token count: 1402
Generated sample at index 292
Total token count: 1839
Generated sample at index 478
Total token count: 1851
Generated sample at index 314
Total token count: 1397
Generated sample at index 29
Total token count: 953
Emptied CUDA cache
{'loss': '15.77', 'grad_norm': '126.7', 'learning_rate': '3.773e-06', 'entropy': '1.425', 'num_tokens': '2.313e+06', 'mean_token_accuracy': '0.03194', 'epoch': '2.698'}
Generated sample at index 384
Total token count: 1404
Generated sample at index 0
Total token count: 948
Generated sample at index 464
Total token count: 1849
Generated sample at index 506
Total token count: 2291
Generated sample at index 699
Total token count: 1398
Generated sample at index 403
Total token count: 2283
Generated sample at index 420
Total token count: 941
Generated sample at index 324
Total token count: 940
Emptied CUDA cache
{'loss': '15.74', 'grad_norm': '127.2', 'learning_rate': '3.511e-06', 'entropy': '1.448', 'num_tokens': '2.326e+06', 'mean_token_accuracy': '0.03229', 'epoch': '2.711'}
Generated sample at index 283
Total token count: 2724
Generated sample at index 537
Total token count: 1839
Generated sample at index 313
Total token count: 1409
Generated sample at index 648
Total token count: 1388
Generated sample at index 165
Total token count: 1396
Generated sample at index 646
Total token count: 937
Generated sample at index 633
Total token count: 1404
Generated sample at index 266
Total token count: 1406
Emptied CUDA cache
{'loss': '16.06', 'grad_norm': '125', 'learning_rate': '3.259e-06', 'entropy': '1.448', 'num_tokens': '2.338e+06', 'mean_token_accuracy': '0.03071', 'epoch': '2.725'}
Generated sample at index 518
Total token count: 1401
Generated sample at index 728
Total token count: 944
Generated sample at index 250
Total token count: 1383
Generated sample at index 32
Total token count: 1404
Generated sample at index 576
Total token count: 1841
Generated sample at index 660
Total token count: 1845
Generated sample at index 733
Total token count: 1411
Generated sample at index 390
Total token count: 2285
Emptied CUDA cache
{'loss': '15.63', 'grad_norm': '128.9', 'learning_rate': '3.015e-06', 'entropy': '1.43', 'num_tokens': '2.349e+06', 'mean_token_accuracy': '0.03193', 'epoch': '2.738'}
Generated sample at index 468
Total token count: 959
Generated sample at index 297
Total token count: 950
Generated sample at index 43
Total token count: 945
Generated sample at index 711
Total token count: 946
Generated sample at index 19
Total token count: 1409
Generated sample at index 708
Total token count: 1404
Generated sample at index 643
Total token count: 945
Generated sample at index 487
Total token count: 1409
Emptied CUDA cache
{'loss': '15.85', 'grad_norm': '124', 'learning_rate': '2.781e-06', 'entropy': '1.449', 'num_tokens': '2.359e+06', 'mean_token_accuracy': '0.03612', 'epoch': '2.752'}
Generated sample at index 529
Total token count: 2728
Generated sample at index 450
Total token count: 2723
Generated sample at index 524
Total token count: 1844
Generated sample at index 45
Total token count: 1857
Generated sample at index 99
Total token count: 1852
Generated sample at index 52
Total token count: 964
Generated sample at index 225
Total token count: 1840
Generated sample at index 183
Total token count: 1830
Emptied CUDA cache
{'loss': '15.66', 'grad_norm': '129.3', 'learning_rate': '2.556e-06', 'entropy': '1.448', 'num_tokens': '2.374e+06', 'mean_token_accuracy': '0.0308', 'epoch': '2.765'}
Generated sample at index 395
Total token count: 944
Generated sample at index 244
Total token count: 1835
Generated sample at index 676
Total token count: 949
Generated sample at index 516
Total token count: 1390
Generated sample at index 155
Total token count: 1397
Generated sample at index 228
Total token count: 1395
Generated sample at index 532
Total token count: 938
Generated sample at index 740
Total token count: 938
Emptied CUDA cache
{'loss': '15.73', 'grad_norm': '126.8', 'learning_rate': '2.34e-06', 'entropy': '1.452', 'num_tokens': '2.385e+06', 'mean_token_accuracy': '0.03108', 'epoch': '2.779'}
Generated sample at index 355
Total token count: 1378
Generated sample at index 169
Total token count: 1840
Generated sample at index 609
Total token count: 1401
Generated sample at index 607
Total token count: 1403
Generated sample at index 102
Total token count: 948
Generated sample at index 13
Total token count: 1842
Generated sample at index 153
Total token count: 1377
Generated sample at index 241
Total token count: 2719
Emptied CUDA cache
{'loss': '15.93', 'grad_norm': '126', 'learning_rate': '2.134e-06', 'entropy': '1.441', 'num_tokens': '2.396e+06', 'mean_token_accuracy': '0.0319', 'epoch': '2.792'}
Generated sample at index 701
Total token count: 949
Generated sample at index 16
Total token count: 968
Generated sample at index 446
Total token count: 950
Generated sample at index 619
Total token count: 1410
Generated sample at index 257
Total token count: 1397
Generated sample at index 393
Total token count: 953
Generated sample at index 522
Total token count: 1404
Generated sample at index 715
Total token count: 941
Emptied CUDA cache
{'loss': '15.4', 'grad_norm': '126.3', 'learning_rate': '1.937e-06', 'entropy': '1.476', 'num_tokens': '2.407e+06', 'mean_token_accuracy': '0.03632', 'epoch': '2.805'}
Generated sample at index 132
Generated sample at index 243
Total token count: 2277
Generated sample at index 122
Generated sample at index 489
Total token count: 1846
Generated sample at index 546
Generated sample at index 734
Total token count: 1842
Generated sample at index 584
Generated sample at index 437
Total token count: 1850
Generated sample at index 168
Generated sample at index 319
Total token count: 1391
Generated sample at index 744
Generated sample at index 577
Total token count: 2725
Generated sample at index 20
Generated sample at index 235
Total token count: 1395
Generated sample at index 601
Generated sample at index 353
Total token count: 1842
Generated sample at index 623
Generated sample at index 311
Total token count: 1403
Generated sample at index 207
Generated sample at index 501
Total token count: 1398
Generated sample at index 462
Generated sample at index 730
Total token count: 1406
Generated sample at index 477
Generated sample at index 380
Total token count: 1385
Generated sample at index 349
Generated sample at index 712
Total token count: 1845
Generated sample at index 467
Generated sample at index 547
Total token count: 2722
Generated sample at index 377
Generated sample at index 37
Total token count: 2282
Generated sample at index 310
Generated sample at index 239
Total token count: 947
Generated sample at index 259
Generated sample at index 578
Total token count: 1840
Generated sample at index 193
Generated sample at index 146
Total token count: 2731
Generated sample at index 116
Generated sample at index 614
Total token count: 2734
Generated sample at index 282
Generated sample at index 406
Total token count: 1844
Generated sample at index 80
Generated sample at index 141
Total token count: 1849
Generated sample at index 496
Generated sample at index 666
Total token count: 1398
Generated sample at index 154
Generated sample at index 307
Total token count: 1395
Generated sample at index 498
Generated sample at index 521
Total token count: 2300
Generated sample at index 177
Generated sample at index 457
Total token count: 1391
Generated sample at index 443
Generated sample at index 187
Total token count: 955
Generated sample at index 503
Generated sample at index 585
Total token count: 1843
Generated sample at index 567
Generated sample at index 421
Total token count: 2289
Generated sample at index 82
Generated sample at index 563
Total token count: 1854
Generated sample at index 44
Generated sample at index 553
Total token count: 2287
Generated sample at index 105
Generated sample at index 6
Total token count: 1847
Generated sample at index 677
Generated sample at index 611
Total token count: 1842
Generated sample at index 493
Generated sample at index 709
Total token count: 1385
Generated sample at index 373
Generated sample at index 248
Total token count: 1402
Generated sample at index 686
Generated sample at index 391
Total token count: 1412
Generated sample at index 473
Generated sample at index 372
Total token count: 956
Generated sample at index 88
Generated sample at index 581
Total token count: 1404
Generated sample at index 308
Generated sample at index 220
Total token count: 3175
Generated sample at index 575
Generated sample at index 594
Total token count: 1843
Generated sample at index 106
Generated sample at index 534
Total token count: 2290
Generated sample at index 120
Generated sample at index 323
Total token count: 954
Generated sample at index 157
Generated sample at index 298
Total token count: 1403
Generated sample at index 625
Generated sample at index 579
Total token count: 2286
Generated sample at index 345
Generated sample at index 258
Total token count: 1395
Generated sample at index 474
Generated sample at index 339
Total token count: 948
Generated sample at index 28
Generated sample at index 40
Total token count: 950
Generated sample at index 210
Generated sample at index 14
Total token count: 1399
Generated sample at index 544
Generated sample at index 357
Total token count: 1409
Generated sample at index 4
Generated sample at index 293
Total token count: 1402
Generated sample at index 238
Generated sample at index 714
Total token count: 2724
Generated sample at index 704
Generated sample at index 24
Total token count: 1413
Generated sample at index 635
Generated sample at index 530
Total token count: 3176
Generated sample at index 674
Generated sample at index 561
Total token count: 955
Generated sample at index 175
Generated sample at index 64
Total token count: 945
Generated sample at index 593
Generated sample at index 363
Total token count: 1841
Generated sample at index 214
Generated sample at index 717
Total token count: 2723
Generated sample at index 211
Generated sample at index 415
Total token count: 4498
Generated sample at index 556
Generated sample at index 195
Total token count: 1835
Generated sample at index 653
Generated sample at index 540
Total token count: 2726
Generated sample at index 93
Generated sample at index 472
Total token count: 1402
Generated sample at index 650
Generated sample at index 109
Total token count: 2295
Generated sample at index 548
Generated sample at index 100
Total token count: 1852
Generated sample at index 586
Generated sample at index 262
Total token count: 1843
Generated sample at index 693
Generated sample at index 221
Total token count: 1842
Generated sample at index 344
Generated sample at index 560
Total token count: 1833
Generated sample at index 184
Generated sample at index 342
Total token count: 1393
Generated sample at index 290
Generated sample at index 123
Total token count: 1392
Generated sample at index 417
Generated sample at index 681
Total token count: 2283
Generated sample at index 197
Generated sample at index 312
Total token count: 1399
Generated sample at index 148
Generated sample at index 562
Total token count: 1398
Generated sample at index 488
Generated sample at index 710
Total token count: 1397
Generated sample at index 396
Generated sample at index 36
Total token count: 958
Generated sample at index 413
Generated sample at index 598
Total token count: 968
Generated sample at index 204
Generated sample at index 670
Total token count: 1849
Generated sample at index 135
Generated sample at index 81
Total token count: 1850
Computing metrics on evaluation batch...
{'eval_loss': '15.74', 'eval_token_accuracy': '0', 'eval_runtime': '99.63', 'eval_samples_per_second': '1.506', 'eval_steps_per_second': '0.753', 'eval_entropy': '1.435', 'eval_num_tokens': '2.407e+06', 'eval_mean_token_accuracy': '0.03175', 'epoch': '2.805'}
================================================================================
Generation evaluation callback
================================================================================
Generated sample at index 214

[COMMENTARY_EVAL] Sample index: 110
[COMMENTARY_EVAL] Ground truth description:
Williams serves wide, Sharapova works a backhand return, brief rally, Serena cross-court backhand fails to land inside the court.
[COMMENTARY_EVAL] Model output:
In this tennis clip, we observe a point between Serena Williams and Maria Sharapova during a match. The score is 0-30, indicating that Serena Williams is leading in the game. The clip captures the sequence of actions as the players engage in a rally.

Initially, Serena Williams is positioned on the baseline, preparing for the next shot. She is seen in a ready stance, focusing on the incoming ball. Maria Sharapova, on the other side, is also in position, ready to respond. The ball is then served, and Serena Williams receives it with a forehand stroke, aiming to keep the point alive.

The rally continues with Serena Williams hitting a forehand, attempting to keep the point in her favor. Maria Sharapova responds with a backhand, trying to counter the shot. However, Serena Williams manages to return the ball with a strong forehand, keeping the point alive.

The rally continues with both players exchanging shots. Maria Sharapova attempts to keep the point alive, but Serena Williams manages to return the ball with a strong forehand. The point ends with Serena Williams winning the point, as she successfully returns the ball and maintains control of the rally.

The clip captures the intensity and skill of the players as they battle for control

[COMMENTARY_EVAL] ROUGE score: {'rouge1': np.float64(0.07792207792207792), 'rouge2': np.float64(0.008733624454148473), 'rougeL': np.float64(0.07792207792207792), 'rougeLsum': np.float64(0.06060606060606061)}
Generated sample at index 28

[COMMENTARY_EVAL] Sample index: 90
[COMMENTARY_EVAL] Ground truth description:
Lightening serve down the T which Djokovic is unable to return.
[COMMENTARY_EVAL] Model output:
The clip captures a pivotal moment in a tennis match between Jo-Wilfried Tsonga and Novak Djokovic, with the score at Deuce. The setting is a grass court, and the players are engaged in a tense point. Djokovic is seen on the right side of the court, having just returned a serve. He is focused and preparing to respond to Tsonga's next move. Tsonga is on the left side of the court, having just returned a serve. He is also focused, ready to respond to Djokovic's next move. The net is visible in the middle of the court, and the players are standing near it. The score is Deuce, indicating that the match is tied, and the next point will determine the outcome. The players' actions suggest that Djokovic is attempting to create a break point, as indicated by the text overlay "2ND BREAK POINT" on the screen. The clip highlights the intensity of the match, with both players fully engaged in the game.

[COMMENTARY_EVAL] ROUGE score: {'rouge1': np.float64(0.05649717514124294), 'rouge2': np.float64(0.011428571428571429), 'rougeL': np.float64(0.05649717514124294), 'rougeLsum': np.float64(0.05649717514124294)}
Generated sample at index 593

[COMMENTARY_EVAL] Sample index: 108
[COMMENTARY_EVAL] Ground truth description:
Delpotro serves in the middle, Federer returns a backhand return, Delpotro fails to keep a forehand in the play.
[COMMENTARY_EVAL] Model output:
In this tennis clip, Roger Federer is preparing to serve, standing on the baseline with his racket raised. He toss the ball into the air and serves it over the net. The ball is served over the net, and Juan Martin Del Potro, who is on the opposite side of the court, is ready to return. Del Potro is positioned on the baseline, and he is able to return the serve with a good shot. The point ends with Del Potro winning the point, as he successfully returns the serve and puts Federer on the defensive. The score is now 40-40, and Del Potro has won the point.

[COMMENTARY_EVAL] ROUGE score: {'rouge1': np.float64(0.140625), 'rouge2': np.float64(0.0), 'rougeL': np.float64(0.09375), 'rougeLsum': np.float64(0.09375)}
Generated sample at index 561

[COMMENTARY_EVAL] Sample index: 105
[COMMENTARY_EVAL] Ground truth description:
Delpotro arrows a good serve in the middle, Federer struggles with it.
[COMMENTARY_EVAL] Model output:
The clip shows a tennis match between Roger Federer and Juan Martin Del Potro. Federer is on the left side of the court, and Del Potro is on the right. The score is 30-15, which means Federer is leading. The player in the blue shirt, Federer, is seen preparing to serve. He takes a few steps back and then serves the ball. The ball goes over the net and lands on the other side of the court. Del Potro is seen running to the ball and then returning it. The ball lands on the other side of the court and Del Potro wins the point. The score is now 30-15, and Del Potro is leading. The players then return to their positions on the court. The clip ends with the players ready for the next point.

[COMMENTARY_EVAL] ROUGE score: {'rouge1': np.float64(0.09333333333333334), 'rouge2': np.float64(0.013513513513513513), 'rougeL': np.float64(0.06666666666666667), 'rougeLsum': np.float64(0.06666666666666667)}
Generated sample at index 472

[COMMENTARY_EVAL] Sample index: 119
[COMMENTARY_EVAL] Ground truth description:
Fine serve, Delpotro works a backhand return, brief rally, Delpotro forehand down the line just lands long.
[COMMENTARY_EVAL] Model output:
In this tennis clip, Roger Federer and Juan Martin Del Potro are engaged in a match on a grass court. The score is at 40-40, indicating that both players are at the same score. Federer is seen preparing to serve, with his body positioned in a ready stance. Del Potro is on the opposite side of the court, ready to receive the serve. The camera focuses on the players' actions as Federers serves the ball. Del Potro is seen reacting to the serve, preparing to return the ball. The ball is then returned by Del Potro, who hits it back to Federer. Federer is seen returning the ball, but the ball goes out of bounds. The point is then over, and the score is now 40-40 again. The clip captures the intensity and skill of both players as they battle for control of the point.

[COMMENTARY_EVAL] ROUGE score: {'rouge1': np.float64(0.04878048780487805), 'rouge2': np.float64(0.0), 'rougeL': np.float64(0.04878048780487805), 'rougeLsum': np.float64(0.04878048780487805)}
Generated sample at index 235

[COMMENTARY_EVAL] Sample index: 13
[COMMENTARY_EVAL] Ground truth description:
High kick serve, Williams returns a backhand return, short rally, Serena miss hits putting the ball out wide.
[COMMENTARY_EVAL] Model output:
The clip shows a point in a women's doubles tennis match between Serena Williams and Maria Sharapova. The score is 15-0, indicating that the score is tied at 15-0 in the game. The players are on a grass court, with the net dividing the court. The player in the red outfit is Serena Williams, and the player in the black outfit is Maria Sharapova. The clip captures the moment when Serena Williams serves the ball, and Maria Sharapova is ready to return. Serena Williams is seen preparing to serve, with her body positioned to the side and her racket held high. She then swings her racket, sending the ball into the air. Maria Sharapova is seen jumping up and reaching for the ball, but the ball is not in her reach. The ball lands on the court, and Serena Williams is seen returning the ball with her racket. The score is now 15-0 in Serena Williams' favor. The clip ends with Serena Williams walking back to her position on the court.

[COMMENTARY_EVAL] ROUGE score: {'rouge1': np.float64(0.08290155440414508), 'rouge2': np.float64(0.010471204188481674), 'rougeL': np.float64(0.06217616580310881), 'rougeLsum': np.float64(0.06217616580310881)}
Generated sample at index 712

[COMMENTARY_EVAL] Sample index: 25
[COMMENTARY_EVAL] Ground truth description:
Federer aims a fine serve in the middle, Delpotro crafts a backhand return, short rally, Delpotro backhand lob lands long.
[COMMENTARY_EVAL] Model output:
In this tennis clip, we observe a point between Roger Federer and Juan Martin Del Potro during a match. The score is tied at Game. Federer is seen preparing to serve, focusing intently on his shot. He then serves the ball with a powerful and precise motion, aiming to put Del Potro under pressure. Del Potro responds by returning the ball with a strong and well-placed shot, showcasing his agility and skill. The point is won by Federers, who manages to keep the ball in play and secure the point. The clip captures the intensity and precision of the match, highlighting the players' athleticism and competitive spirit.

[COMMENTARY_EVAL] ROUGE score: {'rouge1': np.float64(0.09375000000000001), 'rouge2': np.float64(0.0), 'rougeL': np.float64(0.078125), 'rougeLsum': np.float64(0.078125)}
Generated sample at index 353

[COMMENTARY_EVAL] Sample index: 15
[COMMENTARY_EVAL] Ground truth description:
Azarenka serves a good one, Williams works a forehand return, rally, Serena cross-court forehand lands out-side the court.
[COMMENTARY_EVAL] Model output:
In this tennis clip, Victoria Azarenka and Serena Williams are competing in a point during a match. The score is 30-30, indicating that both players are at the same score, and the game is tied. The clip shows Victoria Azarenka preparing to serve, standing on the left side of the court. She takes a few steps back and swings her racket to serve the ball. The ball is served over the net, and Serena Williams is positioned on the right side of the court, ready to receive the serve. She moves quickly to receive the ball, and the point is then played. Victoria Azarenka's serve lands on the right side of the court, and Serena Williams responds by returning the ball. The point is then won by Victoria Azarenka, who successfully hits the ball over the net and into the opponent's court. The score is now 31-30, with Victoria Azarenka leading. The clip shows the players' actions and movements, focusing on the point outcome.

[COMMENTARY_EVAL] ROUGE score: {'rouge1': np.float64(0.10638297872340424), 'rouge2': np.float64(0.01075268817204301), 'rougeL': np.float64(0.09574468085106383), 'rougeLsum': np.float64(0.09574468085106383)}
Generated sample at index 530

[COMMENTARY_EVAL] Sample index: 103
[COMMENTARY_EVAL] Ground truth description:
Delpotro serves a high kick serve, Federer delivers a backhand return, lengthy exchange between the players, Delpotro cross-court backhand fails to land inside the court.
[COMMENTARY_EVAL] Model output:
The tennis clip captures a point between Roger Federer and Juan Martin Del Potro during a match. The score is 4-6, indicating that Del Potro is leading in this point. The clip begins with Federer in a defensive stance, preparing to return a serve. Del Potro is seen serving the ball, which is then returned by Federers. Federer then executes a powerful forehand, sending the ball across the net. Del Potro is seen returning the ball, but Federer manages to keep his balance and hits a well-placed backhand. The ball lands on the opposite side of the court, and Del Potro is unable to return it, leading to Federer's point. The clip ends with Federer celebrating his point, indicating his dominance in this match.

[COMMENTARY_EVAL] ROUGE score: {'rouge1': np.float64(0.1437908496732026), 'rouge2': np.float64(0.013245033112582781), 'rougeL': np.float64(0.11764705882352942), 'rougeLsum': np.float64(0.11764705882352942)}
Generated sample at index 345

[COMMENTARY_EVAL] Sample index: 86
[COMMENTARY_EVAL] Ground truth description:
Fine serve, Azarenka is unable to return it.
[COMMENTARY_EVAL] Model output:
The clip captures a pivotal moment in a tennis match between Victoria Azarenka and Serena Williams. The score is 15-0, indicating that Azarenka is leading the match. The setting is a grass court, likely during a professional tennis tournament, given the presence of the Olympic rings on the net. 

The match is in the early stages, and Azarenka is positioned on the right side of the court, preparing for a forehand shot. She is wearing a red and black outfit, which contrasts with the green of the court. Her opponent, Serena Williams, is on the left side of the court, wearing a green outfit. 

As the clip progresses, Azarenka is seen preparing to serve. She takes a few steps back, then swings her racket, sending the ball into the air. Williams is in position to return the serve, but Azarenka's shot is well-placed and lands on the left side of the court. 

Williams responds by returning the ball, but Azarenka manages to keep her advantage. The point is won by Azarenka, as she successfully hits the ball into the opponent's service box, securing the point. The score remains 15-0, with Azarenka leading. The clip ends

[COMMENTARY_EVAL] ROUGE score: {'rouge1': np.float64(0.04807692307692307), 'rouge2': np.float64(0.019417475728155338), 'rougeL': np.float64(0.038461538461538464), 'rougeLsum': np.float64(0.04807692307692307)}
[COMMENTARY_EVAL] Average ROUGE score: {'rouge1': 0.08920603800792073, 'rouge2': 0.008756211059749622, 'rougeL': 0.0735770851474106, 'rougeLsum': 0.07280702187734733}
Generated sample at index 480
Total token count: 1397
Generated sample at index 249
Total token count: 941
Generated sample at index 232
Total token count: 1404
Generated sample at index 671
Total token count: 963
Generated sample at index 274
Total token count: 1406
Generated sample at index 163
Total token count: 1406
Generated sample at index 27
Total token count: 1404
Generated sample at index 130
Total token count: 1842
Emptied CUDA cache
{'loss': '15.69', 'grad_norm': '124.5', 'learning_rate': '1.749e-06', 'entropy': '1.47', 'num_tokens': '2.417e+06', 'mean_token_accuracy': '0.03499', 'epoch': '2.819'}
Generated sample at index 39
Total token count: 1389
Generated sample at index 367
Total token count: 948
Generated sample at index 626
Total token count: 1845
Generated sample at index 329
Total token count: 1409
Generated sample at index 265
Total token count: 952
Generated sample at index 333
Total token count: 1385
Generated sample at index 525
Total token count: 941
Generated sample at index 656
Total token count: 950
Emptied CUDA cache
{'loss': '15.51', 'grad_norm': '127.3', 'learning_rate': '1.571e-06', 'entropy': '1.436', 'num_tokens': '2.427e+06', 'mean_token_accuracy': '0.03353', 'epoch': '2.832'}
Generated sample at index 392
Total token count: 1394
Generated sample at index 61
Total token count: 1395
Generated sample at index 201
Total token count: 2727
Generated sample at index 742
Total token count: 2290
Generated sample at index 128
Total token count: 944
Generated sample at index 588
Total token count: 1407
Generated sample at index 360
Total token count: 1402
Generated sample at index 398
Total token count: 1845
Emptied CUDA cache
{'loss': '15.83', 'grad_norm': '126.8', 'learning_rate': '1.402e-06', 'entropy': '1.429', 'num_tokens': '2.44e+06', 'mean_token_accuracy': '0.03203', 'epoch': '2.846'}
Generated sample at index 597
Total token count: 950
Generated sample at index 582
Total token count: 1402
Generated sample at index 233
Total token count: 1376
Generated sample at index 737
Total token count: 2722
Generated sample at index 451
Total token count: 942
Generated sample at index 564
Total token count: 1400
Generated sample at index 718
Total token count: 1844
Generated sample at index 166
Total token count: 1835
Emptied CUDA cache
{'loss': '15.82', 'grad_norm': '127.1', 'learning_rate': '1.243e-06', 'entropy': '1.433', 'num_tokens': '2.452e+06', 'mean_token_accuracy': '0.03003', 'epoch': '2.859'}
Generated sample at index 476
Total token count: 1402
Generated sample at index 505
Total token count: 944
Generated sample at index 444
Total token count: 1405
Generated sample at index 452
Total token count: 2288
Generated sample at index 218
Total token count: 936
Generated sample at index 549
Total token count: 956
Generated sample at index 687
Total token count: 3165
Generated sample at index 499
Total token count: 1404
Emptied CUDA cache
{'loss': '15.78', 'grad_norm': '127.4', 'learning_rate': '1.093e-06', 'entropy': '1.419', 'num_tokens': '2.465e+06', 'mean_token_accuracy': '0.03054', 'epoch': '2.872'}
Generated sample at index 89
Total token count: 1397
Generated sample at index 280
Total token count: 1834
Generated sample at index 256
Total token count: 1404
Generated sample at index 565
Total token count: 2729
Generated sample at index 285
Total token count: 938
Generated sample at index 172
Total token count: 1399
Generated sample at index 374
Total token count: 940
Generated sample at index 551
Total token count: 2278
Emptied CUDA cache
{'loss': '15.71', 'grad_norm': '128.2', 'learning_rate': '9.522e-07', 'entropy': '1.441', 'num_tokens': '2.477e+06', 'mean_token_accuracy': '0.03025', 'epoch': '2.886'}
Generated sample at index 621
Total token count: 1843
Generated sample at index 17
Total token count: 1850
Generated sample at index 722
Total token count: 945
Generated sample at index 330
Total token count: 1845
Generated sample at index 275
Total token count: 944
Generated sample at index 606
Total token count: 950
Generated sample at index 181
Total token count: 1377
Generated sample at index 144
Total token count: 1396
Emptied CUDA cache
{'loss': '15.82', 'grad_norm': '127.4', 'learning_rate': '8.214e-07', 'entropy': '1.423', 'num_tokens': '2.489e+06', 'mean_token_accuracy': '0.03083', 'epoch': '2.899'}
Generated sample at index 630
Total token count: 1408
Generated sample at index 695
Total token count: 1399
Generated sample at index 234
Total token count: 936
Generated sample at index 528
Total token count: 1409
Generated sample at index 38
Total token count: 948
Generated sample at index 572
Total token count: 2291
Generated sample at index 226
Total token count: 1398
Generated sample at index 164
Total token count: 1401
Emptied CUDA cache
{'loss': '15.71', 'grad_norm': '126.8', 'learning_rate': '7.002e-07', 'entropy': '1.452', 'num_tokens': '2.501e+06', 'mean_token_accuracy': '0.0332', 'epoch': '2.913'}
Generated sample at index 21
Total token count: 951
Generated sample at index 42
Total token count: 1403
Generated sample at index 629
Total token count: 2730
Generated sample at index 338
Total token count: 944
Generated sample at index 678
Total token count: 1842
Generated sample at index 508
Total token count: 946
Generated sample at index 350
Total token count: 1384
Generated sample at index 162
Total token count: 1844
Emptied CUDA cache
{'loss': '15.96', 'grad_norm': '125.5', 'learning_rate': '5.886e-07', 'entropy': '1.431', 'num_tokens': '2.512e+06', 'mean_token_accuracy': '0.03296', 'epoch': '2.926'}
Generated sample at index 432
Total token count: 2285
Generated sample at index 647
Total token count: 1846
Generated sample at index 50
Total token count: 943
Generated sample at index 365
Total token count: 1399
Generated sample at index 213
Total token count: 1399
Generated sample at index 429
Total token count: 1845
Generated sample at index 229
Total token count: 1395
Generated sample at index 552
Total token count: 950
Emptied CUDA cache
{'loss': '15.78', 'grad_norm': '127.9', 'learning_rate': '4.866e-07', 'entropy': '1.448', 'num_tokens': '2.525e+06', 'mean_token_accuracy': '0.03023', 'epoch': '2.94'}
Generated sample at index 132
Generated sample at index 243
Total token count: 2277
Generated sample at index 122
Generated sample at index 489
Total token count: 1846
Generated sample at index 546
Generated sample at index 734
Total token count: 1842
Generated sample at index 584
Generated sample at index 437
Total token count: 1850
Generated sample at index 168
Generated sample at index 319
Total token count: 1391
Generated sample at index 744
Generated sample at index 577
Total token count: 2725
Generated sample at index 20
Generated sample at index 235
Total token count: 1395
Generated sample at index 601
Generated sample at index 353
Total token count: 1842
Generated sample at index 623
Generated sample at index 311
Total token count: 1403
Generated sample at index 207
Generated sample at index 501
Total token count: 1398
Generated sample at index 462
Generated sample at index 730
Total token count: 1406
Generated sample at index 477
Generated sample at index 380
Total token count: 1385
Generated sample at index 349
Generated sample at index 712
Total token count: 1845
Generated sample at index 467
Generated sample at index 547
Total token count: 2722
Generated sample at index 377
Generated sample at index 37
Total token count: 2282
Generated sample at index 310
Generated sample at index 239
Total token count: 947
Generated sample at index 259
Generated sample at index 578
Total token count: 1840
Generated sample at index 193
Generated sample at index 146
Total token count: 2731
Generated sample at index 116
Generated sample at index 614
Total token count: 2734
Generated sample at index 282
Generated sample at index 406
Total token count: 1844
Generated sample at index 80
Generated sample at index 141
Total token count: 1849
Generated sample at index 496
Generated sample at index 666
Total token count: 1398
Generated sample at index 154
Generated sample at index 307
Total token count: 1395
Generated sample at index 498
Generated sample at index 521
Total token count: 2300
Generated sample at index 177
Generated sample at index 457
Total token count: 1391
Generated sample at index 443
Generated sample at index 187
Total token count: 955
Generated sample at index 503
Generated sample at index 585
Total token count: 1843
Generated sample at index 567
Generated sample at index 421
Total token count: 2289
Generated sample at index 82
Generated sample at index 563
Total token count: 1854
Generated sample at index 44
Generated sample at index 553
Total token count: 2287
Generated sample at index 105
Generated sample at index 6
Total token count: 1847
Generated sample at index 677
Generated sample at index 611
Total token count: 1842
Generated sample at index 493
Generated sample at index 709
Total token count: 1385
Generated sample at index 373
Generated sample at index 248
Total token count: 1402
Generated sample at index 686
Generated sample at index 391
Total token count: 1412
Generated sample at index 473
Generated sample at index 372
Total token count: 956
Generated sample at index 88
Generated sample at index 581
Total token count: 1404
Generated sample at index 308
Generated sample at index 220
Total token count: 3175
Generated sample at index 575
Generated sample at index 594
Total token count: 1843
Generated sample at index 106
Generated sample at index 534
Total token count: 2290
Generated sample at index 120
Generated sample at index 323
Total token count: 954
Generated sample at index 157
Generated sample at index 298
Total token count: 1403
Generated sample at index 625
Generated sample at index 579
Total token count: 2286
Generated sample at index 345
Generated sample at index 258
Total token count: 1395
Generated sample at index 474
Generated sample at index 339
Total token count: 948
Generated sample at index 28
Generated sample at index 40
Total token count: 950
Generated sample at index 210
Generated sample at index 14
Total token count: 1399
Generated sample at index 544
Generated sample at index 357
Total token count: 1409
Generated sample at index 4
Generated sample at index 293
Total token count: 1402
Generated sample at index 238
Generated sample at index 714
Total token count: 2724
Generated sample at index 704
Generated sample at index 24
Total token count: 1413
Generated sample at index 635
Generated sample at index 530
Total token count: 3176
Generated sample at index 674
Generated sample at index 561
Total token count: 955
Generated sample at index 175
Generated sample at index 64
Total token count: 945
Generated sample at index 593
Generated sample at index 363
Total token count: 1841
Generated sample at index 214
Generated sample at index 717
Total token count: 2723
Generated sample at index 211
Generated sample at index 415
Total token count: 4498
Generated sample at index 556
Generated sample at index 195
Total token count: 1835
Generated sample at index 653
Generated sample at index 540
Total token count: 2726
Generated sample at index 93
Generated sample at index 472
Total token count: 1402
Generated sample at index 650
Generated sample at index 109
Total token count: 2295
Generated sample at index 548
Generated sample at index 100
Total token count: 1852
Generated sample at index 586
Generated sample at index 262
Total token count: 1843
Generated sample at index 693
Generated sample at index 221
Total token count: 1842
Generated sample at index 344
Generated sample at index 560
Total token count: 1833
Generated sample at index 184
Generated sample at index 342
Total token count: 1393
Generated sample at index 290
Generated sample at index 123
Total token count: 1392
Generated sample at index 417
Generated sample at index 681
Total token count: 2283
Generated sample at index 197
Generated sample at index 312
Total token count: 1399
Generated sample at index 148
Generated sample at index 562
Total token count: 1398
Generated sample at index 488
Generated sample at index 710
Total token count: 1397
Generated sample at index 396
Generated sample at index 36
Total token count: 958
Generated sample at index 413
Generated sample at index 598
Total token count: 968
Generated sample at index 204
Generated sample at index 670
Total token count: 1849
Generated sample at index 135
Generated sample at index 81
Total token count: 1850
Computing metrics on evaluation batch...
{'eval_loss': '15.72', 'eval_token_accuracy': '0', 'eval_runtime': '99.29', 'eval_samples_per_second': '1.511', 'eval_steps_per_second': '0.755', 'eval_entropy': '1.436', 'eval_num_tokens': '2.525e+06', 'eval_mean_token_accuracy': '0.03174', 'epoch': '2.94'}
================================================================================
Generation evaluation callback
================================================================================
Generated sample at index 547

[COMMENTARY_EVAL] Sample index: 27
[COMMENTARY_EVAL] Ground truth description:
Quick serve, Federer returns a backhand return, long rally, Delpotro forehand finds the net.
[COMMENTARY_EVAL] Model output:
In the tennis clip, Roger Federer and Juan Martin Del Potro are engaged in a point during a match. The score is tied at 15-15. Federer, wearing a red shirt and white shorts, is seen preparing to return a serve. He is positioned on the baseline, ready to react to the incoming ball. Del Potro, in a blue shirt and white shorts, is positioned on the opposite side of the court, preparing to serve. The rally begins with Del Potro serving, and Federer responds with a forehand shot. The ball is sent back and forth between the two players, with Federer attempting to keep the ball in play. The point ends with Federers winning the point, as he successfully returns the ball and secures the point. The crowd watches intently as the players battle for control of the point. The score is now 16-15 in favor of Federer.

[COMMENTARY_EVAL] ROUGE score: {'rouge1': np.float64(0.0975609756097561), 'rouge2': np.float64(0.0), 'rougeL': np.float64(0.07317073170731708), 'rougeLsum': np.float64(0.07317073170731708)}
Generated sample at index 611

[COMMENTARY_EVAL] Sample index: 63
[COMMENTARY_EVAL] Ground truth description:
Fine serve, Federer delivers a backhand return, brief rally, Federer attempts a forehand cross-court but it lands wide.
[COMMENTARY_EVAL] Model output:
In the tennis clip, Roger Federer and Juan Martin Del Potro are engaged in a point during a match. The score is 30-0, indicating that Federer is leading. Federer is seen preparing to serve, focusing intently on his serve. The ball is then sent over the net, and Del Potro is seen attempting to return it. However, Federer manages to make the return, and Del Potro is unable to keep up with the pace. The point is then awarded to Federers, as he successfully returns the ball. The score remains 30-0 in favor of Federer.

[COMMENTARY_EVAL] ROUGE score: {'rouge1': np.float64(0.12068965517241377), 'rouge2': np.float64(0.0), 'rougeL': np.float64(0.06896551724137931), 'rougeLsum': np.float64(0.06896551724137931)}
Generated sample at index 457

[COMMENTARY_EVAL] Sample index: 49
[COMMENTARY_EVAL] Ground truth description:
Delpotro arrows a bodyline serve, Federer struggles with it.
[COMMENTARY_EVAL] Model output:
The clip shows a point in a tennis match between Roger Federer and Juan Martin Del Potro. The score is 30-15, indicating that Federer is leading. Federer is in the process of serving, and he is seen preparing to serve the ball. He then serves the ball, which is then returned by Del Potro. The ball is then returned by Del Potro, and Federer is seen returning the ball. The point is won by Federers, and the score is now 30-15.

[COMMENTARY_EVAL] ROUGE score: {'rouge1': np.float64(0.06521739130434782), 'rouge2': np.float64(0.0), 'rougeL': np.float64(0.06521739130434782), 'rougeLsum': np.float64(0.06521739130434782)}
Generated sample at index 177

[COMMENTARY_EVAL] Sample index: 48
[COMMENTARY_EVAL] Ground truth description:
Williams aims a serve at the T and it's an ace.
[COMMENTARY_EVAL] Model output:
In this tennis clip, we observe a point between Serena Williams and Vera Zvonareva during a match at the London 2012 Olympics. The setting is a grass court, with a crowd of spectators filling the stands. The players are on the court, with Serena Williams in a blue outfit and Vera Zvonareva in a darker outfit. The score is Game. The clip shows Serena Williams preparing to serve, with her body positioned in a ready stance. She then serves the ball, and Vera Zvonareva responds by returning it. The point concludes with Serena Williams winning the point, which is indicated by her successful return and the score update to Game. The players' actions are focused on the outcome of this point, with Serena Williams' ability to execute her shot and Vera Zvonareva's effective return. The atmosphere is intense, reflecting the competitive nature of the match.

[COMMENTARY_EVAL] ROUGE score: {'rouge1': np.float64(0.10126582278481013), 'rouge2': np.float64(0.012820512820512822), 'rougeL': np.float64(0.08860759493670886), 'rougeLsum': np.float64(0.08860759493670886)}
Generated sample at index 312

[COMMENTARY_EVAL] Sample index: 137
[COMMENTARY_EVAL] Ground truth description:
Fine serve, backhand return from Williams finds the net.
[COMMENTARY_EVAL] Model output:
In this tennis clip, Victoria Azarenka and Serena Williams are competing in a point. The score is 15-0, indicating that Azarenka is leading. Azarenka is seen preparing to serve, with her racket held high and her body poised. She then serves the ball, which travels across the net. Serena Williams is on the other side, ready to return the serve. As the ball reaches her, she swings her racket and successfully returns it, winning the point. The score updates to 15-1. The clip captures the intensity and precision of the match, showcasing the players' skill and determination.

[COMMENTARY_EVAL] ROUGE score: {'rouge1': np.float64(0.09259259259259259), 'rouge2': np.float64(0.018867924528301883), 'rougeL': np.float64(0.05555555555555555), 'rougeLsum': np.float64(0.05555555555555555)}
Generated sample at index 556

[COMMENTARY_EVAL] Sample index: 114
[COMMENTARY_EVAL] Ground truth description:
Bodyline serve, Delpotro crafts a backhand return, a few shots exchanged, Delpotro forehand cross-court lands just long.
[COMMENTARY_EVAL] Model output:
In this tennis clip, Roger Federer and Juan Martin Del Potro are engaged in a point during a match. The score is 40-0, indicating that Federer is leading in the game. Federers is seen preparing to serve, standing in his typical position at the baseline, ready to initiate the point. Del Potro is positioned on the opposite side of the net, anticipating the serve. The moment the ball is served, Del Potro is seen attempting to return it. However, the ball is not returned effectively, leading to a point being awarded to Federer. The camera captures the action from a high angle, providing a clear view of the court and the players' movements. The audience is visible in the background, adding to the atmosphere of the match. The clip highlights the competitive nature of the game and the skill involved in each player's performance.

[COMMENTARY_EVAL] ROUGE score: {'rouge1': np.float64(0.06097560975609755), 'rouge2': np.float64(0.0), 'rougeL': np.float64(0.04878048780487805), 'rougeLsum': np.float64(0.04878048780487805)}
Generated sample at index 146

[COMMENTARY_EVAL] Sample index: 35
[COMMENTARY_EVAL] Ground truth description:
Williams serves a good one, Zvonareva delivers a backhand return, good rally, Serena hits a backhand cross-court but it lands wide of the court.
[COMMENTARY_EVAL] Model output:
In this tennis clip, Serena Williams and Vera Zvonareva are engaged in a point during a match. The score is tied at 15-15, indicating that the game is in the middle of a tiebreak. Serena Williams is seen on the left side of the court, preparing to return the ball. She is in a ready stance, focusing on the incoming ball. The ball is served from the opposite side of the court, and Serena Williams uses her racket to return it. The ball is then returned by Vera Zvonareva, who is on the right side of the court. The point is then played out, with Serena Williams attempting to return the ball. The ball is then returned by Vera Zvonareva, who is in a good position to make a successful return. The point is then won by Serena Williams, who is able to make a successful return. The score is now 16-15 in Serena Williams' favor.

[COMMENTARY_EVAL] ROUGE score: {'rouge1': np.float64(0.14207650273224043), 'rouge2': np.float64(0.03314917127071823), 'rougeL': np.float64(0.10928961748633881), 'rougeLsum': np.float64(0.10928961748633881)}
Generated sample at index 593

[COMMENTARY_EVAL] Sample index: 108
[COMMENTARY_EVAL] Ground truth description:
Delpotro serves in the middle, Federer returns a backhand return, Delpotro fails to keep a forehand in the play.
[COMMENTARY_EVAL] Model output:
The clip captures a moment during a tennis match between Roger Federer and Juan Martin Del Potro on a grass court. The score is 40-A, indicating that Federer is serving. Federer serves the ball, and Del Potro is ready to receive it. Del Potro returns the serve with a powerful shot, but Federer manages to return it with a precise and accurate return. The point ends with Federers winning the point, as he successfully returns the serve.

[COMMENTARY_EVAL] ROUGE score: {'rouge1': np.float64(0.18556701030927839), 'rouge2': np.float64(0.0), 'rougeL': np.float64(0.1443298969072165), 'rougeLsum': np.float64(0.1443298969072165)}
Generated sample at index 498

[COMMENTARY_EVAL] Sample index: 46
[COMMENTARY_EVAL] Ground truth description:
Federer serves a good one, Delpotro delivers a backhand return, well contensted rally, Federer comes to net, attempts a forehand volley but fails to make it over the net.
[COMMENTARY_EVAL] Model output:
The clip captures a pivotal moment in a tennis match between Roger Federer and Juan Martin Del Potro, with the score at 40-30. The match is taking place on a grass court, which is typical for Wimbledon, known for the grass surface. The audience is seated in the background, watching intently as the players engage in a dynamic exchange.

Roger Federer, dressed in a blue shirt and white shorts, is positioned on the left side of the court, preparing for the next point. He holds his racket in a ready stance, indicating he is focused and ready to respond. The ball is in motion, having been served by Del Potro, who is on the right side of the court. Del Potro, wearing a red shirt and white shorts, is in the process of returning the serve.

As the rally unfolds, Del Potro executes a powerful forehand, sending the ball toward Federer's side. Federer responds with a quick and precise backhand, attempting to return the ball. The ball is then sent back over the net, and Del Potro is seen attempting to keep the point alive. However, Federer manages to return the ball with a well-placed shot, pushing it into the court's left corner.

The point

[COMMENTARY_EVAL] ROUGE score: {'rouge1': np.float64(0.13445378151260504), 'rouge2': np.float64(0.016949152542372885), 'rougeL': np.float64(0.09243697478991596), 'rougeLsum': np.float64(0.08403361344537813)}
Generated sample at index 372

[COMMENTARY_EVAL] Sample index: 71
[COMMENTARY_EVAL] Ground truth description:
Lightening serve in the corner is an ace.
[COMMENTARY_EVAL] Model output:
The clip captures a moment during a tennis match between Victoria Azarenka and Serena Williams, with the score at 15-0. The match is taking place on a grass court, which is typical for Wimbledon, and the players are both in their best positions for this point. Victoria Azarenka, dressed in a red and white outfit, is positioned on the left side of the court, holding her racket in a ready stance. Serena Williams, wearing a blue and white outfit, is on the right side of the court, also in a ready stance, prepared to respond.

The point begins with Azarenka serving. She toss the ball into the air, then hits it with her racket. The ball travels across the net, and Williams is able to return it. However, Azarenka manages to return the ball with a powerful shot, sending it over the net. Williams is unable to keep up with the pace and fails to return the ball. The point is then awarded to Azarenka, as she has successfully returned the ball.

This point is crucial in the match, as it gives Azarenka a significant advantage. The outcome of this point sets the tone for the rest of the match, as Azarenka continues to dominate the game. The clip

[COMMENTARY_EVAL] ROUGE score: {'rouge1': np.float64(0.027522935779816515), 'rouge2': np.float64(0.009259259259259259), 'rougeL': np.float64(0.027522935779816515), 'rougeLsum': np.float64(0.027522935779816515)}
[COMMENTARY_EVAL] Average ROUGE score: {'rouge1': 0.10279222775539584, 'rouge2': 0.009104602042116506, 'rougeL': 0.07738767035134744, 'rougeLsum': 0.07654733421689366}
Generated sample at index 347
Total token count: 1839
Generated sample at index 326
Total token count: 946
Generated sample at index 655
Total token count: 964
Generated sample at index 527
Total token count: 953
Generated sample at index 735
Total token count: 2283
Generated sample at index 119
Total token count: 2288
Generated sample at index 627
Total token count: 1841
Generated sample at index 605
Total token count: 2728
Emptied CUDA cache
{'loss': '15.9', 'grad_norm': '125.5', 'learning_rate': '3.943e-07', 'entropy': '1.45', 'num_tokens': '2.537e+06', 'mean_token_accuracy': '0.03348', 'epoch': '2.953'}
Generated sample at index 79
Total token count: 953
Generated sample at index 352
Total token count: 2278
Generated sample at index 603
Total token count: 1398
Generated sample at index 255
Total token count: 949
Generated sample at index 306
Total token count: 1396
Generated sample at index 675
Total token count: 956
Generated sample at index 449
Total token count: 1393
Generated sample at index 485
Total token count: 949
Emptied CUDA cache
{'loss': '15.61', 'grad_norm': '127.5', 'learning_rate': '3.116e-07', 'entropy': '1.446', 'num_tokens': '2.549e+06', 'mean_token_accuracy': '0.03269', 'epoch': '2.966'}
Generated sample at index 672
Total token count: 943
Generated sample at index 284
Total token count: 943
Generated sample at index 640
Total token count: 1846
Generated sample at index 513
Total token count: 959
Generated sample at index 223
Total token count: 1404
Generated sample at index 7
Total token count: 1846
Generated sample at index 251
Total token count: 1398
Generated sample at index 341
Total token count: 1386
Emptied CUDA cache
{'loss': '15.7', 'grad_norm': '125.5', 'learning_rate': '2.386e-07', 'entropy': '1.447', 'num_tokens': '2.56e+06', 'mean_token_accuracy': '0.03476', 'epoch': '2.98'}
Generated sample at index 426
Total token count: 1400
Generated sample at index 95
Total token count: 1844
Generated sample at index 438
Total token count: 1839
Generated sample at index 743
Total token count: 1848
Generated sample at index 56
Total token count: 951
Generated sample at index 689
Total token count: 1409
Generated sample at index 15
Total token count: 1857
Generated sample at index 87
Total token count: 1851
Emptied CUDA cache
{'loss': '15.65', 'grad_norm': '129', 'learning_rate': '1.754e-07', 'entropy': '1.415', 'num_tokens': '2.572e+06', 'mean_token_accuracy': '0.03142', 'epoch': '2.993'}
Generated sample at index 273
Total token count: 1394
Generated sample at index 479
Total token count: 2289
Generated sample at index 571
Total token count: 1393
Emptied CUDA cache
{'loss': '15.65', 'grad_norm': '129.8', 'learning_rate': '1.218e-07', 'entropy': '1.431', 'num_tokens': '2.579e+06', 'mean_token_accuracy': '0.02892', 'epoch': '3'}
Generated sample at index 132
Generated sample at index 243
Total token count: 2277
Generated sample at index 122
Generated sample at index 489
Total token count: 1846
Generated sample at index 546
Generated sample at index 734
Total token count: 1842
Generated sample at index 584
Generated sample at index 437
Total token count: 1850
Generated sample at index 168
Generated sample at index 319
Total token count: 1391
Generated sample at index 744
Generated sample at index 577
Total token count: 2725
Generated sample at index 20
Generated sample at index 235
Total token count: 1395
Generated sample at index 601
Generated sample at index 353
Total token count: 1842
Generated sample at index 623
Generated sample at index 311
Total token count: 1403
Generated sample at index 207
Generated sample at index 501
Total token count: 1398
Generated sample at index 462
Generated sample at index 730
Total token count: 1406
Generated sample at index 477
Generated sample at index 380
Total token count: 1385
Generated sample at index 349
Generated sample at index 712
Total token count: 1845
Generated sample at index 467
Generated sample at index 547
Total token count: 2722
Generated sample at index 377
Generated sample at index 37
Total token count: 2282
Generated sample at index 310
Generated sample at index 239
Total token count: 947
Generated sample at index 259
Generated sample at index 578
Total token count: 1840
Generated sample at index 193
Generated sample at index 146
Total token count: 2731
Generated sample at index 116
Generated sample at index 614
Total token count: 2734
Generated sample at index 282
Generated sample at index 406
Total token count: 1844
Generated sample at index 80
Generated sample at index 141
Total token count: 1849
Generated sample at index 496
Generated sample at index 666
Total token count: 1398
Generated sample at index 154
Generated sample at index 307
Total token count: 1395
Generated sample at index 498
Generated sample at index 521
Total token count: 2300
Generated sample at index 177
Generated sample at index 457
Total token count: 1391
Generated sample at index 443
Generated sample at index 187
Total token count: 955
Generated sample at index 503
Generated sample at index 585
Total token count: 1843
Generated sample at index 567
Generated sample at index 421
Total token count: 2289
Generated sample at index 82
Generated sample at index 563
Total token count: 1854
Generated sample at index 44
Generated sample at index 553
Total token count: 2287
Generated sample at index 105
Generated sample at index 6
Total token count: 1847
Generated sample at index 677
Generated sample at index 611
Total token count: 1842
Generated sample at index 493
Generated sample at index 709
Total token count: 1385
Generated sample at index 373
Generated sample at index 248
Total token count: 1402
Generated sample at index 686
Generated sample at index 391
Total token count: 1412
Generated sample at index 473
Generated sample at index 372
Total token count: 956
Generated sample at index 88
Generated sample at index 581
Total token count: 1404
Generated sample at index 308
Generated sample at index 220
Total token count: 3175
Generated sample at index 575
Generated sample at index 594
Total token count: 1843
Generated sample at index 106
Generated sample at index 534
Total token count: 2290
Generated sample at index 120
Generated sample at index 323
Total token count: 954
Generated sample at index 157
Generated sample at index 298
Total token count: 1403
Generated sample at index 625
Generated sample at index 579
Total token count: 2286
Generated sample at index 345
Generated sample at index 258
Total token count: 1395
Generated sample at index 474
Generated sample at index 339
Total token count: 948
Generated sample at index 28
Generated sample at index 40
Total token count: 950
Generated sample at index 210
Generated sample at index 14
Total token count: 1399
Generated sample at index 544
Generated sample at index 357
Total token count: 1409
Generated sample at index 4
Generated sample at index 293
Total token count: 1402
Generated sample at index 238
Generated sample at index 714
Total token count: 2724
Generated sample at index 704
Generated sample at index 24
Total token count: 1413
Generated sample at index 635
Generated sample at index 530
Total token count: 3176
Generated sample at index 674
Generated sample at index 561
Total token count: 955
Generated sample at index 175
Generated sample at index 64
Total token count: 945
Generated sample at index 593
Generated sample at index 363
Total token count: 1841
Generated sample at index 214
Generated sample at index 717
Total token count: 2723
Generated sample at index 211
Generated sample at index 415
Total token count: 4498
Generated sample at index 556
Generated sample at index 195
Total token count: 1835
Generated sample at index 653
Generated sample at index 540
Total token count: 2726
Generated sample at index 93
Generated sample at index 472
Total token count: 1402
Generated sample at index 650
Generated sample at index 109
Total token count: 2295
Generated sample at index 548
Generated sample at index 100
Total token count: 1852
Generated sample at index 586
Generated sample at index 262
Total token count: 1843
Generated sample at index 693
Generated sample at index 221
Total token count: 1842
Generated sample at index 344
Generated sample at index 560
Total token count: 1833
Generated sample at index 184
Generated sample at index 342
Total token count: 1393
Generated sample at index 290
Generated sample at index 123
Total token count: 1392
Generated sample at index 417
Generated sample at index 681
Total token count: 2283
Generated sample at index 197
Generated sample at index 312
Total token count: 1399
Generated sample at index 148
Generated sample at index 562
Total token count: 1398
Generated sample at index 488
Generated sample at index 710
Total token count: 1397
Generated sample at index 396
Generated sample at index 36
Total token count: 958
Generated sample at index 413
Generated sample at index 598
Total token count: 968
Generated sample at index 204
Generated sample at index 670
Total token count: 1849
Generated sample at index 135
Generated sample at index 81
Total token count: 1850
Computing metrics on evaluation batch...
{'eval_loss': '15.72', 'eval_token_accuracy': '0', 'eval_runtime': '100.8', 'eval_samples_per_second': '1.487', 'eval_steps_per_second': '0.744', 'eval_entropy': '1.436', 'eval_num_tokens': '2.579e+06', 'eval_mean_token_accuracy': '0.03173', 'epoch': '3'}
================================================================================
Generation evaluation callback
================================================================================
Generated sample at index 93

[COMMENTARY_EVAL] Sample index: 118
[COMMENTARY_EVAL] Ground truth description:
Fine serve, Tsonga works a forehand return, brief rally, Tsonga slices a backhand but catches the net.
[COMMENTARY_EVAL] Model output:
The clip shows a tennis point between Jo-Wilfried Tsonga and Novak Djokovic, with the score at Deuce. Tsonga is positioned on the left side of the court, holding his racket in a ready stance. Djokovic is on the right side, also in a ready stance. Tsonga serves the ball, which is then returned by Djokovic. Tsonga then hits a backhand, but Djokovic manages to return the ball. The point ends with Djokovic winning the point.

[COMMENTARY_EVAL] ROUGE score: {'rouge1': np.float64(0.17204301075268816), 'rouge2': np.float64(0.04395604395604396), 'rougeL': np.float64(0.15053763440860216), 'rougeLsum': np.float64(0.15053763440860216)}
Generated sample at index 611

[COMMENTARY_EVAL] Sample index: 63
[COMMENTARY_EVAL] Ground truth description:
Fine serve, Federer delivers a backhand return, brief rally, Federer attempts a forehand cross-court but it lands wide.
[COMMENTARY_EVAL] Model output:
In this tennis clip, we observe a point between Roger Federer and Juan Martin Del Potro. The sequence begins with Federer, dressed in a red shirt and white shorts, preparing to serve. He stands in a ready position, focusing intently on the ball. The ball is then served, and Del Potro, wearing a light blue shirt and white shorts, is seen preparing to return it. He is positioned on the opposite side of the court, ready to make his move.

As the ball is returned, Del Potro hits it with a powerful shot, aiming to keep the point alive. The ball travels across the net, and Federer is seen reacting quickly, attempting to return the shot. However, the ball is not returned effectively, and Del Potro manages to keep it in play. The point is then awarded to Del Potro, as he successfully returns the ball.

This point is a crucial moment in the match, as it shifts the momentum in favor of Del Potro. The score is now 30-0, indicating that Del Potro has gained a significant advantage in the game. The clip highlights the intensity and skill of both players, showcasing their ability to compete at a high level. The audience watches intently, anticipating the next move

[COMMENTARY_EVAL] ROUGE score: {'rouge1': np.float64(0.06986899563318778), 'rouge2': np.float64(0.0), 'rougeL': np.float64(0.05240174672489083), 'rougeLsum': np.float64(0.061135371179039305)}
Generated sample at index 501

[COMMENTARY_EVAL] Sample index: 19
[COMMENTARY_EVAL] Ground truth description:
Heavy serve aimed at T, Delpotro crafts a forehand return, Federer blasts a forehand winner down the line.
[COMMENTARY_EVAL] Model output:
In this tennis clip, we observe a point between Roger Federer and Juan Martin Del Potro during a match. The score is Deuce, indicating that both players have equal points. The scene begins with Federer in a ready stance on the court, preparing to return a serve. Del Potro is also on the court, positioned to receive the serve. The serve is delivered, and Federers is seen returning the ball with a forehand. The ball is then returned by Del Potro, who is seen preparing to return the serve. The point ends with Federer winning the point, which results in him taking the lead. The players are seen on the court, with the crowd watching intently. The players are seen celebrating their victory. The point outcome is a win for Federer.

[COMMENTARY_EVAL] ROUGE score: {'rouge1': np.float64(0.09395973154362415), 'rouge2': np.float64(0.01360544217687075), 'rougeL': np.float64(0.08053691275167785), 'rougeLsum': np.float64(0.08053691275167785)}
Generated sample at index 415

[COMMENTARY_EVAL] Sample index: 113
[COMMENTARY_EVAL] Ground truth description:
Delpotro aims a high kick serve, Federer works a forehand return, extended rally, Delpotro cross-court backhand is not able to clear the net.
[COMMENTARY_EVAL] Model output:
In this tennis clip, we observe a point between Roger Federer and Juan Martin Del Potro during a match. The score is 0-15, indicating that Del Potro is leading. The sequence begins with Del Potro serving the ball. Federer, on the other hand, is positioned on the other side of the net, ready to return. Del Potro's serve is a powerful and precise shot, aimed at the left side of the court. Federers response is swift, but he fails to keep up with the pace of the ball. Del Potro's serve lands just outside the court, and he immediately returns the ball with a strong backhand. Federer manages to return the ball with a solid forehand, but the ball lands just outside the court again. Del Potro then serves again, and Federer responds with a well-placed forehand. The ball lands just inside the court, and Federer is able to return it with a strong backhand. The point ends with Federer winning the point. Del Potro is unable to keep up with Federer's pace, and the score remains 0-15. The clip captures the intensity and skill of both players as they battle for control of the point.

[COMMENTARY_EVAL] ROUGE score: {'rouge1': np.float64(0.11504424778761063), 'rouge2': np.float64(0.017857142857142856), 'rougeL': np.float64(0.08849557522123895), 'rougeLsum': np.float64(0.08849557522123895)}
Generated sample at index 488

[COMMENTARY_EVAL] Sample index: 140
[COMMENTARY_EVAL] Ground truth description:
Fine serve, Delpotro is unable to return it.
[COMMENTARY_EVAL] Model output:
In this tennis clip, Roger Federer is seen on the court, preparing to return a serve. The score is Game, indicating that the point is at the start of a new game. Federer is focused and ready to respond to the serve. The ball is in motion, and Federer is likely preparing to make a strong return. The opponent, Juan Martin Del Potro, is on the opposite side of the court, ready to receive the ball. The outcome of the point is not yet clear, but it's likely that Federer will try to win the point by making a solid return. The clip captures the intensity and focus of the players as they compete in the match.

[COMMENTARY_EVAL] ROUGE score: {'rouge1': np.float64(0.07936507936507936), 'rouge2': np.float64(0.016129032258064516), 'rougeL': np.float64(0.07936507936507936), 'rougeLsum': np.float64(0.07936507936507936)}
Generated sample at index 712

[COMMENTARY_EVAL] Sample index: 25
[COMMENTARY_EVAL] Ground truth description:
Federer aims a fine serve in the middle, Delpotro crafts a backhand return, short rally, Delpotro backhand lob lands long.
[COMMENTARY_EVAL] Model output:
In the tennis clip, Roger Federer and Juan Martin Del Potro are engaged in a point on a grass court. Federer is seen preparing to serve, but Del Potro returns the serve with a powerful shot. The ball is sent back into the court, and Federers response is a strong backhand. Del Potro then attempts to return the ball, but Federer manages to keep the point alive. The ball is then returned to Del Potro, who attempts to make a point. However, Federer manages to keep the point alive, and Del Potro fails to return the ball. The point is then called, and Federer wins the point. The clip ends with Federer celebrating his victory.

[COMMENTARY_EVAL] ROUGE score: {'rouge1': np.float64(0.11851851851851852), 'rouge2': np.float64(0.015037593984962405), 'rougeL': np.float64(0.10370370370370371), 'rougeLsum': np.float64(0.10370370370370371)}
Generated sample at index 20

[COMMENTARY_EVAL] Sample index: 12
[COMMENTARY_EVAL] Ground truth description:
Good serve aimed at T, Tsonga forehand return doesn't land inside the court.
[COMMENTARY_EVAL] Model output:
In this tennis clip, Jo-Wilfried Tsonga is seen hitting a forehand shot. The ball is then returned by Novak Djokovic, who is positioned on the opposite side of the court. Tsonga successfully returns the ball, and Djokovic is unable to keep up with the pace. The point ends with Tsonga winning the point.

[COMMENTARY_EVAL] ROUGE score: {'rouge1': np.float64(0.11764705882352941), 'rouge2': np.float64(0.030303030303030304), 'rougeL': np.float64(0.11764705882352941), 'rougeLsum': np.float64(0.11764705882352941)}
Generated sample at index 148

[COMMENTARY_EVAL] Sample index: 138
[COMMENTARY_EVAL] Ground truth description:
Williams serves a good one, Zvonareva backhand return fails to make it over the net.
[COMMENTARY_EVAL] Model output:
In the tennis clip, the players are engaged in a point during a match between Serena Williams and Vera Zvonareva. The score is 40-15, indicating that Serena Williams is leading in the game. The scene captures a moment where Serena Williams is preparing to return the ball. She is positioned on the left side of the court, holding her racket, ready to make a move. The ball is in motion, suggesting that she has just hit it, and she is now in the process of returning it. The player on the right side of the court, Vera Zvonareva, is also in motion, likely attempting to return the ball. The score is 40-15, indicating that Serena Williams has the advantage in this point. The clip shows a dynamic moment in the match, with both players actively engaged in the game. The outcome of the point is not explicitly stated, but it is clear that Serena Williams is in control of the game.

[COMMENTARY_EVAL] ROUGE score: {'rouge1': np.float64(0.0898876404494382), 'rouge2': np.float64(0.011363636363636364), 'rougeL': np.float64(0.07865168539325844), 'rougeLsum': np.float64(0.07865168539325844)}
Generated sample at index 489

[COMMENTARY_EVAL] Sample index: 3
[COMMENTARY_EVAL] Ground truth description:
Heavy serve aimed at T, Federer is unable to return it.
[COMMENTARY_EVAL] Model output:
In this tennis clip, Roger Federer and Juan Martin Del Potro are competing in a match on a grass court. The score is 15-0, indicating that Federer has won the point. Federer is seen preparing to serve, standing on the left side of the court, with Del Potro positioned on the right side. Del Potro is in a ready stance, anticipating Federer's serve. The clip shows Federers' serve, which is then returned by Del Potro. Del Potro returns the serve with a strong shot, and Federer responds by hitting a powerful return. The point concludes with Federers' successful return, leading to the score being updated to 15-0. The match is progressing with Federer maintaining his advantage.

[COMMENTARY_EVAL] ROUGE score: {'rouge1': np.float64(0.07692307692307693), 'rouge2': np.float64(0.015625), 'rougeL': np.float64(0.061538461538461535), 'rougeLsum': np.float64(0.061538461538461535)}
Generated sample at index 380

[COMMENTARY_EVAL] Sample index: 23
[COMMENTARY_EVAL] Ground truth description:
Good bodyline serve, Federer miss-hits the return which doesn't make it over the net.
[COMMENTARY_EVAL] Model output:
In this tennis clip, Roger Federer and Juan Martin Del Potro are engaged in a point on a grass court. The score is 15-0, indicating that Federer is leading. Federers is positioned on the left side of the court, and Del Potro is on the right. The clip begins with Federer preparing to serve, and Del Potro is ready to return. Federer serves the ball, and Del Potro returns it. Del Potro then sends the ball back to Federer, who returns it. The point ends with Federers winning the point, as he manages to keep the ball in play and successfully return Del Potro's shot. The outcome of the point is a win for Federer.

[COMMENTARY_EVAL] ROUGE score: {'rouge1': np.float64(0.09022556390977444), 'rouge2': np.float64(0.0), 'rougeL': np.float64(0.07518796992481204), 'rougeLsum': np.float64(0.07518796992481204)}
[COMMENTARY_EVAL] Average ROUGE score: {'rouge1': 0.10234829237065275, 'rouge2': 0.016387692189975118, 'rougeL': 0.08880658278552542, 'rougeLsum': 0.08967994523094028}
{'train_runtime': '5246', 'train_samples_per_second': '0.341', 'train_steps_per_second': '0.043', 'train_loss': '18.97', 'epoch': '3'}
================================================================================
Training finished
================================================================================
***** train metrics *****
  total_flos               = 26159673GF
  train_loss               =    18.9682
  train_runtime            = 1:27:25.96
  train_samples_per_second =      0.341
  train_steps_per_second   =      0.043
================================================================================
Running final evaluation
================================================================================
Generated sample at index 132
Generated sample at index 243
Total token count: 2277
Generated sample at index 122
Generated sample at index 489
Total token count: 1846
Generated sample at index 546
Generated sample at index 734
Total token count: 1842
Generated sample at index 584
Generated sample at index 437
Total token count: 1850
Generated sample at index 168
Generated sample at index 319
Total token count: 1391
Generated sample at index 744
Generated sample at index 577
Total token count: 2725
Generated sample at index 20
Generated sample at index 235
Total token count: 1395
Generated sample at index 601
Generated sample at index 353
Total token count: 1842
Generated sample at index 623
Generated sample at index 311
Total token count: 1403
Generated sample at index 207
Generated sample at index 501
Total token count: 1398
Generated sample at index 462
Generated sample at index 730
Total token count: 1406
Generated sample at index 477
Generated sample at index 380
Total token count: 1385
Generated sample at index 349
Generated sample at index 712
Total token count: 1845
Generated sample at index 467
Generated sample at index 547
Total token count: 2722
Generated sample at index 377
Generated sample at index 37
Total token count: 2282
Generated sample at index 310
Generated sample at index 239
Total token count: 947
Generated sample at index 259
Generated sample at index 578
Total token count: 1840
Generated sample at index 193
Generated sample at index 146
Total token count: 2731
Generated sample at index 116
Generated sample at index 614
Total token count: 2734
Generated sample at index 282
Generated sample at index 406
Total token count: 1844
Generated sample at index 80
Generated sample at index 141
Total token count: 1849
Generated sample at index 496
Generated sample at index 666
Total token count: 1398
Generated sample at index 154
Generated sample at index 307
Total token count: 1395
Generated sample at index 498
Generated sample at index 521
Total token count: 2300
Generated sample at index 177
Generated sample at index 457
Total token count: 1391
Generated sample at index 443
Generated sample at index 187
Total token count: 955
Generated sample at index 503
Generated sample at index 585
Total token count: 1843
Generated sample at index 567
Generated sample at index 421
Total token count: 2289
Generated sample at index 82
Generated sample at index 563
Total token count: 1854
Generated sample at index 44
Generated sample at index 553
Total token count: 2287
Generated sample at index 105
Generated sample at index 6
Total token count: 1847
Generated sample at index 677
Generated sample at index 611
Total token count: 1842
Generated sample at index 493
Generated sample at index 709
Total token count: 1385
Generated sample at index 373
Generated sample at index 248
Total token count: 1402
Generated sample at index 686
Generated sample at index 391
Total token count: 1412
Generated sample at index 473
Generated sample at index 372
Total token count: 956
Generated sample at index 88
Generated sample at index 581
Total token count: 1404
Generated sample at index 308
Generated sample at index 220
Total token count: 3175
Generated sample at index 575
Generated sample at index 594
Total token count: 1843
Generated sample at index 106
Generated sample at index 534
Total token count: 2290
Generated sample at index 120
Generated sample at index 323
Total token count: 954
Generated sample at index 157
Generated sample at index 298
Total token count: 1403
Generated sample at index 625
Generated sample at index 579
Total token count: 2286
Generated sample at index 345
Generated sample at index 258
Total token count: 1395
Generated sample at index 474
Generated sample at index 339
Total token count: 948
Generated sample at index 28
Generated sample at index 40
Total token count: 950
Generated sample at index 210
Generated sample at index 14
Total token count: 1399
Generated sample at index 544
Generated sample at index 357
Total token count: 1409
Generated sample at index 4
Generated sample at index 293
Total token count: 1402
Generated sample at index 238
Generated sample at index 714
Total token count: 2724
Generated sample at index 704
Generated sample at index 24
Total token count: 1413
Generated sample at index 635
Generated sample at index 530
Total token count: 3176
Generated sample at index 674
Generated sample at index 561
Total token count: 955
Generated sample at index 175
Generated sample at index 64
Total token count: 945
Generated sample at index 593
Generated sample at index 363
Total token count: 1841
Generated sample at index 214
Generated sample at index 717
Total token count: 2723
Generated sample at index 211
Generated sample at index 415
Total token count: 4498
Generated sample at index 556
Generated sample at index 195
Total token count: 1835
Generated sample at index 653
Generated sample at index 540
Total token count: 2726
Generated sample at index 93
Generated sample at index 472
Total token count: 1402
Generated sample at index 650
Generated sample at index 109
Total token count: 2295
Generated sample at index 548
Generated sample at index 100
Total token count: 1852
Generated sample at index 586
Generated sample at index 262
Total token count: 1843
Generated sample at index 693
Generated sample at index 221
Total token count: 1842
Generated sample at index 344
Generated sample at index 560
Total token count: 1833
Generated sample at index 184
Generated sample at index 342
Total token count: 1393
Generated sample at index 290
Generated sample at index 123
Total token count: 1392
Generated sample at index 417
Generated sample at index 681
Total token count: 2283
Generated sample at index 197
Generated sample at index 312
Total token count: 1399
Generated sample at index 148
Generated sample at index 562
Total token count: 1398
Generated sample at index 488
Generated sample at index 710
Total token count: 1397
Generated sample at index 396
Generated sample at index 36
Total token count: 958
Generated sample at index 413
Generated sample at index 598
Total token count: 968
Generated sample at index 204
Generated sample at index 670
Total token count: 1849
Generated sample at index 135
Generated sample at index 81
Total token count: 1850
Computing metrics on evaluation batch...
================================================================================
Generation evaluation callback
================================================================================
Generated sample at index 105

[COMMENTARY_EVAL] Sample index: 60
[COMMENTARY_EVAL] Ground truth description:
Good serve in the middle, Tsonga works a backhand return, short rally, Djokovic pulls a backhand long.
[COMMENTARY_EVAL] Model output:
The clip shows a point in a tennis match between Jo-Wilfried Tsonga and Novak Djokovic. The score is 40-30, indicating that Tsonga is leading in this point. Tsonga is in the process of serving, preparing to make a serve. The ball is in the air, and Djokovic is ready to return. Tsonga hits the ball, and Djokovic successfully returns it. The point ends with Djokovic winning the point.

[COMMENTARY_EVAL] ROUGE score: {'rouge1': np.float64(0.18390804597701146), 'rouge2': np.float64(0.023529411764705885), 'rougeL': np.float64(0.13793103448275865), 'rougeLsum': np.float64(0.13793103448275865)}
Generated sample at index 496

[COMMENTARY_EVAL] Sample index: 42
[COMMENTARY_EVAL] Ground truth description:
Federer hits a fast serve in the middle, Delpotro backhand lands out.
[COMMENTARY_EVAL] Model output:
In this tennis clip, Roger Federer and Juan Martin Del Potro are engaged in a point during a match. The score is 40-0, indicating that Federer has won the point. Federer is seen preparing to return the serve, and Del Potro is positioned on the other side of the net, ready to respond. The players are on a grass court, and the match appears to be in progress. The outcome of this point is a decisive win for Federeri, as he successfully returns Del Potro's serve.

[COMMENTARY_EVAL] ROUGE score: {'rouge1': np.float64(0.09999999999999999), 'rouge2': np.float64(0.0), 'rougeL': np.float64(0.09999999999999999), 'rougeLsum': np.float64(0.09999999999999999)}
Generated sample at index 674

[COMMENTARY_EVAL] Sample index: 104
[COMMENTARY_EVAL] Ground truth description:
Federer arrows a good serve at T, Delpotro is unable to return it.
[COMMENTARY_EVAL] Model output:
In this tennis clip, Roger Federer is seen on the left side of the court, preparing to return a serve. He is in a ready stance, holding his racket, and appears to be anticipating the incoming ball. Juan Martin Del Potro, on the right side of the court, is also in a ready position, preparing to return the serve. Del Potro is wearing a light blue shirt and white shorts, and he is focused on the incoming ball.

As the serve lands, Del Potro is seen lunging forward, attempting to return the ball. He is not able to keep up with the pace and misses the ball, which lands just outside the court. Federer, on the other hand, manages to return the ball with a strong forehand. The ball lands just inside the court, and Del Potro is unable to keep up with the return.

The point ends with Federers winning the point. The score is now 40-30, and Federer is now ahead in the match. The players are both focused and determined, and the atmosphere is electric as the match continues. The camera captures the intensity of the moment, with the players' movements and expressions clearly visible.

[COMMENTARY_EVAL] ROUGE score: {'rouge1': np.float64(0.0660377358490566), 'rouge2': np.float64(0.028571428571428574), 'rougeL': np.float64(0.0660377358490566), 'rougeLsum': np.float64(0.0660377358490566)}
Generated sample at index 586

[COMMENTARY_EVAL] Sample index: 124
[COMMENTARY_EVAL] Ground truth description:
Federer arrows a good serve in the middle, Delpotro manages a backhand return, Federer hits a forehand winner cross-court.
[COMMENTARY_EVAL] Model output:
The clip captures a pivotal moment in a tennis match between Roger Federer and Juan Martin Del Potro. The score is tied at Game, indicating that the match is at a critical juncture. Federer is seen on the left side of the court, preparing for a powerful serve. He is dressed in a red shirt with a Swiss flag emblem, suggesting he is representing Switzerland. Del Potro, wearing a blue shirt, is positioned on the right side of the court, ready to respond to Federer's serve.

The camera captures Federer's serve as he delivers it with precision and force. The ball travels through the air, aiming for Del Potro's backhand. Del Potro, anticipating the serve, is in a ready stance, prepared to return the ball. As the ball reaches Del Potro, he swiftly moves to return it, showcasing his agility and skill. The ball lands on the other side of the court, and Del Potro's return is strong and well-placed, putting Federers in a difficult position.

Federers response is not as strong, and he struggles to keep up with Del Potro's return. The ball is then sent back into play, and the point continues. The tension builds as both players strive to gain the

[COMMENTARY_EVAL] ROUGE score: {'rouge1': np.float64(0.09565217391304348), 'rouge2': np.float64(0.0), 'rougeL': np.float64(0.06956521739130436), 'rougeLsum': np.float64(0.0782608695652174)}
Generated sample at index 100

[COMMENTARY_EVAL] Sample index: 123
[COMMENTARY_EVAL] Ground truth description:
Quick serve, Djokovic delivers a backhand return, couple of shots exchanged, Tsonga charges towards the net and hits a backhand volley winner.
[COMMENTARY_EVAL] Model output:
In this tennis clip, Jo-Wilfried Tsonga and Novak Djokovic are engaged in a point during a match. Tsonga, wearing a blue outfit, is positioned on the right side of the court. He serves the ball, and Djokovic, in a white shirt and blue shorts, is on the opposite side, ready to return. Tsonga hits the ball, which Djokovic successfully returns. The point is won by Djokovic, and Tsonga is seen walking back to his side of the court. The match score is Game.

[COMMENTARY_EVAL] ROUGE score: {'rouge1': np.float64(0.16981132075471697), 'rouge2': np.float64(0.0), 'rougeL': np.float64(0.11320754716981131), 'rougeLsum': np.float64(0.11320754716981131)}
Generated sample at index 567

[COMMENTARY_EVAL] Sample index: 54
[COMMENTARY_EVAL] Ground truth description:
Fine serve, Delpotro returns a quick forehand return winner.
[COMMENTARY_EVAL] Model output:
In the tennis clip, the score is 30-15, indicating that the player serving has a chance to win the point. The player in the red shirt is likely the one serving, and he is attempting to make a move to win the point. The player in the blue shirt is likely the opponent, and he is preparing to respond. The player in the red shirt is likely attempting to make a move to win the point, but the opponent in the blue shirt is likely preparing to respond. The player in the red shirt is likely attempting to make a move to win the point, but the opponent in the blue shirt is likely preparing to respond. The player in the red shirt is likely attempting to make a move to win the point, but the opponent in the blue shirt is likely preparing to respond. The player in the red shirt is likely attempting to make a move to win the point, but the opponent in the blue shirt is likely preparing to respond. The player in the red shirt is likely attempting to make a move to win the point, but the opponent in the blue shirt is likely preparing to respond. The player in the red shirt is likely attempting to make a move to win the point, but the opponent in the blue shirt is likely preparing to respond

[COMMENTARY_EVAL] ROUGE score: {'rouge1': np.float64(0.00823045267489712), 'rouge2': np.float64(0.0), 'rougeL': np.float64(0.00823045267489712), 'rougeLsum': np.float64(0.00823045267489712)}
Generated sample at index 635

[COMMENTARY_EVAL] Sample index: 102
[COMMENTARY_EVAL] Ground truth description:
Delpotro serves a high kick serve, Federer delivers a backhand return, brief rally, Delpotro cross-court forehand fails to land inside the court.
[COMMENTARY_EVAL] Model output:
The clip shows a tennis match between Roger Federer and Juan Martin Del Potro. The score is 0-15, indicating that Federer has won the point. The video starts with Federer preparing to serve, and he hits the ball with his forehand. The ball travels across the net, and Del Potro attempts to return it. However, the ball goes out of bounds, and Federer wins the point. The score is updated to 0-15, with Federer leading. The players then move to the next point, and the match continues. The clip ends with Federer winning the point, and the score is updated to 1-15.

[COMMENTARY_EVAL] ROUGE score: {'rouge1': np.float64(0.10937500000000001), 'rouge2': np.float64(0.0), 'rougeL': np.float64(0.078125), 'rougeLsum': np.float64(0.078125)}
Generated sample at index 353

[COMMENTARY_EVAL] Sample index: 15
[COMMENTARY_EVAL] Ground truth description:
Azarenka serves a good one, Williams works a forehand return, rally, Serena cross-court forehand lands out-side the court.
[COMMENTARY_EVAL] Model output:
In this tennis clip, Victoria Azarenka and Serena Williams are engaged in a point during their match. The score is tied at 30-30. Azarenka is on the left side of the court, and Williams is on the right. Azarenka is seen preparing to return the ball, but she is unable to make contact with the ball. The ball goes out of bounds, and the point is awarded to Williams. The clip shows the players' actions and the outcome of the point.

[COMMENTARY_EVAL] ROUGE score: {'rouge1': np.float64(0.1764705882352941), 'rouge2': np.float64(0.02), 'rougeL': np.float64(0.11764705882352941), 'rougeLsum': np.float64(0.11764705882352941)}
Generated sample at index 496

[COMMENTARY_EVAL] Sample index: 42
[COMMENTARY_EVAL] Ground truth description:
Federer hits a fast serve in the middle, Delpotro backhand lands out.
[COMMENTARY_EVAL] Model output:
In this tennis clip, Roger Federer is seen serving the ball, preparing to make a powerful serve. The ball is sent high into the air, and Del Potro is positioned on the opposite side of the court, ready to return. Del Potro successfully returns the serve with a strong forehand, but Federer manages to keep the point alive with a well-placed forehand return. The point ends with Federer winning the point, as Del Potro is unable to keep up with Federer's pace and accuracy. The score is now 40-0 in favor of Federers.

[COMMENTARY_EVAL] ROUGE score: {'rouge1': np.float64(0.0925925925925926), 'rouge2': np.float64(0.0), 'rougeL': np.float64(0.07407407407407407), 'rougeLsum': np.float64(0.07407407407407407)}
Generated sample at index 293

[COMMENTARY_EVAL] Sample index: 97
[COMMENTARY_EVAL] Ground truth description:
Double Fault.
[COMMENTARY_EVAL] Model output:
The tennis clip captures a point in a match between Victoria Azarenka and Serena Williams, with the score at 15-40. The setting is a grass court, likely during a professional tennis tournament, as indicated by the presence of the Olympic rings on the court. The scene begins with Victoria Azarenka, dressed in a black and red outfit, holding her racket and preparing for the next play. She is positioned on the left side of the court, facing the net. 

Serena Williams, wearing a white outfit, is positioned on the right side of the court, ready to receive the ball. The ball is in the air, and Serena is seen preparing to return it. The net is clearly visible, and the players are focused on the ball. The camera angle provides a clear view of the players' actions and the ball's trajectory.

The point ends with Serena Williams successfully returning the ball, resulting in a point for her. This is evident from the fact that she is seen in a ready stance, preparing to make a return. The ball lands on the other side of the court, and the point is scored. The score is now 15-40, indicating that the point was won by Serena Williams. The clip captures the intensity and

[COMMENTARY_EVAL] ROUGE score: {'rouge1': np.float64(0.0), 'rouge2': np.float64(0.0), 'rougeL': np.float64(0.0), 'rougeLsum': np.float64(0.0)}
[COMMENTARY_EVAL] Average ROUGE score: {'rouge1': 0.10020779099966123, 'rouge2': 0.0072100840336134465, 'rougeL': 0.07648181204654315, 'rougeLsum': 0.07735137726393446}
***** eval metrics *****
  eval_loss               =    15.7202
  eval_runtime            = 0:01:40.74
  eval_samples_per_second =      1.489
  eval_steps_per_second   =      0.744
  eval_token_accuracy     =        0.0
Saved experiment report to: experiments/lmhead_only/report.md
Saved final model to: experiments/lmhead_only/checkpoints/final_model
Done.
Job finished at: Wed Apr 29 11:32:30 AM EDT 2026
